#pragma once
#include <Arduino.h>

constexpr int kEmbeddedMapWidth = 480;
constexpr int kEmbeddedMapHeight = 480;
constexpr int kEmbeddedMapZoom = 9;
const uint16_t kEmbeddedMapPalette[32] PROGMEM = {
  0x0C47, 0x0C27, 0x0C06, 0x0BE6, 0x0BC6, 0x03C6, 0x03A6, 0x03A6, 0x03A6, 0x0386, 0x0386, 0x0385, 0x0365, 0x0365, 0x0365, 0x0365, 0x0365, 0x0365, 0x0365, 0x0325, 0x02E4, 0x02C4, 0x02C4, 0x02C4, 0x02C4, 0x02C4, 0x02A4, 0x02A4, 0x02A4, 0x02A4, 0x0223, 0x0041
};
const uint8_t kEmbeddedMapPacked[144000] PROGMEM = {
  0xFF, 0xFF, 0xFF, 0xFF, 0xFF, 0xFF, 0xFF, 0xFF, 0xFF, 0xFF, 0xFF, 0xFF, 0xFF, 0xFF, 0xFF, 0xFF, 0xFF, 0xFF, 0xFF, 0xFF, 0xFF, 0xFF, 0xFF, 0xFF,
  0xFF, 0xFF, 0xFF, 0xFF, 0xFF, 0xFF, 0xFF, 0xFF, 0xFF, 0xFF, 0xFF, 0xFF, 0xFF, 0xFF, 0xFF, 0xFF, 0xFF, 0xFF, 0xFF, 0xFF, 0xFF, 0xFF, 0xFF, 0xFF,
  0xFF, 0xFF, 0xFF, 0xFF, 0xFF, 0xFF, 0xFF, 0xFF, 0xFF, 0xFF, 0xFF, 0xFF, 0xFF, 0xFF, 0xFF, 0xFF, 0xFF, 0xFF, 0xFF, 0xFF, 0xFF, 0xFF, 0xFF, 0xFF,
  0xFF, 0xFF, 0xFF, 0xFF, 0xFF, 0xFF, 0xFF, 0xFF, 0xFF, 0xFF, 0xFF, 0xFF, 0xFF, 0xFF, 0xFF, 0xFF, 0xFF, 0xFF, 0xFF, 0xFF, 0xFF, 0xFF, 0xFF, 0xFF,
  0xFF, 0xFF, 0xFF, 0xFF, 0xFF, 0xFF, 0xFF, 0xFF, 0xFF, 0xFF, 0xFF, 0xFF, 0xFF, 0xFF, 0xFF, 0xFF, 0xFF, 0xFF, 0xFF, 0xFF, 0xFF, 0xFF, 0xFF, 0xFF,
  0xFF, 0xFF, 0xFF, 0xFF, 0xFF, 0xFF, 0xFF, 0xFF, 0xFF, 0xFF, 0xFF, 0xFF, 0xFF, 0xFF, 0xFF, 0xFF, 0xFF, 0xFF, 0xFF, 0xFF, 0xFF, 0xFF, 0xFF, 0xFF,
  0xFF, 0xFF, 0xFF, 0xFF, 0xFF, 0xFF, 0xFF, 0xFF, 0xFF, 0xFF, 0xFF, 0xFF, 0xFF, 0xFF, 0xFF, 0xFF, 0xFF, 0xFF, 0xFF, 0xFF, 0xFF, 0xFF, 0xFF, 0xFF,
  0xFF, 0xFF, 0xFF, 0xFF, 0xFF, 0xFF, 0xFF, 0xFF, 0xFF, 0xFF, 0xFF, 0xFF, 0xFF, 0xFF, 0xFF, 0xFF, 0xFF, 0xFF, 0xFF, 0xFF, 0xFF, 0xFF, 0xFF, 0xFF,
  0xFF, 0xFF, 0xFF, 0xFF, 0xFF, 0xFF, 0xFF, 0xFF, 0xFF, 0xFF, 0xFF, 0xFF, 0xFF, 0xFF, 0xFF, 0xFF, 0xFF, 0xFF, 0xFF, 0xFF, 0xFF, 0xFF, 0xFF, 0xFF,
  0xFF, 0xFF, 0xFF, 0xFF, 0xFF, 0xFF, 0xFF, 0xFF, 0xFF, 0xFF, 0xFF, 0xFF, 0xFF, 0xFF, 0xFF, 0xFF, 0xFF, 0xFF, 0xFF, 0xFF, 0xFF, 0xFF, 0xFF, 0xFF,
  0xFF, 0xFF, 0xFF, 0xFF, 0xFF, 0xFF, 0xFF, 0xFF, 0xFF, 0xFF, 0xFF, 0xFF, 0xFF, 0xFF, 0xFF, 0xFF, 0xFF, 0xFF, 0xFF, 0xFF, 0xFF, 0xFF, 0xFF, 0xFF,
  0xFF, 0xFF, 0xFF, 0xFF, 0xFF, 0xFF, 0xFF, 0xFF, 0xFF, 0xFF, 0xFF, 0xFF, 0xFF, 0xFF, 0xFF, 0xFF, 0xFF, 0xFF, 0xFF, 0xFF, 0xFF, 0xFF, 0xFF, 0xFF,
  0xFF, 0xFF, 0xFF, 0xFF, 0xFF, 0xFF, 0xFF, 0xFF, 0xFF, 0xFF, 0xFF, 0xFF, 0xFF, 0xFF, 0xFF, 0xFF, 0xFF, 0xFF, 0xFF, 0xFF, 0xFF, 0xFF, 0xFF, 0xFF,
  0xFF, 0xFF, 0xFF, 0xFF, 0xFF, 0xFF, 0xFF, 0xFF, 0xFF, 0xFF, 0xFF, 0xFF, 0xFF, 0xFF, 0xFF, 0xFF, 0xFF, 0xFF, 0xFF, 0xFF, 0xFF, 0xFF, 0xFF, 0xFF,
  0xFF, 0xFF, 0xFF, 0xFF, 0xFF, 0xFF, 0xFF, 0xFF, 0xFF, 0xFF, 0xFF, 0xFF, 0xFF, 0xFF, 0xFF, 0xFF, 0xFF, 0xFF, 0xFF, 0xFF, 0xFF, 0xFF, 0xFF, 0xFF,
  0xFF, 0xFF, 0xFF, 0xFF, 0xFF, 0xFF, 0xFF, 0xFF, 0xFF, 0xFF, 0xFF, 0xFF, 0xFF, 0xFF, 0xFF, 0xFF, 0xFF, 0xFF, 0xFF, 0xFF, 0xFF, 0xFF, 0xFF, 0xFF,
  0xFF, 0xFF, 0xFF, 0xFF, 0xFF, 0xFF, 0xFF, 0xFF, 0xFF, 0xFF, 0xFF, 0xFF, 0xFF, 0xFF, 0xFF, 0xFF, 0xFF, 0xFF, 0xFF, 0xFF, 0xFF, 0xFF, 0xFF, 0xFF,
  0xFF, 0xFF, 0xFF, 0xFF, 0xFF, 0xFF, 0xFF, 0xFF, 0xFF, 0xFF, 0xFF, 0xFF, 0xFF, 0xFF, 0xFF, 0xFF, 0xFF, 0xFF, 0xFF, 0xFF, 0xFF, 0xFF, 0xFF, 0xFF,
  0xFF, 0xFF, 0xFF, 0xFF, 0xFF, 0xFF, 0xFF, 0xFF, 0xFF, 0xFF, 0xFF, 0xFF, 0xFF, 0xFF, 0xFF, 0xFF, 0xFF, 0xFF, 0xFF, 0xFF, 0xFF, 0xFF, 0xFF, 0xFF,
  0xFF, 0xFF, 0xFF, 0xFF, 0xFF, 0xFF, 0xFF, 0xFF, 0xFF, 0xFF, 0xFF, 0xFF, 0xFF, 0xFF, 0xFF, 0xFF, 0xFF, 0xFF, 0xFF, 0xFF, 0xFF, 0xFF, 0xFF, 0xFF,
  0xFF, 0xFF, 0xFF, 0xFF, 0xFF, 0xFF, 0xFF, 0xFF, 0xFF, 0xFF, 0xFF, 0xFF, 0xFF, 0xFF, 0xFF, 0xFF, 0xFF, 0xFF, 0xFF, 0xFF, 0xFF, 0xFF, 0xFF, 0xFF,
  0xFF, 0xFF, 0xFF, 0xFF, 0xFF, 0xFF, 0xFF, 0xFF, 0xFF, 0xFF, 0xFF, 0xFF, 0xFF, 0xFF, 0xFF, 0xFF, 0xFF, 0xFF, 0xFF, 0xFF, 0xFF, 0xFF, 0xFF, 0xFF,
  0xFF, 0xFF, 0xFF, 0xFF, 0xFF, 0xFF, 0xFF, 0xFF, 0xFF, 0xFF, 0xFF, 0xFF, 0xFF, 0xFF, 0xFF, 0xFF, 0xFF, 0xFF, 0xFF, 0xFF, 0xFF, 0xFF, 0xFF, 0xFF,
  0xFF, 0xFF, 0xFF, 0xFF, 0xFF, 0xFF, 0xFF, 0xFF, 0xFF, 0xFF, 0xFF, 0xFF, 0xFF, 0xFF, 0xFF, 0xFF, 0xFF, 0xFF, 0xFF, 0xFF, 0xFF, 0xFF, 0xFF, 0xFF,
  0xFF, 0xFF, 0xFF, 0xFF, 0xFF, 0xFF, 0xFF, 0xFF, 0xFF, 0xFF, 0xFF, 0xFF, 0xFF, 0xFF, 0xFF, 0xFF, 0xFF, 0xFF, 0xFF, 0xFF, 0xFF, 0xFF, 0xFF, 0xFF,
  0xFF, 0xFF, 0xFF, 0xFF, 0xFF, 0xFF, 0xFF, 0xFF, 0xFF, 0xFF, 0xFF, 0xFF, 0xFF, 0xFF, 0xFF, 0xFF, 0xFF, 0xFF, 0xFF, 0xFF, 0xFF, 0xFF, 0xFF, 0xFF,
  0xFF, 0xFF, 0xFF, 0xFF, 0xFF, 0xFF, 0xFF, 0xFF, 0xFF, 0xFF, 0xFF, 0xFF, 0xFF, 0xFF, 0xFF, 0xFF, 0xFF, 0xFF, 0xFF, 0xFF, 0xFF, 0xFF, 0xFF, 0xFF,
  0xFF, 0xFF, 0xFF, 0xFF, 0xFF, 0xFF, 0xFF, 0xFF, 0xFF, 0xFF, 0xFF, 0xFF, 0xFF, 0xFF, 0xFF, 0xFF, 0xFF, 0xFF, 0xFF, 0xFF, 0xFF, 0xFF, 0xFF, 0xFF,
  0xFF, 0xFF, 0xFF, 0xFF, 0xFF, 0xFF, 0xFF, 0xFF, 0xFF, 0xFF, 0xFF, 0xFF, 0xFF, 0xFF, 0xFF, 0xFF, 0xFF, 0xFF, 0xFF, 0xFF, 0xFF, 0xFF, 0xFF, 0xFF,
  0xFF, 0xFF, 0xFF, 0xFF, 0xFF, 0xFF, 0xFF, 0xFF, 0xFF, 0xFF, 0xFF, 0xFF, 0xFF, 0xFF, 0xFF, 0xFF, 0xFF, 0xFF, 0xFF, 0xFF, 0xFF, 0xFF, 0xFF, 0xFF,
  0xFF, 0xFF, 0xFF, 0xFF, 0xFF, 0xFF, 0xFF, 0xFF, 0xFF, 0xFF, 0xFF, 0xFF, 0xFF, 0xFF, 0xFF, 0xFF, 0xFF, 0xFF, 0xFF, 0xFF, 0xFF, 0xFF, 0xFF, 0xFF,
  0xFF, 0xFF, 0xFF, 0xFF, 0xFF, 0xFF, 0xFF, 0xFF, 0xFF, 0xFF, 0xFF, 0xFF, 0xFF, 0xFF, 0xFF, 0xFF, 0xFF, 0xFF, 0xFF, 0xFF, 0xFF, 0xFF, 0xFF, 0xFF,
  0xFF, 0xFF, 0xFF, 0xFF, 0xFF, 0xFF, 0xFF, 0xFF, 0xFF, 0xFF, 0xFF, 0xFF, 0xFF, 0xFF, 0xFF, 0xFF, 0xFF, 0xFF, 0xFF, 0xFF, 0xFF, 0xFF, 0xFF, 0xFF,
  0xFF, 0xFF, 0xFF, 0xFF, 0xFF, 0xFF, 0xFF, 0xFF, 0xFF, 0xFF, 0xFF, 0xFF, 0xFF, 0xFF, 0xFF, 0xFF, 0xFF, 0xFF, 0xFF, 0xFF, 0xFF, 0xFF, 0xFF, 0xFF,
  0xFF, 0xFF, 0xFF, 0xFF, 0xFF, 0xFF, 0xFF, 0xFF, 0xFF, 0xFF, 0xFF, 0xFF, 0xFF, 0xFF, 0xFF, 0xFF, 0xFF, 0xFF, 0xFF, 0xFF, 0xFF, 0xFF, 0xFF, 0xFF,
  0xFF, 0xFF, 0xFF, 0xFF, 0xFF, 0xFF, 0xFF, 0xFF, 0xFF, 0xFF, 0xFF, 0xFF, 0xFF, 0xFF, 0xFF, 0xFF, 0xFF, 0xFF, 0xFF, 0xFF, 0xFF, 0xFF, 0xFF, 0xFF,
  0xFF, 0xFF, 0xFF, 0xFF, 0xFF, 0xFF, 0xFF, 0xFF, 0xFF, 0xFF, 0xFF, 0xFF, 0xFF, 0xFF, 0xFF, 0xFF, 0xFF, 0xFF, 0xFF, 0xFF, 0xFF, 0xFF, 0xFF, 0xFF,
  0xFF, 0xFF, 0xFF, 0xFF, 0xFF, 0xFF, 0xFF, 0xFF, 0xFF, 0xFF, 0xFF, 0xFF, 0xFF, 0xFF, 0xFF, 0xFF, 0xFF, 0xFF, 0xFF, 0xFF, 0xFF, 0xFF, 0xFF, 0xFF,
  0xFF, 0xFF, 0xFF, 0xFF, 0xFF, 0xFF, 0xFF, 0xFF, 0xFF, 0xFF, 0xFF, 0xFF, 0xFF, 0xFF, 0xFF, 0xFF, 0xFF, 0xFF, 0xFF, 0xFF, 0xFF, 0xFF, 0xFF, 0xFF,
  0xFF, 0xFF, 0xFF, 0xFF, 0xFF, 0xFF, 0xFF, 0xFF, 0xFF, 0xFF, 0xFF, 0xFF, 0xFF, 0xFF, 0xFF, 0xFF, 0xFF, 0xFF, 0xFF, 0xFF, 0xFF, 0xFF, 0xFF, 0xFF,
  0xFF, 0xFF, 0xFF, 0xFF, 0xFF, 0xFF, 0xFF, 0xFF, 0xFF, 0xFF, 0xFF, 0xFF, 0xFF, 0xFF, 0xFF, 0xFF, 0xFF, 0xFF, 0xFF, 0xFF, 0xFF, 0xFF, 0xFF, 0xFF,
  0xFF, 0xFF, 0xFF, 0xFF, 0xFF, 0xFF, 0xFF, 0xFF, 0xFF, 0xFF, 0xFF, 0xFF, 0xFF, 0xFF, 0xFF, 0xFF, 0xFF, 0xFF, 0xFF, 0xFF, 0xFF, 0xFF, 0xFF, 0xFF,
  0xFF, 0xFF, 0xFF, 0xFF, 0xFF, 0xFF, 0xFF, 0xFF, 0xFF, 0xFF, 0xFF, 0xFF, 0xFF, 0xFF, 0xFF, 0xFF, 0xFF, 0xFF, 0xFF, 0xFF, 0xFF, 0xFF, 0xFF, 0xFF,
  0xFF, 0xFF, 0xFF, 0xFF, 0xFF, 0xFF, 0xFF, 0xFF, 0xFF, 0xFF, 0xFF, 0xFF, 0xFF, 0xFF, 0xFF, 0xFF, 0xFF, 0xFF, 0xFF, 0xFF, 0xFF, 0xFF, 0xFF, 0xFF,
  0xFF, 0xFF, 0xFF, 0xFF, 0xFF, 0xFF, 0xFF, 0xFF, 0xFF, 0xFF, 0xFF, 0xFF, 0xFF, 0xFF, 0xFF, 0xFF, 0xFF, 0xFF, 0xFF, 0xFF, 0xFF, 0xFF, 0xFF, 0xFF,
  0xFF, 0xFF, 0xFF, 0xFF, 0xFF, 0xFF, 0xFF, 0xFF, 0xFF, 0xFF, 0xFF, 0xFF, 0xFF, 0xFF, 0xFF, 0xFF, 0xFF, 0xFF, 0xFF, 0xFF, 0xFF, 0xFF, 0xFF, 0xFF,
  0xFF, 0xFF, 0xFF, 0xFF, 0xFF, 0xFF, 0xFF, 0xFF, 0xFF, 0xFF, 0xFF, 0xFF, 0xFF, 0xFF, 0xFF, 0xFF, 0xFF, 0xFF, 0xFF, 0xFF, 0xFF, 0xFF, 0xFF, 0xFF,
  0xFF, 0xFF, 0xFF, 0xFF, 0xFF, 0xFF, 0xFF, 0xFF, 0xFF, 0xFF, 0xFF, 0xFF, 0xFF, 0xFF, 0xFF, 0xFF, 0xFF, 0xFF, 0xFF, 0xFF, 0xFF, 0xFF, 0xFF, 0xFF,
  0xFF, 0xFF, 0xFF, 0xFF, 0xFF, 0xFF, 0xFF, 0xFF, 0xFF, 0xFF, 0xFF, 0xFF, 0xFF, 0xFF, 0xFF, 0xFF, 0xFF, 0xFF, 0xFF, 0xFF, 0xFF, 0xFF, 0xFF, 0xFF,
  0xFF, 0xFF, 0xFF, 0xFF, 0xFF, 0xFF, 0xFF, 0xFF, 0xFF, 0xFF, 0xFF, 0xFF, 0xFF, 0xFF, 0xFF, 0xFF, 0xFF, 0xFF, 0xFF, 0xFF, 0xFF, 0xFF, 0xFF, 0xFF,
  0xFF, 0xFF, 0xFF, 0xFF, 0xFF, 0xFF, 0xFF, 0xFF, 0xFF, 0xFF, 0xFF, 0xFF, 0xFF, 0xFF, 0xFF, 0xFF, 0xFF, 0xFF, 0xFF, 0xFF, 0xFF, 0xFF, 0xFF, 0xFF,
  0xFF, 0xFF, 0xFF, 0xFF, 0xFF, 0xFF, 0xFF, 0xFF, 0xFF, 0xFF, 0xFF, 0xFF, 0xFF, 0xFF, 0xFF, 0xFF, 0xFF, 0xFF, 0xFF, 0xFF, 0xFF, 0xFF, 0xFF, 0xFF,
  0xFF, 0xFF, 0xFF, 0xFF, 0xFF, 0xFF, 0xFF, 0xFF, 0xFF, 0xFF, 0xFF, 0xFF, 0xFF, 0xFF, 0xFF, 0xFF, 0xFF, 0xFF, 0xFF, 0xFF, 0xFF, 0xFF, 0xFF, 0xFF,
  0xFF, 0xFF, 0xFF, 0xFF, 0xFF, 0xFF, 0xFF, 0xFF, 0xFF, 0xFF, 0xFF, 0xFF, 0xFF, 0xFF, 0xFF, 0xFF, 0xFF, 0xFF, 0xFF, 0xFF, 0xFF, 0xFF, 0xFF, 0xFF,
  0xFF, 0xFF, 0xFF, 0xFF, 0xFF, 0xFF, 0xFF, 0xFF, 0xFF, 0xFF, 0xFF, 0xFF, 0xFF, 0xFF, 0xFF, 0xFF, 0xFF, 0xFF, 0xFF, 0xFF, 0xFF, 0xFF, 0xFF, 0xFF,
  0xFF, 0xFF, 0xFF, 0xFF, 0xFF, 0xFF, 0xFF, 0xFF, 0xFF, 0xFF, 0xFF, 0xFF, 0xFF, 0xFF, 0xFF, 0xFF, 0xFF, 0xFF, 0xFF, 0xFF, 0xFF, 0xFF, 0xFF, 0xFF,
  0xFF, 0xFF, 0xFF, 0xFF, 0xFF, 0xFF, 0xFF, 0xFF, 0xFF, 0xFF, 0xFF, 0xFF, 0xFF, 0xFF, 0xFF, 0xFF, 0xFF, 0xFF, 0xFF, 0xFF, 0xFF, 0xFF, 0xFF, 0xFF,
  0xFF, 0xFF, 0xFF, 0xFF, 0xFF, 0xFF, 0xFF, 0xFF, 0xFF, 0xFF, 0xFF, 0xFF, 0xFF, 0xFF, 0xFF, 0xFF, 0xFF, 0xFF, 0xFF, 0xFF, 0xFF, 0xFF, 0xFF, 0xFF,
  0xFF, 0xFF, 0xFF, 0xFF, 0xFF, 0xFF, 0xFF, 0xFF, 0xFF, 0xFF, 0xFF, 0xFF, 0xFF, 0xFF, 0xFF, 0xFF, 0xFF, 0xFF, 0xFF, 0xFF, 0xFF, 0xFF, 0xFF, 0xFF,
  0xFF, 0xFF, 0xFF, 0xFF, 0xFF, 0xFF, 0xFF, 0xFF, 0xFF, 0xFF, 0xFF, 0xFF, 0xFF, 0xFF, 0xFF, 0xFF, 0xFF, 0xFF, 0xFF, 0xFF, 0xFF, 0xFF, 0xFF, 0xFF,
  0xFF, 0xFF, 0xFF, 0xFF, 0xFF, 0xFF, 0xFF, 0xFF, 0xFF, 0xFF, 0xFF, 0xFF, 0xFF, 0xFF, 0xFF, 0xFF, 0xFF, 0xFF, 0xFF, 0xFF, 0xFF, 0xFF, 0xFF, 0xFF,
  0xFF, 0xFF, 0xFF, 0xFF, 0xFF, 0xFF, 0xFF, 0xFF, 0xFF, 0xFF, 0xFF, 0xFF, 0xFF, 0xFF, 0xFF, 0xFF, 0xFF, 0xFF, 0xFF, 0xFF, 0xFF, 0xFF, 0xFF, 0xFF,
  0xFF, 0xFF, 0xFF, 0xFF, 0xFF, 0xFF, 0xFF, 0xFF, 0xFF, 0xFF, 0xFF, 0xFF, 0xFF, 0xFF, 0xFF, 0xFF, 0xFF, 0xFF, 0xFF, 0xFF, 0xFF, 0xFF, 0xFF, 0xFF,
  0xFF, 0xFF, 0xFF, 0xFF, 0xFF, 0xFF, 0xFF, 0xFF, 0xFF, 0xFF, 0xFF, 0xFF, 0xFF, 0xFF, 0xFF, 0xFF, 0xFF, 0xFF, 0xFF, 0xFF, 0xFF, 0xFF, 0xFF, 0xFF,
  0xFF, 0xFF, 0xFF, 0xFF, 0xFF, 0xFF, 0xFF, 0xFF, 0xFF, 0xFF, 0xFF, 0xFF, 0xFF, 0xFF, 0xFF, 0xFF, 0xFF, 0xFF, 0xFF, 0xFF, 0xFF, 0xFF, 0xFF, 0xFF,
  0xFF, 0xFF, 0xFF, 0xFF, 0xFF, 0xFF, 0xFF, 0xFF, 0xFF, 0xFF, 0xFF, 0xFF, 0xFF, 0xFF, 0xFF, 0xFF, 0xFF, 0xFF, 0xFF, 0xFF, 0xFF, 0xFF, 0xFF, 0xFF,
  0xFF, 0xFF, 0xFF, 0xFF, 0xFF, 0xFF, 0xFF, 0xFF, 0xFF, 0xFF, 0xFF, 0xFF, 0xFF, 0xFF, 0xFF, 0xFF, 0xFF, 0xFF, 0xFF, 0xFF, 0xFF, 0xFF, 0xFF, 0xFF,
  0xFF, 0xFF, 0xFF, 0xFF, 0xFF, 0xFF, 0xFF, 0xFF, 0xFF, 0xFF, 0xFF, 0xFF, 0xFF, 0xFF, 0xFF, 0xFF, 0xFF, 0xFF, 0xFF, 0xFF, 0xFF, 0xFF, 0xFF, 0xFF,
  0xFF, 0xFF, 0xFF, 0xFF, 0xFF, 0xFF, 0xFF, 0xFF, 0xFF, 0xFF, 0xFF, 0xFF, 0xFF, 0xFF, 0xFF, 0xFF, 0xFF, 0xFF, 0xFF, 0xFF, 0xFF, 0xFF, 0xFF, 0xFF,
  0xFF, 0xFF, 0xFF, 0xFF, 0xFF, 0xFF, 0xFF, 0xFF, 0xFF, 0xFF, 0xFF, 0xFF, 0xFF, 0xFF, 0xFF, 0xFF, 0xFF, 0xFF, 0xFF, 0xFF, 0xFF, 0xFF, 0xFF, 0xFF,
  0xFF, 0xFF, 0xFF, 0xFF, 0xFF, 0xFF, 0xFF, 0xFF, 0xFF, 0xFF, 0xFF, 0xFF, 0xFF, 0xFF, 0xFF, 0xFF, 0xFF, 0xFF, 0xFF, 0xFF, 0xFF, 0xFF, 0xFF, 0xFF,
  0xFF, 0xFF, 0xFF, 0xFF, 0xFF, 0xFF, 0xFF, 0xFF, 0xFF, 0xFF, 0xFF, 0xFF, 0xFF, 0xFF, 0xFF, 0xFF, 0xFF, 0xFF, 0xFF, 0xFF, 0xFF, 0xFF, 0xFF, 0xFF,
  0xFF, 0xFF, 0xFF, 0xFF, 0xFF, 0xFF, 0xFF, 0xFF, 0xFF, 0xFF, 0xFF, 0xFF, 0xFF, 0xFF, 0xFF, 0xFF, 0xFF, 0xFF, 0xFF, 0xFF, 0xFF, 0xFF, 0xFF, 0xFF,
  0xFF, 0xFF, 0xFF, 0xFF, 0xFF, 0xFF, 0xFF, 0xFF, 0xFF, 0xFF, 0xFF, 0xFF, 0xFF, 0xFF, 0xFF, 0xFF, 0xFF, 0xFF, 0xFF, 0xFF, 0xFF, 0xFF, 0xFF, 0xFF,
  0xFF, 0xFF, 0xFF, 0xFF, 0xFF, 0xFF, 0xFF, 0xFF, 0xFF, 0xFF, 0xFF, 0xFF, 0xFF, 0xFF, 0xFF, 0xFF, 0xFF, 0xFF, 0xFF, 0xFF, 0xFF, 0xFF, 0xFF, 0xFF,
  0xFF, 0xFF, 0xFF, 0xFF, 0xFF, 0xFF, 0xFF, 0xFF, 0xFF, 0xFF, 0xFF, 0xFF, 0xFF, 0xFF, 0xFF, 0xFF, 0xFF, 0xFF, 0xFF, 0xFF, 0xFF, 0xFF, 0xFF, 0xFF,
  0xFF, 0xFF, 0xFF, 0xFF, 0xFF, 0xFF, 0xFF, 0xFF, 0xFF, 0xFF, 0xFF, 0xFF, 0xFF, 0xFF, 0xFF, 0xFF, 0xFF, 0xFF, 0xFF, 0xFF, 0xFF, 0xFF, 0xFF, 0xFF,
  0xFF, 0xFF, 0xFF, 0xFF, 0xFF, 0xFF, 0xFF, 0xFF, 0xFF, 0xFF, 0xFF, 0xFF, 0xFF, 0xFF, 0xFF, 0xFF, 0xFF, 0xFF, 0xFF, 0xFF, 0xFF, 0xFF, 0xFF, 0xFF,
  0xFF, 0xFF, 0xFF, 0xFF, 0xFF, 0xFF, 0xFF, 0xFF, 0xFF, 0xFF, 0xFF, 0xFF, 0xFF, 0xFF, 0xFF, 0xFF, 0xFF, 0xFF, 0xFF, 0xFF, 0xFF, 0xFF, 0xFF, 0xFF,
  0xFF, 0xFF, 0xFF, 0xFF, 0xFF, 0xFF, 0xFF, 0xFF, 0xFF, 0xFF, 0xFF, 0xFF, 0xFF, 0xFF, 0xFF, 0xFF, 0xFF, 0xFF, 0xFF, 0xFF, 0xFF, 0xFF, 0xFF, 0xFF,
  0xFF, 0xFF, 0xFF, 0xFF, 0xFF, 0xFF, 0xFF, 0xFF, 0xFF, 0xFF, 0xFF, 0xFF, 0xFF, 0xFF, 0xFF, 0xFF, 0xFF, 0xFF, 0xFF, 0xFF, 0xFF, 0xFF, 0xFF, 0xFF,
  0xFF, 0xFF, 0xFF, 0xFF, 0xFF, 0xFF, 0xFF, 0xFF, 0xFF, 0xFF, 0xFF, 0xFF, 0xFF, 0xFF, 0xFF, 0xFF, 0xFF, 0xFF, 0xFF, 0xFF, 0xFF, 0xFF, 0xFF, 0xFF,
  0xFF, 0xFF, 0xFF, 0xFF, 0xFF, 0xFF, 0xFF, 0xFF, 0xFF, 0xFF, 0xFF, 0xFF, 0xFF, 0xFF, 0xFF, 0xFF, 0xFF, 0xFF, 0xFF, 0xFF, 0xFF, 0xFF, 0xFF, 0xFF,
  0xFF, 0xFF, 0xFF, 0xFF, 0xFF, 0xFF, 0xFF, 0xFF, 0xFF, 0xFF, 0xFF, 0xFF, 0xFF, 0xFF, 0xFF, 0xFF, 0xFF, 0xFF, 0xFF, 0xFF, 0xFF, 0xFF, 0xFF, 0xFF,
  0xFF, 0xFF, 0xFF, 0xFF, 0xFF, 0xFF, 0xFF, 0xFF, 0xFF, 0xFF, 0xFF, 0xFF, 0xFF, 0xFF, 0xFF, 0xFF, 0xFF, 0xFF, 0xFF, 0xFF, 0xFF, 0xFF, 0xFF, 0xFF,
  0xFF, 0xFF, 0xFF, 0xFF, 0xFF, 0xFF, 0xFF, 0xFF, 0xFF, 0xFF, 0xFF, 0xFF, 0xFF, 0xFF, 0xFF, 0xFF, 0xFF, 0xFF, 0xFF, 0xFF, 0xFF, 0xFF, 0xFF, 0xFF,
  0xFF, 0xFF, 0xFF, 0xFF, 0xFF, 0xFF, 0xFF, 0xFF, 0xFF, 0xFF, 0xFF, 0xFF, 0xFF, 0xFF, 0xFF, 0xFF, 0xFF, 0xFF, 0xFF, 0xFF, 0xFF, 0xFF, 0xFF, 0xFF,
  0xFF, 0xFF, 0xFF, 0xFF, 0xFF, 0xFF, 0xFF, 0xFF, 0xFF, 0xFF, 0xFF, 0xFF, 0xFF, 0xFF, 0xFF, 0xFF, 0xFF, 0xFF, 0xFF, 0xFF, 0xFF, 0xFF, 0xFF, 0xFF,
  0xFF, 0xFF, 0xFF, 0xFF, 0xFF, 0xFF, 0xFF, 0xFF, 0xFF, 0xFF, 0xFF, 0xFF, 0xFF, 0xFF, 0xFF, 0xFF, 0xFF, 0xFF, 0xFF, 0xFF, 0xFF, 0xFF, 0xFF, 0xFF,
  0xFF, 0xFF, 0xFF, 0xFF, 0xFF, 0xFF, 0xFF, 0xFF, 0xFF, 0xFF, 0xFF, 0xFF, 0xFF, 0xFF, 0xFF, 0xFF, 0xFF, 0xFF, 0xFF, 0xFF, 0xFF, 0xFF, 0xFF, 0xFF,
  0xFF, 0xFF, 0xFF, 0xFF, 0xFF, 0xFF, 0xFF, 0xFF, 0xFF, 0xFF, 0xFF, 0xFF, 0xFF, 0xFF, 0xFF, 0xFF, 0xFF, 0xFF, 0xFF, 0xFF, 0xFF, 0xFF, 0xFF, 0xFF,
  0xFF, 0xFF, 0xFF, 0xFF, 0xFF, 0xFF, 0xFF, 0xFF, 0xFF, 0xFF, 0xFF, 0xFF, 0xFF, 0xFF, 0xFF, 0xFF, 0xFF, 0xFF, 0xFF, 0xFF, 0xFF, 0xFF, 0xFF, 0xFF,
  0xFF, 0xFF, 0xFF, 0xFF, 0xFF, 0xFF, 0xFF, 0xFF, 0xFF, 0xFF, 0xFF, 0xFF, 0xFF, 0xFF, 0xFF, 0xFF, 0xFF, 0xFF, 0xFF, 0xFF, 0xFF, 0xFF, 0xFF, 0xFF,
  0xFF, 0xFF, 0xFF, 0xFF, 0xFF, 0xFF, 0xFF, 0xFF, 0xFF, 0xFF, 0xFF, 0xFF, 0xFF, 0xFF, 0xFF, 0xFF, 0xFF, 0xFF, 0xFF, 0xFF, 0xFF, 0xFF, 0xFF, 0xFF,
  0xFF, 0xFF, 0xFF, 0xFF, 0xFF, 0xFF, 0xFF, 0xFF, 0xFF, 0xFF, 0xFF, 0xFF, 0xFF, 0xFF, 0xFF, 0xFF, 0xFF, 0xFF, 0xFF, 0xFF, 0xFF, 0xFF, 0xFF, 0xFF,
  0xFF, 0xFF, 0xFF, 0xFF, 0xFF, 0xFF, 0xFF, 0xFF, 0xFF, 0xFF, 0xFF, 0xFF, 0xFF, 0xFF, 0xFF, 0xFF, 0xFF, 0xFF, 0xFF, 0xFF, 0xFF, 0xFF, 0xFF, 0xFF,
  0xFF, 0xFF, 0xFF, 0xFF, 0xFF, 0xFF, 0xFF, 0xFF, 0xFF, 0xFF, 0xFF, 0xFF, 0xFF, 0xFF, 0xFF, 0xFF, 0xFF, 0xFF, 0xFF, 0xFF, 0xFF, 0xFF, 0xFF, 0xFF,
  0xFF, 0xFF, 0xFF, 0xFF, 0xFF, 0xFF, 0xFF, 0xFF, 0xFF, 0xFF, 0xFF, 0xFF, 0xFF, 0xFF, 0xFF, 0xFF, 0xFF, 0xFF, 0xFF, 0xFF, 0xFF, 0xFF, 0xFF, 0xFF,
  0xFF, 0xFF, 0xFF, 0xFF, 0xFF, 0xFF, 0xFF, 0xFF, 0xFF, 0xFF, 0xFF, 0xFF, 0xFF, 0xFF, 0xFF, 0xFF, 0xFF, 0xFF, 0xFF, 0xFF, 0xFF, 0xFF, 0xFF, 0xFF,
  0xFF, 0xFF, 0xFF, 0xFF, 0xFF, 0xFF, 0xFF, 0xFF, 0xFF, 0xFF, 0xFF, 0xFF, 0xFF, 0xFF, 0xFF, 0xFF, 0xFF, 0xFF, 0xFF, 0xFF, 0xFF, 0xFF, 0xFF, 0xFF,
  0xFF, 0xFF, 0xFF, 0xFF, 0xFF, 0xFF, 0xFF, 0xFF, 0xFF, 0xFF, 0xFF, 0xFF, 0xFF, 0xFF, 0xFF, 0xFF, 0xFF, 0xFF, 0xFF, 0xFF, 0xFF, 0xFF, 0xFF, 0xFF,
  0xFF, 0xFF, 0xFF, 0xFF, 0xFF, 0xFF, 0xFF, 0xFF, 0xFF, 0xFF, 0xFF, 0xFF, 0xFF, 0xFF, 0xFF, 0xFF, 0xFF, 0xFF, 0xFF, 0xFF, 0xFF, 0xFF, 0xFF, 0xFF,
  0xFF, 0xFF, 0xFF, 0xFF, 0xFF, 0xFF, 0xFF, 0xFF, 0xFF, 0xFF, 0xFF, 0xFF, 0xFF, 0xFF, 0xFF, 0xFF, 0xFF, 0xFF, 0xFF, 0xFF, 0xFF, 0xFF, 0xFF, 0xFF,
  0xFF, 0xFF, 0xFF, 0xFF, 0xFF, 0xFF, 0xFF, 0xFF, 0xFF, 0xFF, 0xFF, 0xFF, 0xFF, 0xFF, 0xFF, 0xFF, 0xFF, 0xFF, 0xFF, 0xFF, 0xFF, 0xFF, 0xFF, 0xFF,
  0xFF, 0xFF, 0xFF, 0xFF, 0xFF, 0xFF, 0xFF, 0xFF, 0xFF, 0xFF, 0xFF, 0xFF, 0xFF, 0xFF, 0xFF, 0xFF, 0xFF, 0xFF, 0xFF, 0xFF, 0xFF, 0xFF, 0xFF, 0xFF,
  0xFF, 0xFF, 0xFF, 0xFF, 0xFF, 0xFF, 0xFF, 0xFF, 0xFF, 0xFF, 0xFF, 0xFF, 0xFF, 0xFF, 0xFF, 0xFF, 0xFF, 0xFF, 0xFF, 0xFF, 0xFF, 0xFF, 0xFF, 0xFF,
  0xFF, 0xFF, 0xFF, 0xFF, 0xFF, 0xFF, 0xFF, 0xFF, 0xFF, 0xFF, 0xFF, 0xFF, 0xFF, 0xFF, 0xFF, 0xFF, 0xFF, 0xFF, 0xFF, 0xFF, 0xFF, 0xFF, 0xFF, 0xFF,
  0xFF, 0xFF, 0xFF, 0xFF, 0xFF, 0xFF, 0xFF, 0xFF, 0xFF, 0xFF, 0xFF, 0xFF, 0xFF, 0xFF, 0xFF, 0xFF, 0xFF, 0xFF, 0xFF, 0xFF, 0xFF, 0xFF, 0xFF, 0xFF,
  0xFF, 0xFF, 0xFF, 0xFF, 0xFF, 0xFF, 0xFF, 0xFF, 0xFF, 0xFF, 0xFF, 0xFF, 0xFF, 0xFF, 0xFF, 0xFF, 0xFF, 0xFF, 0xFF, 0xFF, 0xFF, 0xFF, 0xFF, 0xFF,
  0xFF, 0xFF, 0xFF, 0xFF, 0xFF, 0xFF, 0xFF, 0xFF, 0xFF, 0xFF, 0xFF, 0xFF, 0xFF, 0xFF, 0xFF, 0xFF, 0xFF, 0xFF, 0xFF, 0xFF, 0xFF, 0xFF, 0xFF, 0xFF,
  0xFF, 0xFF, 0xFF, 0xFF, 0xFF, 0xFF, 0xFF, 0xFF, 0xFF, 0xFF, 0xFF, 0xFF, 0xFF, 0xFF, 0xFF, 0xFF, 0xFF, 0xFF, 0xFF, 0xFF, 0xFF, 0xFF, 0xFF, 0xFF,
  0xFF, 0xFF, 0xFF, 0xFF, 0xFF, 0xFF, 0xFF, 0xFF, 0xFF, 0xFF, 0xFF, 0xFF, 0xFF, 0xFF, 0xFF, 0xFF, 0xFF, 0xFF, 0xFF, 0xFF, 0xFF, 0xFF, 0xFF, 0xFF,
  0xFF, 0xFF, 0xFF, 0xFF, 0xFF, 0xFF, 0xFF, 0xFF, 0xFF, 0xFF, 0xFF, 0xFF, 0xFF, 0xFF, 0xFF, 0xFF, 0xFF, 0xFF, 0xFF, 0xFF, 0xFF, 0xFF, 0xFF, 0xFF,
  0xFF, 0xFF, 0xFF, 0xFF, 0xFF, 0xFF, 0xFF, 0xFF, 0xFF, 0xFF, 0xFF, 0xFF, 0xFF, 0xFF, 0xFF, 0xFF, 0xFF, 0xFF, 0xFF, 0xFF, 0xFF, 0xFF, 0xFF, 0xFF,
  0xFF, 0xFF, 0xFF, 0xFF, 0xFF, 0xFF, 0xFF, 0xFF, 0xFF, 0xFF, 0xFF, 0xFF, 0xFF, 0xFF, 0xFF, 0xFF, 0xFF, 0xFF, 0xFF, 0xFF, 0xFF, 0xFF, 0xFF, 0xFF,
  0xFF, 0xFF, 0xFF, 0xFF, 0xFF, 0xFF, 0xFF, 0xFF, 0xFF, 0xFF, 0xFF, 0xFF, 0xFF, 0xFF, 0xFF, 0xFF, 0xFF, 0xFF, 0xFF, 0xFF, 0xFF, 0xFF, 0xFF, 0xFF,
  0xFF, 0xFF, 0xFF, 0xFF, 0xFF, 0xFF, 0xFF, 0xFF, 0xFF, 0xFF, 0xFF, 0xFF, 0xFF, 0xFF, 0xFF, 0xFF, 0xFF, 0xFF, 0xFF, 0xFF, 0xFF, 0xFF, 0xFF, 0xFF,
  0xFF, 0xFF, 0xFF, 0xFF, 0xFF, 0xFF, 0xFF, 0xFF, 0xFF, 0xFF, 0xFF, 0xFF, 0xFF, 0xFF, 0xFF, 0xFF, 0xFF, 0xFF, 0xFF, 0xFF, 0xFF, 0xFF, 0xFF, 0xFF,
  0xFF, 0xFF, 0xFF, 0xFF, 0xFF, 0xFF, 0xFF, 0xFF, 0xFF, 0xFF, 0xFF, 0xFF, 0xFF, 0xFF, 0xFF, 0xFF, 0xFF, 0xFF, 0xFF, 0xFF, 0xFF, 0xFF, 0xFF, 0xFF,
  0xFF, 0xFF, 0xFF, 0xFF, 0xFF, 0xFF, 0xFF, 0xFF, 0xFF, 0xFF, 0xFF, 0xFF, 0xFF, 0xFF, 0xFF, 0xFF, 0xFF, 0xFF, 0xFF, 0xFF, 0xFF, 0xFF, 0xFF, 0xFF,
  0xFF, 0xFF, 0xFF, 0xFF, 0xFF, 0xFF, 0xFF, 0xFF, 0xFF, 0xFF, 0xFF, 0xFF, 0xFF, 0xFF, 0xFF, 0xFF, 0xFF, 0xFF, 0xFF, 0xFF, 0xFF, 0xFF, 0xFF, 0xFF,
  0xFF, 0xFF, 0xFF, 0xFF, 0xFF, 0xFF, 0xFF, 0xFF, 0xFF, 0xFF, 0xFF, 0xFF, 0xFF, 0xFF, 0xFF, 0xFF, 0xFF, 0xFF, 0xFF, 0xFF, 0xFF, 0xFF, 0xFF, 0xFF,
  0xFF, 0xFF, 0xFF, 0xFF, 0xFF, 0xFF, 0xFF, 0xFF, 0xFF, 0xFF, 0xFF, 0xFF, 0xFF, 0xFF, 0xFF, 0xFF, 0xFF, 0xFF, 0xFF, 0xFF, 0xFF, 0xFF, 0xFF, 0xFF,
  0xFF, 0xFF, 0xFF, 0xFF, 0xFF, 0xFF, 0xFF, 0xFF, 0xFF, 0xFF, 0xFF, 0xFF, 0xFF, 0xFF, 0xFF, 0xFF, 0xFF, 0xFF, 0xFF, 0xFF, 0xFF, 0xFF, 0xFF, 0xFF,
  0xFF, 0xFF, 0xFF, 0xFF, 0xFF, 0xFF, 0xFF, 0xFF, 0xFF, 0xFF, 0xFF, 0xFF, 0xFF, 0xFF, 0xFF, 0xFF, 0xFF, 0xFF, 0xFF, 0xFF, 0xFF, 0xFF, 0xFF, 0xFF,
  0xFF, 0xFF, 0xFF, 0xFF, 0xFF, 0xFF, 0xFF, 0xFF, 0xFF, 0xFF, 0xFF, 0xFF, 0xFF, 0xFF, 0xFF, 0xFF, 0xFF, 0xFF, 0xFF, 0xFF, 0xFF, 0xFF, 0xFF, 0xFF,
  0xFF, 0xFF, 0xFF, 0xFF, 0xFF, 0xFF, 0xFF, 0xFF, 0xFF, 0xFF, 0xFF, 0xFF, 0xFF, 0xFF, 0xFF, 0xFF, 0xFF, 0xFF, 0xFF, 0xFF, 0xFF, 0xFF, 0xFF, 0xFF,
  0xFF, 0xFF, 0xFF, 0xFF, 0xFF, 0xFF, 0xFF, 0xFF, 0xFF, 0xFF, 0xFF, 0xFF, 0xFF, 0xFF, 0xFF, 0xFF, 0xFF, 0xFF, 0xFF, 0xFF, 0xFF, 0xFF, 0xFF, 0xFF,
  0xFF, 0xFF, 0xFF, 0xFF, 0xFF, 0xFF, 0xFF, 0xFF, 0xFF, 0xFF, 0xFF, 0xFF, 0xFF, 0xFF, 0xFF, 0xFF, 0xFF, 0xFF, 0xFF, 0xFF, 0xFF, 0xFF, 0xFF, 0xFF,
  0xFF, 0xFF, 0xFF, 0xFF, 0xFF, 0xFF, 0xFF, 0xFF, 0xFF, 0xFF, 0xFF, 0xFF, 0xFF, 0xFF, 0xFF, 0xFF, 0xFF, 0xFF, 0xFF, 0xFF, 0xFF, 0xFF, 0xFF, 0xFF,
  0xFF, 0xFF, 0xFF, 0xFF, 0xFF, 0xFF, 0xFF, 0xFF, 0xFF, 0xFF, 0xFF, 0xFF, 0xFF, 0xFF, 0xFF, 0xFF, 0xFF, 0xFF, 0xFF, 0xFF, 0xFF, 0xFF, 0xFF, 0xFF,
  0xFF, 0xFF, 0xFF, 0xFF, 0xFF, 0xFF, 0xFF, 0xFF, 0xFF, 0xFF, 0xFF, 0xFF, 0xFF, 0xFF, 0xFF, 0xFF, 0xFF, 0xFF, 0xFF, 0xFF, 0xFF, 0xFF, 0xFF, 0xFF,
  0xFF, 0xFF, 0xFF, 0xFF, 0xFF, 0xFF, 0xFF, 0xFF, 0xFF, 0xFF, 0xFF, 0xFF, 0xFF, 0xFF, 0xFF, 0xFF, 0xFF, 0xFF, 0xFF, 0xFF, 0xFF, 0xFF, 0xFF, 0xFF,
  0xFF, 0xFF, 0xFF, 0xFF, 0xFF, 0xFF, 0xFF, 0xFF, 0xFF, 0xFF, 0xFF, 0xFF, 0xFF, 0xFF, 0xFF, 0xFF, 0xFF, 0xFF, 0xFF, 0xFF, 0xFF, 0xFF, 0xFF, 0xFF,
  0xFF, 0xFF, 0xFF, 0xFF, 0xFF, 0xFF, 0xFF, 0xFF, 0xFF, 0xFF, 0xFF, 0xFF, 0xFF, 0xFF, 0xFF, 0xFF, 0xFF, 0xFF, 0xFF, 0xFF, 0xFF, 0xFF, 0xFF, 0xFF,
  0xFF, 0xFF, 0xFF, 0xFF, 0xFF, 0xFF, 0xFF, 0xFF, 0xFF, 0xFF, 0xFF, 0xFF, 0xFF, 0xFF, 0xFF, 0xFF, 0xFF, 0xFF, 0xFF, 0xFF, 0xFF, 0xFF, 0xFF, 0xFF,
  0xFF, 0xFF, 0xFF, 0xFF, 0xFF, 0xFF, 0xFF, 0xFF, 0xFF, 0xFF, 0xFF, 0xFF, 0xFF, 0xFF, 0xFF, 0xFF, 0xFF, 0xFF, 0xFF, 0xFF, 0xFF, 0xFF, 0xFF, 0xFF,
  0xFF, 0xFF, 0xFF, 0xFF, 0xFF, 0xFF, 0xFF, 0xFF, 0xFF, 0xFF, 0xFF, 0xFF, 0xFF, 0xFF, 0xFF, 0xFF, 0xFF, 0xFF, 0xFF, 0xFF, 0xFF, 0xFF, 0xFF, 0xFF,
  0xFF, 0xFF, 0xFF, 0xFF, 0xFF, 0xFF, 0xFF, 0xFF, 0xFF, 0xFF, 0xFF, 0xFF, 0xFF, 0xFF, 0xFF, 0xFF, 0xFF, 0xFF, 0xFF, 0xFF, 0xFF, 0xFF, 0xFF, 0xFF,
  0xFF, 0xFF, 0xFF, 0xFF, 0xFF, 0xFF, 0xFF, 0xFF, 0xFF, 0xFF, 0xFF, 0xFF, 0xFF, 0xFF, 0xFF, 0xFF, 0xFF, 0xFF, 0xFF, 0xFF, 0xFF, 0xFF, 0xFF, 0xFF,
  0xFF, 0xFF, 0xFF, 0xFF, 0xFF, 0xFF, 0xFF, 0xFF, 0xFF, 0xFF, 0xFF, 0xFF, 0xFF, 0xFF, 0xFF, 0xFF, 0xFF, 0xFF, 0xFF, 0xFF, 0xFF, 0xFF, 0xFF, 0xFF,
  0xFF, 0xFF, 0xFF, 0xFF, 0xFF, 0xFF, 0xFF, 0xFF, 0xFF, 0xFF, 0xFF, 0xFF, 0xFF, 0xFF, 0xFF, 0xFF, 0xFF, 0xFF, 0xFF, 0xFF, 0xFF, 0xFF, 0xFF, 0xFF,
  0xFF, 0xFF, 0xFF, 0xFF, 0xFF, 0xFF, 0xFF, 0xFF, 0xFF, 0xFF, 0xFF, 0xFF, 0xFF, 0xFF, 0xFF, 0xFF, 0xFF, 0xFF, 0xFF, 0xFF, 0xFF, 0xFF, 0xFF, 0xFF,
  0xFF, 0xFF, 0xFF, 0xFF, 0xFF, 0xFF, 0xFF, 0xFF, 0xFF, 0xFF, 0xFF, 0xFF, 0xFF, 0xFF, 0xFF, 0xFF, 0xFF, 0xFF, 0xFF, 0xFF, 0xFF, 0xFF, 0xFF, 0xFF,
  0xFF, 0xFF, 0xFF, 0xFF, 0xFF, 0xFF, 0xFF, 0xFF, 0xFF, 0xFF, 0xFF, 0xFF, 0xFF, 0xFF, 0xFF, 0xFF, 0xFF, 0xFF, 0xFF, 0xFF, 0xFF, 0xFF, 0xFF, 0xFF,
  0xFF, 0xFF, 0xFF, 0xFF, 0xFF, 0xFF, 0xFF, 0xFF, 0xFF, 0xFF, 0xFF, 0xFF, 0xFF, 0xFF, 0xFF, 0xFF, 0xFF, 0xFF, 0xFF, 0xFF, 0xFF, 0xFF, 0xFF, 0xFF,
  0xFF, 0xFF, 0xFF, 0xFF, 0xFF, 0xFF, 0xFF, 0xFF, 0xFF, 0xFF, 0xFF, 0xFF, 0xFF, 0xFF, 0xFF, 0xFF, 0xFF, 0xFF, 0xFF, 0xFF, 0xFF, 0xFF, 0xFF, 0xFF,
  0xFF, 0xFF, 0xFF, 0xFF, 0xFF, 0xFF, 0xFF, 0xFF, 0xFF, 0xFF, 0xFF, 0xFF, 0xFF, 0xFF, 0xFF, 0xFF, 0xFF, 0xFF, 0xFF, 0xFF, 0xFF, 0xFF, 0xFF, 0xFF,
  0xFF, 0xFF, 0xFF, 0xFF, 0xFF, 0xFF, 0xFF, 0xFF, 0xFF, 0xFF, 0xFF, 0xFF, 0xFF, 0xFF, 0xFF, 0xFF, 0xFF, 0xFF, 0xFF, 0xFF, 0xFF, 0xFF, 0xFF, 0xFF,
  0xFF, 0xFF, 0xFF, 0xFF, 0xFF, 0xFF, 0xFF, 0xFF, 0xFF, 0xFF, 0xFF, 0xFF, 0xFF, 0xFF, 0xFF, 0xFF, 0xFF, 0xFF, 0xFF, 0xFF, 0xFF, 0xFF, 0xFF, 0xFF,
  0xFF, 0xFF, 0xFF, 0xFF, 0xFF, 0xFF, 0xFF, 0xFF, 0xFF, 0xFF, 0xFF, 0xFF, 0xFF, 0xFF, 0xFF, 0xFF, 0xFF, 0xFF, 0xFF, 0xFF, 0xFF, 0xFF, 0xFF, 0xFF,
  0xFF, 0xFF, 0xFF, 0xFF, 0xFF, 0xFF, 0xFF, 0xFF, 0xFF, 0xFF, 0xFF, 0xFF, 0xFF, 0xFF, 0xFF, 0xFF, 0xFF, 0xFF, 0xFF, 0xFF, 0xFF, 0xFF, 0xFF, 0xFF,
  0xFF, 0xFF, 0xFF, 0xFF, 0xFF, 0xFF, 0xFF, 0xFF, 0xFF, 0xFF, 0xFF, 0xFF, 0xFF, 0xFF, 0xFF, 0xFF, 0xFF, 0xFF, 0xFF, 0xFF, 0xFF, 0xFF, 0xFF, 0xFF,
  0xFF, 0xFF, 0xFF, 0xFF, 0xFF, 0xFF, 0xFF, 0xFF, 0xFF, 0xFF, 0xFF, 0xFF, 0xFF, 0xFF, 0xFF, 0xFF, 0xFF, 0xFF, 0xFF, 0xFF, 0xFF, 0xFF, 0xFF, 0xFF,
  0xFF, 0xFF, 0xFF, 0xFF, 0xFF, 0xFF, 0xFF, 0xFF, 0xFF, 0xFF, 0xFF, 0xFF, 0xFF, 0xFF, 0xFF, 0xFF, 0xFF, 0xFF, 0xFF, 0xFF, 0xFF, 0xFF, 0xFF, 0xFF,
  0xFF, 0xFF, 0xFF, 0xFF, 0xFF, 0xFF, 0xFF, 0xFF, 0xFF, 0xFF, 0xFF, 0xFF, 0xFF, 0xFF, 0xFF, 0xFF, 0xFF, 0xFF, 0xFF, 0xFF, 0xFF, 0xFF, 0xFF, 0xFF,
  0xFF, 0xFF, 0xFF, 0xFF, 0xFF, 0xFF, 0xFF, 0xFF, 0xFF, 0xFF, 0xFF, 0xFF, 0xFF, 0xFF, 0xFF, 0xFF, 0xFF, 0xFF, 0xFF, 0xFF, 0xFF, 0xFF, 0xFF, 0xFF,
  0xFF, 0xFF, 0xFF, 0xFF, 0xFF, 0xFF, 0xFF, 0xFF, 0xFF, 0xFF, 0xFF, 0xFF, 0xFF, 0xFF, 0xFF, 0xFF, 0xFF, 0xFF, 0xFF, 0xFF, 0xFF, 0xFF, 0xFF, 0xFF,
  0xFF, 0xFF, 0xFF, 0xFF, 0xFF, 0xFF, 0xFF, 0xFF, 0xFF, 0xFF, 0xFF, 0xFF, 0xFF, 0xFF, 0xFF, 0xFF, 0xFF, 0xFF, 0xFF, 0xFF, 0xFF, 0xFF, 0xFF, 0xFF,
  0xFF, 0xFF, 0xFF, 0xFF, 0xFF, 0xFF, 0xFF, 0xFF, 0xFF, 0xFF, 0xFF, 0xFF, 0xFF, 0xFF, 0xFF, 0xFF, 0xFF, 0xFF, 0xFF, 0xFF, 0xFF, 0xFF, 0xFF, 0xFF,
  0xFF, 0xFF, 0xFF, 0xFF, 0xFF, 0xFF, 0xFF, 0xFF, 0xFF, 0xFF, 0xFF, 0xFF, 0xFF, 0xFF, 0xFF, 0xFF, 0xFF, 0xFF, 0xFF, 0xFF, 0xFF, 0xFF, 0xFF, 0xFF,
  0xFF, 0xFF, 0xFF, 0xFF, 0xFF, 0xFF, 0xFF, 0xFF, 0xFF, 0xFF, 0xFF, 0xFF, 0xFF, 0xFF, 0xFF, 0xFF, 0xFF, 0xFF, 0xFF, 0xFF, 0xFF, 0xFF, 0xFF, 0xFF,
  0xFF, 0xFF, 0xFF, 0xFF, 0xFF, 0xFF, 0xFF, 0xFF, 0xFF, 0xFF, 0xFF, 0xFF, 0xFF, 0xFF, 0xFF, 0xFF, 0xFF, 0xFF, 0xFF, 0xFF, 0xFF, 0xFF, 0xFF, 0xFF,
  0xFF, 0xFF, 0xFF, 0xFF, 0xFF, 0xFF, 0xFF, 0xFF, 0xFF, 0xFF, 0xFF, 0xFF, 0xFF, 0xFF, 0xFF, 0xFF, 0xFF, 0xFF, 0xFF, 0xFF, 0xFF, 0xFF, 0xFF, 0xFF,
  0xFF, 0xFF, 0xFF, 0xFF, 0xFF, 0xFF, 0xFF, 0xFF, 0xFF, 0xFF, 0xFF, 0xFF, 0xFF, 0xFF, 0xFF, 0xFF, 0xFF, 0xFF, 0xFF, 0xFF, 0xFF, 0xFF, 0xFF, 0xFF,
  0xFF, 0xFF, 0xFF, 0xFF, 0xFF, 0xFF, 0xFF, 0xFF, 0xFF, 0xFF, 0xFF, 0xFF, 0xFF, 0xFF, 0xFF, 0xFF, 0xFF, 0xFF, 0xFF, 0xFF, 0xFF, 0xFF, 0xFF, 0xFF,
  0xFF, 0xFF, 0xFF, 0xFF, 0xFF, 0xFF, 0xFF, 0xFF, 0xFF, 0xFF, 0xFF, 0xFF, 0xFF, 0xFF, 0xFF, 0xFF, 0xFF, 0xFF, 0xFF, 0xFF, 0xFF, 0xFF, 0xFF, 0xFF,
  0xFF, 0xFF, 0xFF, 0xFF, 0xFF, 0xFF, 0xFF, 0xFF, 0xFF, 0xFF, 0xFF, 0xFF, 0xFF, 0xFF, 0xFF, 0xFF, 0xFF, 0xFF, 0xFF, 0xFF, 0xFF, 0xFF, 0xFF, 0xFF,
  0xFF, 0xFF, 0xFF, 0xFF, 0xFF, 0xFF, 0xFF, 0xFF, 0xFF, 0xFF, 0xFF, 0xFF, 0xFF, 0xFF, 0xFF, 0xFF, 0xFF, 0xFF, 0xFF, 0xFF, 0xFF, 0xFF, 0xFF, 0xFF,
  0xFF, 0xFF, 0xFF, 0xFF, 0xFF, 0xFF, 0xFF, 0xFF, 0xFF, 0xFF, 0xFF, 0xFF, 0xFF, 0xFF, 0xFF, 0xFF, 0xFF, 0xFF, 0xFF, 0xFF, 0xFF, 0xFF, 0xFF, 0xFF,
  0xFF, 0xFF, 0xFF, 0xFF, 0xFF, 0xFF, 0xFF, 0xFF, 0xFF, 0xFF, 0xFF, 0xFF, 0xFF, 0xFF, 0xFF, 0xFF, 0xFF, 0xFF, 0xFF, 0xFF, 0xFF, 0xFF, 0xFF, 0xFF,
  0xFF, 0xFF, 0xFF, 0xFF, 0xFF, 0xFF, 0xFF, 0xFF, 0xFF, 0xFF, 0xFF, 0xFF, 0xFF, 0xFF, 0xFF, 0xFF, 0xFF, 0xFF, 0xFF, 0xFF, 0xFF, 0xFF, 0xFF, 0xFF,
  0xFF, 0xFF, 0xFF, 0xFF, 0xFF, 0xFF, 0xFF, 0xFF, 0xFF, 0xFF, 0xFF, 0xFF, 0xFF, 0xFF, 0xFF, 0xFF, 0xFF, 0xFF, 0xFF, 0xFF, 0xFF, 0xFF, 0xFF, 0xFF,
  0xFF, 0xFF, 0xFF, 0xFF, 0xFF, 0xFF, 0xFF, 0xFF, 0xFF, 0xFF, 0xFF, 0xFF, 0xFF, 0xFF, 0xFF, 0xFF, 0xFF, 0xFF, 0xFF, 0xFF, 0xFF, 0xFF, 0xFF, 0xFF,
  0xFF, 0xFF, 0xFF, 0xFF, 0xFF, 0xFF, 0xFF, 0xFF, 0xFF, 0xFF, 0xFF, 0xFF, 0xFF, 0xFF, 0xFF, 0xFF, 0xFF, 0xFF, 0xFF, 0xFF, 0xFF, 0xFF, 0xFF, 0xFF,
  0xFF, 0xFF, 0xFF, 0xFF, 0xFF, 0xFF, 0xFF, 0xFF, 0xFF, 0xFF, 0xFF, 0xFF, 0xFF, 0xFF, 0xFF, 0xFF, 0xFF, 0xFF, 0xFF, 0xFF, 0xFF, 0xFF, 0xFF, 0xFF,
  0xFF, 0xFF, 0xFF, 0xFF, 0xFF, 0xFF, 0xFF, 0xFF, 0xFF, 0xFF, 0xFF, 0xFF, 0xFF, 0xFF, 0xFF, 0xFF, 0xFF, 0xFF, 0xFF, 0xFF, 0xFF, 0xFF, 0xFF, 0xFF,
  0xFF, 0xFF, 0xFF, 0xFF, 0xFF, 0xFF, 0xFF, 0xFF, 0xFF, 0xFF, 0xFF, 0xFF, 0xFF, 0xFF, 0xFF, 0xFF, 0xFF, 0xFF, 0xFF, 0xFF, 0xFF, 0xFF, 0xFF, 0xFF,
  0xFF, 0xFF, 0xFF, 0xFF, 0xFF, 0xFF, 0xFF, 0xFF, 0xFF, 0xFF, 0xFF, 0xFF, 0xFF, 0xFF, 0xFF, 0xFF, 0xFF, 0xFF, 0xFF, 0xFF, 0xFF, 0xFF, 0xFF, 0xFF,
  0xFF, 0xFF, 0xFF, 0xFF, 0xFF, 0xFF, 0xFF, 0xFF, 0xFF, 0xFF, 0xFF, 0xFF, 0xFF, 0xFF, 0xFF, 0xFF, 0xFF, 0xFF, 0xFF, 0xFF, 0xFF, 0xFF, 0xFF, 0xFF,
  0xFF, 0xFF, 0xFF, 0xFF, 0xFF, 0xFF, 0xFF, 0xFF, 0xFF, 0xFF, 0xFF, 0xFF, 0xFF, 0xFF, 0xFF, 0xFF, 0xFF, 0xFF, 0xFF, 0xFF, 0xFF, 0xFF, 0xFF, 0xFF,
  0xFF, 0xFF, 0xFF, 0xFF, 0xFF, 0xFF, 0xFF, 0xFF, 0xFF, 0xFF, 0xFF, 0xFF, 0xFF, 0xFF, 0xFF, 0xFF, 0xFF, 0xFF, 0xFF, 0xFF, 0xFF, 0xFF, 0xFF, 0xFF,
  0xFF, 0xFF, 0xFF, 0xFF, 0xFF, 0xFF, 0xFF, 0xFF, 0xFF, 0xFF, 0xFF, 0xFF, 0xFF, 0xFF, 0xFF, 0xFF, 0xFF, 0xFF, 0xFF, 0xFF, 0xFF, 0xFF, 0xFF, 0xFF,
  0xFF, 0xFF, 0xFF, 0xFF, 0xFF, 0xFF, 0xFF, 0xFF, 0xFF, 0xFF, 0xFF, 0xFF, 0xFF, 0xFF, 0xFF, 0xFF, 0xFF, 0xFF, 0xFF, 0xFF, 0xFF, 0xFF, 0xFF, 0xFF,
  0xFF, 0xFF, 0xFF, 0xFF, 0xFF, 0xFF, 0xFF, 0xFF, 0xFF, 0xFF, 0xFF, 0xFF, 0xFF, 0xFF, 0xFF, 0xFF, 0xFF, 0xFF, 0xFF, 0xFF, 0xFF, 0xFF, 0xFF, 0xFF,
  0xFF, 0xFF, 0xFF, 0xFF, 0xFF, 0xFF, 0xFF, 0xFF, 0xFF, 0xFF, 0xFF, 0xFF, 0xFF, 0xFF, 0xFF, 0xFF, 0xFF, 0xFF, 0xFF, 0xFF, 0xFF, 0xFF, 0xFF, 0xFF,
  0xFF, 0xFF, 0xFF, 0xFF, 0xFF, 0xFF, 0xFF, 0xFF, 0xFF, 0xFF, 0xFF, 0xFF, 0xFF, 0xFF, 0xFF, 0xFF, 0xFF, 0xFF, 0xFF, 0xFF, 0xFF, 0xFF, 0xFF, 0xFF,
  0xFF, 0xFF, 0xFF, 0xFF, 0xFF, 0xFF, 0xFF, 0xFF, 0xFF, 0xFF, 0xFF, 0xFF, 0xFF, 0xFF, 0xFF, 0xFF, 0xFF, 0xFF, 0xFF, 0xFF, 0xFF, 0xFF, 0xFF, 0xFF,
  0xFF, 0xFF, 0xFF, 0xFF, 0xFF, 0xFF, 0xFF, 0xFF, 0xFF, 0xFF, 0xFF, 0xFF, 0xFF, 0xFF, 0xFF, 0xFF, 0xFF, 0xFF, 0xFF, 0xFF, 0xFF, 0xFF, 0xFF, 0xFF,
  0xFF, 0xFF, 0xFF, 0xFF, 0xFF, 0xFF, 0xFF, 0xFF, 0xFF, 0xFF, 0xFF, 0xFF, 0xFF, 0xFF, 0xFF, 0xFF, 0xFF, 0xFF, 0xFF, 0xFF, 0xFF, 0xFF, 0xFF, 0xFF,
  0xFF, 0xFF, 0xFF, 0xFF, 0xFF, 0xFF, 0xFF, 0xFF, 0xFF, 0xFF, 0xFF, 0xFF, 0xFF, 0xFF, 0xFF, 0xFF, 0xFF, 0xFF, 0xFF, 0xFF, 0xFF, 0xFF, 0xFF, 0xFF,
  0xFF, 0xFF, 0xFF, 0xFF, 0xFF, 0xFF, 0xFF, 0xFF, 0xFF, 0xFF, 0xFF, 0xFF, 0xFF, 0xFF, 0xFF, 0xFF, 0xFF, 0xFF, 0xFF, 0xFF, 0xFF, 0xFF, 0xFF, 0xFF,
  0xFF, 0xFF, 0xFF, 0xFF, 0xFF, 0xFF, 0xFF, 0xFF, 0xFF, 0xFF, 0xFF, 0xFF, 0xFF, 0xFF, 0xFF, 0xFF, 0xFF, 0xFF, 0xFF, 0xFF, 0xFF, 0xFF, 0xFF, 0xFF,
  0xFF, 0xFF, 0xFF, 0xFF, 0xFF, 0xFF, 0xFF, 0xFF, 0xFF, 0xFF, 0xFF, 0xFF, 0xFF, 0xFF, 0xFF, 0xFF, 0xFF, 0xFF, 0xFF, 0xFF, 0xFF, 0xFF, 0xFF, 0xFF,
  0xFF, 0xFF, 0xFF, 0xFF, 0xFF, 0xFF, 0xFF, 0xFF, 0xFF, 0xFF, 0xFF, 0xFF, 0xFF, 0xFF, 0xFF, 0xFF, 0xFF, 0xFF, 0xFF, 0xFF, 0xFF, 0xFF, 0xFF, 0xFF,
  0xFF, 0xFF, 0xFF, 0xFF, 0xFF, 0xFF, 0xFF, 0xFF, 0xFF, 0xFF, 0xFF, 0xFF, 0xFF, 0xFF, 0xFF, 0xFF, 0xFF, 0xFF, 0xFF, 0xFF, 0xFF, 0xFF, 0xFF, 0xFF,
  0xFF, 0xFF, 0xFF, 0xFF, 0xFF, 0xFF, 0xFF, 0xFF, 0xFF, 0xFF, 0xFF, 0xFF, 0xFF, 0xFF, 0xFF, 0xFF, 0xFF, 0xFF, 0xFF, 0xFF, 0xFF, 0xFF, 0xFF, 0xFF,
  0xFF, 0xFF, 0xFF, 0xFF, 0xFF, 0xFF, 0xFF, 0xFF, 0xFF, 0xFF, 0xFF, 0xFF, 0xFF, 0xFF, 0xFF, 0xFF, 0xFF, 0xFF, 0xFF, 0xFF, 0xFF, 0xFF, 0xFF, 0xFF,
  0xFF, 0xFF, 0xFF, 0xFF, 0xFF, 0xFF, 0xFF, 0xFF, 0xFF, 0xFF, 0xFF, 0xFF, 0xFF, 0xFF, 0xFF, 0xFF, 0xFF, 0xFF, 0xFF, 0xFF, 0xFF, 0xFF, 0xFF, 0xFF,
  0xFF, 0xFF, 0xFF, 0xFF, 0xFF, 0xFF, 0xFF, 0xFF, 0xFF, 0xFF, 0xFF, 0xFF, 0xFF, 0xFF, 0xFF, 0xFF, 0xFF, 0xFF, 0xFF, 0xFF, 0xFF, 0xFF, 0xFF, 0xFF,
  0xFF, 0xFF, 0xFF, 0xFF, 0xFF, 0xFF, 0xFF, 0xFF, 0xFF, 0xFF, 0xFF, 0xFF, 0xFF, 0xFF, 0xFF, 0xFF, 0xFF, 0xFF, 0xFF, 0xFF, 0xFF, 0xFF, 0xFF, 0xFF,
  0xFF, 0xFF, 0xFF, 0xFF, 0xFF, 0xFF, 0xFF, 0xFF, 0xFF, 0xFF, 0xFF, 0xFF, 0xFF, 0xFF, 0xFF, 0xFF, 0xFF, 0xFF, 0xFF, 0xFF, 0xFF, 0xFF, 0xFF, 0xFF,
  0xFF, 0xFF, 0xFF, 0xFF, 0xFF, 0xFF, 0xFF, 0xFF, 0xFF, 0xFF, 0xFF, 0xFF, 0xFF, 0xFF, 0xFF, 0xFF, 0xFF, 0xFF, 0xFF, 0xFF, 0xFF, 0xFF, 0xFF, 0xFF,
  0xFF, 0xFF, 0xFF, 0xFF, 0xFF, 0xFF, 0xFF, 0xFF, 0xFF, 0xFF, 0xFF, 0xFF, 0xFF, 0xFF, 0xFF, 0xFF, 0xFF, 0xFF, 0xFF, 0xFF, 0xFF, 0xFF, 0xFF, 0xFF,
  0xFF, 0xFF, 0xFF, 0xFF, 0xFF, 0xFF, 0xFF, 0xFF, 0xFF, 0xFF, 0xFF, 0xFF, 0xFF, 0xFF, 0xFF, 0xFF, 0xFF, 0xFF, 0xFF, 0xFF, 0xFF, 0xFF, 0xFF, 0xFF,
  0xFF, 0xFF, 0xFF, 0xFF, 0xFF, 0xFF, 0xFF, 0xFF, 0xFF, 0xFF, 0xFF, 0xFF, 0xFF, 0xFF, 0xFF, 0xFF, 0xFF, 0xFF, 0xFF, 0xFF, 0xFF, 0xFF, 0xFF, 0xFF,
  0xFF, 0xFF, 0xFF, 0xFF, 0xFF, 0xFF, 0xFF, 0xFF, 0xFF, 0xFF, 0xFF, 0xFF, 0xFF, 0xFF, 0xFF, 0xFF, 0xFF, 0xFF, 0xFF, 0xFF, 0xFF, 0xFF, 0xFF, 0xFF,
  0xFF, 0xFF, 0xFF, 0xFF, 0xFF, 0xFF, 0xFF, 0xFF, 0xFF, 0xFF, 0xFF, 0xFF, 0xFF, 0xFF, 0xFF, 0xFF, 0xFF, 0xFF, 0xFF, 0xFF, 0xFF, 0xFF, 0xFF, 0xFF,
  0xFF, 0xFF, 0xFF, 0xFF, 0xFF, 0xFF, 0xFF, 0xFF, 0xFF, 0xFF, 0xFF, 0xFF, 0xFF, 0xFF, 0xFF, 0xFF, 0xFF, 0xFF, 0xFF, 0xFF, 0xFF, 0xFF, 0xFF, 0xFF,
  0xFF, 0xFF, 0xFF, 0xFF, 0xFF, 0xFF, 0xFF, 0xFF, 0xFF, 0xFF, 0xFF, 0xFF, 0xFF, 0xFF, 0xFF, 0xFF, 0xFF, 0xFF, 0xFF, 0xFF, 0xFF, 0xFF, 0xFF, 0xFF,
  0xFF, 0xFF, 0xFF, 0xFF, 0xFF, 0xFF, 0xFF, 0xFF, 0xFF, 0xFF, 0xFF, 0xFF, 0xFF, 0xFF, 0xFF, 0xFF, 0xFF, 0xFF, 0xFF, 0xFF, 0xFF, 0xFF, 0xFF, 0xFF,
  0xFF, 0xFF, 0xFF, 0xFF, 0xFF, 0xFF, 0xFF, 0xFF, 0xFF, 0xFF, 0xFF, 0xFF, 0xFF, 0xFF, 0xFF, 0xFF, 0xFF, 0xFF, 0xFF, 0xFF, 0xFF, 0xFF, 0xFF, 0xFF,
  0xFF, 0xFF, 0xFF, 0xFF, 0xFF, 0xFF, 0xFF, 0xFF, 0xFF, 0xFF, 0xFF, 0xFF, 0xFF, 0xFF, 0xFF, 0xFF, 0xFF, 0xFF, 0xFF, 0xFF, 0xFF, 0xFF, 0xFF, 0xFF,
  0xFF, 0xFF, 0xFF, 0xFF, 0xFF, 0xFF, 0xFF, 0xFF, 0xFF, 0xFF, 0xFF, 0xFF, 0xFF, 0xFF, 0xFF, 0xFF, 0xFF, 0xFF, 0xFF, 0xFF, 0xFF, 0xFF, 0xFF, 0xFF,
  0xFF, 0xFF, 0xFF, 0xFF, 0xFF, 0xFF, 0xFF, 0xFF, 0xFF, 0xFF, 0xFF, 0xFF, 0xFF, 0xFF, 0xFF, 0xFF, 0xFF, 0xFF, 0xFF, 0xFF, 0xFF, 0xFF, 0xFF, 0xFF,
  0xFF, 0xFF, 0xFF, 0xFF, 0xFF, 0xFF, 0xFF, 0xFF, 0xFF, 0xFF, 0xFF, 0xFF, 0xFF, 0xFF, 0xFF, 0xFF, 0xFF, 0xFF, 0xFF, 0xFF, 0xFF, 0xFF, 0xFF, 0xFF,
  0xFF, 0xFF, 0xFF, 0xFF, 0xFF, 0xFF, 0xFF, 0xFF, 0xFF, 0xFF, 0xFF, 0xFF, 0xFF, 0xFF, 0xFF, 0xFF, 0xFF, 0xFF, 0xFF, 0xFF, 0xFF, 0xFF, 0xFF, 0xFF,
  0xFF, 0xFF, 0xFF, 0xFF, 0xFF, 0xFF, 0xFF, 0xFF, 0xFF, 0xFF, 0xFF, 0xFF, 0xFF, 0xFF, 0xFF, 0xFF, 0xFF, 0xFF, 0xFF, 0xFF, 0xFF, 0xFF, 0xFF, 0xFF,
  0xFF, 0xFF, 0xFF, 0xFF, 0xFF, 0xFF, 0xFF, 0xFF, 0xFF, 0xFF, 0xFF, 0xFF, 0xFF, 0xFF, 0xFF, 0xFF, 0xFF, 0xFF, 0xFF, 0xFF, 0xFF, 0xFF, 0xFF, 0xFF,
  0xFF, 0xFF, 0xFF, 0xFF, 0xFF, 0xFF, 0xFF, 0xFF, 0xFF, 0xFF, 0xFF, 0xFF, 0xFF, 0xFF, 0xFF, 0xFF, 0xFF, 0xFF, 0xFF, 0xFF, 0xFF, 0xFF, 0xFF, 0xFF,
  0xFF, 0xFF, 0xFF, 0xFF, 0xFF, 0xFF, 0xFF, 0xFF, 0xFF, 0xFF, 0xFF, 0xFF, 0xFF, 0xFF, 0xFF, 0xFF, 0xFF, 0xFF, 0xFF, 0xFF, 0xFF, 0xFF, 0xFF, 0xFF,
  0xFF, 0xFF, 0xFF, 0xFF, 0xFF, 0xFF, 0xFF, 0xFF, 0xFF, 0xFF, 0xFF, 0xFF, 0xFF, 0xFF, 0xFF, 0xFF, 0xFF, 0xFF, 0xFF, 0xFF, 0xFF, 0xFF, 0xFF, 0xFF,
  0xFF, 0xFF, 0xFF, 0xFF, 0xFF, 0xFF, 0xFF, 0xFF, 0xFF, 0xFF, 0xFF, 0xFF, 0xFF, 0xFF, 0xFF, 0xFF, 0xFF, 0xFF, 0xFF, 0xFF, 0xFF, 0xFF, 0xFF, 0xFF,
  0xFF, 0xFF, 0xFF, 0xFF, 0xFF, 0xFF, 0xFF, 0xFF, 0xFF, 0xFF, 0xFF, 0xFF, 0xFF, 0xFF, 0xFF, 0xFF, 0xFF, 0xFF, 0xFF, 0xFF, 0xFF, 0xFF, 0xFF, 0xFF,
  0xFF, 0xFF, 0xFF, 0xFF, 0xFF, 0xFF, 0xFF, 0xFF, 0xFF, 0xFF, 0xFF, 0xFF, 0xFF, 0xFF, 0xFF, 0xFF, 0xFF, 0xFF, 0xFF, 0xFF, 0xFF, 0xFF, 0xFF, 0xFF,
  0xFF, 0xFF, 0xFF, 0xFF, 0xFF, 0xFF, 0xFF, 0xFF, 0xFF, 0xFF, 0xFF, 0xFF, 0xFF, 0xFF, 0xFF, 0xFF, 0xFF, 0xFF, 0xFF, 0xFF, 0xFF, 0xFF, 0xFF, 0xFF,
  0xFF, 0xFF, 0xFF, 0xFF, 0xFF, 0xFF, 0xFF, 0xFF, 0xFF, 0xFF, 0xFF, 0xFF, 0xFF, 0xFF, 0xFF, 0xFF, 0xFF, 0xFF, 0xFF, 0xFF, 0xFF, 0xFF, 0xFF, 0xFF,
  0xFF, 0xFF, 0xFF, 0xFF, 0xFF, 0xFF, 0xFF, 0xFF, 0xFF, 0xFF, 0xFF, 0xFF, 0xFF, 0xFF, 0xFF, 0xFF, 0xFF, 0xFF, 0xFF, 0xFF, 0xFF, 0xFF, 0xFF, 0xFF,
  0xFF, 0xFF, 0xFF, 0xFF, 0xFF, 0xFF, 0xFF, 0xFF, 0xFF, 0xFF, 0xFF, 0xFF, 0xFF, 0xFF, 0xFF, 0xFF, 0xFF, 0xFF, 0xFF, 0xFF, 0xFF, 0xFF, 0xFF, 0xFF,
  0xFF, 0xFF, 0xFF, 0xFF, 0xFF, 0xFF, 0xFF, 0xFF, 0xFF, 0xFF, 0xFF, 0xFF, 0xFF, 0xFF, 0xFF, 0xFF, 0xFF, 0xFF, 0xFF, 0xFF, 0xFF, 0xFF, 0xFF, 0xFF,
  0xFF, 0xFF, 0xFF, 0xFF, 0xFF, 0xFF, 0xFF, 0xFF, 0xFF, 0xFF, 0xFF, 0xFF, 0xFF, 0xFF, 0xFF, 0xFF, 0xFF, 0xFF, 0xFF, 0xFF, 0xFF, 0xFF, 0xFF, 0xFF,
  0xFF, 0xFF, 0xFF, 0xFF, 0xFF, 0xFF, 0xFF, 0xFF, 0xFF, 0xFF, 0xFF, 0xFF, 0xFF, 0xFF, 0xFF, 0xFF, 0xFF, 0xFF, 0xFF, 0xFF, 0xFF, 0xFF, 0xFF, 0xFF,
  0xFF, 0xFF, 0xFF, 0xFF, 0xFF, 0xFF, 0xFF, 0xFF, 0xFF, 0xFF, 0xFF, 0xFF, 0xFF, 0xFF, 0xFF, 0xFF, 0xFF, 0xFF, 0xFF, 0xFF, 0xFF, 0xFF, 0xFF, 0xFF,
  0xFF, 0xFF, 0xFF, 0xFF, 0xFF, 0xFF, 0xFF, 0xFF, 0xFF, 0xFF, 0xFF, 0xFF, 0xFF, 0xFF, 0xFF, 0xFF, 0xFF, 0xFF, 0xFF, 0xFF, 0xFF, 0xFF, 0xFF, 0xFF,
  0xFF, 0xFF, 0xFF, 0xFF, 0xFF, 0xFF, 0xFF, 0xFF, 0xFF, 0xFF, 0xFF, 0xFF, 0xFF, 0xFF, 0xFF, 0xFF, 0xFF, 0xFF, 0xFF, 0xFF, 0xFF, 0xFF, 0xFF, 0xFF,
  0xFF, 0xFF, 0xFF, 0xFF, 0xFF, 0xFF, 0xFF, 0xFF, 0xFF, 0xFF, 0xFF, 0xFF, 0xFF, 0xFF, 0xFF, 0xFF, 0xFF, 0xFF, 0xFF, 0xFF, 0xFF, 0xFF, 0xFF, 0xFF,
  0xFF, 0xFF, 0xFF, 0xFF, 0xFF, 0xFF, 0xFF, 0xFF, 0xFF, 0xFF, 0xFF, 0xFF, 0xFF, 0xFF, 0xFF, 0xFF, 0xFF, 0xFF, 0xFF, 0xFF, 0xFF, 0xFF, 0xFF, 0xFF,
  0xFF, 0xFF, 0xFF, 0xFF, 0xFF, 0xFF, 0xFF, 0xFF, 0xFF, 0xFF, 0xFF, 0xFF, 0xFF, 0xFF, 0xFF, 0xFF, 0xFF, 0xFF, 0xFF, 0xFF, 0xFF, 0xFF, 0xFF, 0xFF,
  0xFF, 0xFF, 0xFF, 0xFF, 0xFF, 0xFF, 0xFF, 0xFF, 0xFF, 0xFF, 0xFF, 0xFF, 0xFF, 0xFF, 0xFF, 0xFF, 0xFF, 0xFF, 0xFF, 0xFF, 0xFF, 0xFF, 0xFF, 0xFF,
  0xFF, 0xFF, 0xFF, 0xFF, 0xFF, 0xFF, 0xFF, 0xFF, 0xFF, 0xFF, 0xFF, 0xFF, 0xFF, 0xFF, 0xFF, 0xFF, 0xFF, 0xFF, 0xFF, 0xFF, 0xFF, 0xFF, 0xFF, 0xFF,
  0xFF, 0xFF, 0xFF, 0xFF, 0xFF, 0xFF, 0xFF, 0xFF, 0xFF, 0xFF, 0xFF, 0xFF, 0xFF, 0xFF, 0xFF, 0xFF, 0xFF, 0xFF, 0xFF, 0xFF, 0xFF, 0xFF, 0xFF, 0xFF,
  0xFF, 0xFF, 0xFF, 0xFF, 0xFF, 0xFF, 0xFF, 0xFF, 0xFF, 0xFF, 0xFF, 0xFF, 0xFF, 0xFF, 0xFF, 0xFF, 0xFF, 0xFF, 0xFF, 0xFF, 0xFF, 0xFF, 0xFF, 0xFF,
  0xFF, 0xFF, 0xFF, 0xFF, 0xFF, 0xFF, 0xFF, 0xFF, 0xFF, 0xFF, 0xFF, 0xFF, 0xFF, 0xFF, 0xFF, 0xFF, 0xFF, 0xFF, 0xFF, 0xFF, 0xFF, 0xFF, 0xFF, 0xFF,
  0xFF, 0xFF, 0xFF, 0xFF, 0xFF, 0xFF, 0xFF, 0xFF, 0xFF, 0xFF, 0xFF, 0xFF, 0xFF, 0xFF, 0xFF, 0xFF, 0xFF, 0xFF, 0xFF, 0xFF, 0xFF, 0xFF, 0xFF, 0xFF,
  0xFF, 0xFF, 0xFF, 0xFF, 0xFF, 0xFF, 0xFF, 0xFF, 0xFF, 0xFF, 0xFF, 0xFF, 0xFF, 0xFF, 0xFF, 0xFF, 0xFF, 0xFF, 0xFF, 0xFF, 0xFF, 0xFF, 0xFF, 0xFF,
  0xFF, 0xFF, 0xFF, 0xFF, 0xFF, 0xFF, 0xFF, 0xFF, 0xFF, 0xFF, 0xFF, 0xFF, 0xFF, 0xFF, 0xFF, 0xFF, 0xFF, 0xFF, 0xFF, 0xFF, 0xFF, 0xFF, 0xFF, 0xFF,
  0xFF, 0xFF, 0xFF, 0xFF, 0xFF, 0xFF, 0xFF, 0xFF, 0xFF, 0xFF, 0xFF, 0xFF, 0xFF, 0xFF, 0xFF, 0xFF, 0xFF, 0xFF, 0xFF, 0xFF, 0xFF, 0xFF, 0xFF, 0xFF,
  0xFF, 0xFF, 0xFF, 0xFF, 0xFF, 0xFF, 0xFF, 0xFF, 0xFF, 0xFF, 0xFF, 0xFF, 0xFF, 0xFF, 0xFF, 0xFF, 0xFF, 0xFF, 0xFF, 0xFF, 0xFF, 0xFF, 0xFF, 0xFF,
  0xFF, 0xFF, 0xFF, 0xFF, 0xFF, 0xFF, 0xFF, 0xFF, 0xFF, 0xFF, 0xFF, 0xFF, 0xFF, 0xFF, 0xFF, 0xFF, 0xFF, 0xFF, 0xFF, 0xFF, 0xFF, 0xFF, 0xFF, 0xFF,
  0xFF, 0xFF, 0xFF, 0xFF, 0xFF, 0xFF, 0xFF, 0xFF, 0xFF, 0xFF, 0xFF, 0xFF, 0xFF, 0xFF, 0xFF, 0xFF, 0xFF, 0xFF, 0xFF, 0xFF, 0xFF, 0xFF, 0xFF, 0xFF,
  0xFF, 0xFF, 0xFF, 0xFF, 0xFF, 0xFF, 0xFF, 0xFF, 0xFF, 0xFF, 0xFF, 0xFF, 0xFF, 0xFF, 0xFF, 0xFF, 0xFF, 0xFF, 0xFF, 0xFF, 0xFF, 0xFF, 0xFF, 0xFF,
  0xFF, 0xFF, 0xFF, 0xFF, 0xFF, 0xFF, 0xFF, 0xFF, 0xFF, 0xFF, 0xFF, 0xFF, 0xFF, 0xFF, 0xFF, 0xFF, 0xFF, 0xFF, 0xFF, 0xFF, 0xFF, 0xFF, 0xFF, 0xFF,
  0xFF, 0xFF, 0xFF, 0xFF, 0xFF, 0xFF, 0xFF, 0xFF, 0xFF, 0xFF, 0xFF, 0xFF, 0xFF, 0xFF, 0xFF, 0xFF, 0xFF, 0xFF, 0xFF, 0xFF, 0xFF, 0xFF, 0xFF, 0xFF,
  0xFF, 0xFF, 0xFF, 0xFF, 0xFF, 0xFF, 0xFF, 0xFF, 0xFF, 0xFF, 0xFF, 0xFF, 0xFF, 0xFF, 0xFF, 0xFF, 0xFF, 0xFF, 0xFF, 0xFF, 0xFF, 0xFF, 0xFF, 0xFF,
  0xFF, 0xFF, 0xFF, 0xFF, 0xFF, 0xFF, 0xFF, 0xFF, 0xFF, 0xFF, 0xFF, 0xFF, 0xFF, 0xFF, 0xFF, 0xFF, 0xFF, 0xFF, 0xFF, 0xFF, 0xFF, 0xFF, 0xFF, 0xFF,
  0xFF, 0xFF, 0xFF, 0xFF, 0xFF, 0xFF, 0xFF, 0xFF, 0xFF, 0xFF, 0xFF, 0xFF, 0xFF, 0xFF, 0xFF, 0xFF, 0xFF, 0xFF, 0xFF, 0xFF, 0xFF, 0xFF, 0xFF, 0xFF,
  0xFF, 0xFF, 0xFF, 0xFF, 0xFF, 0xFF, 0xFF, 0xFF, 0xFF, 0xFF, 0xFF, 0xFF, 0xFF, 0xFF, 0xFF, 0xFF, 0xFF, 0xFF, 0xFF, 0xFF, 0xFF, 0xFF, 0xFF, 0xFF,
  0xFF, 0xFF, 0xFF, 0xFF, 0xFF, 0xFF, 0xFF, 0xFF, 0xFF, 0xFF, 0xFF, 0xFF, 0xFF, 0xFF, 0xFF, 0xFF, 0xFF, 0xFF, 0xFF, 0xFF, 0xFF, 0xFF, 0xFF, 0xFF,
  0xFF, 0xFF, 0xFF, 0xFF, 0xFF, 0xFF, 0xFF, 0xFF, 0xFF, 0xFF, 0xFF, 0xFF, 0xFF, 0xFF, 0xFF, 0xFF, 0xFF, 0xFF, 0xFF, 0xFF, 0xFF, 0xFF, 0xFF, 0xFF,
  0xFF, 0xFF, 0xFF, 0xFF, 0xFF, 0xFF, 0xFF, 0xFF, 0xFF, 0xFF, 0xFF, 0xFF, 0xFF, 0xFF, 0xFF, 0xFF, 0xFF, 0xFF, 0xFF, 0xFF, 0xFF, 0xFF, 0xFF, 0xFF,
  0xFF, 0xFF, 0xFF, 0xFF, 0xFF, 0xFF, 0xFF, 0xFF, 0xFF, 0xFF, 0xFF, 0xFF, 0xFF, 0xFF, 0xFF, 0xFF, 0xFF, 0xFF, 0xFF, 0xFF, 0xFF, 0xFF, 0xFF, 0xFF,
  0xFF, 0xFF, 0xFF, 0xFF, 0xFF, 0xFF, 0xFF, 0xFF, 0xFF, 0xFF, 0xFF, 0xFF, 0xFF, 0xFF, 0xFF, 0xFF, 0xFF, 0xFF, 0xFF, 0xFF, 0xFF, 0xFF, 0xFF, 0xFF,
  0xFF, 0xFF, 0xFF, 0xFF, 0xFF, 0xFF, 0xFF, 0xFF, 0xFF, 0xFF, 0xFF, 0xFF, 0xFF, 0xFF, 0xFF, 0xFF, 0xFF, 0xFF, 0xFF, 0xFF, 0xFF, 0xFF, 0xFF, 0xFF,
  0xFF, 0xFF, 0xFF, 0xFF, 0xFF, 0xFF, 0xFF, 0xFF, 0xFF, 0xFF, 0xFF, 0xFF, 0xFF, 0xFF, 0xFF, 0xFF, 0xFF, 0xFF, 0xFF, 0xFF, 0xFF, 0xFF, 0xFF, 0xFF,
  0xFF, 0xFF, 0xFF, 0xFF, 0xFF, 0xFF, 0xFF, 0xFF, 0xFF, 0xFF, 0xFF, 0xFF, 0xFF, 0xFF, 0xFF, 0xFF, 0xFF, 0xFF, 0xFF, 0xFF, 0xFF, 0xFF, 0xFF, 0xFF,
  0xFF, 0xFF, 0xFF, 0xFF, 0xFF, 0xFF, 0xFF, 0xFF, 0xFF, 0xFF, 0xFF, 0xFF, 0xFF, 0xFF, 0xFF, 0xFF, 0xFF, 0xFF, 0xFF, 0xFF, 0xFF, 0xFF, 0xFF, 0xFF,
  0xFF, 0xFF, 0xFF, 0xFF, 0xFF, 0xFF, 0xFF, 0xFF, 0xFF, 0xFF, 0xFF, 0xFF, 0xFF, 0xFF, 0xFF, 0xFF, 0xFF, 0xFF, 0xFF, 0xFF, 0xFF, 0xFF, 0xFF, 0xFF,
  0xFF, 0xFF, 0xFF, 0xFF, 0xFF, 0xFF, 0xFF, 0xFF, 0xFF, 0xFF, 0xFF, 0xFF, 0xFF, 0xFF, 0xFF, 0xFF, 0xFF, 0xFF, 0xFF, 0xFF, 0xFF, 0xFF, 0xFF, 0xFF,
  0xFF, 0xFF, 0xFF, 0xFF, 0xFF, 0xFF, 0xFF, 0xFF, 0xFF, 0xFF, 0xFF, 0xFF, 0xFF, 0xFF, 0xFF, 0xFF, 0xFF, 0xFF, 0xFF, 0xFF, 0xFF, 0xFF, 0xFF, 0xFF,
  0xFF, 0xFF, 0xFF, 0xFF, 0xFF, 0xFF, 0xFF, 0xFF, 0xFF, 0xFF, 0xFF, 0xFF, 0xFF, 0xFF, 0xFF, 0xFF, 0xFF, 0xFF, 0xFF, 0xFF, 0xFF, 0xFF, 0xFF, 0xFF,
  0xFF, 0xFF, 0xFF, 0xFF, 0xFF, 0xFF, 0xFF, 0xFF, 0xFF, 0xFF, 0xFF, 0xFF, 0xFF, 0xFF, 0xFF, 0xFF, 0xFF, 0xFF, 0xFF, 0xFF, 0xFF, 0xFF, 0xFF, 0xFF,
  0xFF, 0xFF, 0xFF, 0xFF, 0xFF, 0xFF, 0xFF, 0xFF, 0xFF, 0xFF, 0xFF, 0xFF, 0xFF, 0xFF, 0xFF, 0xFF, 0xFF, 0xFF, 0xFF, 0xFF, 0xFF, 0xFF, 0xFF, 0xFF,
  0xFF, 0xFF, 0xFF, 0xFF, 0xFF, 0xFF, 0xFF, 0xFF, 0xFF, 0xFF, 0xFF, 0xFF, 0xFF, 0xFF, 0xFF, 0xFF, 0xFF, 0xFF, 0xFF, 0xFF, 0xFF, 0xFF, 0xFF, 0xFF,
  0xFF, 0xFF, 0xFF, 0xFF, 0xFF, 0xFF, 0xFF, 0xFF, 0xFF, 0xFF, 0xFF, 0xFF, 0xFF, 0xFF, 0xFF, 0xFF, 0xFF, 0xFF, 0xFF, 0xFF, 0xFF, 0xFF, 0xFF, 0xFF,
  0xFF, 0xFF, 0xFF, 0xFF, 0xFF, 0xFF, 0xFF, 0xFF, 0xFF, 0xFF, 0xFF, 0xFF, 0xFF, 0xFF, 0xFF, 0xFF, 0xFF, 0xFF, 0xFF, 0xFF, 0xFF, 0xFF, 0xFF, 0xFF,
  0xFF, 0xFF, 0xFF, 0xFF, 0xFF, 0xFF, 0xFF, 0xFF, 0xFF, 0xFF, 0xFF, 0xFF, 0xFF, 0xFF, 0xFF, 0xFF, 0xFF, 0xFF, 0xFF, 0xFF, 0xFF, 0xFF, 0xFF, 0xFF,
  0xFF, 0xFF, 0xFF, 0xFF, 0xFF, 0xFF, 0xFF, 0xFF, 0xFF, 0xFF, 0xFF, 0xFF, 0xFF, 0xFF, 0xFF, 0xFF, 0xFF, 0xFF, 0xFF, 0xFF, 0xFF, 0xFF, 0xFF, 0xFF,
  0xFF, 0xFF, 0xFF, 0xFF, 0xFF, 0xFF, 0xFF, 0xFF, 0xFF, 0xFF, 0xFF, 0xFF, 0xFF, 0xFF, 0xFF, 0xFF, 0xFF, 0xFF, 0xFF, 0xFF, 0xFF, 0xFF, 0xFF, 0xFF,
  0xFF, 0xFF, 0xFF, 0xFF, 0xFF, 0xFF, 0xFF, 0xFF, 0xFF, 0xFF, 0xFF, 0xFF, 0xFF, 0xFF, 0xFF, 0xFF, 0xFF, 0xFF, 0xFF, 0xFF, 0xFF, 0xFF, 0xFF, 0xFF,
  0xFF, 0xFF, 0xFF, 0xFF, 0xFF, 0xFF, 0xFF, 0xFF, 0xFF, 0xFF, 0xFF, 0xFF, 0xFF, 0xFF, 0xFF, 0xFF, 0xFF, 0xFF, 0xFF, 0xFF, 0xFF, 0xFF, 0xFF, 0xFF,
  0xFF, 0xFF, 0xFF, 0xFF, 0xFF, 0xFF, 0xFF, 0xFF, 0xFF, 0xFF, 0xFF, 0xFF, 0xFF, 0xFF, 0xFF, 0xFF, 0xFF, 0xFF, 0xFF, 0xFF, 0xFF, 0xFB, 0xDE, 0xF7,
  0xBD, 0xEF, 0x7B, 0xDE, 0xF7, 0xBD, 0xEF, 0x7B, 0xDE, 0xF7, 0xBD, 0xEF, 0x7B, 0xDE, 0xF7, 0xBF, 0xFF, 0xFF, 0xFF, 0xFF, 0xFF, 0xFF, 0xFF, 0xFF,
  0xFF, 0xFF, 0xFF, 0xFF, 0xFF, 0xFF, 0xFF, 0xFF, 0xFF, 0xFF, 0xFF, 0xFF, 0xFF, 0xFF, 0xFF, 0xFF, 0xFF, 0xFF, 0xFF, 0xFF, 0xFF, 0xFF, 0xFF, 0xFF,
  0xFF, 0xFF, 0xFF, 0xFF, 0xFF, 0xFF, 0xFF, 0xFF, 0xFF, 0xFF, 0xFF, 0xFF, 0xFF, 0xFF, 0xFF, 0xFF, 0xFF, 0xFF, 0xFF, 0xFF, 0xFF, 0xFF, 0xFF, 0xFF,
  0xFF, 0xFF, 0xFF, 0xFF, 0xFF, 0xFF, 0xFF, 0xFF, 0xFF, 0xFF, 0xFF, 0xFF, 0xFF, 0xFF, 0xFF, 0xFF, 0xFF, 0xFF, 0xFF, 0xFF, 0xFF, 0xFF, 0xFF, 0xFF,
  0xFF, 0xFF, 0xFF, 0xFF, 0xFF, 0xFF, 0xFF, 0xFF, 0xFF, 0xFF, 0xFF, 0xFF, 0xFF, 0xFF, 0xFF, 0xFF, 0xFF, 0xFF, 0xFF, 0xFF, 0xFF, 0xFF, 0xFF, 0xFF,
  0xFF, 0xFF, 0xFF, 0xFF, 0xFF, 0xFF, 0xFF, 0xFF, 0xFF, 0xFF, 0xFF, 0xFF, 0xFF, 0xFF, 0xFF, 0xFF, 0xFF, 0xFF, 0xFF, 0xFF, 0xFF, 0xFF, 0xFF, 0xFF,
  0xFF, 0xFF, 0xFF, 0xFF, 0xFF, 0xFF, 0xFF, 0xFF, 0xFF, 0xFF, 0xFF, 0xFF, 0xFF, 0xFF, 0xFF, 0xFF, 0xFF, 0xFF, 0xFF, 0xFF, 0xFF, 0xFF, 0xFF, 0xFF,
  0xFF, 0xFF, 0xFF, 0xFF, 0xFF, 0xFF, 0xFF, 0xFF, 0xFF, 0xFF, 0xFF, 0xFF, 0xFF, 0xFF, 0xFF, 0xFF, 0xFF, 0xFF, 0xFF, 0xFF, 0xFF, 0xFF, 0xFF, 0xFF,
  0xFF, 0xFF, 0xFF, 0xFF, 0xFF, 0xFF, 0xFF, 0xFF, 0xFF, 0xFF, 0xFF, 0xFF, 0xFF, 0xFF, 0xFF, 0xFF, 0xFF, 0xFF, 0xFF, 0xFF, 0xFF, 0xFF, 0xFF, 0xFF,
  0xFF, 0xFF, 0xFF, 0xFF, 0xFF, 0xFF, 0xFF, 0xFF, 0xFF, 0xFF, 0xFF, 0xFF, 0xFF, 0xFF, 0xFF, 0xFF, 0xFF, 0xFF, 0xFF, 0xFF, 0xFF, 0xFF, 0xFF, 0xFF,
  0xFF, 0xFF, 0xFF, 0xFF, 0xFF, 0xFF, 0xFF, 0xFF, 0xFF, 0xFF, 0xFF, 0xFF, 0xFF, 0xFF, 0xFF, 0xFF, 0xFF, 0xFF, 0xFF, 0xFF, 0xFF, 0xFF, 0xFF, 0xFF,
  0xFF, 0xFF, 0xFF, 0xFF, 0xFF, 0xFF, 0xFF, 0xFF, 0xFF, 0xFF, 0xFF, 0xFF, 0xFF, 0xFF, 0xFF, 0xFF, 0xFF, 0xFF, 0xFF, 0xFF, 0xFF, 0xFF, 0xFF, 0xFF,
  0xFF, 0xFF, 0xFD, 0xEF, 0x7B, 0xDE, 0xF7, 0xBD, 0xEF, 0x7B, 0xDE, 0xF7, 0xBD, 0xEF, 0x7B, 0xDE, 0xF7, 0xBD, 0xEF, 0x7B, 0xDE, 0xF7, 0xBD, 0xEF,
  0x7B, 0xDE, 0xF7, 0xBD, 0xEF, 0x7B, 0xDE, 0xF7, 0xBD, 0xEF, 0x7F, 0xFF, 0xFF, 0xFF, 0xFF, 0xFF, 0xFF, 0xFF, 0xFF, 0xFF, 0xFF, 0xFF, 0xFF, 0xFF,
  0xFF, 0xFF, 0xFF, 0xFF, 0xFF, 0xFF, 0xFF, 0xFF, 0xFF, 0xFF, 0xFF, 0xFF, 0xFF, 0xFF, 0xFF, 0xFF, 0xFF, 0xFF, 0xFF, 0xFF, 0xFF, 0xFF, 0xFF, 0xFF,
  0xFF, 0xFF, 0xFF, 0xFF, 0xFF, 0xFF, 0xFF, 0xFF, 0xFF, 0xFF, 0xFF, 0xFF, 0xFF, 0xFF, 0xFF, 0xFF, 0xFF, 0xFF, 0xFF, 0xFF, 0xFF, 0xFF, 0xFF, 0xFF,
  0xFF, 0xFF, 0xFF, 0xFF, 0xFF, 0xFF, 0xFF, 0xFF, 0xFF, 0xFF, 0xFF, 0xFF, 0xFF, 0xFF, 0xFF, 0xFF, 0xFF, 0xFF, 0xFF, 0xFF, 0xFF, 0xFF, 0xFF, 0xFF,
  0xFF, 0xFF, 0xFF, 0xFF, 0xFF, 0xFF, 0xFF, 0xFF, 0xFF, 0xFF, 0xFF, 0xFF, 0xFF, 0xFF, 0xFF, 0xFF, 0xFF, 0xFF, 0xFF, 0xFF, 0xFF, 0xFF, 0xFF, 0xFF,
  0xFF, 0xFF, 0xFF, 0xFF, 0xFF, 0xFF, 0xFF, 0xFF, 0xFF, 0xFF, 0xFF, 0xFF, 0xFF, 0xFF, 0xFF, 0xFF, 0xFF, 0xFF, 0xFF, 0xFF, 0xFF, 0xFF, 0xFF, 0xFF,
  0xFF, 0xFF, 0xFF, 0xFF, 0xFF, 0xFF, 0xFF, 0xFF, 0xFF, 0xFF, 0xFF, 0xFF, 0xFF, 0xFF, 0xFF, 0xFF, 0xFF, 0xFF, 0xFF, 0xFF, 0xFF, 0xFF, 0xFF, 0xFF,
  0xFF, 0xFF, 0xFF, 0xFF, 0xFF, 0xFF, 0xFF, 0xFF, 0xFF, 0xFF, 0xFF, 0xFF, 0xFF, 0xFF, 0xFF, 0xFF, 0xFF, 0xFF, 0xFF, 0xFF, 0xFF, 0xFF, 0xFF, 0xFF,
  0xFF, 0xFF, 0xFF, 0xFF, 0xFF, 0xFF, 0xFF, 0xFF, 0xFF, 0xFF, 0xFF, 0xFF, 0xFF, 0xFF, 0xFF, 0xFF, 0xFF, 0xFF, 0xFF, 0xFF, 0xFF, 0xFF, 0xFF, 0xFF,
  0xFF, 0xFF, 0xFF, 0xFF, 0xFF, 0xFF, 0xFF, 0xFF, 0xFF, 0xFF, 0xFF, 0xFF, 0xFF, 0xFF, 0xFF, 0xFF, 0xFF, 0xFF, 0xFF, 0xFF, 0xFF, 0xFF, 0xFF, 0xFF,
  0xFF, 0xFF, 0xFF, 0xFF, 0xFF, 0xFF, 0xFF, 0xFF, 0xFF, 0xFF, 0xFF, 0xFF, 0xFF, 0xFF, 0xFF, 0xFF, 0xFF, 0xFF, 0xFF, 0xFF, 0xFF, 0xFF, 0xFF, 0xFF,
  0xFF, 0xFF, 0xFF, 0xFF, 0xFF, 0xFF, 0xFF, 0xFF, 0xFF, 0xFF, 0xEF, 0x7B, 0xDE, 0xF7, 0xBD, 0xEF, 0x7B, 0xDE, 0xF7, 0xBD, 0xEF, 0x39, 0xCE, 0x73,
  0x9C, 0xE7, 0x39, 0xCE, 0x73, 0x9C, 0xE7, 0x39, 0xCE, 0x73, 0x9C, 0xE7, 0x79, 0xCE, 0x73, 0x9C, 0xEF, 0x7B, 0xDE, 0xF7, 0xBD, 0xEF, 0x7B, 0xDE,
  0xF7, 0xBD, 0xEF, 0xFF, 0xFF, 0xFF, 0xFF, 0xFF, 0xFF, 0xFF, 0xFF, 0xFF, 0xFF, 0xFF, 0xFF, 0xFF, 0xFF, 0xFF, 0xFF, 0xFF, 0xFF, 0xFF, 0xFF, 0xFF,
  0xFF, 0xFF, 0xFF, 0xFF, 0xFF, 0xFF, 0xFF, 0xFF, 0xFF, 0xFF, 0xFF, 0xFF, 0xFF, 0xFF, 0xFF, 0xFF, 0xFF, 0xFF, 0xFF, 0xFF, 0xFF, 0xFF, 0xFF, 0xFF,
  0xFF, 0xFF, 0xFF, 0xFF, 0xFF, 0xFF, 0xFF, 0xFF, 0xFF, 0xFF, 0xFF, 0xFF, 0xFF, 0xFF, 0xFF, 0xFF, 0xFF, 0xFF, 0xFF, 0xFF, 0xFF, 0xFF, 0xFF, 0xFF,
  0xFF, 0xFF, 0xFF, 0xFF, 0xFF, 0xFF, 0xFF, 0xFF, 0xFF, 0xFF, 0xFF, 0xFF, 0xFF, 0xFF, 0xFF, 0xFF, 0xFF, 0xFF, 0xFF, 0xFF, 0xFF, 0xFF, 0xFF, 0xFF,
  0xFF, 0xFF, 0xFF, 0xFF, 0xFF, 0xFF, 0xFF, 0xFF, 0xFF, 0xFF, 0xFF, 0xFF, 0xFF, 0xFF, 0xFF, 0xFF, 0xFF, 0xFF, 0xFF, 0xFF, 0xFF, 0xFF, 0xFF, 0xFF,
  0xFF, 0xFF, 0xFF, 0xFF, 0xFF, 0xFF, 0xFF, 0xFF, 0xFF, 0xFF, 0xFF, 0xFF, 0xFF, 0xFF, 0xFF, 0xFF, 0xFF, 0xFF, 0xFF, 0xFF, 0xFF, 0xFF, 0xFF, 0xFF,
  0xFF, 0xFF, 0xFF, 0xFF, 0xFF, 0xFF, 0xFF, 0xFF, 0xFF, 0xFF, 0xFF, 0xFF, 0xFF, 0xFF, 0xFF, 0xFF, 0xFF, 0xFF, 0xFF, 0xFF, 0xFF, 0xFF, 0xFF, 0xFF,
  0xFF, 0xFF, 0xFF, 0xFF, 0xFF, 0xFF, 0xFF, 0xFF, 0xFF, 0xFF, 0xFF, 0xFF, 0xFF, 0xFF, 0xFF, 0xFF, 0xFF, 0xFF, 0xFF, 0xFF, 0xFF, 0xFF, 0xFF, 0xFF,
  0xFF, 0xFF, 0xFF, 0xFF, 0xFF, 0xFF, 0xFF, 0xFF, 0xFF, 0xFF, 0xFF, 0xFF, 0xFF, 0xFF, 0xFF, 0xFF, 0xFF, 0xFF, 0xFF, 0xFF, 0xFF, 0xFF, 0xFF, 0xFF,
  0xFF, 0xFF, 0xFF, 0xFF, 0xFF, 0xFF, 0xFF, 0xFF, 0xFF, 0xFF, 0xFF, 0xFF, 0xFF, 0xFF, 0xFF, 0xFF, 0xFF, 0xFF, 0xFF, 0xFF, 0xFF, 0xFF, 0xFF, 0xFF,
  0xFF, 0xFF, 0xFF, 0xFF, 0xFF, 0xFF, 0xFF, 0xFF, 0xFF, 0xFF, 0xFF, 0xFF, 0xFF, 0xFF, 0xFF, 0xFF, 0xFF, 0xFF, 0xFB, 0xDE, 0xF7, 0xBD, 0xEF, 0x7B,
  0xDE, 0xF7, 0xBC, 0xE7, 0x39, 0xCE, 0x73, 0x9C, 0xE7, 0x39, 0xCE, 0x73, 0x9C, 0xE7, 0x39, 0xCE, 0x73, 0x9C, 0xE7, 0x39, 0xCE, 0x73, 0x9C, 0xEF,
  0x79, 0xCE, 0x73, 0x9C, 0xE7, 0x39, 0xCE, 0xF7, 0xBC, 0xE7, 0x3B, 0xDE, 0xF7, 0xBD, 0xEF, 0x7B, 0xDE, 0xF7, 0xBF, 0xFF, 0xFF, 0xFF, 0xFF, 0xFF,
  0xFF, 0xFF, 0xFF, 0xFF, 0xFF, 0xFF, 0xFF, 0xFF, 0xFF, 0xFF, 0xFF, 0xFF, 0xFF, 0xFF, 0xFF, 0xFF, 0xFF, 0xFF, 0xFF, 0xFF, 0xFF, 0xFF, 0xFF, 0xFF,
  0xFF, 0xFF, 0xFF, 0xFF, 0xFF, 0xFF, 0xFF, 0xFF, 0xFF, 0xFF, 0xFF, 0xFF, 0xFF, 0xFF, 0xFF, 0xFF, 0xFF, 0xFF, 0xFF, 0xFF, 0xFF, 0xFF, 0xFF, 0xFF,
  0xFF, 0xFF, 0xFF, 0xFF, 0xFF, 0xFF, 0xFF, 0xFF, 0xFF, 0xFF, 0xFF, 0xFF, 0xFF, 0xFF, 0xFF, 0xFF, 0xFF, 0xFF, 0xFF, 0xFF, 0xFF, 0xFF, 0xFF, 0xFF,
  0xFF, 0xFF, 0xFF, 0xFF, 0xFF, 0xFF, 0xFF, 0xFF, 0xFF, 0xFF, 0xFF, 0xFF, 0xFF, 0xFF, 0xFF, 0xFF, 0xFF, 0xFF, 0xFF, 0xFF, 0xFF, 0xFF, 0xFF, 0xFF,
  0xFF, 0xFF, 0xFF, 0xFF, 0xFF, 0xFF, 0xFF, 0xFF, 0xFF, 0xFF, 0xFF, 0xFF, 0xFF, 0xFF, 0xFF, 0xFF, 0xFF, 0xFF, 0xFF, 0xFF, 0xFF, 0xFF, 0xFF, 0xFF,
  0xFF, 0xFF, 0xFF, 0xFF, 0xFF, 0xFF, 0xFF, 0xFF, 0xFF, 0xFF, 0xFF, 0xFF, 0xFF, 0xFF, 0xFF, 0xFF, 0xFF, 0xFF, 0xFF, 0xFF, 0xFF, 0xFF, 0xFF, 0xFF,
  0xFF, 0xFF, 0xFF, 0xFF, 0xFF, 0xFF, 0xFF, 0xFF, 0xFF, 0xFF, 0xFF, 0xFF, 0xFF, 0xFF, 0xFF, 0xFF, 0xFF, 0xFF, 0xFF, 0xFF, 0xFF, 0xFF, 0xFF, 0xFF,
  0xFF, 0xFF, 0xFF, 0xFF, 0xFF, 0xFF, 0xFF, 0xFF, 0xFF, 0xFF, 0xFF, 0xFF, 0xFF, 0xFF, 0xFF, 0xFF, 0xFF, 0xFF, 0xFF, 0xFF, 0xFF, 0xFF, 0xFF, 0xFF,
  0xFF, 0xFF, 0xFF, 0xFF, 0xFF, 0xFF, 0xFF, 0xFF, 0xFF, 0xFF, 0xFF, 0xFF, 0xFF, 0xFF, 0xFF, 0xFF, 0xFF, 0xFF, 0xFF, 0xFF, 0xFF, 0xFF, 0xFF, 0xFF,
  0xFF, 0xFF, 0xFF, 0xFF, 0xFF, 0xFF, 0xFF, 0xFF, 0xFF, 0xFF, 0xFF, 0xFF, 0xFF, 0xFF, 0xFF, 0xFF, 0xFF, 0xFF, 0xFF, 0xFF, 0xFF, 0xFF, 0xFF, 0xFF,
  0xFF, 0xFF, 0xFE, 0xF7, 0xBD, 0xEF, 0x7B, 0xDE, 0xF7, 0xBC, 0xE7, 0x39, 0xCE, 0x73, 0x9C, 0xE7, 0x39, 0xCE, 0x73, 0x9C, 0xE7, 0x39, 0xCE, 0x73,
  0x9C, 0xE7, 0x39, 0xCE, 0x73, 0x9C, 0xE7, 0x39, 0xCE, 0x73, 0x9C, 0xEF, 0x79, 0xCE, 0x73, 0x9C, 0xE7, 0x79, 0xCE, 0x73, 0x9C, 0xE7, 0x3B, 0xCE,
  0x73, 0x9D, 0xE7, 0x3B, 0xDE, 0xF7, 0xBD, 0xEF, 0x7B, 0xDE, 0xFF, 0xFF, 0xFF, 0xFF, 0xFF, 0xFF, 0xFF, 0xFF, 0xFF, 0xFF, 0xFF, 0xFF, 0xFF, 0xFF,
  0xFF, 0xFF, 0xFF, 0xFF, 0xFF, 0xFF, 0xFF, 0xFF, 0xFF, 0xFF, 0xFF, 0xFF, 0xFF, 0xFF, 0xFF, 0xFF, 0xFF, 0xFF, 0xFF, 0xFF, 0xFF, 0xFF, 0xFF, 0xFF,
  0xFF, 0xFF, 0xFF, 0xFF, 0xFF, 0xFF, 0xFF, 0xFF, 0xFF, 0xFF, 0xFF, 0xFF, 0xFF, 0xFF, 0xFF, 0xFF, 0xFF, 0xFF, 0xFF, 0xFF, 0xFF, 0xFF, 0xFF, 0xFF,
  0xFF, 0xFF, 0xFF, 0xFF, 0xFF, 0xFF, 0xFF, 0xFF, 0xFF, 0xFF, 0xFF, 0xFF, 0xFF, 0xFF, 0xFF, 0xFF, 0xFF, 0xFF, 0xFF, 0xFF, 0xFF, 0xFF, 0xFF, 0xFF,
  0xFF, 0xFF, 0xFF, 0xFF, 0xFF, 0xFF, 0xFF, 0xFF, 0xFF, 0xFF, 0xFF, 0xFF, 0xFF, 0xFF, 0xFF, 0xFF, 0xFF, 0xFF, 0xFF, 0xFF, 0xFF, 0xFF, 0xFF, 0xFF,
  0xFF, 0xFF, 0xFF, 0xFF, 0xFF, 0xFF, 0xFF, 0xFF, 0xFF, 0xFF, 0xFF, 0xFF, 0xFF, 0xFF, 0xFF, 0xFF, 0xFF, 0xFF, 0xFF, 0xFF, 0xFF, 0xFF, 0xFF, 0xFF,
  0xFF, 0xFF, 0xFF, 0xFF, 0xFF, 0xFF, 0xFF, 0xFF, 0xFF, 0xFF, 0xFF, 0xFF, 0xFF, 0xFF, 0xFF, 0xFF, 0xFF, 0xFF, 0xFF, 0xFF, 0xFF, 0xFF, 0xFF, 0xFF,
  0xFF, 0xFF, 0xFF, 0xFF, 0xFF, 0xFF, 0xFF, 0xFF, 0xFF, 0xFF, 0xFF, 0xFF, 0xFF, 0xFF, 0xFF, 0xFF, 0xFF, 0xFF, 0xFF, 0xFF, 0xFF, 0xFF, 0xFF, 0xFF,
  0xFF, 0xFF, 0xFF, 0xFF, 0xFF, 0xFF, 0xFF, 0xFF, 0xFF, 0xFF, 0xFF, 0xFF, 0xFF, 0xFF, 0xFF, 0xFF, 0xFF, 0xFF, 0xFF, 0xFF, 0xFF, 0xFF, 0xFF, 0xFF,
  0xFF, 0xFF, 0xFF, 0xFF, 0xFF, 0xFF, 0xFF, 0xFF, 0xFF, 0xFF, 0xFF, 0xFF, 0xFF, 0xFF, 0xFF, 0xFF, 0xFF, 0xFF, 0xFF, 0xFF, 0xFF, 0xFF, 0xFF, 0xFF,
  0xFF, 0xFF, 0xFF, 0xFF, 0xFF, 0xFF, 0xFF, 0xFF, 0xFF, 0xFF, 0xFF, 0xFF, 0xEF, 0x7B, 0xDE, 0xF7, 0xBD, 0xEF, 0x79, 0xCE, 0x73, 0x9C, 0xE7, 0x39,
  0xCE, 0x73, 0x9C, 0xE7, 0x39, 0xCE, 0x73, 0x9C, 0xE7, 0x39, 0xCE, 0x73, 0x9C, 0xE7, 0x3D, 0xEF, 0x7B, 0x9C, 0xE7, 0x39, 0xCE, 0x73, 0x9C, 0xE7,
  0x39, 0xCE, 0x73, 0x9C, 0xE7, 0x39, 0xCE, 0x73, 0x9C, 0xE7, 0x3D, 0xCF, 0x77, 0x9C, 0xE7, 0x39, 0xCE, 0x73, 0x9D, 0xEF, 0x7B, 0xDE, 0xF7, 0xBD,
  0xEF, 0xFF, 0xFF, 0xFF, 0xFF, 0xFF, 0xFF, 0xFF, 0xFF, 0xFF, 0xFF, 0xFF, 0xFF, 0xFF, 0xFF, 0xFF, 0xFF, 0xFF, 0xFF, 0xFF, 0xFF, 0xFF, 0xFF, 0xFF,
  0xFF, 0xFF, 0xFF, 0xFF, 0xFF, 0xFF, 0xFF, 0xFF, 0xFF, 0xFF, 0xFF, 0xFF, 0xFF, 0xFF, 0xFF, 0xFF, 0xFF, 0xFF, 0xFF, 0xFF, 0xFF, 0xFF, 0xFF, 0xFF,
  0xFF, 0xFF, 0xFF, 0xFF, 0xFF, 0xFF, 0xFF, 0xFF, 0xFF, 0xFF, 0xFF, 0xFF, 0xFF, 0xFF, 0xFF, 0xFF, 0xFF, 0xFF, 0xFF, 0xFF, 0xFF, 0xFF, 0xFF, 0xFF,
  0xFF, 0xFF, 0xFF, 0xFF, 0xFF, 0xFF, 0xFF, 0xFF, 0xFF, 0xFF, 0xFF, 0xFF, 0xFF, 0xFF, 0xFF, 0xFF, 0xFF, 0xFF, 0xFF, 0xFF, 0xFF, 0xFF, 0xFF, 0xFF,
  0xFF, 0xFF, 0xFF, 0xFF, 0xFF, 0xFF, 0xFF, 0xFF, 0xFF, 0xFF, 0xFF, 0xFF, 0xFF, 0xFF, 0xFF, 0xFF, 0xFF, 0xFF, 0xFF, 0xFF, 0xFF, 0xFF, 0xFF, 0xFF,
  0xFF, 0xFF, 0xFF, 0xFF, 0xFF, 0xFF, 0xFF, 0xFF, 0xFF, 0xFF, 0xFF, 0xFF, 0xFF, 0xFF, 0xFF, 0xFF, 0xFF, 0xFF, 0xFF, 0xFF, 0xFF, 0xFF, 0xFF, 0xFF,
  0xFF, 0xFF, 0xFF, 0xFF, 0xFF, 0xFF, 0xFF, 0xFF, 0xFF, 0xFF, 0xFF, 0xFF, 0xFF, 0xFF, 0xFF, 0xFF, 0xFF, 0xFF, 0xFF, 0xFF, 0xFF, 0xFF, 0xFF, 0xFF,
  0xFF, 0xFF, 0xFF, 0xFF, 0xFF, 0xFF, 0xFF, 0xFF, 0xFF, 0xFF, 0xFF, 0xFF, 0xFF, 0xFF, 0xFF, 0xFF, 0xFF, 0xFF, 0xFF, 0xFF, 0xFF, 0xFF, 0xFF, 0xFF,
  0xFF, 0xFF, 0xFF, 0xFF, 0xFF, 0xFF, 0xFF, 0xFF, 0xFF, 0xFF, 0xFF, 0xFF, 0xFF, 0xFF, 0xFF, 0xFF, 0xFF, 0xFF, 0xFF, 0xFF, 0xFF, 0xFF, 0xFF, 0xFF,
  0xFF, 0xFF, 0xFF, 0xFF, 0xFF, 0xFF, 0xFF, 0xFF, 0xFF, 0xFF, 0xFF, 0xFF, 0xFF, 0xFF, 0xFF, 0xFF, 0xFF, 0xFF, 0xFF, 0xFF, 0xFF, 0xFE, 0xF7, 0xBD,
  0xEF, 0x7B, 0xDE, 0xF3, 0x9D, 0xE7, 0x39, 0xCE, 0x73, 0x9C, 0xE7, 0x39, 0xCE, 0x73, 0x9C, 0xE7, 0x39, 0xCE, 0x73, 0x9C, 0xE7, 0x39, 0xCE, 0x73,
  0x9C, 0xE7, 0x3D, 0xCE, 0x77, 0xDC, 0xE7, 0x39, 0xCE, 0x73, 0x9C, 0xEF, 0x39, 0xCF, 0x7B, 0x9C, 0xE7, 0x39, 0xCE, 0x73, 0x9C, 0xE7, 0x3D, 0xCE,
  0x73, 0x9C, 0xE7, 0x79, 0xCE, 0x73, 0x9C, 0xE7, 0x3B, 0xDE, 0xF7, 0xBD, 0xEF, 0x7D, 0xEF, 0x7F, 0xFF, 0xFF, 0xFF, 0xFF, 0xFF, 0xFF, 0xFF, 0xFF,
  0xFF, 0xFF, 0xFF, 0xFF, 0xFF, 0xFF, 0xFF, 0xFF, 0xFF, 0xFF, 0xFF, 0xFF, 0xFF, 0xFF, 0xFF, 0xFF, 0xFF, 0xFF, 0xFF, 0xFF, 0xFF, 0xFF, 0xFF, 0xFF,
  0xFF, 0xFF, 0xFF, 0xFF, 0xFF, 0xFF, 0xFF, 0xFF, 0xFF, 0xFF, 0xFF, 0xFF, 0xFF, 0xFF, 0xFF, 0xFF, 0xFF, 0xFF, 0xFF, 0xFF, 0xFF, 0xFF, 0xFF, 0xFF,
  0xFF, 0xFF, 0xFF, 0xFF, 0xFF, 0xFF, 0xFF, 0xFF, 0xFF, 0xFF, 0xFF, 0xFF, 0xFF, 0xFF, 0xFF, 0xFF, 0xFF, 0xFF, 0xFF, 0xFF, 0xFF, 0xFF, 0xFF, 0xFF,
  0xFF, 0xFF, 0xFF, 0xFF, 0xFF, 0xFF, 0xFF, 0xFF, 0xFF, 0xFF, 0xFF, 0xFF, 0xFF, 0xFF, 0xFF, 0xFF, 0xFF, 0xFF, 0xFF, 0xFF, 0xFF, 0xFF, 0xFF, 0xFF,
  0xFF, 0xFF, 0xFF, 0xFF, 0xFF, 0xFF, 0xFF, 0xFF, 0xFF, 0xFF, 0xFF, 0xFF, 0xFF, 0xFF, 0xFF, 0xFF, 0xFF, 0xFF, 0xFF, 0xFF, 0xFF, 0xFF, 0xFF, 0xFF,
  0xFF, 0xFF, 0xFF, 0xFF, 0xFF, 0xFF, 0xFF, 0xFF, 0xFF, 0xFF, 0xFF, 0xFF, 0xFF, 0xFF, 0xFF, 0xFF, 0xFF, 0xFF, 0xFF, 0xFF, 0xFF, 0xFF, 0xFF, 0xFF,
  0xFF, 0xFF, 0xFF, 0xFF, 0xFF, 0xFF, 0xFF, 0xFF, 0xFF, 0xFF, 0xFF, 0xFF, 0xFF, 0xFF, 0xFF, 0xFF, 0xFF, 0xFF, 0xFF, 0xFF, 0xFF, 0xFF, 0xFF, 0xFF,
  0xFF, 0xFF, 0xFF, 0xFF, 0xFF, 0xFF, 0xFF, 0xFF, 0xFF, 0xFF, 0xFF, 0xFF, 0xFF, 0xFF, 0xFF, 0xFF, 0xFF, 0xFF, 0xFF, 0xFF, 0xFF, 0xFF, 0xFF, 0xFF,
  0xFF, 0xFF, 0xFF, 0xFF, 0xFF, 0xFF, 0xFF, 0xFF, 0xFF, 0xFF, 0xFF, 0xFF, 0xFF, 0xFF, 0xFF, 0xFF, 0xFF, 0xFF, 0xFF, 0xFF, 0xFF, 0xFF, 0xFF, 0xFF,
  0xFF, 0xFF, 0xFF, 0xFF, 0xFF, 0xFF, 0xFF, 0xEF, 0x7B, 0xDE, 0xF7, 0xBD, 0xE7, 0x3B, 0xCE, 0x73, 0x9C, 0xE7, 0x39, 0xCE, 0x73, 0x9C, 0xE7, 0x39,
  0xCE, 0x73, 0x9C, 0xE7, 0x39, 0xCE, 0x73, 0x9C, 0xE7, 0x39, 0xCD, 0xEF, 0x7B, 0xDE, 0xFD, 0xCD, 0xEF, 0xFB, 0xEF, 0xBD, 0xEE, 0xEF, 0xDE, 0xF7,
  0xBD, 0xBF, 0x7B, 0xDC, 0xF7, 0xBD, 0xEE, 0x77, 0xDE, 0xF7, 0x3D, 0xCF, 0x77, 0x9E, 0xF7, 0xBD, 0xCF, 0x7B, 0xDE, 0xE7, 0x39, 0xDE, 0xF3, 0x9C,
  0xE7, 0x7B, 0xEF, 0x7B, 0xBD, 0xEF, 0xFF, 0xFF, 0xFF, 0xFF, 0xFF, 0xFF, 0xFF, 0xFF, 0xFF, 0xFF, 0xFF, 0xFF, 0xFF, 0xFF, 0xFF, 0xFF, 0xFF, 0xFF,
  0xFF, 0xFF, 0xFF, 0xFF, 0xFF, 0xFF, 0xFF, 0xFF, 0xFF, 0xFF, 0xFF, 0xFF, 0xFF, 0xFF, 0xFF, 0xFF, 0xFF, 0xFF, 0xFF, 0xFF, 0xFF, 0xFF, 0xFF, 0xFF,
  0xFF, 0xFF, 0xFF, 0xFF, 0xFF, 0xFF, 0xFF, 0xFF, 0xFF, 0xFF, 0xFF, 0xFF, 0xFF, 0xFF, 0xFF, 0xFF, 0xFF, 0xFF, 0xFF, 0xFF, 0xFF, 0xFF, 0xFF, 0xFF,
  0xFF, 0xFF, 0xFF, 0xFF, 0xFF, 0xFF, 0xFF, 0xFF, 0xFF, 0xFF, 0xFF, 0xFF, 0xFF, 0xFF, 0xFF, 0xFF, 0xFF, 0xFF, 0xFF, 0xFF, 0xFF, 0xFF, 0xFF, 0xFF,
  0xFF, 0xFF, 0xFF, 0xFF, 0xFF, 0xFF, 0xFF, 0xFF, 0xFF, 0xFF, 0xFF, 0xFF, 0xFF, 0xFF, 0xFF, 0xFF, 0xFF, 0xFF, 0xFF, 0xFF, 0xFF, 0xFF, 0xFF, 0xFF,
  0xFF, 0xFF, 0xFF, 0xFF, 0xFF, 0xFF, 0xFF, 0xFF, 0xFF, 0xFF, 0xFF, 0xFF, 0xFF, 0xFF, 0xFF, 0xFF, 0xFF, 0xFF, 0xFF, 0xFF, 0xFF, 0xFF, 0xFF, 0xFF,
  0xFF, 0xFF, 0xFF, 0xFF, 0xFF, 0xFF, 0xFF, 0xFF, 0xFF, 0xFF, 0xFF, 0xFF, 0xFF, 0xFF, 0xFF, 0xFF, 0xFF, 0xFF, 0xFF, 0xFF, 0xFF, 0xFF, 0xFF, 0xFF,
  0xFF, 0xFF, 0xFF, 0xFF, 0xFF, 0xFF, 0xFF, 0xFF, 0xFF, 0xFF, 0xFF, 0xFF, 0xFF, 0xFF, 0xFF, 0xFF, 0xFF, 0xFF, 0xFF, 0xFF, 0xFF, 0xFF, 0xFF, 0xFF,
  0xFF, 0xFF, 0xFF, 0xFF, 0xFF, 0xFF, 0xFF, 0xFF, 0xFF, 0xFF, 0xFF, 0xFF, 0xFF, 0xFF, 0xFF, 0xFF, 0xFF, 0xFF, 0xFF, 0xFF, 0xFF, 0xFF, 0xFF, 0xFF,
  0xFF, 0xFF, 0xFF, 0xFF, 0xFF, 0xFF, 0xFF, 0xFF, 0xFF, 0xFF, 0xFF, 0xFF, 0xFF, 0xFF, 0xFF, 0xFF, 0xFE, 0xF7, 0xBD, 0xEF, 0x7B, 0xDE, 0xF7, 0xBD,
  0xEF, 0x39, 0xCE, 0x73, 0x9C, 0xE7, 0x39, 0xCE, 0x73, 0x9C, 0xE7, 0x39, 0xCE, 0x73, 0x9C, 0xDE, 0xF7, 0xBD, 0xEF, 0x7B, 0xDE, 0xF7, 0xBD, 0xEF,
  0x7B, 0xDE, 0xFD, 0xEF, 0x7B, 0xDB, 0xFE, 0xF7, 0xBF, 0x6F, 0xDD, 0xDE, 0xFD, 0xBF, 0x7B, 0x7B, 0xDE, 0xF7, 0xFD, 0xF7, 0xDB, 0xDF, 0x3D, 0xCF,
  0x77, 0x9E, 0xE7, 0x3D, 0xCF, 0x7B, 0x9C, 0xE7, 0x39, 0xDE, 0x73, 0x9C, 0xE7, 0x39, 0xEF, 0x7B, 0xBD, 0xEF, 0x7B, 0xEF, 0x7F, 0xFF, 0xFF, 0xFF,
  0xFF, 0xFF, 0xFF, 0xFF, 0xFF, 0xFF, 0xFF, 0xFF, 0xFF, 0xFF, 0xFF, 0xFF, 0xFF, 0xFF, 0xFF, 0xFF, 0xFF, 0xFF, 0xFF, 0xFF, 0xFF, 0xFF, 0xFF, 0xFF,
  0xFF, 0xFF, 0xFF, 0xFF, 0xFF, 0xFF, 0xFF, 0xFF, 0xFF, 0xFF, 0xFF, 0xFF, 0xFF, 0xFF, 0xFF, 0xFF, 0xFF, 0xFF, 0xFF, 0xFF, 0xFF, 0xFF, 0xFF, 0xFF,
  0xFF, 0xFF, 0xFF, 0xFF, 0xFF, 0xFF, 0xFF, 0xFF, 0xFF, 0xFF, 0xFF, 0xFF, 0xFF, 0xFF, 0xFF, 0xFF, 0xFF, 0xFF, 0xFF, 0xFF, 0xFF, 0xFF, 0xFF, 0xFF,
  0xFF, 0xFF, 0xFF, 0xFF, 0xFF, 0xFF, 0xFF, 0xFF, 0xFF, 0xFF, 0xFF, 0xFF, 0xFF, 0xFF, 0xFF, 0xFF, 0xFF, 0xFF, 0xFF, 0xFF, 0xFF, 0xFF, 0xFF, 0xFF,
  0xFF, 0xFF, 0xFF, 0xFF, 0xFF, 0xFF, 0xFF, 0xFF, 0xFF, 0xFF, 0xFF, 0xFF, 0xFF, 0xFF, 0xFF, 0xFF, 0xFF, 0xFF, 0xFF, 0xFF, 0xFF, 0xFF, 0xFF, 0xFF,
  0xFF, 0xFF, 0xFF, 0xFF, 0xFF, 0xFF, 0xFF, 0xFF, 0xFF, 0xFF, 0xFF, 0xFF, 0xFF, 0xFF, 0xFF, 0xFF, 0xFF, 0xFF, 0xFF, 0xFF, 0xFF, 0xFF, 0xFF, 0xFF,
  0xFF, 0xFF, 0xFF, 0xFF, 0xFF, 0xFF, 0xFF, 0xFF, 0xFF, 0xFF, 0xFF, 0xFF, 0xFF, 0xFF, 0xFF, 0xFF, 0xFF, 0xFF, 0xFF, 0xFF, 0xFF, 0xFF, 0xFF, 0xFF,
  0xFF, 0xFF, 0xFF, 0xFF, 0xFF, 0xFF, 0xFF, 0xFF, 0xFF, 0xFF, 0xFF, 0xFF, 0xFF, 0xFF, 0xFF, 0xFF, 0xFF, 0xFF, 0xFF, 0xFF, 0xFF, 0xFF, 0xFF, 0xFF,
  0xFF, 0xFF, 0xFF, 0xFF, 0xFF, 0xFF, 0xFF, 0xFF, 0xFF, 0xFF, 0xFF, 0xFF, 0xFF, 0xFF, 0xFF, 0xFF, 0xFF, 0xFF, 0xFF, 0xFF, 0xFF, 0xFF, 0xFF, 0xFF,
  0xFF, 0xFF, 0xFF, 0x7B, 0xDE, 0xF7, 0xBD, 0xE7, 0x3B, 0xDE, 0xF7, 0xBD, 0xE7, 0x39, 0xCE, 0x73, 0x9C, 0xE7, 0x39, 0xCE, 0x73, 0x9C, 0xE6, 0xF7,
  0xBD, 0xEF, 0x7B, 0xDE, 0xF7, 0xBD, 0xEF, 0x7B, 0xDE, 0xF7, 0xBD, 0xEF, 0x7B, 0xDE, 0xFD, 0xEF, 0x6F, 0x7B, 0xFE, 0xF7, 0xBF, 0xEF, 0xDD, 0xDE,
  0xFD, 0xBF, 0x7B, 0x7B, 0xF7, 0xBD, 0xFD, 0xF7, 0xDB, 0xDE, 0xFD, 0xBF, 0x77, 0xBF, 0xF7, 0xBD, 0xCF, 0x7B, 0x9C, 0xE7, 0x39, 0xCE, 0x73, 0x9C,
  0xE7, 0x39, 0xCE, 0xFB, 0xBD, 0xEF, 0xBD, 0xDE, 0xF7, 0xBD, 0xFF, 0xFF, 0xFF, 0xFF, 0xFF, 0xFF, 0xFF, 0xFF, 0xFF, 0xFF, 0xFF, 0xFF, 0xFF, 0xFF,
  0xFF, 0xFF, 0xFF, 0xFF, 0xFF, 0xFF, 0xFF, 0xFF, 0xFF, 0xFF, 0xFF, 0xFF, 0xFF, 0xFF, 0xFF, 0xFF, 0xFF, 0xFF, 0xFF, 0xFF, 0xFF, 0xFF, 0xFF, 0xFF,
  0xFF, 0xFF, 0xFF, 0xFF, 0xFF, 0xFF, 0xFF, 0xFF, 0xFF, 0xFF, 0xFF, 0xFF, 0xFF, 0xFF, 0xFF, 0xFF, 0xFF, 0xFF, 0xFF, 0xFF, 0xFF, 0xFF, 0xFF, 0xFF,
  0xFF, 0xFF, 0xFF, 0xFF, 0xFF, 0xFF, 0xFF, 0xFF, 0xFF, 0xFF, 0xFF, 0xFF, 0xFF, 0xFF, 0xFF, 0xFF, 0xFF, 0xFF, 0xFF, 0xFF, 0xFF, 0xFF, 0xFF, 0xFF,
  0xFF, 0xFF, 0xFF, 0xFF, 0xFF, 0xFF, 0xFF, 0xFF, 0xFF, 0xFF, 0xFF, 0xFF, 0xFF, 0xFF, 0xFF, 0xFF, 0xFF, 0xFF, 0xFF, 0xFF, 0xFF, 0xFF, 0xFF, 0xFF,
  0xFF, 0xFF, 0xFF, 0xFF, 0xFF, 0xFF, 0xFF, 0xFF, 0xFF, 0xFF, 0xFF, 0xFF, 0xFF, 0xFF, 0xFF, 0xFF, 0xFF, 0xFF, 0xFF, 0xFF, 0xFF, 0xFF, 0xFF, 0xFF,
  0xFF, 0xFF, 0xFF, 0xFF, 0xFF, 0xFF, 0xFF, 0xFF, 0xFF, 0xFF, 0xFF, 0xFF, 0xFF, 0xFF, 0xFF, 0xFF, 0xFF, 0xFF, 0xFF, 0xFF, 0xFF, 0xFF, 0xFF, 0xFF,
  0xFF, 0xFF, 0xFF, 0xFF, 0xFF, 0xFF, 0xFF, 0xFF, 0xFF, 0xFF, 0xFF, 0xFF, 0xFF, 0xFF, 0xFF, 0xFF, 0xFF, 0xFF, 0xFF, 0xFF, 0xFF, 0xFF, 0xFF, 0xFF,
  0xFF, 0xFF, 0xFF, 0xFF, 0xFF, 0xFF, 0xFF, 0xFF, 0xFF, 0xFF, 0xFF, 0xFF, 0xFF, 0xFF, 0xFF, 0xFF, 0xFF, 0xFF, 0xFF, 0xFF, 0xFF, 0xFF, 0xFF, 0xFF,
  0xFF, 0xFF, 0xFF, 0xFF, 0xFF, 0xFF, 0xFF, 0xFF, 0xFF, 0xFF, 0xFF, 0xFF, 0xFF, 0xBD, 0xEF, 0x7B, 0xDE, 0x73, 0x9C, 0xE7, 0x7B, 0xDE, 0xF7, 0xBC,
  0xE7, 0x39, 0xCE, 0x73, 0x9C, 0xE7, 0x39, 0xBD, 0xEF, 0x7B, 0xDE, 0xF7, 0xBD, 0xEF, 0x7B, 0xDE, 0xF7, 0xBD, 0xEF, 0x7B, 0xDE, 0xF7, 0xBD, 0xEF,
  0x7B, 0xDE, 0xFD, 0xDD, 0xEF, 0x7B, 0xFE, 0xF7, 0xBF, 0x6F, 0xDB, 0xDE, 0xFF, 0xBF, 0x7B, 0x7C, 0xF6, 0xF7, 0xFD, 0xF7, 0xDB, 0xDE, 0xFD, 0xBF,
  0x77, 0x7E, 0xDE, 0xF7, 0xBF, 0x7B, 0x9C, 0xE7, 0x39, 0xCE, 0x73, 0x9C, 0xE7, 0x39, 0xCE, 0xFB, 0xDE, 0xF7, 0x39, 0xCE, 0x77, 0xBD, 0xEF, 0x7B,
  0xFF, 0xFF, 0xFF, 0xFF, 0xFF, 0xFF, 0xFF, 0xFF, 0xFF, 0xFF, 0xFF, 0xFF, 0xFF, 0xFF, 0xFF, 0xFF, 0xFF, 0xFF, 0xFF, 0xFF, 0xFF, 0xFF, 0xFF, 0xFF,
  0xFF, 0xFF, 0xFF, 0xFF, 0xFF, 0xFF, 0xFF, 0xFF, 0xFF, 0xFF, 0xFF, 0xFF, 0xFF, 0xFF, 0xFF, 0xFF, 0xFF, 0xFF, 0xFF, 0xFF, 0xFF, 0xFF, 0xFF, 0xFF,
  0xFF, 0xFF, 0xFF, 0xFF, 0xFF, 0xFF, 0xFF, 0xFF, 0xFF, 0xFF, 0xFF, 0xFF, 0xFF, 0xFF, 0xFF, 0xFF, 0xFF, 0xFF, 0xFF, 0xFF, 0xFF, 0xFF, 0xFF, 0xFF,
  0xFF, 0xFF, 0xFF, 0xFF, 0xFF, 0xFF, 0xFF, 0xFF, 0xFF, 0xFF, 0xFF, 0xFF, 0xFF, 0xFF, 0xFF, 0xFF, 0xFF, 0xFF, 0xFF, 0xFF, 0xFF, 0xFF, 0xFF, 0xFF,
  0xFF, 0xFF, 0xFF, 0xFF, 0xFF, 0xFF, 0xFF, 0xFF, 0xFF, 0xFF, 0xFF, 0xFF, 0xFF, 0xFF, 0xFF, 0xFF, 0xFF, 0xFF, 0xFF, 0xFF, 0xFF, 0xFF, 0xFF, 0xFF,
  0xFF, 0xFF, 0xFF, 0xFF, 0xFF, 0xFF, 0xFF, 0xFF, 0xFF, 0xFF, 0xFF, 0xFF, 0xFF, 0xFF, 0xFF, 0xFF, 0xFF, 0xFF, 0xFF, 0xFF, 0xFF, 0xFF, 0xFF, 0xFF,
  0xFF, 0xFF, 0xFF, 0xFF, 0xFF, 0xFF, 0xFF, 0xFF, 0xFF, 0xFF, 0xFF, 0xFF, 0xFF, 0xFF, 0xFF, 0xFF, 0xFF, 0xFF, 0xFF, 0xFF, 0xFF, 0xFF, 0xFF, 0xFF,
  0xFF, 0xFF, 0xFF, 0xFF, 0xFF, 0xFF, 0xFF, 0xFF, 0xFF, 0xFF, 0xFF, 0xFF, 0xFF, 0xFF, 0xFF, 0xFF, 0xFF, 0xFF, 0xFF, 0xFF, 0xFF, 0xFF, 0xFF, 0xFF,
  0xFF, 0xFF, 0xFF, 0xFF, 0xFF, 0xFF, 0xFF, 0xFF, 0xFF, 0xFF, 0xFF, 0xFF, 0xFF, 0xFF, 0xFF, 0xFF, 0xFF, 0xFF, 0xFF, 0xFF, 0xFF, 0xFF, 0xFF, 0xDE,
  0xF7, 0xBD, 0xEF, 0x39, 0xCE, 0x73, 0x9C, 0xE7, 0x39, 0xCE, 0x73, 0x9C, 0xE7, 0x39, 0xCE, 0x73, 0x7B, 0xDE, 0xF7, 0xBD, 0xEF, 0x7B, 0xDE, 0xF7,
  0xBD, 0xEF, 0x7B, 0xDE, 0xF7, 0xBD, 0xEF, 0x7B, 0xDE, 0x73, 0x9C, 0xE7, 0x39, 0xCE, 0x7D, 0xDC, 0xE7, 0x39, 0xEF, 0xBD, 0xEC, 0xE7, 0xD9, 0xCE,
  0x7F, 0x9E, 0xFF, 0xD9, 0xF7, 0xBD, 0xED, 0xF7, 0xDB, 0xDE, 0xFD, 0xBF, 0x77, 0x7E, 0xF7, 0xBD, 0xBF, 0x7B, 0x7B, 0xDE, 0xF7, 0xCE, 0x73, 0x9C,
  0xE7, 0x39, 0xCE, 0x7B, 0xDE, 0xE7, 0x39, 0xCE, 0x73, 0xBD, 0xEF, 0x7B, 0xDE, 0xF7, 0xFF, 0xFF, 0xFF, 0xFF, 0xFF, 0xFF, 0xFF, 0xFF, 0xFF, 0xFF,
  0xFF, 0xFF, 0xFF, 0xFF, 0xFF, 0xFF, 0xFF, 0xFF, 0xFF, 0xFF, 0xFF, 0xFF, 0xFF, 0xFF, 0xFF, 0xFF, 0xFF, 0xFF, 0xFF, 0xFF, 0xFF, 0xFF, 0xFF, 0xFF,
  0xFF, 0xFF, 0xFF, 0xFF, 0xFF, 0xFF, 0xFF, 0xFF, 0xFF, 0xFF, 0xFF, 0xFF, 0xFF, 0xFF, 0xFF, 0xFF, 0xFF, 0xFF, 0xFF, 0xFF, 0xFF, 0xFF, 0xFF, 0xFF,
  0xFF, 0xFF, 0xFF, 0xFF, 0xFF, 0xFF, 0xFF, 0xFF, 0xFF, 0xFF, 0xFF, 0xFF, 0xFF, 0xFF, 0xFF, 0xFF, 0xFF, 0xFF, 0xFF, 0xFF, 0xFF, 0xFF, 0xFF, 0xFF,
  0xFF, 0xFF, 0xFF, 0xFF, 0xFF, 0xFF, 0xFF, 0xFF, 0xFF, 0xFF, 0xFF, 0xFF, 0xFF, 0xFF, 0xFF, 0xFF, 0xFF, 0xFF, 0xFF, 0xFF, 0xFF, 0xFF, 0xFF, 0xFF,
  0xFF, 0xFF, 0xFF, 0xFF, 0xFF, 0xFF, 0xFF, 0xFF, 0xFF, 0xFF, 0xFF, 0xFF, 0xFF, 0xFF, 0xFF, 0xFF, 0xFF, 0xFF, 0xFF, 0xFF, 0xFF, 0xFF, 0xFF, 0xFF,
  0xFF, 0xFF, 0xFF, 0xFF, 0xFF, 0xFF, 0xFF, 0xFF, 0xFF, 0xFF, 0xFF, 0xFF, 0xFF, 0xFF, 0xFF, 0xFF, 0xFF, 0xFF, 0xFF, 0xFF, 0xFF, 0xFF, 0xFF, 0xFF,
  0xFF, 0xFF, 0xFF, 0xFF, 0xFF, 0xFF, 0xFF, 0xFF, 0xFF, 0xFF, 0xFF, 0xFF, 0xFF, 0xFF, 0xFF, 0xFF, 0xFF, 0xFF, 0xFF, 0xFF, 0xFF, 0xFF, 0xFF, 0xFF,
  0xFF, 0xFF, 0xFF, 0xFF, 0xFF, 0xFF, 0xFF, 0xFF, 0xFF, 0xFF, 0xFF, 0xFF, 0xFF, 0xFF, 0xFF, 0xFF, 0xFF, 0xFF, 0xFF, 0xFF, 0xFF, 0xFF, 0xFF, 0xFF,
  0xFF, 0xFF, 0xFF, 0xFF, 0xFF, 0xFF, 0xFF, 0xFF, 0xFF, 0xEF, 0x7B, 0xDE, 0xF7, 0xBD, 0xE7, 0x39, 0xCE, 0x73, 0x9C, 0xE7, 0x39, 0xCE, 0x73, 0x9C,
  0xE6, 0xF7, 0xBD, 0xEF, 0x7B, 0xDE, 0xF7, 0xBD, 0xEF, 0x7B, 0xDE, 0xF7, 0xBD, 0xEF, 0x79, 0xCE, 0x73, 0x9C, 0xE7, 0x39, 0xCE, 0x73, 0x9C, 0xE7,
  0x39, 0xCE, 0x73, 0x9C, 0xE7, 0x39, 0xCE, 0x79, 0x9C, 0xE7, 0x39, 0xCE, 0x73, 0x9C, 0xE7, 0x39, 0xCF, 0x33, 0x9C, 0xE7, 0x39, 0xCE, 0x77, 0xBD,
  0xEF, 0x7B, 0xDF, 0x77, 0xBD, 0xEF, 0x7B, 0xDE, 0xF7, 0xBD, 0xEF, 0x7B, 0xE7, 0x39, 0xDF, 0x7B, 0xBE, 0xEF, 0x39, 0xCE, 0xF3, 0x9C, 0xE7, 0x79,
  0xDE, 0xF7, 0xBD, 0xEF, 0xFF, 0xFF, 0xFF, 0xFF, 0xFF, 0xFF, 0xFF, 0xFF, 0xFF, 0xFF, 0xFF, 0xFF, 0xFF, 0xFF, 0xFF, 0xFF, 0xFF, 0xFF, 0xFF, 0xFF,
  0xFF, 0xFF, 0xFF, 0xFF, 0xFF, 0xFF, 0xFF, 0xFF, 0xFF, 0xFF, 0xFF, 0xFF, 0xFF, 0xFF, 0xFF, 0xFF, 0xFF, 0xFF, 0xFF, 0xFF, 0xFF, 0xFF, 0xFF, 0xFF,
  0xFF, 0xFF, 0xFF, 0xFF, 0xFF, 0xFF, 0xFF, 0xFF, 0xFF, 0xFF, 0xFF, 0xFF, 0xFF, 0xFF, 0xFF, 0xFF, 0xFF, 0xFF, 0xFF, 0xFF, 0xFF, 0xFF, 0xFF, 0xFF,
  0xFF, 0xFF, 0xFF, 0xFF, 0xFF, 0xFF, 0xFF, 0xFF, 0xFF, 0xFF, 0xFF, 0xFF, 0xFF, 0xFF, 0xFF, 0xFF, 0xFF, 0xFF, 0xFF, 0xFF, 0xFF, 0xFF, 0xFF, 0xFF,
  0xFF, 0xFF, 0xFF, 0xFF, 0xFF, 0xFF, 0xFF, 0xFF, 0xFF, 0xFF, 0xFF, 0xFF, 0xFF, 0xFF, 0xFF, 0xFF, 0xFF, 0xFF, 0xFF, 0xFF, 0xFF, 0xFF, 0xFF, 0xFF,
  0xFF, 0xFF, 0xFF, 0xFF, 0xFF, 0xFF, 0xFF, 0xFF, 0xFF, 0xFF, 0xFF, 0xFF, 0xFF, 0xFF, 0xFF, 0xFF, 0xFF, 0xFF, 0xFF, 0xFF, 0xFF, 0xFF, 0xFF, 0xFF,
  0xFF, 0xFF, 0xFF, 0xFF, 0xFF, 0xFF, 0xFF, 0xFF, 0xFF, 0xFF, 0xFF, 0xFF, 0xFF, 0xFF, 0xFF, 0xFF, 0xFF, 0xFF, 0xFF, 0xFF, 0xFF, 0xFF, 0xFF, 0xFF,
  0xFF, 0xFF, 0xFF, 0xFF, 0xFF, 0xFF, 0xFF, 0xFF, 0xFF, 0xFF, 0xFF, 0xFF, 0xFF, 0xFF, 0xFF, 0xFF, 0xFF, 0xFF, 0xFF, 0xFF, 0xFF, 0xFF, 0xFF, 0xFF,
  0xFF, 0xFF, 0xFF, 0xFF, 0xFF, 0xFF, 0xFF, 0xFF, 0xFF, 0xFF, 0xFF, 0xFF, 0xFF, 0xFF, 0xFF, 0xFF, 0xFF, 0xFF, 0xFF, 0xF7, 0xBD, 0xEF, 0x7B, 0xCE,
  0x77, 0xBD, 0xE7, 0x39, 0xCE, 0x73, 0x9C, 0xE7, 0x39, 0xCE, 0x73, 0x9B, 0xE7, 0x37, 0xBD, 0xEF, 0x7B, 0xDE, 0xF7, 0xBD, 0xEF, 0x7B, 0xCE, 0x73,
  0x9C, 0xE7, 0x39, 0xCE, 0x73, 0x9C, 0xE7, 0x39, 0xCE, 0x73, 0x9C, 0xE7, 0x39, 0xCE, 0x73, 0x9C, 0xE7, 0x39, 0xCE, 0x73, 0x9C, 0xE7, 0x39, 0xCE,
  0x79, 0x9C, 0xE7, 0x39, 0xCE, 0x73, 0x9C, 0xE7, 0x39, 0xCE, 0x73, 0x9C, 0xE7, 0x39, 0xCE, 0xF7, 0xBD, 0xEF, 0x7B, 0xDE, 0xF7, 0xBE, 0x73, 0x7B,
  0xDE, 0xFB, 0xEE, 0x73, 0xDE, 0xF7, 0x79, 0xCE, 0x73, 0x9C, 0xE7, 0x39, 0xCE, 0x73, 0xBD, 0xEF, 0x7B, 0xDF, 0xFF, 0xFF, 0xFF, 0xFF, 0xFF, 0xFF,
  0xFF, 0xFF, 0xFF, 0xFF, 0xFF, 0xFF, 0xFF, 0xFF, 0xFF, 0xFF, 0xFF, 0xFF, 0xFF, 0xFF, 0xFF, 0xFF, 0xFF, 0xFF, 0xFF, 0xFF, 0xFF, 0xFF, 0xFF, 0xFF,
  0xFF, 0xFF, 0xFF, 0xFF, 0xFF, 0xFF, 0xFF, 0xFF, 0xFF, 0xFF, 0xFF, 0xFF, 0xFF, 0xFF, 0xFF, 0xFF, 0xFF, 0xFF, 0xFF, 0xFF, 0xFF, 0xFF, 0xFF, 0xFF,
  0xFF, 0xFF, 0xFF, 0xFF, 0xFF, 0xFF, 0xFF, 0xFF, 0xFF, 0xFF, 0xFF, 0xFF, 0xFF, 0xFF, 0xFF, 0xFF, 0xFF, 0xFF, 0xFF, 0xFF, 0xFF, 0xFF, 0xFF, 0xFF,
  0xFF, 0xFF, 0xFF, 0xFF, 0xFF, 0xFF, 0xFF, 0xFF, 0xFF, 0xFF, 0xFF, 0xFF, 0xFF, 0xFF, 0xFF, 0xFF, 0xFF, 0xFF, 0xFF, 0xFF, 0xFF, 0xFF, 0xFF, 0xFF,
  0xFF, 0xFF, 0xFF, 0xFF, 0xFF, 0xFF, 0xFF, 0xFF, 0xFF, 0xFF, 0xFF, 0xFF, 0xFF, 0xFF, 0xFF, 0xFF, 0xFF, 0xFF, 0xFF, 0xFF, 0xFF, 0xFF, 0xFF, 0xFF,
  0xFF, 0xFF, 0xFF, 0xFF, 0xFF, 0xFF, 0xFF, 0xFF, 0xFF, 0xFF, 0xFF, 0xFF, 0xFF, 0xFF, 0xFF, 0xFF, 0xFF, 0xFF, 0xFF, 0xFF, 0xFF, 0xFF, 0xFF, 0xFF,
  0xFF, 0xFF, 0xFF, 0xFF, 0xFF, 0xFF, 0xFF, 0xFF, 0xFF, 0xFF, 0xFF, 0xFF, 0xFF, 0xFF, 0xFF, 0xFF, 0xFF, 0xFF, 0xFF, 0xFF, 0xFF, 0xFF, 0xFF, 0xFF,
  0xFF, 0xFF, 0xFF, 0xFF, 0xFF, 0xFF, 0xFF, 0xFF, 0xFF, 0xFF, 0xFF, 0xFF, 0xFF, 0xFF, 0xFF, 0xFF, 0xFF, 0xFF, 0xFF, 0xFF, 0xFF, 0xFF, 0xFF, 0xFF,
  0xFF, 0xFF, 0xFF, 0xFF, 0xFF, 0xFB, 0xDE, 0xF7, 0xBD, 0xE7, 0x39, 0xCE, 0x77, 0xBC, 0xE7, 0x39, 0xCE, 0x73, 0x9C, 0xE6, 0xF7, 0xBD, 0xEF, 0x7B,
  0xDF, 0x39, 0xBD, 0xEF, 0x7B, 0xDE, 0xF3, 0x9C, 0xE7, 0x39, 0xCE, 0x73, 0x9C, 0xE7, 0x39, 0xCE, 0x73, 0x9C, 0xE7, 0x39, 0xCE, 0x73, 0x9C, 0xE7,
  0x39, 0xCE, 0x73, 0x9C, 0xE7, 0x39, 0xCE, 0x73, 0x9C, 0xE7, 0x39, 0xCF, 0xB3, 0x9C, 0xE7, 0x39, 0xCE, 0x7B, 0xCC, 0xE7, 0x39, 0xCE, 0x73, 0x9C,
  0xE7, 0x39, 0xCF, 0x33, 0x9C, 0xE7, 0x3B, 0xDE, 0xF7, 0xBE, 0x6F, 0x7B, 0xF7, 0xBB, 0xBD, 0xEF, 0xDE, 0xF7, 0xB9, 0xCE, 0x73, 0x9C, 0xE7, 0x39,
  0xCE, 0x73, 0x9C, 0xE7, 0x7B, 0xDE, 0xF7, 0xBF, 0xFF, 0xFF, 0xFF, 0xFF, 0xFF, 0xFF, 0xFF, 0xFF, 0xFF, 0xFF, 0xFF, 0xFF, 0xFF, 0xFF, 0xFF, 0xFF,
  0xFF, 0xFF, 0xFF, 0xFF, 0xFF, 0xFF, 0xFF, 0xFF, 0xFF, 0xFF, 0xFF, 0xFF, 0xFF, 0xFF, 0xFF, 0xFF, 0xFF, 0xFF, 0xFF, 0xFF, 0xFF, 0xFF, 0xFF, 0xFF,
  0xFF, 0xFF, 0xFF, 0xFF, 0xFF, 0xFF, 0xFF, 0xFF, 0xFF, 0xFF, 0xFF, 0xFF, 0xFF, 0xFF, 0xFF, 0xFF, 0xFF, 0xFF, 0xFF, 0xFF, 0xFF, 0xFF, 0xFF, 0xFF,
  0xFF, 0xFF, 0xFF, 0xFF, 0xFF, 0xFF, 0xFF, 0xFF, 0xFF, 0xFF, 0xFF, 0xFF, 0xFF, 0xFF, 0xFF, 0xFF, 0xFF, 0xFF, 0xFF, 0xFF, 0xFF, 0xFF, 0xFF, 0xFF,
  0xFF, 0xFF, 0xFF, 0xFF, 0xFF, 0xFF, 0xFF, 0xFF, 0xFF, 0xFF, 0xFF, 0xFF, 0xFF, 0xFF, 0xFF, 0xFF, 0xFF, 0xFF, 0xFF, 0xFF, 0xFF, 0xFF, 0xFF, 0xFF,
  0xFF, 0xFF, 0xFF, 0xFF, 0xFF, 0xFF, 0xFF, 0xFF, 0xFF, 0xFF, 0xFF, 0xFF, 0xFF, 0xFF, 0xFF, 0xFF, 0xFF, 0xFF, 0xFF, 0xFF, 0xFF, 0xFF, 0xFF, 0xFF,
  0xFF, 0xFF, 0xFF, 0xFF, 0xFF, 0xFF, 0xFF, 0xFF, 0xFF, 0xFF, 0xFF, 0xFF, 0xFF, 0xFF, 0xFF, 0xFF, 0xFF, 0xFF, 0xFF, 0xFF, 0xFF, 0xFF, 0xFF, 0xFF,
  0xFF, 0xFF, 0xFF, 0xFF, 0xFF, 0xFF, 0xFF, 0xFF, 0xFF, 0xFF, 0xFF, 0xFF, 0xFF, 0xFF, 0xFF, 0xFF, 0xFF, 0xFF, 0xFF, 0xFF, 0xFF, 0xFF, 0xFF, 0xFF,
  0xFF, 0xFF, 0xFF, 0xFF, 0xFF, 0xFF, 0xFF, 0xFF, 0xFF, 0xFF, 0xFF, 0xFF, 0xFF, 0xFF, 0xFF, 0xFF, 0xEF, 0x7B, 0xDE, 0xF3, 0x9C, 0xE7, 0x39, 0xCE,
  0x73, 0x9C, 0xE7, 0x39, 0xCE, 0x73, 0x7B, 0xDE, 0xF7, 0xBD, 0xEF, 0x7B, 0xDE, 0xF7, 0xBD, 0xE7, 0x39, 0xCE, 0x73, 0x9C, 0xE7, 0x39, 0xCE, 0x73,
  0x9C, 0xE7, 0x39, 0xCE, 0x73, 0x9C, 0xE7, 0x39, 0xCE, 0x73, 0x9C, 0xE7, 0x39, 0xCE, 0x73, 0x8C, 0x63, 0x18, 0xC6, 0x31, 0x8C, 0x63, 0x3B, 0xF6,
  0x73, 0x9C, 0xE7, 0x39, 0xCE, 0x73, 0xEC, 0xE7, 0x3C, 0xCE, 0x73, 0x9C, 0xE7, 0x39, 0xCE, 0x73, 0x9C, 0xE7, 0x39, 0xCE, 0x73, 0xCD, 0xEF, 0xDE,
  0xEE, 0xF7, 0xBD, 0xEF, 0xBE, 0xF7, 0xB7, 0xCE, 0x73, 0x9C, 0xE7, 0x39, 0xCE, 0x73, 0x9C, 0xE7, 0x39, 0xCE, 0xF7, 0xBD, 0xEF, 0xFF, 0xFF, 0xFF,
  0xFF, 0xFF, 0xFF, 0xFF, 0xFF, 0xFF, 0xFF, 0xFF, 0xFF, 0xFF, 0xFF, 0xFF, 0xFF, 0xFF, 0xFF, 0xFF, 0xFF, 0xFF, 0xFF, 0xFF, 0xFF, 0xFF, 0xFF, 0xFF,
  0xFF, 0xFF, 0xFF, 0xFF, 0xFF, 0xFF, 0xFF, 0xFF, 0xFF, 0xFF, 0xFF, 0xFF, 0xFF, 0xFF, 0xFF, 0xFF, 0xFF, 0xFF, 0xFF, 0xFF, 0xFF, 0xFF, 0xFF, 0xFF,
  0xFF, 0xFF, 0xFF, 0xFF, 0xFF, 0xFF, 0xFF, 0xFF, 0xFF, 0xFF, 0xFF, 0xFF, 0xFF, 0xFF, 0xFF, 0xFF, 0xFF, 0xFF, 0xFF, 0xFF, 0xFF, 0xFF, 0xFF, 0xFF,
  0xFF, 0xFF, 0xFF, 0xFF, 0xFF, 0xFF, 0xFF, 0xFF, 0xFF, 0xFF, 0xFF, 0xFF, 0xFF, 0xFF, 0xFF, 0xFF, 0xFF, 0xFF, 0xFF, 0xFF, 0xFF, 0xFF, 0xFF, 0xFF,
  0xFF, 0xFF, 0xFF, 0xFF, 0xFF, 0xFF, 0xFF, 0xFF, 0xFF, 0xFF, 0xFF, 0xFF, 0xFF, 0xFF, 0xFF, 0xFF, 0xFF, 0xFF, 0xFF, 0xFF, 0xFF, 0xFF, 0xFF, 0xFF,
  0xFF, 0xFF, 0xFF, 0xFF, 0xFF, 0xFF, 0xFF, 0xFF, 0xFF, 0xFF, 0xFF, 0xFF, 0xFF, 0xFF, 0xFF, 0xFF, 0xFF, 0xFF, 0xFF, 0xFF, 0xFF, 0xFF, 0xFF, 0xFF,
  0xFF, 0xFF, 0xFF, 0xFF, 0xFF, 0xFF, 0xFF, 0xFF, 0xFF, 0xFF, 0xFF, 0xFF, 0xFF, 0xFF, 0xFF, 0xFF, 0xFF, 0xFF, 0xFF, 0xFF, 0xFF, 0xFF, 0xFF, 0xFF,
  0xFF, 0xFF, 0xFF, 0xFF, 0xFF, 0xFF, 0xFF, 0xFF, 0xFF, 0xFF, 0xFF, 0xFF, 0xFF, 0xFF, 0xFF, 0xFF, 0xFF, 0xFF, 0xFF, 0xFF, 0xFF, 0xFF, 0xFF, 0xFF,
  0xFF, 0xFF, 0xF7, 0xBD, 0xEF, 0x7B, 0xCE, 0x73, 0x9C, 0xE7, 0x39, 0xCE, 0x73, 0x9C, 0xE7, 0x37, 0xBD, 0xEF, 0x7B, 0xDE, 0xF7, 0xBD, 0xEF, 0x7B,
  0xDE, 0x73, 0x9C, 0xE7, 0x39, 0xCE, 0x73, 0x9C, 0xE7, 0x39, 0xCE, 0x73, 0x9C, 0xE7, 0x39, 0xCE, 0x73, 0x9C, 0x63, 0x18, 0xC6, 0x31, 0x8C, 0x63,
  0x18, 0xC6, 0x31, 0x8C, 0x63, 0x18, 0xC6, 0x31, 0x8C, 0x63, 0xBE, 0xC7, 0x31, 0x8C, 0x63, 0x19, 0xCE, 0x31, 0xEC, 0x67, 0x39, 0xCE, 0x73, 0x9C,
  0xE7, 0x39, 0xCE, 0x73, 0x9C, 0xE7, 0x39, 0xCE, 0x73, 0x9C, 0xFB, 0xD9, 0xDE, 0xF7, 0xBE, 0x6F, 0x7E, 0xF7, 0xB7, 0xBD, 0xEF, 0x7C, 0xE7, 0x39,
  0xCE, 0x73, 0x9C, 0xE7, 0x39, 0xCE, 0x73, 0xBD, 0xEF, 0x7B, 0xDF, 0xFF, 0xFF, 0xFF, 0xFF, 0xFF, 0xFF, 0xFF, 0xFF, 0xFF, 0xFF, 0xFF, 0xFF, 0xFF,
  0xFF, 0xFF, 0xFF, 0xFF, 0xFF, 0xFF, 0xFF, 0xFF, 0xFF, 0xFF, 0xFF, 0xFF, 0xFF, 0xFF, 0xFF, 0xFF, 0xFF, 0xFF, 0xFF, 0xFF, 0xFF, 0xFF, 0xFF, 0xFF,
  0xFF, 0xFF, 0xFF, 0xFF, 0xFF, 0xFF, 0xFF, 0xFF, 0xFF, 0xFF, 0xFF, 0xFF, 0xFF, 0xFF, 0xFF, 0xFF, 0xFF, 0xFF, 0xFF, 0xFF, 0xFF, 0xFF, 0xFF, 0xFF,
  0xFF, 0xFF, 0xFF, 0xFF, 0xFF, 0xFF, 0xFF, 0xFF, 0xFF, 0xFF, 0xFF, 0xFF, 0xFF, 0xFF, 0xFF, 0xFF, 0xFF, 0xFF, 0xFF, 0xFF, 0xFF, 0xFF, 0xFF, 0xFF,
  0xFF, 0xFF, 0xFF, 0xFF, 0xFF, 0xFF, 0xFF, 0xFF, 0xFF, 0xFF, 0xFF, 0xFF, 0xFF, 0xFF, 0xFF, 0xFF, 0xFF, 0xFF, 0xFF, 0xFF, 0xFF, 0xFF, 0xFF, 0xFF,
  0xFF, 0xFF, 0xFF, 0xFF, 0xFF, 0xFF, 0xFF, 0xFF, 0xFF, 0xFF, 0xFF, 0xFF, 0xFF, 0xFF, 0xFF, 0xFF, 0xFF, 0xFF, 0xFF, 0xFF, 0xFF, 0xFF, 0xFF, 0xFF,
  0xFF, 0xFF, 0xFF, 0xFF, 0xFF, 0xFF, 0xFF, 0xFF, 0xFF, 0xFF, 0xFF, 0xFF, 0xFF, 0xFF, 0xFF, 0xFF, 0xFF, 0xFF, 0xFF, 0xFF, 0xFF, 0xFF, 0xFF, 0xFF,
  0xFF, 0xFF, 0xFF, 0xFF, 0xFF, 0xFF, 0xFF, 0xFF, 0xFF, 0xFF, 0xFF, 0xFF, 0xFF, 0xFF, 0xFF, 0xFF, 0xFF, 0xFF, 0xFF, 0xFF, 0xFF, 0xFF, 0xFF, 0xFF,
  0xFF, 0xFF, 0xFF, 0xFF, 0xFF, 0xFF, 0xFF, 0xFF, 0xFF, 0xFF, 0xFF, 0xFF, 0xFF, 0xDE, 0xF7, 0xBD, 0xE7, 0x39, 0xCE, 0x73, 0x9C, 0xE7, 0x39, 0xCE,
  0x73, 0x9B, 0xE6, 0xF7, 0xBD, 0xEF, 0x7B, 0xDE, 0xF9, 0xCD, 0xE7, 0x39, 0xCE, 0x73, 0x9C, 0xE7, 0x39, 0xCE, 0x73, 0x9C, 0xE7, 0x39, 0xCE, 0x73,
  0x8C, 0x63, 0x18, 0xC6, 0x31, 0x8C, 0x63, 0x18, 0xC6, 0x31, 0x8C, 0x63, 0x18, 0xC6, 0x31, 0x8C, 0x63, 0x18, 0xC6, 0x31, 0x8E, 0xFB, 0x18, 0xC6,
  0x31, 0x8C, 0x63, 0x39, 0xCE, 0x31, 0xEC, 0x63, 0x19, 0xCE, 0x31, 0x8C, 0x63, 0x39, 0xCE, 0x73, 0x9C, 0xE7, 0x3C, 0xE6, 0x73, 0x9F, 0x7B, 0x39,
  0xCE, 0x73, 0xCD, 0xEF, 0x7E, 0xF7, 0xB7, 0xBD, 0xEF, 0x7B, 0xDE, 0xF9, 0xCE, 0x73, 0x9C, 0xE7, 0x39, 0xCE, 0x73, 0x9D, 0xEF, 0x7B, 0xDE, 0xF7,
  0xFF, 0xFF, 0xFF, 0xFF, 0xFF, 0xFF, 0xFF, 0xFF, 0xFF, 0xFF, 0xFF, 0xFF, 0xFF, 0xFF, 0xFF, 0xFF, 0xFF, 0xFF, 0xFF, 0xFF, 0xFF, 0xFF, 0xFF, 0xFF,
  0xFF, 0xFF, 0xFF, 0xFF, 0xFF, 0xFF, 0xFF, 0xFF, 0xFF, 0xFF, 0xFF, 0xFF, 0xFF, 0xFF, 0xFF, 0xFF, 0xFF, 0xFF, 0xFF, 0xFF, 0xFF, 0xFF, 0xFF, 0xFF,
  0xFF, 0xFF, 0xFF, 0xFF, 0xFF, 0xFF, 0xFF, 0xFF, 0xFF, 0xFF, 0xFF, 0xFF, 0xFF, 0xFF, 0xFF, 0xFF, 0xFF, 0xFF, 0xFF, 0xFF, 0xFF, 0xFF, 0xFF, 0xFF,
  0xFF, 0xFF, 0xFF, 0xFF, 0xFF, 0xFF, 0xFF, 0xFF, 0xFF, 0xFF, 0xFF, 0xFF, 0xFF, 0xFF, 0xFF, 0xFF, 0xFF, 0xFF, 0xFF, 0xFF, 0xFF, 0xFF, 0xFF, 0xFF,
  0xFF, 0xFF, 0xFF, 0xFF, 0xFF, 0xFF, 0xFF, 0xFF, 0xFF, 0xFF, 0xFF, 0xFF, 0xFF, 0xFF, 0xFF, 0xFF, 0xFF, 0xFF, 0xFF, 0xFF, 0xFF, 0xFF, 0xFF, 0xFF,
  0xFF, 0xFF, 0xFF, 0xFF, 0xFF, 0xFF, 0xFF, 0xFF, 0xFF, 0xFF, 0xFF, 0xFF, 0xFF, 0xFF, 0xFF, 0xFF, 0xFF, 0xFF, 0xFF, 0xFF, 0xFF, 0xFF, 0xFF, 0xFF,
  0xFF, 0xFF, 0xFF, 0xFF, 0xFF, 0xFF, 0xFF, 0xFF, 0xFF, 0xFF, 0xFF, 0xFF, 0xFF, 0xFF, 0xFF, 0xFF, 0xFF, 0xFF, 0xFF, 0xFF, 0xFF, 0xFF, 0xFF, 0xFF,
  0xFF, 0xFF, 0xFF, 0xFF, 0xFF, 0xFF, 0xFF, 0xFF, 0xFF, 0xFF, 0xFF, 0xFF, 0xFF, 0xFF, 0xFF, 0xFF, 0xFF, 0xFF, 0xFF, 0xFF, 0xFF, 0xFF, 0xFF, 0xFF,
  0x7B, 0xDE, 0xF7, 0x9C, 0xE7, 0x39, 0xCE, 0x73, 0x9C, 0xE7, 0x39, 0xCD, 0xEF, 0x7B, 0xDF, 0x37, 0xBD, 0xEF, 0x7B, 0xDE, 0x79, 0x9C, 0xE7, 0x39,
  0xCE, 0x73, 0x9C, 0xE7, 0x39, 0xCE, 0x73, 0x9C, 0xE3, 0x18, 0xC6, 0x31, 0x8C, 0x63, 0x18, 0xC6, 0x31, 0x8C, 0x63, 0x18, 0xC6, 0x31, 0x8C, 0x67,
  0xDE, 0xF7, 0xBD, 0xEF, 0x7B, 0xDE, 0xF7, 0xBD, 0xDC, 0x63, 0x18, 0xC6, 0x31, 0x8C, 0x63, 0x19, 0xCE, 0x31, 0xDE, 0xE3, 0x19, 0xC6, 0x31, 0x8C,
  0x63, 0x18, 0xC6, 0x31, 0x8C, 0xE7, 0x39, 0xCE, 0x73, 0xDF, 0x67, 0x39, 0xCE, 0x73, 0x9C, 0xE7, 0x3E, 0xF7, 0xB9, 0xBD, 0xEF, 0x7B, 0xDE, 0xF7,
  0xBD, 0xF3, 0x9C, 0xE7, 0x39, 0xCE, 0xF3, 0x9D, 0xEF, 0x79, 0xDE, 0xF7, 0xBD, 0xFF, 0xFF, 0xFF, 0xFF, 0xFF, 0xFF, 0xFF, 0xFF, 0xFF, 0xFF, 0xFF,
  0xFF, 0xFF, 0xFF, 0xFF, 0xFF, 0xFF, 0xFF, 0xFF, 0xFF, 0xFF, 0xFF, 0xFF, 0xFF, 0xFF, 0xFF, 0xFF, 0xFF, 0xFF, 0xFF, 0xFF, 0xFF, 0xFF, 0xFF, 0xFF,
  0xFF, 0xFF, 0xFF, 0xFF, 0xFF, 0xFF, 0xFF, 0xFF, 0xFF, 0xFF, 0xFF, 0xFF, 0xFF, 0xFF, 0xFF, 0xFF, 0xFF, 0xFF, 0xFF, 0xFF, 0xFF, 0xFF, 0xFF, 0xFF,
  0xFF, 0xFF, 0xFF, 0xFF, 0xFF, 0xFF, 0xFF, 0xFF, 0xFF, 0xFF, 0xFF, 0xFF, 0xFF, 0xFF, 0xFF, 0xFF, 0xFF, 0xFF, 0xFF, 0xFF, 0xFF, 0xFF, 0xFF, 0xFF,
  0xFF, 0xFF, 0xFF, 0xFF, 0xFF, 0xFF, 0xFF, 0xFF, 0xFF, 0xFF, 0xFF, 0xFF, 0xFF, 0xFF, 0xFF, 0xFF, 0xFF, 0xFF, 0xFF, 0xFF, 0xFF, 0xFF, 0xFF, 0xFF,
  0xFF, 0xFF, 0xFF, 0xFF, 0xFF, 0xFF, 0xFF, 0xFF, 0xFF, 0xFF, 0xFF, 0xFF, 0xFF, 0xFF, 0xFF, 0xFF, 0xFF, 0xFF, 0xFF, 0xFF, 0xFF, 0xFF, 0xFF, 0xFF,
  0xFF, 0xFF, 0xFF, 0xFF, 0xFF, 0xFF, 0xFF, 0xFF, 0xFF, 0xFF, 0xFF, 0xFF, 0xFF, 0xFF, 0xFF, 0xFF, 0xFF, 0xFF, 0xFF, 0xFF, 0xFF, 0xFF, 0xFF, 0xFF,
  0xFF, 0xFF, 0xFF, 0xFF, 0xFF, 0xFF, 0xFF, 0xFF, 0xFF, 0xFF, 0xFF, 0xFF, 0xFF, 0xFF, 0xFF, 0xFF, 0xFF, 0xFF, 0xFF, 0xFF, 0xFF, 0xFF, 0xFF, 0xFF,
  0xFF, 0xFF, 0xFF, 0xFF, 0xFF, 0xFF, 0xFF, 0xFF, 0xFF, 0xFF, 0xBD, 0xEF, 0x7B, 0xCE, 0x73, 0x9C, 0xE7, 0x39, 0xCE, 0x73, 0x9C, 0xE6, 0xF7, 0xBD,
  0xEF, 0x7B, 0xDE, 0xF9, 0xCD, 0xE7, 0x39, 0xCE, 0x73, 0x9C, 0xE7, 0x39, 0xCE, 0x73, 0x9C, 0xE7, 0x39, 0xC6, 0x31, 0x8C, 0x63, 0x18, 0xC6, 0x31,
  0x8C, 0x63, 0x18, 0xC6, 0x31, 0x8C, 0x63, 0x18, 0xC6, 0x31, 0xEF, 0x77, 0x18, 0xC6, 0x31, 0x8C, 0x63, 0x18, 0xC6, 0x31, 0x8C, 0x73, 0x18, 0xC6,
  0x31, 0x8C, 0x63, 0x18, 0xC6, 0x31, 0xDE, 0xE3, 0x18, 0xC6, 0x31, 0x8C, 0x63, 0x18, 0xC6, 0x31, 0x8C, 0x63, 0x18, 0xC6, 0x73, 0xEC, 0xE7, 0x39,
  0xE6, 0x73, 0x9C, 0xE7, 0x3E, 0xF7, 0xBB, 0xCD, 0xEF, 0x7B, 0xDE, 0xF7, 0xBD, 0xEF, 0x7B, 0xE7, 0x39, 0xCE, 0x73, 0x9C, 0xE7, 0x39, 0xCE, 0x73,
  0xBD, 0xEF, 0x7B, 0xFF, 0xFF, 0xFF, 0xFF, 0xFF, 0xFF, 0xFF, 0xFF, 0xFF, 0xFF, 0xFF, 0xFF, 0xFF, 0xFF, 0xFF, 0xFF, 0xFF, 0xFF, 0xFF, 0xFF, 0xFF,
  0xFF, 0xFF, 0xFF, 0xFF, 0xFF, 0xFF, 0xFF, 0xFF, 0xFF, 0xFF, 0xFF, 0xFF, 0xFF, 0xFF, 0xFF, 0xFF, 0xFF, 0xFF, 0xFF, 0xFF, 0xFF, 0xFF, 0xFF, 0xFF,
  0xFF, 0xFF, 0xFF, 0xFF, 0xFF, 0xFF, 0xFF, 0xFF, 0xFF, 0xFF, 0xFF, 0xFF, 0xFF, 0xFF, 0xFF, 0xFF, 0xFF, 0xFF, 0xFF, 0xFF, 0xFF, 0xFF, 0xFF, 0xFF,
  0xFF, 0xFF, 0xFF, 0xFF, 0xFF, 0xFF, 0xFF, 0xFF, 0xFF, 0xFF, 0xFF, 0xFF, 0xFF, 0xFF, 0xFF, 0xFF, 0xFF, 0xFF, 0xFF, 0xFF, 0xFF, 0xFF, 0xFF, 0xFF,
  0xFF, 0xFF, 0xFF, 0xFF, 0xFF, 0xFF, 0xFF, 0xFF, 0xFF, 0xFF, 0xFF, 0xFF, 0xFF, 0xFF, 0xFF, 0xFF, 0xFF, 0xFF, 0xFF, 0xFF, 0xFF, 0xFF, 0xFF, 0xFF,
  0xFF, 0xFF, 0xFF, 0xFF, 0xFF, 0xFF, 0xFF, 0xFF, 0xFF, 0xFF, 0xFF, 0xFF, 0xFF, 0xFF, 0xFF, 0xFF, 0xFF, 0xFF, 0xFF, 0xFF, 0xFF, 0xFF, 0xFF, 0xFF,
  0xFF, 0xFF, 0xFF, 0xFF, 0xFF, 0xFF, 0xFF, 0xFF, 0xFF, 0xFF, 0xFF, 0xFF, 0xFF, 0xFF, 0xFF, 0xFF, 0xFF, 0xFF, 0xFF, 0xFF, 0xFF, 0xFF, 0xFF, 0xFF,
  0xFF, 0xFF, 0xFF, 0xFF, 0xFF, 0xFF, 0xFF, 0xFF, 0xFF, 0xFF, 0xFF, 0xFF, 0xFF, 0xFF, 0xFF, 0xFF, 0xFF, 0xFF, 0xFF, 0xFF, 0xFE, 0xF7, 0xBD, 0xEF,
  0x39, 0xCE, 0x73, 0x9C, 0xE7, 0x39, 0xCE, 0xF3, 0x7B, 0xDE, 0xF7, 0xBD, 0xEF, 0x7B, 0xDE, 0xF3, 0x9C, 0xE7, 0x39, 0xCE, 0x73, 0x9C, 0xE7, 0x39,
  0xCE, 0x73, 0x8C, 0x63, 0x18, 0xC6, 0x31, 0x8C, 0x63, 0x18, 0xC6, 0x31, 0x8C, 0x63, 0x18, 0xC6, 0x31, 0x8C, 0x63, 0x18, 0xC7, 0x7D, 0x6B, 0x5A,
  0xD6, 0xB5, 0xAD, 0x6B, 0x5A, 0xD6, 0xB5, 0xAD, 0x6B, 0x5A, 0xD6, 0xB5, 0xAD, 0x6B, 0x5A, 0xD6, 0xC6, 0x31, 0x8F, 0x63, 0x18, 0xC6, 0x31, 0x8C,
  0x63, 0x18, 0xC6, 0x31, 0x8C, 0x63, 0x18, 0xF7, 0xBD, 0x9C, 0x63, 0x39, 0xCE, 0x73, 0x9C, 0xE7, 0x3E, 0xF7, 0xBB, 0xCE, 0x67, 0x3B, 0xDE, 0xF7,
  0xBD, 0xEF, 0x7B, 0xDE, 0xF7, 0xCE, 0x73, 0x9C, 0xE7, 0x39, 0xCE, 0x73, 0x9C, 0xEF, 0x7B, 0xDE, 0xFF, 0xFF, 0xFF, 0xFF, 0xFF, 0xFF, 0xFF, 0xFF,
  0xFF, 0xFF, 0xFF, 0xFF, 0xFF, 0xFF, 0xFF, 0xFF, 0xFF, 0xFF, 0xFF, 0xFF, 0xFF, 0xFF, 0xFF, 0xFF, 0xFF, 0xFF, 0xFF, 0xFF, 0xFF, 0xFF, 0xFF, 0xFF,
  0xFF, 0xFF, 0xFF, 0xFF, 0xFF, 0xFF, 0xFF, 0xFF, 0xFF, 0xFF, 0xFF, 0xFF, 0xFF, 0xFF, 0xFF, 0xFF, 0xFF, 0xFF, 0xFF, 0xFF, 0xFF, 0xFF, 0xFF, 0xFF,
  0xFF, 0xFF, 0xFF, 0xFF, 0xFF, 0xFF, 0xFF, 0xFF, 0xFF, 0xFF, 0xFF, 0xFF, 0xFF, 0xFF, 0xFF, 0xFF, 0xFF, 0xFF, 0xFF, 0xFF, 0xFF, 0xFF, 0xFF, 0xFF,
  0xFF, 0xFF, 0xFF, 0xFF, 0xFF, 0xFF, 0xFF, 0xFF, 0xFF, 0xFF, 0xFF, 0xFF, 0xFF, 0xFF, 0xFF, 0xFF, 0xFF, 0xFF, 0xFF, 0xFF, 0xFF, 0xFF, 0xFF, 0xFF,
  0xFF, 0xFF, 0xFF, 0xFF, 0xFF, 0xFF, 0xFF, 0xFF, 0xFF, 0xFF, 0xFF, 0xFF, 0xFF, 0xFF, 0xFF, 0xFF, 0xFF, 0xFF, 0xFF, 0xFF, 0xFF, 0xFF, 0xFF, 0xFF,
  0xFF, 0xFF, 0xFF, 0xFF, 0xFF, 0xFF, 0xFF, 0xFF, 0xFF, 0xFF, 0xFF, 0xFF, 0xFF, 0xFF, 0xFF, 0xFF, 0xFF, 0xFF, 0xFF, 0xFF, 0xFF, 0xFF, 0xFF, 0xFF,
  0xFF, 0xFF, 0xFF, 0xFF, 0xFF, 0xFF, 0xFF, 0xFF, 0xFF, 0xFF, 0xFF, 0xFF, 0xFF, 0xFF, 0xFF, 0xFF, 0xFF, 0xFF, 0xFF, 0xFF, 0xFF, 0xFF, 0xFF, 0xFF,
  0xFF, 0xFF, 0xFF, 0xFF, 0xFF, 0xFF, 0xFF, 0xFB, 0xDE, 0xF7, 0xBC, 0xE7, 0x39, 0xCE, 0x73, 0x9C, 0xE7, 0x39, 0xCD, 0xEF, 0x7B, 0xDE, 0xF7, 0xBD,
  0xEF, 0x79, 0xCE, 0x73, 0x9C, 0xE7, 0x39, 0xCE, 0x73, 0x9C, 0xE7, 0x38, 0xC6, 0x31, 0x8C, 0x63, 0x18, 0xC6, 0x31, 0x8C, 0x63, 0x18, 0xC6, 0x31,
  0x8C, 0x63, 0x16, 0xB5, 0xAD, 0x6B, 0x5A, 0xD6, 0xF7, 0x6D, 0x6B, 0x5A, 0xD6, 0xB5, 0xAD, 0x6B, 0x5A, 0xD6, 0xB5, 0xAD, 0x6B, 0x5A, 0xD6, 0xB5,
  0xAD, 0x6B, 0x5A, 0xD6, 0xB5, 0xAD, 0x6E, 0xFB, 0xDD, 0xB5, 0xB1, 0x8C, 0x63, 0x18, 0xC6, 0x31, 0x8C, 0x63, 0xDE, 0xCE, 0x31, 0x8C, 0x67, 0x18,
  0xC6, 0x33, 0x9C, 0xE7, 0xBE, 0xF7, 0xB9, 0xCE, 0x67, 0x39, 0xCE, 0x77, 0xBD, 0xF3, 0x9B, 0xDE, 0xF7, 0xBD, 0xF3, 0x9C, 0xE7, 0x39, 0xCE, 0x73,
  0xBD, 0xEF, 0x3B, 0xDE, 0xF7, 0xBF, 0xFF, 0xFF, 0xFF, 0xFF, 0xFF, 0xFF, 0xFF, 0xFF, 0xFF, 0xFF, 0xFF, 0xFF, 0xFF, 0xFF, 0xFF, 0xFF, 0xFF, 0xFF,
  0xFF, 0xFF, 0xFF, 0xFF, 0xFF, 0xFF, 0xFF, 0xFF, 0xFF, 0xFF, 0xFF, 0xFF, 0xFF, 0xFF, 0xFF, 0xFF, 0xFF, 0xFF, 0xFF, 0xFF, 0xFF, 0xFF, 0xFF, 0xFF,
  0xFF, 0xFF, 0xFF, 0xFF, 0xFF, 0xFF, 0xFF, 0xFF, 0xFF, 0xFF, 0xFF, 0xFF, 0xFF, 0xFF, 0xFF, 0xFF, 0xFF, 0xFF, 0xFF, 0xFF, 0xFF, 0xFF, 0xFF, 0xFF,
  0xFF, 0xFF, 0xFF, 0xFF, 0xFF, 0xFF, 0xFF, 0xFF, 0xFF, 0xFF, 0xFF, 0xFF, 0xFF, 0xFF, 0xFF, 0xFF, 0xFF, 0xFF, 0xFF, 0xFF, 0xFF, 0xFF, 0xFF, 0xFF,
  0xFF, 0xFF, 0xFF, 0xFF, 0xFF, 0xFF, 0xFF, 0xFF, 0xFF, 0xFF, 0xFF, 0xFF, 0xFF, 0xFF, 0xFF, 0xFF, 0xFF, 0xFF, 0xFF, 0xFF, 0xFF, 0xFF, 0xFF, 0xFF,
  0xFF, 0xFF, 0xFF, 0xFF, 0xFF, 0xFF, 0xFF, 0xFF, 0xFF, 0xFF, 0xFF, 0xFF, 0xFF, 0xFF, 0xFF, 0xFF, 0xFF, 0xFF, 0xFF, 0xFF, 0xFF, 0xFF, 0xFF, 0xFF,
  0xFF, 0xFF, 0xFF, 0xFF, 0xFF, 0xFF, 0xFF, 0xFF, 0xFF, 0xFF, 0xFF, 0xFF, 0xFF, 0xFF, 0xFF, 0xFF, 0xFF, 0xFF, 0xFF, 0xFF, 0xFF, 0xFF, 0xFF, 0xFF,
  0xFF, 0xFF, 0xFF, 0xFF, 0xFF, 0xFF, 0xFF, 0xFF, 0xFF, 0xFF, 0xFF, 0xFF, 0xFF, 0xFF, 0xFF, 0xFF, 0xFF, 0xFF, 0xEF, 0x7B, 0xDE, 0x73, 0x9C, 0xE7,
  0x39, 0xCE, 0x73, 0x9C, 0xE6, 0xF7, 0xBD, 0xEF, 0x7B, 0xDE, 0xF7, 0xBC, 0xE7, 0x39, 0xCE, 0x73, 0x9C, 0xE7, 0x39, 0xCE, 0x73, 0x8C, 0x63, 0x18,
  0xC6, 0x31, 0x8C, 0x63, 0x18, 0xC6, 0x31, 0x8C, 0x63, 0x18, 0xB5, 0xAD, 0x6B, 0x5A, 0xD6, 0xB5, 0xAD, 0x6B, 0x5A, 0xDE, 0xED, 0xAD, 0x8C, 0xDA,
  0xD6, 0xB6, 0x2D, 0x6C, 0x66, 0xD6, 0xB5, 0xAD, 0x6B, 0x5B, 0x16, 0xB5, 0xAD, 0x6B, 0x5A, 0xD6, 0xB5, 0xAD, 0x6B, 0x5A, 0xDE, 0xB5, 0xAD, 0x6C,
  0x5A, 0xD6, 0xB6, 0x31, 0xDF, 0x7B, 0x98, 0xC6, 0x31, 0x9C, 0x63, 0x18, 0xC6, 0x31, 0x8C, 0x63, 0xBE, 0xF7, 0xB9, 0x9C, 0xE7, 0x39, 0xCE, 0x79,
  0xCE, 0x73, 0x9B, 0xDE, 0xF7, 0xBD, 0xEF, 0x7B, 0xE7, 0x39, 0xCE, 0x77, 0xBC, 0xE7, 0x39, 0xDE, 0xFB, 0xDD, 0xEF, 0xFF, 0xFF, 0xFF, 0xFF, 0xFF,
  0xFF, 0xFF, 0xFF, 0xFF, 0xFF, 0xFF, 0xFF, 0xFF, 0xFF, 0xFF, 0xFF, 0xFF, 0xFF, 0xFF, 0xFF, 0xFF, 0xFF, 0xFF, 0xFF, 0xFF, 0xFF, 0xFF, 0xFF, 0xFF,
  0xFF, 0xFF, 0xFF, 0xFF, 0xFF, 0xFF, 0xFF, 0xFF, 0xFF, 0xFF, 0xFF, 0xFF, 0xFF, 0xFF, 0xFF, 0xFF, 0xFF, 0xFF, 0xFF, 0xFF, 0xFF, 0xFF, 0xFF, 0xFF,
  0xFF, 0xFF, 0xFF, 0xFF, 0xFF, 0xFF, 0xFF, 0xFF, 0xFF, 0xFF, 0xFF, 0xFF, 0xFF, 0xFF, 0xFF, 0xFF, 0xFF, 0xFF, 0xFF, 0xFF, 0xFF, 0xFF, 0xFF, 0xFF,
  0xFF, 0xFF, 0xFF, 0xFF, 0xFF, 0xFF, 0xFF, 0xFF, 0xFF, 0xFF, 0xFF, 0xFF, 0xFF, 0xFF, 0xFF, 0xFF, 0xFF, 0xFF, 0xFF, 0xFF, 0xFF, 0xFF, 0xFF, 0xFF,
  0xFF, 0xFF, 0xFF, 0xFF, 0xFF, 0xFF, 0xFF, 0xFF, 0xFF, 0xFF, 0xFF, 0xFF, 0xFF, 0xFF, 0xFF, 0xFF, 0xFF, 0xFF, 0xFF, 0xFF, 0xFF, 0xFF, 0xFF, 0xFF,
  0xFF, 0xFF, 0xFF, 0xFF, 0xFF, 0xFF, 0xFF, 0xFF, 0xFF, 0xFF, 0xFF, 0xFF, 0xFF, 0xFF, 0xFF, 0xFF, 0xFF, 0xFF, 0xFF, 0xFF, 0xFF, 0xFF, 0xFF, 0xFF,
  0xFF, 0xFF, 0xFF, 0xFF, 0xFF, 0xFF, 0xFF, 0xFF, 0xFF, 0xFF, 0xFF, 0xFF, 0xFF, 0xFF, 0xFF, 0xFF, 0xFF, 0xFF, 0xFF, 0xFF, 0xFF, 0xFF, 0xFF, 0xFF,
  0xFF, 0xFF, 0xFF, 0xFF, 0xFF, 0xBD, 0xEF, 0x79, 0xCE, 0x73, 0x9C, 0xE7, 0x39, 0xCE, 0x73, 0x9B, 0xDE, 0xF7, 0xBD, 0xEF, 0x7B, 0xDE, 0x73, 0x9C,
  0xE7, 0x39, 0xCE, 0x73, 0x9C, 0xE7, 0x39, 0xC6, 0x31, 0x8C, 0x63, 0x18, 0xC6, 0x31, 0x8C, 0x63, 0x18, 0xC6, 0x31, 0x6B, 0x5A, 0xD6, 0xB5, 0xAD,
  0x6B, 0x5A, 0xD6, 0xB5, 0xAD, 0x6B, 0x77, 0xD8, 0xB5, 0xAD, 0x6B, 0x5A, 0xD6, 0xB5, 0xAD, 0x6B, 0x5A, 0xD6, 0xB5, 0xAD, 0x6B, 0x5A, 0xD6, 0xB5,
  0xAD, 0x6B, 0x5A, 0xD6, 0xC6, 0x2D, 0x6B, 0x5A, 0xDD, 0xED, 0xAD, 0x6B, 0x5A, 0xD6, 0xB7, 0x7D, 0xEB, 0x5B, 0x18, 0xC6, 0x31, 0x8C, 0x63, 0x18,
  0xC6, 0x31, 0x8C, 0x63, 0xBE, 0xF7, 0x73, 0x9C, 0xE7, 0x39, 0xCE, 0x79, 0xCE, 0x73, 0x39, 0xDE, 0xF7, 0xBD, 0xEF, 0x7B, 0xE6, 0xF9, 0xCE, 0x73,
  0x9C, 0xE7, 0x39, 0xDF, 0x7B, 0x9D, 0xEF, 0x7B, 0xFF, 0xFF, 0xFF, 0xFF, 0xFF, 0xFF, 0xFF, 0xFF, 0xFF, 0xFF, 0xFF, 0xFF, 0xFF, 0xFF, 0xFF, 0xFF,
  0xFF, 0xFF, 0xFF, 0xFF, 0xFF, 0xFF, 0xFF, 0xFF, 0xFF, 0xFF, 0xFF, 0xFF, 0xFF, 0xFF, 0xFF, 0xFF, 0xFF, 0xFF, 0xFF, 0xFF, 0xFF, 0xFF, 0xFF, 0xFF,
  0xFF, 0xFF, 0xFF, 0xFF, 0xFF, 0xFF, 0xFF, 0xFF, 0xFF, 0xFF, 0xFF, 0xFF, 0xFF, 0xFF, 0xFF, 0xFF, 0xFF, 0xFF, 0xFF, 0xFF, 0xFF, 0xFF, 0xFF, 0xFF,
  0xFF, 0xFF, 0xFF, 0xFF, 0xFF, 0xFF, 0xFF, 0xFF, 0xFF, 0xFF, 0xFF, 0xFF, 0xFF, 0xFF, 0xFF, 0xFF, 0xFF, 0xFF, 0xFF, 0xFF, 0xFF, 0xFF, 0xFF, 0xFF,
  0xFF, 0xFF, 0xFF, 0xFF, 0xFF, 0xFF, 0xFF, 0xFF, 0xFF, 0xFF, 0xFF, 0xFF, 0xFF, 0xFF, 0xFF, 0xFF, 0xFF, 0xFF, 0xFF, 0xFF, 0xFF, 0xFF, 0xFF, 0xFF,
  0xFF, 0xFF, 0xFF, 0xFF, 0xFF, 0xFF, 0xFF, 0xFF, 0xFF, 0xFF, 0xFF, 0xFF, 0xFF, 0xFF, 0xFF, 0xFF, 0xFF, 0xFF, 0xFF, 0xFF, 0xFF, 0xFF, 0xFF, 0xFF,
  0xFF, 0xFF, 0xFF, 0xFF, 0xFF, 0xFF, 0xFF, 0xFF, 0xFF, 0xFF, 0xFF, 0xFF, 0xFF, 0xFF, 0xFF, 0xFF, 0xFF, 0xFF, 0xFF, 0xFF, 0xFF, 0xFF, 0xFF, 0xFF,
  0xFF, 0xFF, 0xFF, 0xFF, 0xFF, 0xFF, 0xFF, 0xFF, 0xFF, 0xFF, 0xFF, 0xFF, 0xFF, 0xFF, 0xFF, 0xFE, 0xF7, 0xBD, 0xE7, 0x79, 0xCE, 0x73, 0x9C, 0xE7,
  0x39, 0xCE, 0x6F, 0x7B, 0xDE, 0xF7, 0xBD, 0xEF, 0x79, 0xCE, 0x73, 0x9C, 0xE7, 0x39, 0xCE, 0x73, 0x9C, 0x63, 0x18, 0xC6, 0x31, 0x8C, 0x63, 0x18,
  0xC6, 0x31, 0x8C, 0x62, 0xD6, 0xB5, 0xAD, 0x6B, 0x5A, 0xD6, 0xB5, 0xAD, 0x6B, 0x5A, 0xD6, 0xB5, 0xAD, 0x6F, 0x7A, 0xD6, 0xB5, 0xAD, 0x6B, 0x5A,
  0xD6, 0xB5, 0xAD, 0x6B, 0x5A, 0xD6, 0xB5, 0xAD, 0x6B, 0x5A, 0xD6, 0xB5, 0xAD, 0x6B, 0x5A, 0xD6, 0xB5, 0xAD, 0x6B, 0x5A, 0xD6, 0xF5, 0xAD, 0x6B,
  0x5A, 0xDC, 0xF7, 0xAD, 0x6B, 0x5A, 0xD6, 0xB5, 0xAD, 0x8C, 0x63, 0x18, 0xC6, 0x31, 0x8C, 0x63, 0xBE, 0xF7, 0x71, 0x8C, 0x67, 0x39, 0xCE, 0x73,
  0x9C, 0xE7, 0x39, 0xCE, 0x77, 0xBD, 0xEF, 0x7C, 0xDF, 0x39, 0xBE, 0x73, 0x9C, 0xEF, 0x7D, 0xEE, 0xF3, 0x9C, 0xE7, 0x7B, 0xDE, 0xFF, 0xFF, 0xFF,
  0xFF, 0xFF, 0xFF, 0xFF, 0xFF, 0xFF, 0xFF, 0xFF, 0xFF, 0xFF, 0xFF, 0xFF, 0xFF, 0xFF, 0xFF, 0xFF, 0xFF, 0xFF, 0xFF, 0xFF, 0xFF, 0xFF, 0xFF, 0xFF,
  0xFF, 0xFF, 0xFF, 0xFF, 0xFF, 0xFF, 0xFF, 0xFF, 0xFF, 0xFF, 0xFF, 0xFF, 0xFF, 0xFF, 0xFF, 0xFF, 0xFF, 0xFF, 0xFF, 0xFF, 0xFF, 0xFF, 0xFF, 0xFF,
  0xFF, 0xFF, 0xFF, 0xFF, 0xFF, 0xFF, 0xFF, 0xFF, 0xFF, 0xFF, 0xFF, 0xFF, 0xFF, 0xFF, 0xFF, 0xFF, 0xFF, 0xFF, 0xFF, 0xFF, 0xFF, 0xFF, 0xFF, 0xFF,
  0xFF, 0xFF, 0xFF, 0xFF, 0xFF, 0xFF, 0xFF, 0xFF, 0xFF, 0xFF, 0xFF, 0xFF, 0xFF, 0xFF, 0xFF, 0xFF, 0xFF, 0xFF, 0xFF, 0xFF, 0xFF, 0xFF, 0xFF, 0xFF,
  0xFF, 0xFF, 0xFF, 0xFF, 0xFF, 0xFF, 0xFF, 0xFF, 0xFF, 0xFF, 0xFF, 0xFF, 0xFF, 0xFF, 0xFF, 0xFF, 0xFF, 0xFF, 0xFF, 0xFF, 0xFF, 0xFF, 0xFF, 0xFF,
  0xFF, 0xFF, 0xFF, 0xFF, 0xFF, 0xFF, 0xFF, 0xFF, 0xFF, 0xFF, 0xFF, 0xFF, 0xFF, 0xFF, 0xFF, 0xFF, 0xFF, 0xFF, 0xFF, 0xFF, 0xFF, 0xFF, 0xFF, 0xFF,
  0xFF, 0xFF, 0xFF, 0xFF, 0xFF, 0xFF, 0xFF, 0xFF, 0xFF, 0xFF, 0xFF, 0xFF, 0xFF, 0xFF, 0xFF, 0xFF, 0xFF, 0xFF, 0xFF, 0xFF, 0xFF, 0xFF, 0xFF, 0xFF,
  0xFF, 0xFF, 0xFB, 0xDE, 0xF7, 0x9C, 0xEF, 0x39, 0xCE, 0x73, 0x9C, 0xE7, 0x37, 0xBD, 0xEF, 0x7B, 0xDE, 0xF7, 0xBC, 0xE7, 0x39, 0xCE, 0x73, 0x9C,
  0xE7, 0x39, 0xCE, 0x31, 0x8C, 0x63, 0x18, 0xC6, 0x31, 0x8C, 0x63, 0x18, 0xC6, 0x2D, 0x6B, 0x5A, 0xD6, 0xB5, 0xAD, 0x6B, 0x5A, 0xD6, 0xB5, 0xAD,
  0x6B, 0x5A, 0xD6, 0xB5, 0xAD, 0xEE, 0xDA, 0xD6, 0xB5, 0xAD, 0x6B, 0x5A, 0xD6, 0xB5, 0xAD, 0x6B, 0x5A, 0xD6, 0xB5, 0xAD, 0x6B, 0x5A, 0xD6, 0xB5,
  0xAD, 0x6B, 0x5A, 0xD6, 0xB5, 0xAD, 0x6B, 0x5A, 0xD6, 0xF7, 0x2D, 0x6B, 0x77, 0xDD, 0xB5, 0xAD, 0x6B, 0x5A, 0xD6, 0xB5, 0xAD, 0x6C, 0x62, 0xD8,
  0xC6, 0x31, 0x8C, 0x63, 0xBE, 0xF7, 0x71, 0x8C, 0x63, 0x19, 0xCE, 0x73, 0x9C, 0xE7, 0x39, 0xCE, 0x73, 0x9C, 0xF3, 0x7B, 0xE7, 0x37, 0xBD, 0xEF,
  0x7E, 0xF7, 0x7B, 0xCE, 0x73, 0x9C, 0xE7, 0x39, 0xDE, 0xF7, 0xBF, 0xFF, 0xFF, 0xFF, 0xFF, 0xFF, 0xFF, 0xFF, 0xFF, 0xFF, 0xFF, 0xFF, 0xFF, 0xFF,
  0xFF, 0xFF, 0xFF, 0xFF, 0xFF, 0xFF, 0xFF, 0xFF, 0xFF, 0xFF, 0xFF, 0xFF, 0xFF, 0xFF, 0xFF, 0xFF, 0xFF, 0xFF, 0xFF, 0xFF, 0xFF, 0xFF, 0xFF, 0xFF,
  0xFF, 0xFF, 0xFF, 0xFF, 0xFF, 0xFF, 0xFF, 0xFF, 0xFF, 0xFF, 0xFF, 0xFF, 0xFF, 0xFF, 0xFF, 0xFF, 0xFF, 0xFF, 0xFF, 0xFF, 0xFF, 0xFF, 0xFF, 0xFF,
  0xFF, 0xFF, 0xFF, 0xFF, 0xFF, 0xFF, 0xFF, 0xFF, 0xFF, 0xFF, 0xFF, 0xFF, 0xFF, 0xFF, 0xFF, 0xFF, 0xFF, 0xFF, 0xFF, 0xFF, 0xFF, 0xFF, 0xFF, 0xFF,
  0xFF, 0xFF, 0xFF, 0xFF, 0xFF, 0xFF, 0xFF, 0xFF, 0xFF, 0xFF, 0xFF, 0xFF, 0xFF, 0xFF, 0xFF, 0xFF, 0xFF, 0xFF, 0xFF, 0xFF, 0xFF, 0xFF, 0xFF, 0xFF,
  0xFF, 0xFF, 0xFF, 0xFF, 0xFF, 0xFF, 0xFF, 0xFF, 0xFF, 0xFF, 0xFF, 0xFF, 0xFF, 0xFF, 0xFF, 0xFF, 0xFF, 0xFF, 0xFF, 0xFF, 0xFF, 0xFF, 0xFF, 0xFF,
  0xFF, 0xFF, 0xFF, 0xFF, 0xFF, 0xFF, 0xFF, 0xFF, 0xFF, 0xFF, 0xFF, 0xFF, 0xFF, 0xFF, 0xFF, 0xFF, 0xFF, 0xFF, 0xFF, 0xFF, 0xFF, 0xFF, 0xFF, 0xFF,
  0xFF, 0xFF, 0xFF, 0xFF, 0xFF, 0xFF, 0xFF, 0xFF, 0xFF, 0xFF, 0xFF, 0xFF, 0xFF, 0xEF, 0x7B, 0xDE, 0xF3, 0x9C, 0xEF, 0x39, 0xCE, 0x73, 0x9C, 0xDE,
  0xF7, 0xBD, 0xF3, 0x7B, 0xDE, 0xF3, 0x9C, 0xE7, 0x39, 0xCE, 0x73, 0x9C, 0xE7, 0x18, 0xC6, 0x31, 0x8C, 0x63, 0x18, 0xC6, 0x31, 0x8C, 0x62, 0xD6,
  0xB5, 0xAD, 0x6B, 0x5A, 0xD6, 0xB5, 0xAD, 0xDF, 0x7B, 0xDE, 0xEE, 0x6D, 0x6B, 0x5A, 0xD6, 0xB7, 0x7D, 0x6B, 0x56, 0xB5, 0xAD, 0x6B, 0x5A, 0xD6,
  0xB5, 0xAD, 0x6B, 0x5A, 0xD6, 0xB5, 0xAD, 0x6B, 0x5A, 0xD6, 0xB5, 0xAD, 0x6B, 0x5A, 0xD6, 0xB5, 0xAD, 0x6B, 0x5B, 0x5A, 0xD6, 0xB7, 0xBB, 0xDF,
  0x6E, 0xD6, 0xB5, 0xAD, 0x6B, 0x5A, 0xD6, 0xB5, 0xB1, 0x6C, 0x5A, 0xD6, 0xC6, 0x2D, 0x8C, 0x63, 0xBE, 0xEF, 0x71, 0x8C, 0x63, 0x39, 0xCE, 0x31,
  0x9C, 0xE7, 0x39, 0xCE, 0x79, 0x9C, 0xE7, 0x3C, 0xE6, 0xF7, 0xBD, 0xF7, 0xDE, 0xDF, 0x39, 0xCE, 0x73, 0x9C, 0xE7, 0x39, 0xCE, 0xF7, 0xBD, 0xEF,
  0xFF, 0xFF, 0xFF, 0xFF, 0xFF, 0xFF, 0xFF, 0xFF, 0xFF, 0xFF, 0xFF, 0xFF, 0xFF, 0xFF, 0xFF, 0xFF, 0xFF, 0xFF, 0xFF, 0xFF, 0xFF, 0xFF, 0xFF, 0xFF,
  0xFF, 0xFF, 0xFF, 0xFF, 0xFF, 0xFF, 0xFF, 0xFF, 0xFF, 0xFF, 0xFF, 0xFF, 0xFF, 0xFF, 0xFF, 0xFF, 0xFF, 0xFF, 0xFF, 0xFF, 0xFF, 0xFF, 0xFF, 0xFF,
  0xFF, 0xFF, 0xFF, 0xFF, 0xFF, 0xFF, 0xFF, 0xFF, 0xFF, 0xFF, 0xFF, 0xFF, 0xFF, 0xFF, 0xFF, 0xFF, 0xFF, 0xFF, 0xFF, 0xFF, 0xFF, 0xFF, 0xFF, 0xFF,
  0xFF, 0xFF, 0xFF, 0xFF, 0xFF, 0xFF, 0xFF, 0xFF, 0xFF, 0xFF, 0xFF, 0xFF, 0xFF, 0xFF, 0xFF, 0xFF, 0xFF, 0xFF, 0xFF, 0xFF, 0xFF, 0xFF, 0xFF, 0xFF,
  0xFF, 0xFF, 0xFF, 0xFF, 0xFF, 0xFF, 0xFF, 0xFF, 0xFF, 0xFF, 0xFF, 0xFF, 0xFF, 0xFF, 0xFF, 0xFF, 0xFF, 0xFF, 0xFF, 0xFF, 0xFF, 0xFF, 0xFF, 0xFF,
  0xFF, 0xFF, 0xFF, 0xFF, 0xFF, 0xFF, 0xFF, 0xFF, 0xFF, 0xFF, 0xFF, 0xFF, 0xFF, 0xFF, 0xFF, 0xFF, 0xFF, 0xFF, 0xFF, 0xFF, 0xFF, 0xFF, 0xFF, 0xFF,
  0xFF, 0xFF, 0xFF, 0xFF, 0xFF, 0xFF, 0xFF, 0xFF, 0xFF, 0xFF, 0xFF, 0xFF, 0xFF, 0xFF, 0xFF, 0xFF, 0xFF, 0xFF, 0xFF, 0xFF, 0xFF, 0xFF, 0xFF, 0xFF,
  0xFD, 0xEF, 0x7B, 0xDE, 0x73, 0x9C, 0xE7, 0x39, 0xCE, 0x73, 0x7B, 0xDE, 0xF7, 0xBE, 0x73, 0x79, 0xCE, 0x73, 0x9C, 0xE7, 0x39, 0xCE, 0x73, 0x8C,
  0x63, 0x18, 0xC6, 0x31, 0x8C, 0x63, 0x18, 0xC6, 0x2D, 0x6B, 0x5A, 0xD6, 0xB5, 0xAD, 0x6B, 0x5A, 0xD6, 0xB7, 0x7D, 0xDB, 0x5A, 0xD6, 0xEF, 0x7D,
  0xEE, 0xEB, 0xBE, 0xF5, 0xEB, 0x5A, 0xD6, 0xB5, 0xAD, 0x6B, 0x5A, 0xD6, 0xB5, 0xAD, 0x6B, 0x5A, 0xD6, 0xB5, 0xAD, 0x6B, 0x5A, 0xD6, 0xB5, 0xAD,
  0x6B, 0x5A, 0xD6, 0xB5, 0xAD, 0x6B, 0x5A, 0xD6, 0xB5, 0xAD, 0x6B, 0x5B, 0x5A, 0xD6, 0xB5, 0xAD, 0x6B, 0x5A, 0xD6, 0xB5, 0xAD, 0x6B, 0x5A, 0xD6,
  0xB6, 0x2D, 0x6B, 0x5B, 0xBE, 0xF7, 0x71, 0x8C, 0x63, 0x39, 0xC6, 0x31, 0x8C, 0x63, 0x39, 0xCE, 0x79, 0x9C, 0xE7, 0x39, 0xE6, 0x77, 0xCE, 0xFB,
  0xDB, 0xDE, 0xF7, 0xCE, 0x73, 0x9C, 0xE7, 0x39, 0xCE, 0xF7, 0xBD, 0xEF, 0x7F, 0xFF, 0xFF, 0xFF, 0xFF, 0xFF, 0xFF, 0xFF, 0xFF, 0xFF, 0xFF, 0xFF,
  0xFF, 0xFF, 0xFF, 0xFF, 0xFF, 0xFF, 0xFF, 0xFF, 0xFF, 0xFF, 0xFF, 0xFF, 0xFF, 0xFF, 0xFF, 0xFF, 0xFF, 0xFF, 0xFF, 0xFF, 0xFF, 0xFF, 0xFF, 0xFF,
  0xFF, 0xFF, 0xFF, 0xFF, 0xFF, 0xFF, 0xFF, 0xFF, 0xFF, 0xFF, 0xFF, 0xFF, 0xFF, 0xFF, 0xFF, 0xFF, 0xFF, 0xFF, 0xFF, 0xFF, 0xFF, 0xFF, 0xFF, 0xFF,
  0xFF, 0xFF, 0xFF, 0xFF, 0xFF, 0xFF, 0xFF, 0xFF, 0xFF, 0xFF, 0xFF, 0xFF, 0xFF, 0xFF, 0xFF, 0xFF, 0xFF, 0xFF, 0xFF, 0xFF, 0xFF, 0xFF, 0xFF, 0xFF,
  0xFF, 0xFF, 0xFF, 0xFF, 0xFF, 0xFF, 0xFF, 0xFF, 0xFF, 0xFF, 0xFF, 0xFF, 0xFF, 0xFF, 0xFF, 0xFF, 0xFF, 0xFF, 0xFF, 0xFF, 0xFF, 0xFF, 0xFF, 0xFF,
  0xFF, 0xFF, 0xFF, 0xFF, 0xFF, 0xFF, 0xFF, 0xFF, 0xFF, 0xFF, 0xFF, 0xFF, 0xFF, 0xFF, 0xFF, 0xFF, 0xFF, 0xFF, 0xFF, 0xFF, 0xFF, 0xFF, 0xFF, 0xFF,
  0xFF, 0xFF, 0xFF, 0xFF, 0xFF, 0xFF, 0xFF, 0xFF, 0xFF, 0xFF, 0xFF, 0xFF, 0xFF, 0xFF, 0xFF, 0xFF, 0xFF, 0xFF, 0xFF, 0xFF, 0xFF, 0xFF, 0xFF, 0xFF,
  0xFF, 0xFF, 0xFF, 0xFF, 0xFF, 0xFF, 0xFF, 0xFF, 0xFF, 0xFF, 0xFF, 0xF7, 0xBD, 0xEF, 0x7B, 0xCE, 0x73, 0x9C, 0xE7, 0x39, 0xCD, 0xEF, 0x7C, 0xE7,
  0x7B, 0xDE, 0xE7, 0x39, 0xCE, 0x73, 0x9C, 0xE7, 0x39, 0xCE, 0x31, 0x8C, 0x63, 0x18, 0xE6, 0x71, 0x8C, 0x63, 0x16, 0xB5, 0xAD, 0x6B, 0x5A, 0xD6,
  0xB5, 0xAD, 0x6B, 0x5A, 0xDE, 0xF7, 0x6D, 0x6B, 0x5A, 0xD5, 0xAD, 0x6B, 0x7E, 0xF7, 0xB5, 0xAD, 0x6B, 0x5A, 0xD6, 0xB5, 0xAD, 0x6B, 0x5A, 0xD6,
  0xB5, 0xAD, 0x6B, 0x5A, 0xD6, 0xB5, 0xAD, 0x6B, 0x5A, 0xD6, 0xB5, 0xAD, 0x6B, 0x5A, 0xD6, 0xB5, 0xAD, 0x6B, 0x5A, 0xD6, 0xB5, 0xAD, 0x6B, 0x5A,
  0xD6, 0xB5, 0xAD, 0x6D, 0x6B, 0x5A, 0xD6, 0xB5, 0xAD, 0x6B, 0x5A, 0xD6, 0xC5, 0xAD, 0x6B, 0x5B, 0xBE, 0xF7, 0x71, 0x8C, 0x63, 0x18, 0xC6, 0x31,
  0x8C, 0x63, 0x18, 0xCE, 0x73, 0x9C, 0xE7, 0x39, 0xE6, 0x7B, 0xEE, 0xF7, 0x7B, 0xDE, 0xF7, 0xBD, 0xF3, 0x9C, 0xE7, 0x39, 0xCE, 0xF7, 0xBD, 0xEF,
  0x7B, 0xDF, 0xFF, 0xFF, 0xFF, 0xFF, 0xFF, 0xFF, 0xFF, 0xFF, 0xFF, 0xFF, 0xFF, 0xFF, 0xFF, 0xFF, 0xFF, 0xFF, 0xFF, 0xFF, 0xFF, 0xFF, 0xFF, 0xFF,
  0xFF, 0xFF, 0xFF, 0xFF, 0xFF, 0xFF, 0xFF, 0xFF, 0xFF, 0xFF, 0xFF, 0xFF, 0xFF, 0xFF, 0xFF, 0xFF, 0xFF, 0xFF, 0xFF, 0xFF, 0xFF, 0xFF, 0xFF, 0xFF,
  0xFF, 0xFF, 0xFF, 0xFF, 0xFF, 0xFF, 0xFF, 0xFF, 0xFF, 0xFF, 0xFF, 0xFF, 0xFF, 0xFF, 0xFF, 0xFF, 0xFF, 0xFF, 0xFF, 0xFF, 0xFF, 0xFF, 0xFF, 0xFF,
  0xFF, 0xFF, 0xFF, 0xFF, 0xFF, 0xFF, 0xFF, 0xFF, 0xFF, 0xFF, 0xFF, 0xFF, 0xFF, 0xFF, 0xFF, 0xFF, 0xFF, 0xFF, 0xFF, 0xFF, 0xFF, 0xFF, 0xFF, 0xFF,
  0xFF, 0xFF, 0xFF, 0xFF, 0xFF, 0xFF, 0xFF, 0xFF, 0xFF, 0xFF, 0xFF, 0xFF, 0xFF, 0xFF, 0xFF, 0xFF, 0xFF, 0xFF, 0xFF, 0xFF, 0xFF, 0xFF, 0xFF, 0xFF,
  0xFF, 0xFF, 0xFF, 0xFF, 0xFF, 0xFF, 0xFF, 0xFF, 0xFF, 0xFF, 0xFF, 0xFF, 0xFF, 0xFF, 0xFF, 0xFF, 0xFF, 0xFF, 0xFF, 0xFF, 0xFF, 0xFF, 0xFF, 0xFF,
  0xFF, 0xFF, 0xFF, 0xFF, 0xFF, 0xFF, 0xFF, 0xFF, 0xFF, 0xFF, 0xFF, 0xFF, 0xFF, 0xFF, 0xFF, 0xFF, 0xFF, 0xFF, 0xFF, 0xFF, 0xFF, 0xFF, 0xDE, 0xF7,
  0xBD, 0xEF, 0x7B, 0xCE, 0x73, 0x9C, 0xE7, 0x37, 0xBD, 0xEF, 0x7D, 0xF7, 0xBD, 0xEF, 0x7B, 0xDE, 0xF7, 0x73, 0x9C, 0xE7, 0x18, 0xC6, 0x31, 0x8C,
  0x63, 0x18, 0xEF, 0x7B, 0x8B, 0x5A, 0xD6, 0xB5, 0xAD, 0x6B, 0x5A, 0xD6, 0xB5, 0xAD, 0x6B, 0x7B, 0xD6, 0xB5, 0x6B, 0x5A, 0xD6, 0xB5, 0xAD, 0x6B,
  0x5A, 0xD6, 0xB5, 0xAD, 0x6B, 0x5A, 0xD6, 0xB5, 0xAD, 0x2B, 0x5A, 0xD2, 0xB5, 0xAD, 0x6B, 0x4A, 0x56, 0xB5, 0xAD, 0x6B, 0x5A, 0xD6, 0xB4, 0xA5,
  0x6B, 0x5A, 0xD2, 0x94, 0xAD, 0x6B, 0x5A, 0xD6, 0xB5, 0xAD, 0x6B, 0x5A, 0xD6, 0xB5, 0xAD, 0x6B, 0x5A, 0xD6, 0xB5, 0xB5, 0xAD, 0x6B, 0x5A, 0xD6,
  0xB5, 0xAD, 0x6B, 0x5B, 0xBE, 0xF6, 0x2D, 0x6B, 0x63, 0x18, 0xC6, 0x31, 0x8C, 0x63, 0x18, 0xC6, 0x31, 0x9E, 0xE7, 0x9C, 0xE7, 0x7D, 0xDC, 0xE7,
  0x7B, 0xDF, 0x39, 0xBD, 0xEF, 0x7C, 0xE7, 0x39, 0xCE, 0xF7, 0xBD, 0xE7, 0x3B, 0xDE, 0xF7, 0xFF, 0xFF, 0xFF, 0xFF, 0xFF, 0xFF, 0xFF, 0xFF, 0xFF,
  0xFF, 0xFF, 0xFF, 0xFF, 0xFF, 0xFF, 0xFF, 0xFF, 0xFF, 0xFF, 0xFF, 0xFF, 0xFF, 0xFF, 0xFF, 0xFF, 0xFF, 0xFF, 0xFF, 0xFF, 0xFF, 0xFF, 0xFF, 0xFF,
  0xFF, 0xFF, 0xFF, 0xFF, 0xFF, 0xFF, 0xFF, 0xFF, 0xFF, 0xFF, 0xFF, 0xFF, 0xFF, 0xFF, 0xFF, 0xFF, 0xFF, 0xFF, 0xFF, 0xFF, 0xFF, 0xFF, 0xFF, 0xFF,
  0xFF, 0xFF, 0xFF, 0xFF, 0xFF, 0xFF, 0xFF, 0xFF, 0xFF, 0xFF, 0xFF, 0xFF, 0xFF, 0xFF, 0xFF, 0xFF, 0xFF, 0xFF, 0xFF, 0xFF, 0xFF, 0xFF, 0xFF, 0xFF,
  0xFF, 0xFF, 0xFF, 0xFF, 0xFF, 0xFF, 0xFF, 0xFF, 0xFF, 0xFF, 0xFF, 0xFF, 0xFF, 0xFF, 0xFF, 0xFF, 0xFF, 0xFF, 0xFF, 0xFF, 0xFF, 0xFF, 0xFF, 0xFF,
  0xFF, 0xFF, 0xFF, 0xFF, 0xFF, 0xFF, 0xFF, 0xFF, 0xFF, 0xFF, 0xFF, 0xFF, 0xFF, 0xFF, 0xFF, 0xFF, 0xFF, 0xFF, 0xFF, 0xFF, 0xFF, 0xFF, 0xFF, 0xFF,
  0xFF, 0xFF, 0xFF, 0xFF, 0xFF, 0xFF, 0xFF, 0xFF, 0xFF, 0xFF, 0xFF, 0xFF, 0xFF, 0xFF, 0xFF, 0xFF, 0xFF, 0xFF, 0xFF, 0xFF, 0xFF, 0xFF, 0xFF, 0xFF,
  0xFF, 0xFF, 0xFF, 0xFF, 0xFF, 0xFF, 0xFF, 0xFF, 0xFF, 0x7B, 0xDE, 0xF7, 0x9C, 0xEF, 0x7B, 0xCE, 0x73, 0x9C, 0xDF, 0x37, 0xBD, 0xEF, 0xDE, 0xEF,
  0x39, 0x9C, 0xE7, 0x39, 0xF7, 0xBD, 0xEC, 0x63, 0x18, 0xC6, 0x31, 0x8E, 0xFB, 0xDE, 0xF7, 0xBD, 0xEB, 0x5A, 0xD6, 0xB5, 0xAD, 0x6B, 0x5A, 0xD6,
  0xB5, 0xAD, 0xDF, 0x56, 0xB5, 0xAD, 0x6B, 0x5A, 0xD6, 0xB5, 0xAD, 0x6B, 0x5A, 0xD6, 0xB5, 0xA5, 0x29, 0x5A, 0xD6, 0xB5, 0xAD, 0x2B, 0x5A, 0xD6,
  0xB5, 0xAD, 0x6B, 0x5A, 0x56, 0xB5, 0xAD, 0x6B, 0x5A, 0xD2, 0x94, 0xA5, 0x6B, 0x5A, 0x52, 0x95, 0xA5, 0x29, 0x4A, 0x52, 0x94, 0xA5, 0x6B, 0x5A,
  0xD6, 0xB5, 0xAD, 0x6B, 0x5A, 0xD6, 0xB5, 0xAD, 0x6B, 0x5B, 0x5A, 0xD6, 0xB5, 0xAD, 0x6B, 0x63, 0xDE, 0xED, 0xAD, 0x6B, 0x5A, 0xD6, 0xB6, 0x31,
  0x8C, 0x63, 0x18, 0xC6, 0x31, 0x9C, 0x67, 0x39, 0xEF, 0xBB, 0x9C, 0xE7, 0x39, 0xE7, 0x37, 0xBD, 0xEF, 0x7B, 0xDF, 0x39, 0xCE, 0x73, 0x9C, 0xE7,
  0x39, 0xCE, 0xF7, 0xBD, 0xFF, 0xFF, 0xFF, 0xFF, 0xFF, 0xFF, 0xFF, 0xFF, 0xFF, 0xFF, 0xFF, 0xFF, 0xFF, 0xFF, 0xFF, 0xFF, 0xFF, 0xFF, 0xFF, 0xFF,
  0xFF, 0xFF, 0xFF, 0xFF, 0xFF, 0xFF, 0xFF, 0xFF, 0xFF, 0xFF, 0xFF, 0xFF, 0xFF, 0xFF, 0xFF, 0xFF, 0xFF, 0xFF, 0xFF, 0xFF, 0xFF, 0xFF, 0xFF, 0xFF,
  0xFF, 0xFF, 0xFF, 0xFF, 0xFF, 0xFF, 0xFF, 0xFF, 0xFF, 0xFF, 0xFF, 0xFF, 0xFF, 0xFF, 0xFF, 0xFF, 0xFF, 0xFF, 0xFF, 0xFF, 0xFF, 0xFF, 0xFF, 0xFF,
  0xFF, 0xFF, 0xFF, 0xFF, 0xFF, 0xFF, 0xFF, 0xFF, 0xFF, 0xFF, 0xFF, 0xFF, 0xFF, 0xFF, 0xFF, 0xFF, 0xFF, 0xFF, 0xFF, 0xFF, 0xFF, 0xFF, 0xFF, 0xFF,
  0xFF, 0xFF, 0xFF, 0xFF, 0xFF, 0xFF, 0xFF, 0xFF, 0xFF, 0xFF, 0xFF, 0xFF, 0xFF, 0xFF, 0xFF, 0xFF, 0xFF, 0xFF, 0xFF, 0xFF, 0xFF, 0xFF, 0xFF, 0xFF,
  0xFF, 0xFF, 0xFF, 0xFF, 0xFF, 0xFF, 0xFF, 0xFF, 0xFF, 0xFF, 0xFF, 0xFF, 0xFF, 0xFF, 0xFF, 0xFF, 0xFF, 0xFF, 0xFF, 0xFF, 0xFF, 0xFF, 0xFF, 0xFF,
  0xFF, 0xFF, 0xFF, 0xFF, 0xFF, 0xFF, 0xFF, 0xFF, 0xFF, 0xFF, 0xFF, 0xFF, 0xFF, 0xFF, 0xFF, 0xFF, 0xFF, 0xFF, 0xFF, 0xFF, 0xEF, 0x7B, 0xDE, 0xF7,
  0xBD, 0xEF, 0x79, 0xCE, 0x73, 0x7B, 0xDE, 0xF7, 0xBF, 0x7B, 0xD9, 0xCF, 0x39, 0x9C, 0xE7, 0x39, 0xCE, 0x31, 0xEF, 0x7B, 0xDE, 0xF7, 0xBD, 0xEF,
  0x76, 0xD8, 0xB5, 0xAD, 0xEF, 0x5A, 0xD6, 0xB5, 0xAD, 0x6E, 0x5A, 0xD6, 0xB5, 0x7D, 0xDA, 0xD6, 0xB5, 0xAD, 0x6B, 0x5A, 0xD6, 0xB5, 0xAD, 0x29,
  0x4A, 0x52, 0x94, 0xA5, 0x29, 0x4A, 0xD6, 0xB4, 0xA5, 0x6B, 0x5A, 0xD6, 0xB5, 0xAD, 0x6B, 0x4A, 0xD6, 0xB5, 0xAD, 0x6B, 0x4A, 0x52, 0x95, 0xAD,
  0x29, 0x4A, 0x52, 0xB4, 0xA5, 0x29, 0x5A, 0x52, 0x94, 0xA5, 0xE9, 0x4A, 0x52, 0x94, 0xAD, 0x6B, 0x5A, 0xD6, 0xB5, 0xAD, 0x6B, 0x5A, 0xD6, 0xB5,
  0xB5, 0xAD, 0x6B, 0x5B, 0xBE, 0xF5, 0xAD, 0x6B, 0x5A, 0xD6, 0xB5, 0xAD, 0x8C, 0x63, 0x18, 0xC6, 0x31, 0x8C, 0x67, 0x3C, 0xF7, 0xB3, 0x9C, 0xE7,
  0x39, 0xCE, 0x73, 0xBD, 0xEF, 0x7B, 0xDE, 0xF7, 0xCE, 0x73, 0x9C, 0xE7, 0x39, 0xCE, 0xF3, 0xBD, 0xEF, 0xFF, 0xFF, 0xFF, 0xFF, 0xFF, 0xFF, 0xFF,
  0xFF, 0xFF, 0xFF, 0xFF, 0xFF, 0xFF, 0xFF, 0xFF, 0xFF, 0xFF, 0xFF, 0xFF, 0xFF, 0xFF, 0xFF, 0xFF, 0xFF, 0xFF, 0xFF, 0xFF, 0xFF, 0xFF, 0xFF, 0xFF,
  0xFF, 0xFF, 0xFF, 0xFF, 0xFF, 0xFF, 0xFF, 0xFF, 0xFF, 0xFF, 0xFF, 0xFF, 0xFF, 0xFF, 0xFF, 0xFF, 0xFF, 0xFF, 0xFF, 0xFF, 0xFF, 0xFF, 0xFF, 0xFF,
  0xFF, 0xFF, 0xFF, 0xFF, 0xFF, 0xFF, 0xFF, 0xFF, 0xFF, 0xFF, 0xFF, 0xFF, 0xFF, 0xFF, 0xFF, 0xFF, 0xFF, 0xFF, 0xFF, 0xFF, 0xFF, 0xFF, 0xFF, 0xFF,
  0xFF, 0xFF, 0xFF, 0xFF, 0xFF, 0xFF, 0xFF, 0xFF, 0xFF, 0xFF, 0xFF, 0xFF, 0xFF, 0xFF, 0xFF, 0xFF, 0xFF, 0xFF, 0xFF, 0xFF, 0xFF, 0xFF, 0xFF, 0xFF,
  0xFF, 0xFF, 0xFF, 0xFF, 0xFF, 0xFF, 0xFF, 0xFF, 0xFF, 0xFF, 0xFF, 0xFF, 0xFF, 0xFF, 0xFF, 0xFF, 0xFF, 0xFF, 0xFF, 0xFF, 0xFF, 0xFF, 0xFF, 0xFF,
  0xFF, 0xFF, 0xFF, 0xFF, 0xFF, 0xFF, 0xFF, 0xFF, 0xFF, 0xFF, 0xFF, 0xFF, 0xFF, 0xFF, 0xFF, 0xFF, 0xFF, 0xFF, 0xFF, 0xFF, 0xFF, 0xFF, 0xFF, 0xFF,
  0xFF, 0xFF, 0xFF, 0xFF, 0xFF, 0xFF, 0xFF, 0xBD, 0xEF, 0x7B, 0xDE, 0xF7, 0xBC, 0xE7, 0x39, 0xCD, 0xEF, 0x7D, 0xEF, 0xBD, 0xEF, 0x77, 0x3C, 0xE7,
  0x39, 0x9C, 0xE7, 0x38, 0xC6, 0x31, 0x8C, 0x77, 0xBD, 0xE6, 0x31, 0x6B, 0x63, 0x18, 0xB5, 0xAD, 0x9F, 0x76, 0xD6, 0xB7, 0xBD, 0xEF, 0x7B, 0xDE,
  0xF7, 0xAB, 0x5A, 0xD6, 0xB5, 0xAD, 0x6B, 0x5A, 0x52, 0x94, 0xA5, 0x29, 0x4A, 0x52, 0x94, 0xA5, 0x2B, 0x4A, 0xD6, 0xB4, 0xAD, 0x2B, 0x5A, 0xD6,
  0xB4, 0xA5, 0x29, 0x4A, 0x52, 0x94, 0xA5, 0x29, 0x4A, 0x52, 0x94, 0xA5, 0x29, 0x4A, 0xD2, 0x94, 0xA5, 0x69, 0x4A, 0x52, 0x94, 0xBD, 0x29, 0x4A,
  0x52, 0x94, 0xA5, 0x29, 0x4A, 0x56, 0xB5, 0xAD, 0x6B, 0x5A, 0xD6, 0xB5, 0xAD, 0x6B, 0x5B, 0x5B, 0xBE, 0xED, 0xAD, 0x6B, 0x5A, 0xD6, 0xB5, 0xAD,
  0x6B, 0x5B, 0x18, 0xC6, 0x31, 0x8C, 0x67, 0xBE, 0xEF, 0x33, 0x9C, 0xE7, 0x39, 0xCE, 0x73, 0x9C, 0xEF, 0x7B, 0xDE, 0xF7, 0xBD, 0xF3, 0x9C, 0xE7,
  0x39, 0xCE, 0x73, 0xBD, 0xEF, 0x7B, 0xFF, 0xFF, 0xFF, 0xFF, 0xFF, 0xFF, 0xFF, 0xFF, 0xFF, 0xFF, 0xFF, 0xFF, 0xFF, 0xFF, 0xFF, 0xFF, 0xFF, 0xFF,
  0xFF, 0xFF, 0xFF, 0xFF, 0xFF, 0xFF, 0xFF, 0xFF, 0xFF, 0xFF, 0xFF, 0xFF, 0xFF, 0xFF, 0xFF, 0xFF, 0xFF, 0xFF, 0xFF, 0xFF, 0xFF, 0xFF, 0xFF, 0xFF,
  0xFF, 0xFF, 0xFF, 0xFF, 0xFF, 0xFF, 0xFF, 0xFF, 0xFF, 0xFF, 0xFF, 0xFF, 0xFF, 0xFF, 0xFF, 0xFF, 0xFF, 0xFF, 0xFF, 0xFF, 0xFF, 0xFF, 0xFF, 0xFF,
  0xFF, 0xFF, 0xFF, 0xFF, 0xFF, 0xFF, 0xFF, 0xFF, 0xFF, 0xFF, 0xFF, 0xFF, 0xFF, 0xFF, 0xFF, 0xFF, 0xFF, 0xFF, 0xFF, 0xFF, 0xFF, 0xFF, 0xFF, 0xFF,
  0xFF, 0xFF, 0xFF, 0xFF, 0xFF, 0xFF, 0xFF, 0xFF, 0xFF, 0xFF, 0xFF, 0xFF, 0xFF, 0xFF, 0xFF, 0xFF, 0xFF, 0xFF, 0xFF, 0xFF, 0xFF, 0xFF, 0xFF, 0xFF,
  0xFF, 0xFF, 0xFF, 0xFF, 0xFF, 0xFF, 0xFF, 0xFF, 0xFF, 0xFF, 0xFF, 0xFF, 0xFF, 0xFF, 0xFF, 0xFF, 0xFF, 0xFF, 0xFF, 0xFF, 0xFF, 0xFF, 0xFF, 0xFF,
  0xFF, 0xFF, 0xFF, 0xFF, 0xFF, 0xFF, 0xFF, 0xFF, 0xFF, 0xFF, 0xFF, 0xFF, 0xFF, 0xFF, 0xFF, 0xFF, 0xFF, 0xFE, 0xF7, 0xBD, 0xEF, 0x7B, 0xDE, 0xF7,
  0x9C, 0xEF, 0xBD, 0xEF, 0x7B, 0xDD, 0xEF, 0xBD, 0xDE, 0x67, 0x3C, 0xE7, 0x33, 0x9C, 0xE3, 0x18, 0xC6, 0x31, 0x8C, 0x63, 0x18, 0xC6, 0x2D, 0x6C,
  0x63, 0x18, 0xB5, 0xAD, 0x6C, 0xFB, 0xDE, 0xF7, 0xB5, 0x5A, 0xFB, 0x35, 0xAD, 0x6B, 0x5A, 0xD6, 0xB4, 0xA5, 0x29, 0x4A, 0x52, 0x94, 0xA5, 0x29,
  0x4A, 0x52, 0x94, 0xAD, 0x29, 0x4A, 0x52, 0x94, 0xA5, 0x29, 0x4A, 0x52, 0x94, 0xA5, 0x29, 0x4A, 0x52, 0x94, 0xA5, 0x29, 0x4A, 0x52, 0x94, 0xA5,
  0x29, 0x4A, 0x52, 0x94, 0xA5, 0x29, 0x4A, 0x52, 0x94, 0xBD, 0x29, 0x4A, 0x56, 0xB4, 0xA5, 0x29, 0x4A, 0x52, 0x94, 0xA5, 0x2B, 0x5A, 0xD6, 0xB5,
  0xAD, 0x6B, 0x5A, 0xD7, 0xDE, 0xED, 0xAD, 0x6B, 0x5A, 0xD6, 0xB5, 0xAD, 0x6B, 0x5A, 0xD6, 0xB6, 0x39, 0x8E, 0xF7, 0xDD, 0xE6, 0x73, 0x8C, 0xE7,
  0x39, 0xCE, 0x73, 0x9C, 0xE7, 0x3B, 0xDF, 0x37, 0xBD, 0xEF, 0x7C, 0xE7, 0x39, 0xCE, 0xF3, 0x9C, 0xE7, 0x7B, 0xDE, 0xFF, 0xFF, 0xFF, 0xFF, 0xFF,
  0xFF, 0xFF, 0xFF, 0xFF, 0xFF, 0xFF, 0xFF, 0xFF, 0xFF, 0xFF, 0xFF, 0xFF, 0xFF, 0xFF, 0xFF, 0xFF, 0xFF, 0xFF, 0xFF, 0xFF, 0xFF, 0xFF, 0xFF, 0xFF,
  0xFF, 0xFF, 0xFF, 0xFF, 0xFF, 0xFF, 0xFF, 0xFF, 0xFF, 0xFF, 0xFF, 0xFF, 0xFF, 0xFF, 0xFF, 0xFF, 0xFF, 0xFF, 0xFF, 0xFF, 0xFF, 0xFF, 0xFF, 0xFF,
  0xFF, 0xFF, 0xFF, 0xFF, 0xFF, 0xFF, 0xFF, 0xFF, 0xFF, 0xFF, 0xFF, 0xFF, 0xFF, 0xFF, 0xFF, 0xFF, 0xFF, 0xFF, 0xFF, 0xFF, 0xFF, 0xFF, 0xFF, 0xFF,
  0xFF, 0xFF, 0xFF, 0xFF, 0xFF, 0xFF, 0xFF, 0xFF, 0xFF, 0xFF, 0xFF, 0xFF, 0xFF, 0xFF, 0xFF, 0xFF, 0xFF, 0xFF, 0xFF, 0xFF, 0xFF, 0xFF, 0xFF, 0xFF,
  0xFF, 0xFF, 0xFF, 0xFF, 0xFF, 0xFF, 0xFF, 0xFF, 0xFF, 0xFF, 0xFF, 0xFF, 0xFF, 0xFF, 0xFF, 0xFF, 0xFF, 0xFF, 0xFF, 0xFF, 0xFF, 0xFF, 0xFF, 0xFF,
  0xFF, 0xFF, 0xFF, 0xFF, 0xFF, 0xFF, 0xFF, 0xFF, 0xFF, 0xFF, 0xFF, 0xFF, 0xFF, 0xFF, 0xFF, 0xFF, 0xFF, 0xFF, 0xFF, 0xFF, 0xFF, 0xFF, 0xFF, 0xFF,
  0xFF, 0xFF, 0xFF, 0xFF, 0xFF, 0xDE, 0xF7, 0xBD, 0xEF, 0x7B, 0xDE, 0xF3, 0x9D, 0xF6, 0xF7, 0xBD, 0xEF, 0x7C, 0xE7, 0x39, 0xCE, 0x73, 0x9C, 0xCE,
  0x73, 0x9C, 0xE3, 0x18, 0xC6, 0x31, 0x8C, 0x62, 0xD8, 0xC6, 0x31, 0x8C, 0x62, 0xD6, 0xB5, 0xAD, 0x6B, 0x5B, 0xBE, 0xAD, 0x6B, 0x5A, 0xD7, 0xD5,
  0xAD, 0x6B, 0x4A, 0x52, 0x94, 0xA5, 0x29, 0x4A, 0x52, 0x94, 0xA5, 0x29, 0x4A, 0x52, 0x94, 0xA5, 0x29, 0x4A, 0x52, 0x94, 0xA5, 0x29, 0x18, 0xC6,
  0x30, 0x8C, 0x63, 0x18, 0xC6, 0x10, 0x84, 0x21, 0x08, 0x42, 0x10, 0x84, 0x21, 0x08, 0x42, 0x94, 0xA5, 0x29, 0x4A, 0x52, 0x94, 0xA5, 0x29, 0x4A,
  0x52, 0x95, 0xAD, 0x2B, 0x4A, 0x52, 0x94, 0xA5, 0x29, 0x4A, 0x52, 0xB5, 0xAD, 0x6B, 0x5A, 0xD7, 0xDE, 0xED, 0x6B, 0x6B, 0x5A, 0xD6, 0xB5, 0xAD,
  0x6B, 0x5A, 0xD8, 0xE7, 0x3B, 0xEF, 0x77, 0xB8, 0xC6, 0x73, 0x9C, 0xE3, 0x39, 0xCE, 0x73, 0x9C, 0xE7, 0x39, 0xCE, 0xF7, 0xBD, 0xEF, 0x7B, 0xDF,
  0x39, 0xCE, 0x73, 0x9C, 0xE7, 0x39, 0xDE, 0xF7, 0xFF, 0xFF, 0xFF, 0xFF, 0xFF, 0xFF, 0xFF, 0xFF, 0xFF, 0xFF, 0xFF, 0xFF, 0xFF, 0xFF, 0xFF, 0xFF,
  0xFF, 0xFF, 0xFF, 0xFF, 0xFF, 0xFF, 0xFF, 0xFF, 0xFF, 0xFF, 0xFF, 0xFF, 0xFF, 0xFF, 0xFF, 0xFF, 0xFF, 0xFF, 0xFF, 0xFF, 0xFF, 0xFF, 0xFF, 0xFF,
  0xFF, 0xFF, 0xFF, 0xFF, 0xFF, 0xFF, 0xFF, 0xFF, 0xFF, 0xFF, 0xFF, 0xFF, 0xFF, 0xFF, 0xFF, 0xFF, 0xFF, 0xFF, 0xFF, 0xFF, 0xFF, 0xFF, 0xFF, 0xFF,
  0xFF, 0xFF, 0xFF, 0xFF, 0xFF, 0xFF, 0xFF, 0xFF, 0xFF, 0xFF, 0xFF, 0xFF, 0xFF, 0xFF, 0xFF, 0xFF, 0xFF, 0xFF, 0xFF, 0xFF, 0xFF, 0xFF, 0xFF, 0xFF,
  0xFF, 0xFF, 0xFF, 0xFF, 0xFF, 0xFF, 0xFF, 0xFF, 0xFF, 0xFF, 0xFF, 0xFF, 0xFF, 0xFF, 0xFF, 0xFF, 0xFF, 0xFF, 0xFF, 0xFF, 0xFF, 0xFF, 0xFF, 0xFF,
  0xFF, 0xFF, 0xFF, 0xFF, 0xFF, 0xFF, 0xFF, 0xFF, 0xFF, 0xFF, 0xFF, 0xFF, 0xFF, 0xFF, 0xFF, 0xFF, 0xFF, 0xFF, 0xFF, 0xFF, 0xFF, 0xFF, 0xFF, 0xFF,
  0xFF, 0xFF, 0xFF, 0xFF, 0xFF, 0xFF, 0xFF, 0xFF, 0xFF, 0xFF, 0xFF, 0xFF, 0xFF, 0xFF, 0xFF, 0xFF, 0xBD, 0xEF, 0x7B, 0xBD, 0xEF, 0x7B, 0xCE, 0x73,
  0xBE, 0xDE, 0xF9, 0xCD, 0xEF, 0x7C, 0xE7, 0x39, 0xCC, 0xF3, 0x39, 0xCE, 0x73, 0x9C, 0xE3, 0x18, 0xC6, 0x31, 0x8B, 0x5B, 0x18, 0xC6, 0x31, 0x8B,
  0x5A, 0xD6, 0xB5, 0xAD, 0x5A, 0xD6, 0xB5, 0xAD, 0x6B, 0x5A, 0xD6, 0xBE, 0xA5, 0x29, 0x4A, 0x52, 0x94, 0xA5, 0x29, 0x4A, 0x52, 0x94, 0xA5, 0x29,
  0x4A, 0x52, 0x94, 0xA4, 0x63, 0x18, 0xC2, 0x10, 0x84, 0x63, 0x08, 0xC6, 0x30, 0x8C, 0x63, 0x18, 0xC2, 0x10, 0x84, 0x21, 0x08, 0x42, 0x10, 0x84,
  0x21, 0x08, 0x42, 0x10, 0x84, 0x61, 0x08, 0x42, 0x10, 0xA5, 0x29, 0x4A, 0x52, 0x94, 0xA5, 0x29, 0x4A, 0x52, 0x94, 0xA5, 0x69, 0x4A, 0x56, 0xB4,
  0xA5, 0x2B, 0x5A, 0xEB, 0xBE, 0xED, 0x6B, 0x5A, 0xD6, 0xD6, 0xB5, 0xAD, 0x6B, 0x5B, 0x1D, 0xF7, 0xBB, 0x8B, 0x5B, 0x18, 0xC6, 0x31, 0x8C, 0x63,
  0x18, 0xCE, 0x73, 0x9C, 0xE7, 0x39, 0xCE, 0x77, 0xBD, 0xEF, 0x7C, 0xDE, 0xF9, 0xCE, 0x73, 0x9C, 0xE7, 0x3B, 0xDE, 0xF7, 0xBD, 0xFF, 0xFF, 0xFF,
  0xFF, 0xFF, 0xFF, 0xFF, 0xFF, 0xFF, 0xFF, 0xFF, 0xFF, 0xFF, 0xFF, 0xFF, 0xFF, 0xFF, 0xFF, 0xFF, 0xFF, 0xFF, 0xFF, 0xFF, 0xFF, 0xFF, 0xFF, 0xFF,
  0xFF, 0xFF, 0xFF, 0xFF, 0xFF, 0xFF, 0xFF, 0xFF, 0xFF, 0xFF, 0xFF, 0xFF, 0xFF, 0xFF, 0xFF, 0xFF, 0xFF, 0xFF, 0xFF, 0xFF, 0xFF, 0xFF, 0xFF, 0xFF,
  0xFF, 0xFF, 0xFF, 0xFF, 0xFF, 0xFF, 0xFF, 0xFF, 0xFF, 0xFF, 0xFF, 0xFF, 0xFF, 0xFF, 0xFF, 0xFF, 0xFF, 0xFF, 0xFF, 0xFF, 0xFF, 0xFF, 0xFF, 0xFF,
  0xFF, 0xFF, 0xFF, 0xFF, 0xFF, 0xFF, 0xFF, 0xFF, 0xFF, 0xFF, 0xFF, 0xFF, 0xFF, 0xFF, 0xFF, 0xFF, 0xFF, 0xFF, 0xFF, 0xFF, 0xFF, 0xFF, 0xFF, 0xFF,
  0xFF, 0xFF, 0xFF, 0xFF, 0xFF, 0xFF, 0xFF, 0xFF, 0xFF, 0xFF, 0xFF, 0xFF, 0xFF, 0xFF, 0xFF, 0xFF, 0xFF, 0xFF, 0xFF, 0xFF, 0xFF, 0xFF, 0xFF, 0xFF,
  0xFF, 0xFF, 0xFF, 0xFF, 0xFF, 0xFF, 0xFF, 0xFF, 0xFF, 0xFF, 0xFF, 0xFF, 0xFF, 0xFF, 0xFF, 0xFF, 0xFF, 0xFF, 0xFF, 0xFF, 0xFF, 0xFF, 0xFF, 0xFF,
  0xFF, 0xFF, 0xFF, 0xF7, 0xBD, 0xEF, 0x7B, 0xDD, 0xEF, 0x39, 0xCE, 0x77, 0xDC, 0xE7, 0x37, 0xBD, 0xE7, 0x3C, 0xE7, 0x39, 0xCC, 0xE7, 0x38, 0xCE,
  0x73, 0x9C, 0xE7, 0x18, 0xC6, 0x2D, 0x8C, 0x63, 0x18, 0xC6, 0x2D, 0x6B, 0x5A, 0xD6, 0xAD, 0x6B, 0x5A, 0xD6, 0xB5, 0xAD, 0x6B, 0x4A, 0x52, 0x94,
  0xF5, 0x29, 0x4A, 0x52, 0x94, 0xA5, 0x29, 0x4A, 0x52, 0x94, 0xA5, 0x21, 0x08, 0x46, 0x31, 0x8C, 0x63, 0x18, 0xC6, 0x31, 0x84, 0x61, 0x08, 0xC6,
  0x10, 0x84, 0x21, 0x08, 0x42, 0x10, 0x84, 0x21, 0x08, 0x42, 0x10, 0x84, 0x21, 0x08, 0x42, 0x30, 0x8C, 0x21, 0x08, 0x42, 0x10, 0x84, 0x21, 0x08,
  0x42, 0x14, 0xA5, 0x29, 0x4A, 0x52, 0x94, 0xA5, 0x29, 0x4A, 0x52, 0x94, 0xA5, 0x29, 0x4A, 0x77, 0xBE, 0xD5, 0x6B, 0x5A, 0xD6, 0xB5, 0xAD, 0xAD,
  0x6E, 0xF7, 0xDD, 0xE6, 0x2D, 0x8B, 0x5A, 0xD6, 0xC6, 0x31, 0x8C, 0x63, 0x18, 0xCE, 0x73, 0x9C, 0xE7, 0x39, 0xCE, 0x73, 0x9D, 0xEF, 0x7B, 0xDE,
  0xF7, 0xBE, 0x73, 0x9C, 0xEF, 0x79, 0xCE, 0x73, 0xBD, 0xEF, 0xFF, 0xFF, 0xFF, 0xFF, 0xFF, 0xFF, 0xFF, 0xFF, 0xFF, 0xFF, 0xFF, 0xFF, 0xFF, 0xFF,
  0xFF, 0xFF, 0xFF, 0xFF, 0xFF, 0xFF, 0xFF, 0xFF, 0xFF, 0xFF, 0xFF, 0xFF, 0xFF, 0xFF, 0xFF, 0xFF, 0xFF, 0xFF, 0xFF, 0xFF, 0xFF, 0xFF, 0xFF, 0xFF,
  0xFF, 0xFF, 0xFF, 0xFF, 0xFF, 0xFF, 0xFF, 0xFF, 0xFF, 0xFF, 0xFF, 0xFF, 0xFF, 0xFF, 0xFF, 0xFF, 0xFF, 0xFF, 0xFF, 0xFF, 0xFF, 0xFF, 0xFF, 0xFF,
  0xFF, 0xFF, 0xFF, 0xFF, 0xFF, 0xFF, 0xFF, 0xFF, 0xFF, 0xFF, 0xFF, 0xFF, 0xFF, 0xFF, 0xFF, 0xFF, 0xFF, 0xFF, 0xFF, 0xFF, 0xFF, 0xFF, 0xFF, 0xFF,
  0xFF, 0xFF, 0xFF, 0xFF, 0xFF, 0xFF, 0xFF, 0xFF, 0xFF, 0xFF, 0xFF, 0xFF, 0xFF, 0xFF, 0xFF, 0xFF, 0xFF, 0xFF, 0xFF, 0xFF, 0xFF, 0xFF, 0xFF, 0xFF,
  0xFF, 0xFF, 0xFF, 0xFF, 0xFF, 0xFF, 0xFF, 0xFF, 0xFF, 0xFF, 0xFF, 0xFF, 0xFF, 0xFF, 0xFF, 0xFF, 0xFF, 0xFF, 0xFF, 0xFF, 0xFF, 0xFF, 0xFF, 0xFF,
  0xFF, 0xFF, 0xFF, 0xFF, 0xFF, 0xFF, 0xFF, 0xFF, 0xFF, 0xFF, 0xFF, 0xFF, 0xFF, 0xFF, 0xBD, 0xEF, 0x7B, 0xDE, 0xF3, 0xDE, 0xE7, 0x39, 0xCE, 0xFB,
  0x9C, 0xE7, 0x37, 0x9C, 0xF3, 0x9C, 0xE7, 0x33, 0x9C, 0xE7, 0x38, 0xC6, 0x31, 0x8C, 0x63, 0x16, 0xB5, 0xAD, 0x8C, 0x63, 0x16, 0xB5, 0xAD, 0x6B,
  0x5A, 0xB5, 0xAD, 0x6B, 0x5A, 0xD6, 0xB5, 0xA5, 0x29, 0x4A, 0x52, 0x94, 0xA7, 0xAF, 0x4A, 0x52, 0x94, 0xA5, 0x29, 0x4A, 0x42, 0x10, 0x84, 0x21,
  0x08, 0xC6, 0x31, 0x8C, 0x63, 0x08, 0x42, 0x10, 0x84, 0x21, 0x08, 0x42, 0x10, 0x84, 0x21, 0x08, 0x42, 0x10, 0x84, 0x21, 0x08, 0x42, 0x10, 0x84,
  0x21, 0x08, 0x42, 0x10, 0x84, 0x21, 0x08, 0x42, 0x10, 0x84, 0x61, 0x08, 0x42, 0x10, 0x8C, 0x61, 0x1A, 0x52, 0x94, 0xA5, 0x29, 0x4A, 0x52, 0x94,
  0xA5, 0x69, 0x4E, 0xFB, 0xDD, 0xBF, 0x6B, 0x5A, 0xD6, 0xB5, 0xCE, 0xB5, 0xEF, 0x77, 0x36, 0xB5, 0xAD, 0x6B, 0x62, 0xD6, 0xB5, 0xB1, 0x8C, 0x63,
  0x19, 0xCE, 0x73, 0x9C, 0x67, 0x39, 0xCE, 0x73, 0x9C, 0xE7, 0x7B, 0xDE, 0xF7, 0xBD, 0xF3, 0x9C, 0xE7, 0x39, 0xCE, 0x73, 0x9D, 0xEF, 0x7B, 0xFF,
  0xFF, 0xFF, 0xFF, 0xFF, 0xFF, 0xFF, 0xFF, 0xFF, 0xFF, 0xFF, 0xFF, 0xFF, 0xFF, 0xFF, 0xFF, 0xFF, 0xFF, 0xFF, 0xFF, 0xFF, 0xFF, 0xFF, 0xFF, 0xFF,
  0xFF, 0xFF, 0xFF, 0xFF, 0xFF, 0xFF, 0xFF, 0xFF, 0xFF, 0xFF, 0xFF, 0xFF, 0xFF, 0xFF, 0xFF, 0xFF, 0xFF, 0xFF, 0xFF, 0xFF, 0xFF, 0xFF, 0xFF, 0xFF,
  0xFF, 0xFF, 0xFF, 0xFF, 0xFF, 0xFF, 0xFF, 0xFF, 0xFF, 0xFF, 0xFF, 0xFF, 0xFF, 0xFF, 0xFF, 0xFF, 0xFF, 0xFF, 0xFF, 0xFF, 0xFF, 0xFF, 0xFF, 0xFF,
  0xFF, 0xFF, 0xFF, 0xFF, 0xFF, 0xFF, 0xFF, 0xFF, 0xFF, 0xFF, 0xFF, 0xFF, 0xFF, 0xFF, 0xFF, 0xFF, 0xFF, 0xFF, 0xFF, 0xFF, 0xFF, 0xFF, 0xFF, 0xFF,
  0xFF, 0xFF, 0xFF, 0xFF, 0xFF, 0xFF, 0xFF, 0xFF, 0xFF, 0xFF, 0xFF, 0xFF, 0xFF, 0xFF, 0xFF, 0xFF, 0xFF, 0xFF, 0xFF, 0xFF, 0xFF, 0xFF, 0xFF, 0xFF,
  0xFF, 0xFF, 0xFF, 0xFF, 0xFF, 0xFF, 0xFF, 0xFF, 0xFF, 0xFF, 0xFF, 0xFF, 0xFF, 0xFF, 0xFF, 0xFF, 0xFF, 0xFF, 0xFF, 0xFF, 0xFF, 0xFF, 0xFF, 0xFF,
  0xFF, 0xF7, 0xBD, 0xEF, 0x7B, 0xCE, 0x77, 0xDE, 0xE7, 0x37, 0xDF, 0x77, 0x9C, 0xE7, 0x39, 0xCE, 0x73, 0x9C, 0xCE, 0x71, 0x9C, 0xE7, 0x18, 0xC6,
  0x31, 0x8C, 0x63, 0x16, 0xB5, 0xB1, 0x8C, 0x5A, 0xD6, 0xB5, 0xAD, 0x5A, 0xD6, 0xB5, 0xAD, 0x6B, 0x5A, 0xD2, 0x94, 0xA5, 0x29, 0x4A, 0x52, 0x94,
  0xA5, 0x3D, 0xDA, 0x52, 0x94, 0x84, 0x21, 0x08, 0x42, 0x10, 0x84, 0x23, 0x18, 0x42, 0x10, 0x84, 0x21, 0x08, 0x42, 0x10, 0x84, 0x21, 0x08, 0x42,
  0x10, 0x84, 0x21, 0x08, 0x42, 0x10, 0x84, 0x21, 0x08, 0x42, 0x10, 0x84, 0x21, 0x08, 0x42, 0x10, 0x84, 0x21, 0x08, 0x42, 0x10, 0x84, 0x21, 0x08,
  0x42, 0x10, 0x84, 0x21, 0x08, 0x42, 0x10, 0x85, 0x29, 0x4A, 0x52, 0x94, 0xA5, 0x29, 0x7F, 0x7B, 0xDE, 0xA7, 0x7B, 0xDE, 0xF7, 0xBD, 0xF7, 0x75,
  0xAA, 0xD6, 0xD6, 0xB5, 0xAD, 0x6B, 0x5A, 0xD6, 0xB5, 0xAD, 0x6C, 0x63, 0x19, 0xCE, 0x73, 0x9C, 0x63, 0x19, 0xCE, 0x73, 0x9C, 0xE7, 0x39, 0xDE,
  0xF7, 0xBE, 0x73, 0x9C, 0xE7, 0x39, 0xCE, 0x73, 0x9C, 0xE7, 0x7B, 0xDF, 0xFF, 0xFF, 0xFF, 0xFF, 0xFF, 0xFF, 0xFF, 0xFF, 0xFF, 0xFF, 0xFF, 0xFF,
  0xFF, 0xFF, 0xFF, 0xFF, 0xFF, 0xFF, 0xFF, 0xFF, 0xFF, 0xFF, 0xFF, 0xFF, 0xFF, 0xFF, 0xFF, 0xFF, 0xFF, 0xFF, 0xFF, 0xFF, 0xFF, 0xFF, 0xFF, 0xFF,
  0xFF, 0xFF, 0xFF, 0xFF, 0xFF, 0xFF, 0xFF, 0xFF, 0xFF, 0xFF, 0xFF, 0xFF, 0xFF, 0xFF, 0xFF, 0xFF, 0xFF, 0xFF, 0xFF, 0xFF, 0xFF, 0xFF, 0xFF, 0xFF,
  0xFF, 0xFF, 0xFF, 0xFF, 0xFF, 0xFF, 0xFF, 0xFF, 0xFF, 0xFF, 0xFF, 0xFF, 0xFF, 0xFF, 0xFF, 0xFF, 0xFF, 0xFF, 0xFF, 0xFF, 0xFF, 0xFF, 0xFF, 0xFF,
  0xFF, 0xFF, 0xFF, 0xFF, 0xFF, 0xFF, 0xFF, 0xFF, 0xFF, 0xFF, 0xFF, 0xFF, 0xFF, 0xFF, 0xFF, 0xFF, 0xFF, 0xFF, 0xFF, 0xFF, 0xFF, 0xFF, 0xFF, 0xFF,
  0xFF, 0xFF, 0xFF, 0xFF, 0xFF, 0xFF, 0xFF, 0xFF, 0xFF, 0xFF, 0xFF, 0xFF, 0xFF, 0xFF, 0xFF, 0xFF, 0xFF, 0xFF, 0xFF, 0xFF, 0xFF, 0xFF, 0xFF, 0xFF,
  0xFF, 0xFF, 0xFF, 0xFF, 0xFF, 0xFF, 0xFF, 0xFF, 0xFF, 0xFF, 0xFF, 0xFF, 0xDE, 0xF7, 0xBD, 0xEF, 0x7B, 0xCE, 0x73, 0xBE, 0xE7, 0x39, 0xEE, 0xF3,
  0x9C, 0xE7, 0x39, 0xCE, 0x73, 0x39, 0xCE, 0x33, 0x9C, 0xE7, 0x18, 0xC6, 0x2D, 0x6B, 0x5B, 0x18, 0xC6, 0x31, 0x6B, 0x5A, 0xD6, 0xAD, 0x6B, 0x5A,
  0xD6, 0xB5, 0xAD, 0x69, 0x4A, 0x52, 0x94, 0xA5, 0x29, 0x4A, 0x52, 0x94, 0xA5, 0x29, 0xDA, 0x42, 0x10, 0x84, 0x21, 0x08, 0x42, 0x10, 0x84, 0x21,
  0x08, 0x42, 0x10, 0x84, 0x21, 0x08, 0x42, 0x10, 0x84, 0x21, 0x08, 0x42, 0x10, 0x84, 0x21, 0x08, 0x42, 0x10, 0x84, 0x21, 0x08, 0x42, 0x10, 0x84,
  0x21, 0x08, 0x42, 0x10, 0x84, 0x21, 0x08, 0x42, 0x10, 0x84, 0x21, 0x08, 0x42, 0x10, 0x84, 0x21, 0x08, 0x42, 0x10, 0x84, 0x21, 0x08, 0x52, 0x94,
  0xA5, 0x29, 0xDF, 0x7B, 0xD5, 0xA5, 0x75, 0xAE, 0xF7, 0xDD, 0xAD, 0x6B, 0x5A, 0xD6, 0xB5, 0xAD, 0xAD, 0x6B, 0x5A, 0xD6, 0xB5, 0xAD, 0x6B, 0x5B,
  0x18, 0xC6, 0x73, 0x8C, 0x63, 0x18, 0xCE, 0x73, 0x9C, 0xE7, 0x39, 0xCE, 0x79, 0xCE, 0x73, 0x9C, 0xDF, 0x39, 0xCE, 0x73, 0x9C, 0xE7, 0x3B, 0xDE,
  0xF7, 0xFF, 0xFF, 0xFF, 0xFF, 0xFF, 0xFF, 0xFF, 0xFF, 0xFF, 0xFF, 0xFF, 0xFF, 0xFF, 0xFF, 0xFF, 0xFF, 0xFF, 0xFF, 0xFF, 0xFF, 0xFF, 0xFF, 0xFF,
  0xFF, 0xFF, 0xFF, 0xFF, 0xFF, 0xFF, 0xFF, 0xFF, 0xFF, 0xFF, 0xFF, 0xFF, 0xFF, 0xFF, 0xFF, 0xFF, 0xFF, 0xFF, 0xFF, 0xFF, 0xFF, 0xFF, 0xFF, 0xFF,
  0xFF, 0xFF, 0xFF, 0xFF, 0xFF, 0xFF, 0xFF, 0xFF, 0xFF, 0xFF, 0xFF, 0xFF, 0xFF, 0xFF, 0xFF, 0xFF, 0xFF, 0xFF, 0xFF, 0xFF, 0xFF, 0xFF, 0xFF, 0xFF,
  0xFF, 0xFF, 0xFF, 0xFF, 0xFF, 0xFF, 0xFF, 0xFF, 0xFF, 0xFF, 0xFF, 0xFF, 0xFF, 0xFF, 0xFF, 0xFF, 0xFF, 0xFF, 0xFF, 0xFF, 0xFF, 0xFF, 0xFF, 0xFF,
  0xFF, 0xFF, 0xFF, 0xFF, 0xFF, 0xFF, 0xFF, 0xFF, 0xFF, 0xFF, 0xFF, 0xFF, 0xFF, 0xFF, 0xFF, 0xFF, 0xFF, 0xFF, 0xFF, 0xFF, 0xFF, 0xFF, 0xFF, 0xFF,
  0xFF, 0xFF, 0xFF, 0xFF, 0xFF, 0xFF, 0xFF, 0xFF, 0xFF, 0xFF, 0xFF, 0xFF, 0xFF, 0xFF, 0xFF, 0xFF, 0xFF, 0xFF, 0xFF, 0xFF, 0xFF, 0xFF, 0xFF, 0xFB,
  0xDE, 0xF7, 0xBD, 0xEF, 0x7B, 0xCE, 0x73, 0x9E, 0xEF, 0x7D, 0xDE, 0x73, 0x9C, 0xE7, 0x39, 0xCC, 0xE7, 0x39, 0xCE, 0x73, 0x9C, 0xE7, 0x18, 0xB5,
  0xAD, 0x6B, 0x5B, 0x18, 0xB5, 0xAD, 0x6B, 0x5A, 0xB5, 0xAD, 0x6B, 0x5A, 0xD6, 0xB4, 0xA5, 0x29, 0x4A, 0x52, 0x94, 0xA5, 0x29, 0x4A, 0x52, 0x94,
  0x84, 0x21, 0x08, 0x56, 0x10, 0x84, 0x21, 0x08, 0x42, 0x10, 0x84, 0x21, 0x08, 0x42, 0x10, 0x84, 0x21, 0x08, 0x42, 0x10, 0x84, 0x21, 0x08, 0x42,
  0x10, 0x84, 0x21, 0x08, 0x42, 0x10, 0x84, 0x21, 0x08, 0x42, 0x10, 0x84, 0x21, 0x08, 0x42, 0x10, 0x84, 0x21, 0x08, 0x42, 0x10, 0x84, 0x21, 0x08,
  0x42, 0x10, 0x84, 0x21, 0x08, 0x42, 0x10, 0x84, 0x21, 0x08, 0x42, 0x10, 0x85, 0x3B, 0xEF, 0x7B, 0x54, 0xA5, 0x29, 0x4A, 0x52, 0x94, 0xA5, 0x2B,
  0x5A, 0xD6, 0xB5, 0xAD, 0x6B, 0x6B, 0x5A, 0xD6, 0xB5, 0xAD, 0x6B, 0x5A, 0xD8, 0xC6, 0x31, 0x8C, 0x63, 0x18, 0xC6, 0x33, 0x9C, 0xE7, 0x39, 0xE7,
  0x39, 0xCE, 0x73, 0x9C, 0xDE, 0xF7, 0xCE, 0x73, 0x9C, 0xE7, 0x7B, 0xDE, 0xF7, 0xBF, 0xFF, 0xFF, 0xFF, 0xFF, 0xFF, 0xFF, 0xFF, 0xFF, 0xFF, 0xFF,
  0xFF, 0xFF, 0xFF, 0xFF, 0xFF, 0xFF, 0xFF, 0xFF, 0xFF, 0xFF, 0xFF, 0xFF, 0xFF, 0xFF, 0xFF, 0xFF, 0xFF, 0xFF, 0xFF, 0xFF, 0xFF, 0xFF, 0xFF, 0xFF,
  0xFF, 0xFF, 0xFF, 0xFF, 0xFF, 0xFF, 0xFF, 0xFF, 0xFF, 0xFF, 0xFF, 0xFF, 0xFF, 0xFF, 0xFF, 0xFF, 0xFF, 0xFF, 0xFF, 0xFF, 0xFF, 0xFF, 0xFF, 0xFF,
  0xFF, 0xFF, 0xFF, 0xFF, 0xFF, 0xFF, 0xFF, 0xFF, 0xFF, 0xFF, 0xFF, 0xFF, 0xFF, 0xFF, 0xFF, 0xFF, 0xFF, 0xFF, 0xFF, 0xFF, 0xFF, 0xFF, 0xFF, 0xFF,
  0xFF, 0xFF, 0xFF, 0xFF, 0xFF, 0xFF, 0xFF, 0xFF, 0xFF, 0xFF, 0xFF, 0xFF, 0xFF, 0xFF, 0xFF, 0xFF, 0xFF, 0xFF, 0xFF, 0xFF, 0xFF, 0xFF, 0xFF, 0xFF,
  0xFF, 0xFF, 0xFF, 0xFF, 0xFF, 0xFF, 0xFF, 0xFF, 0xFF, 0xFF, 0xFF, 0xFF, 0xFF, 0xFF, 0xFF, 0xFF, 0xFF, 0xFF, 0xFF, 0xFF, 0xFF, 0xFF, 0xFF, 0xFF,
  0xFF, 0xFF, 0xFF, 0xFF, 0xFF, 0xFF, 0xFF, 0xFF, 0xFF, 0xFF, 0xFF, 0x7B, 0xDE, 0x77, 0xBD, 0xEF, 0x39, 0xCE, 0x6F, 0x7D, 0xF7, 0xBB, 0xCE, 0x73,
  0x9C, 0xE7, 0x39, 0x9C, 0xE7, 0x39, 0xCE, 0x73, 0x9C, 0x62, 0xD6, 0xB5, 0xAD, 0x6B, 0x5A, 0xD6, 0xB5, 0xAD, 0x6A, 0xD6, 0xB5, 0xAD, 0x6B, 0x5A,
  0x52, 0x94, 0xA5, 0x29, 0x4A, 0x52, 0x94, 0xA5, 0x29, 0x4A, 0x42, 0x10, 0x84, 0x21, 0x08, 0x42, 0xB0, 0x84, 0x21, 0x08, 0x42, 0x10, 0x84, 0x21,
  0x08, 0x42, 0x10, 0x84, 0x21, 0x08, 0x42, 0x10, 0x84, 0x21, 0x08, 0x42, 0x10, 0x84, 0x21, 0x08, 0x42, 0x10, 0x84, 0x21, 0x08, 0x42, 0x10, 0x84,
  0x21, 0x08, 0x42, 0x10, 0x84, 0x21, 0x08, 0x42, 0x10, 0x84, 0x21, 0x08, 0x42, 0x10, 0x84, 0x21, 0x08, 0x42, 0x10, 0x84, 0x21, 0x08, 0x42, 0x10,
  0x84, 0x69, 0x5F, 0x76, 0x94, 0xA5, 0x29, 0x4A, 0x52, 0x94, 0xA5, 0x29, 0x5A, 0xD6, 0xB5, 0xAD, 0x6B, 0x5A, 0xDA, 0xD6, 0xB5, 0xAD, 0x6B, 0x5A,
  0xD6, 0xC5, 0xAD, 0x8C, 0x63, 0x18, 0xC6, 0x31, 0x8C, 0xE7, 0x39, 0xE7, 0x39, 0xCC, 0xEF, 0x7B, 0xDE, 0xF7, 0xBE, 0x73, 0x9C, 0xE7, 0x7B, 0xDE,
  0x77, 0xBD, 0xFF, 0xFF, 0xFF, 0xFF, 0xFF, 0xFF, 0xFF, 0xFF, 0xFF, 0xFF, 0xFF, 0xFF, 0xFF, 0xFF, 0xFF, 0xFF, 0xFF, 0xFF, 0xFF, 0xFF, 0xFF, 0xFF,
  0xFF, 0xFF, 0xFF, 0xFF, 0xFF, 0xFF, 0xFF, 0xFF, 0xFF, 0xFF, 0xFF, 0xFF, 0xFF, 0xFF, 0xFF, 0xFF, 0xFF, 0xFF, 0xFF, 0xFF, 0xFF, 0xFF, 0xFF, 0xFF,
  0xFF, 0xFF, 0xFF, 0xFF, 0xFF, 0xFF, 0xFF, 0xFF, 0xFF, 0xFF, 0xFF, 0xFF, 0xFF, 0xFF, 0xFF, 0xFF, 0xFF, 0xFF, 0xFF, 0xFF, 0xFF, 0xFF, 0xFF, 0xFF,
  0xFF, 0xFF, 0xFF, 0xFF, 0xFF, 0xFF, 0xFF, 0xFF, 0xFF, 0xFF, 0xFF, 0xFF, 0xFF, 0xFF, 0xFF, 0xFF, 0xFF, 0xFF, 0xFF, 0xFF, 0xFF, 0xFF, 0xFF, 0xFF,
  0xFF, 0xFF, 0xFF, 0xFF, 0xFF, 0xFF, 0xFF, 0xFF, 0xFF, 0xFF, 0xFF, 0xFF, 0xFF, 0xFF, 0xFF, 0xFF, 0xFF, 0xFF, 0xFF, 0xFF, 0xFF, 0xFF, 0xFF, 0xFF,
  0xFF, 0xFF, 0xFF, 0xFF, 0xFF, 0xFF, 0xFF, 0xFF, 0xFF, 0xFF, 0xFF, 0xFF, 0xFF, 0xFF, 0xFF, 0xFF, 0xFF, 0xFF, 0xFF, 0xFF, 0xFF, 0xFD, 0xEF, 0x79,
  0xCE, 0x77, 0xBD, 0xE7, 0x39, 0xCE, 0x6F, 0x7C, 0xE7, 0x39, 0xCE, 0x73, 0x9C, 0xE6, 0x73, 0x9C, 0xE7, 0x39, 0xCE, 0x71, 0x8B, 0x5A, 0xD6, 0xB5,
  0xAD, 0x6B, 0x5A, 0xD6, 0xB5, 0x6B, 0x5A, 0xD6, 0xB5, 0xAD, 0x69, 0x4A, 0x52, 0x94, 0xA5, 0x29, 0x4A, 0x52, 0x94, 0xA4, 0x21, 0x08, 0x42, 0x10,
  0x84, 0x21, 0x08, 0x42, 0x15, 0x84, 0x21, 0x08, 0x42, 0x10, 0x84, 0x21, 0x08, 0x42, 0x10, 0x84, 0x21, 0x08, 0x42, 0x10, 0x84, 0x21, 0x08, 0x42,
  0x10, 0x83, 0x9C, 0xE7, 0x39, 0xCE, 0x84, 0x1C, 0xE8, 0x42, 0x0E, 0x84, 0x21, 0x08, 0x42, 0x10, 0x84, 0x21, 0x08, 0x42, 0x10, 0x84, 0x21, 0x08,
  0x42, 0x10, 0x84, 0x21, 0x08, 0x42, 0x10, 0x84, 0x21, 0x08, 0x42, 0x10, 0x84, 0xEB, 0xDA, 0xCE, 0x30, 0xA5, 0x29, 0x4A, 0x52, 0x94, 0xA5, 0x2B,
  0x5A, 0x52, 0xB5, 0xAD, 0x6B, 0x5A, 0xD6, 0xB5, 0xB5, 0xAD, 0x6B, 0x5A, 0xD6, 0xB5, 0xAD, 0x6B, 0x63, 0x18, 0xC6, 0x31, 0x8C, 0x63, 0x39, 0xE7,
  0x33, 0x9C, 0xE7, 0x3B, 0xDE, 0xF7, 0xBD, 0xEF, 0x9C, 0xE7, 0x7B, 0xDE, 0x73, 0x9D, 0xEF, 0x7F, 0xFF, 0xFF, 0xFF, 0xFF, 0xFF, 0xFF, 0xFF, 0xFF,
  0xFF, 0xFF, 0xFF, 0xFF, 0xFF, 0xFF, 0xFF, 0xFF, 0xFF, 0xFF, 0xFF, 0xFF, 0xFF, 0xFF, 0xFF, 0xFF, 0xFF, 0xFF, 0xFF, 0xFF, 0xFF, 0xFF, 0xFF, 0xFF,
  0xFF, 0xFF, 0xFF, 0xFF, 0xFF, 0xFF, 0xFF, 0xFF, 0xFF, 0xFF, 0xFF, 0xFF, 0xFF, 0xFF, 0xFF, 0xFF, 0xFF, 0xFF, 0xFF, 0xFF, 0xFF, 0xFF, 0xFF, 0xFF,
  0xFF, 0xFF, 0xFF, 0xFF, 0xFF, 0xFF, 0xFF, 0xFF, 0xFF, 0xFF, 0xFF, 0xFF, 0xFF, 0xFF, 0xFF, 0xFF, 0xFF, 0xFF, 0xFF, 0xFF, 0xFF, 0xFF, 0xFF, 0xFF,
  0xFF, 0xFF, 0xFF, 0xFF, 0xFF, 0xFF, 0xFF, 0xFF, 0xFF, 0xFF, 0xFF, 0xFF, 0xFF, 0xFF, 0xFF, 0xFF, 0xFF, 0xFF, 0xFF, 0xFF, 0xFF, 0xFF, 0xFF, 0xFF,
  0xFF, 0xFF, 0xFF, 0xFF, 0xFF, 0xFF, 0xFF, 0xFF, 0xFF, 0xFF, 0xFF, 0xFF, 0xFF, 0xFF, 0xFF, 0xFF, 0xFF, 0xFF, 0xFF, 0xFF, 0xFF, 0xFF, 0xFF, 0xFF,
  0xFF, 0xFF, 0xFF, 0xFF, 0xFF, 0xFF, 0xFF, 0xFF, 0xFF, 0xBD, 0xEF, 0x39, 0xCE, 0x77, 0x9C, 0xE7, 0x39, 0xCE, 0x73, 0x9C, 0xE7, 0x39, 0xCE, 0x73,
  0x99, 0xCE, 0x73, 0x9C, 0xE7, 0x39, 0xC6, 0x31, 0x6B, 0x5A, 0xD6, 0xB5, 0xAD, 0x6B, 0x5A, 0xD5, 0xAD, 0x6B, 0x5A, 0xD6, 0xB4, 0xA5, 0x29, 0x4A,
  0x52, 0x94, 0xA5, 0x29, 0x4A, 0x52, 0x10, 0x84, 0x21, 0x08, 0x42, 0x10, 0x84, 0x21, 0x08, 0x42, 0x13, 0xD4, 0x21, 0x08, 0x42, 0x10, 0x84, 0x21,
  0x08, 0x42, 0x10, 0x84, 0x21, 0x07, 0x3A, 0x10, 0x74, 0x1C, 0xE7, 0x39, 0xCE, 0x73, 0x9C, 0xE7, 0x39, 0xD0, 0x83, 0x9C, 0xE8, 0x42, 0x10, 0x73,
  0x9D, 0x07, 0x39, 0xCE, 0x73, 0xA0, 0xE7, 0x42, 0x10, 0x84, 0x21, 0x08, 0x42, 0x10, 0x84, 0x21, 0x08, 0x42, 0x10, 0x84, 0x21, 0x08, 0x42, 0x10,
  0x85, 0x33, 0x4A, 0x42, 0x11, 0x84, 0x21, 0x4A, 0x52, 0x94, 0xA5, 0x29, 0x4A, 0x52, 0x94, 0xA5, 0x2B, 0x5A, 0xD6, 0xB5, 0xAD, 0x6D, 0x6B, 0x5A,
  0xD8, 0xB5, 0xAD, 0x6B, 0x5B, 0x18, 0xC6, 0x31, 0x9C, 0xE7, 0x39, 0xCE, 0x73, 0x9C, 0xE7, 0x39, 0xDE, 0xF7, 0xBD, 0xEF, 0x7C, 0xE7, 0x39, 0xDE,
  0x73, 0x9C, 0xEF, 0x7B, 0xFF, 0xFF, 0xFF, 0xFF, 0xFF, 0xFF, 0xFF, 0xFF, 0xFF, 0xFF, 0xFF, 0xFF, 0xFF, 0xFF, 0xFF, 0xFF, 0xFF, 0xFF, 0xFF, 0xFF,
  0xFF, 0xFF, 0xFF, 0xFF, 0xFF, 0xFF, 0xFF, 0xFF, 0xFF, 0xFF, 0xFF, 0xFF, 0xFF, 0xFF, 0xFF, 0xFF, 0xFF, 0xFF, 0xFF, 0xFF, 0xFF, 0xFF, 0xFF, 0xFF,
  0xFF, 0xFF, 0xFF, 0xFF, 0xFF, 0xFF, 0xFF, 0xFF, 0xFF, 0xFF, 0xFF, 0xFF, 0xFF, 0xFF, 0xFF, 0xFF, 0xFF, 0xFF, 0xFF, 0xFF, 0xFF, 0xFF, 0xFF, 0xFF,
  0xFF, 0xFF, 0xFF, 0xFF, 0xFF, 0xFF, 0xFF, 0xFF, 0xFF, 0xFF, 0xFF, 0xFF, 0xFF, 0xFF, 0xFF, 0xFF, 0xFF, 0xFF, 0xFF, 0xFF, 0xFF, 0xFF, 0xFF, 0xFF,
  0xFF, 0xFF, 0xFF, 0xFF, 0xFF, 0xFF, 0xFF, 0xFF, 0xFF, 0xFF, 0xFF, 0xFF, 0xFF, 0xFF, 0xFF, 0xFF, 0xFF, 0xFF, 0xFF, 0xFF, 0xFF, 0xFF, 0xFF, 0xFF,
  0xFF, 0xFF, 0xFF, 0xFF, 0xFF, 0xFF, 0xFF, 0xFF, 0xFF, 0xFF, 0xFF, 0xFF, 0xFF, 0xFF, 0xFF, 0xFF, 0xFF, 0xFF, 0xFF, 0xFF, 0xF7, 0xBD, 0xE7, 0x39,
  0xCE, 0x73, 0x9C, 0xE7, 0x39, 0xCE, 0x73, 0x9C, 0xE7, 0x39, 0xCE, 0x67, 0x39, 0xCE, 0x73, 0x9C, 0xE7, 0x18, 0xC5, 0xAD, 0x6B, 0x5A, 0xD6, 0xB5,
  0xAD, 0x6B, 0x56, 0xB5, 0xAD, 0x6B, 0x5A, 0xD2, 0x94, 0xA5, 0x29, 0x4A, 0x52, 0x94, 0xA5, 0x29, 0x08, 0x42, 0x10, 0x84, 0x21, 0x08, 0x42, 0x10,
  0x84, 0x21, 0x08, 0x42, 0x10, 0x9D, 0xE1, 0x08, 0x42, 0x10, 0x84, 0x21, 0x08, 0x42, 0x0E, 0x73, 0x9C, 0xE8, 0x42, 0x0E, 0x73, 0x9C, 0xE7, 0x39,
  0xCE, 0x73, 0x9C, 0xE7, 0x3A, 0x10, 0x73, 0x9C, 0xE7, 0x3A, 0x0E, 0x73, 0x9C, 0xE8, 0x39, 0xCE, 0x73, 0x9C, 0xE7, 0x39, 0xCE, 0x73, 0x9C, 0xE8,
  0x42, 0x10, 0x84, 0x21, 0x08, 0x42, 0x10, 0x84, 0x21, 0x08, 0x42, 0x10, 0x9D, 0x33, 0x58, 0x42, 0x10, 0x84, 0x21, 0x08, 0x42, 0x94, 0xA5, 0x29,
  0x5A, 0x52, 0x94, 0xA5, 0x29, 0x4A, 0xD6, 0xB5, 0xAD, 0x6B, 0x5B, 0x5A, 0xD6, 0xB5, 0xAD, 0x6B, 0x5A, 0xD6, 0xC6, 0x31, 0x9C, 0xE7, 0x39, 0xC6,
  0x73, 0x9C, 0xE7, 0x39, 0xCE, 0x77, 0xBD, 0xEF, 0x7B, 0xDF, 0x39, 0xCE, 0x73, 0x9C, 0xE7, 0x7B, 0xDF, 0xFF, 0xFF, 0xFF, 0xFF, 0xFF, 0xFF, 0xFF,
  0xFF, 0xFF, 0xFF, 0xFF, 0xFF, 0xFF, 0xFF, 0xFF, 0xFF, 0xFF, 0xFF, 0xFF, 0xFF, 0xFF, 0xFF, 0xFF, 0xFF, 0xFF, 0xFF, 0xFF, 0xFF, 0xFF, 0xFF, 0xFF,
  0xFF, 0xFF, 0xFF, 0xFF, 0xFF, 0xFF, 0xFF, 0xFF, 0xFF, 0xFF, 0xFF, 0xFF, 0xFF, 0xFF, 0xFF, 0xFF, 0xFF, 0xFF, 0xFF, 0xFF, 0xFF, 0xFF, 0xFF, 0xFF,
  0xFF, 0xFF, 0xFF, 0xFF, 0xFF, 0xFF, 0xFF, 0xFF, 0xFF, 0xFF, 0xFF, 0xFF, 0xFF, 0xFF, 0xFF, 0xFF, 0xFF, 0xFF, 0xFF, 0xFF, 0xFF, 0xFF, 0xFF, 0xFF,
  0xFF, 0xFF, 0xFF, 0xFF, 0xFF, 0xFF, 0xFF, 0xFF, 0xFF, 0xFF, 0xFF, 0xFF, 0xFF, 0xFF, 0xFF, 0xFF, 0xFF, 0xFF, 0xFF, 0xFF, 0xFF, 0xFF, 0xFF, 0xFF,
  0xFF, 0xFF, 0xFF, 0xFF, 0xFF, 0xFF, 0xFF, 0xFF, 0xFF, 0xFF, 0xFF, 0xFF, 0xFF, 0xFF, 0xFF, 0xFF, 0xFF, 0xFF, 0xFF, 0xFF, 0xFF, 0xFF, 0xFF, 0xFF,
  0xFF, 0xFF, 0xFF, 0xFF, 0xFF, 0xFF, 0xFF, 0xDE, 0xF7, 0x9C, 0xE7, 0x39, 0xCE, 0x73, 0x9C, 0xDE, 0xF9, 0xCE, 0x73, 0x9C, 0xE7, 0x39, 0xCC, 0xE7,
  0x39, 0xCE, 0x73, 0x9C, 0xE3, 0x16, 0xC5, 0xAD, 0x6B, 0x5A, 0xD6, 0xB5, 0xAD, 0x5A, 0xD6, 0xB5, 0xAD, 0x6B, 0x4A, 0x52, 0x94, 0xA5, 0x29, 0x4A,
  0x52, 0x94, 0x84, 0x21, 0x08, 0x42, 0x10, 0x84, 0x21, 0x08, 0x42, 0x10, 0x84, 0x21, 0x08, 0x42, 0x10, 0x84, 0xF3, 0x08, 0x42, 0x10, 0x84, 0x21,
  0x08, 0x42, 0x10, 0x73, 0xA1, 0x08, 0x42, 0x0E, 0x73, 0x9C, 0xE7, 0x39, 0xCE, 0x73, 0x9C, 0xE7, 0x42, 0x0E, 0x73, 0x9C, 0xE7, 0x39, 0xCE, 0x73,
  0x9C, 0xE7, 0x39, 0xCE, 0x73, 0x9C, 0xE7, 0x39, 0xCE, 0x73, 0x9C, 0xE7, 0x39, 0xCE, 0x73, 0xA1, 0x08, 0x42, 0x10, 0x84, 0x21, 0x08, 0x42, 0x10,
  0xAF, 0x6B, 0x38, 0x42, 0x10, 0x84, 0x21, 0x08, 0x42, 0x10, 0x85, 0x29, 0x4A, 0x52, 0x94, 0xA5, 0x29, 0x4A, 0x52, 0xB5, 0xAD, 0x6B, 0x5A, 0xD6,
  0xD6, 0xB5, 0xAD, 0x6B, 0x5A, 0xD6, 0xB5, 0xB3, 0x8C, 0xE7, 0x38, 0xC6, 0x31, 0x9C, 0xE7, 0x39, 0xCE, 0x73, 0xBD, 0xEF, 0x7B, 0xDE, 0xF9, 0xCE,
  0x73, 0x9C, 0xE7, 0x39, 0xDE, 0xF7, 0xFF, 0xFF, 0xFF, 0xFF, 0xFF, 0xFF, 0xFF, 0xFF, 0xFF, 0xFF, 0xFF, 0xFF, 0xFF, 0xFF, 0xFF, 0xFF, 0xFF, 0xFF,
  0xFF, 0xFF, 0xFF, 0xFF, 0xFF, 0xFF, 0xFF, 0xFF, 0xFF, 0xFF, 0xFF, 0xFF, 0xFF, 0xFF, 0xFF, 0xFF, 0xFF, 0xFF, 0xFF, 0xFF, 0xFF, 0xFF, 0xFF, 0xFF,
  0xFF, 0xFF, 0xFF, 0xFF, 0xFF, 0xFF, 0xFF, 0xFF, 0xFF, 0xFF, 0xFF, 0xFF, 0xFF, 0xFF, 0xFF, 0xFF, 0xFF, 0xFF, 0xFF, 0xFF, 0xFF, 0xFF, 0xFF, 0xFF,
  0xFF, 0xFF, 0xFF, 0xFF, 0xFF, 0xFF, 0xFF, 0xFF, 0xFF, 0xFF, 0xFF, 0xFF, 0xFF, 0xFF, 0xFF, 0xFF, 0xFF, 0xFF, 0xFF, 0xFF, 0xFF, 0xFF, 0xFF, 0xFF,
  0xFF, 0xFF, 0xFF, 0xFF, 0xFF, 0xFF, 0xFF, 0xFF, 0xFF, 0xFF, 0xFF, 0xFF, 0xFF, 0xFF, 0xFF, 0xFF, 0xFF, 0xFF, 0xFF, 0xFF, 0xFF, 0xFF, 0xFF, 0xFF,
  0xFF, 0xFF, 0xFF, 0xFF, 0xFF, 0xFF, 0xFF, 0xFF, 0xFF, 0xFF, 0xFF, 0xFF, 0xFF, 0xFF, 0xFF, 0xFF, 0xFF, 0xFF, 0xFB, 0xDE, 0xF3, 0x9C, 0xE7, 0x39,
  0xCE, 0x73, 0x7B, 0xDE, 0xF9, 0xCE, 0x73, 0x9C, 0xE7, 0x33, 0x9C, 0xE7, 0x39, 0xCE, 0x73, 0x8C, 0x5A, 0xD6, 0xC6, 0x2D, 0x6B, 0x5A, 0xD6, 0xB5,
  0x6B, 0x5A, 0xD6, 0xB5, 0xAD, 0x29, 0x4A, 0x52, 0x94, 0xA5, 0x29, 0x4A, 0x52, 0x10, 0x84, 0x23, 0x18, 0x42, 0x10, 0x8C, 0x21, 0x08, 0x42, 0x10,
  0x84, 0x21, 0x08, 0x42, 0x10, 0x84, 0x27, 0x58, 0x42, 0x10, 0x84, 0x21, 0x08, 0x42, 0x10, 0x84, 0x21, 0x08, 0x41, 0xCE, 0x73, 0x9C, 0xE7, 0x39,
  0xCE, 0x73, 0x9C, 0xE7, 0x39, 0xCE, 0x73, 0x9C, 0xE7, 0x39, 0xCE, 0x73, 0x9C, 0xE7, 0x39, 0xCE, 0x73, 0x9C, 0xE7, 0x39, 0xCE, 0x83, 0x9C, 0xE7,
  0x39, 0xCE, 0x73, 0x9C, 0xE7, 0x39, 0xD0, 0x84, 0x21, 0x08, 0x42, 0x14, 0xAD, 0x69, 0x08, 0x42, 0x10, 0x84, 0x21, 0x08, 0x42, 0x10, 0x84, 0x21,
  0x4A, 0x52, 0x94, 0xA5, 0x29, 0x4A, 0x52, 0x94, 0xAD, 0x6B, 0x5A, 0xD6, 0xB5, 0xB5, 0xAD, 0x6B, 0x5A, 0xD6, 0xB6, 0x7B, 0x9C, 0x63, 0x18, 0xC6,
  0x31, 0x8C, 0xE7, 0x39, 0xCE, 0x73, 0x9C, 0xEF, 0x7B, 0xDE, 0xF7, 0xCE, 0x73, 0x9C, 0xE7, 0x39, 0xCE, 0xFB, 0xDF, 0xFF, 0xFF, 0xFF, 0xFF, 0xFF,
  0xFF, 0xFF, 0xFF, 0xFF, 0xFF, 0xFF, 0xFF, 0xFF, 0xFF, 0xFF, 0xFF, 0xFF, 0xFF, 0xFF, 0xFF, 0xFF, 0xFF, 0xFF, 0xFF, 0xFF, 0xFF, 0xFF, 0xFF, 0xFF,
  0xFF, 0xFF, 0xFF, 0xFF, 0xFF, 0xFF, 0xFF, 0xFF, 0xFF, 0xFF, 0xFF, 0xFF, 0xFF, 0xFF, 0xFF, 0xFF, 0xFF, 0xFF, 0xFF, 0xFF, 0xFF, 0xFF, 0xFF, 0xFF,
  0xFF, 0xFF, 0xFF, 0xFF, 0xFF, 0xFF, 0xFF, 0xFF, 0xFF, 0xFF, 0xFF, 0xFF, 0xFF, 0xFF, 0xFF, 0xFF, 0xFF, 0xFF, 0xFF, 0xFF, 0xFF, 0xFF, 0xFF, 0xFF,
  0xFF, 0xFF, 0xFF, 0xFF, 0xFF, 0xFF, 0xFF, 0xFF, 0xFF, 0xFF, 0xFF, 0xFF, 0xFF, 0xFF, 0xFF, 0xFF, 0xFF, 0xFF, 0xFF, 0xFF, 0xFF, 0xFF, 0xFF, 0xFF,
  0xFF, 0xFF, 0xFF, 0xFF, 0xFF, 0xFF, 0xFF, 0xFF, 0xFF, 0xFF, 0xFF, 0xFF, 0xFF, 0xFF, 0xFF, 0xFF, 0xFF, 0xFF, 0xFF, 0xFF, 0xFF, 0xFF, 0xFF, 0xFF,
  0xFF, 0xFF, 0xFF, 0xFF, 0xFF, 0xFF, 0x7B, 0xDE, 0x73, 0x9C, 0xE7, 0x39, 0xCD, 0xEF, 0x7B, 0xDF, 0x39, 0xCE, 0x73, 0x9C, 0xE6, 0x73, 0x9C, 0xE7,
  0x39, 0xCE, 0x31, 0x8B, 0x5A, 0xD6, 0xC5, 0xAD, 0x6B, 0x5A, 0xD5, 0xAD, 0x6B, 0x5A, 0xD6, 0xB4, 0xA5, 0x29, 0x4A, 0x52, 0x94, 0xA5, 0x29, 0x08,
  0x42, 0x10, 0x84, 0x21, 0x08, 0x42, 0x10, 0x8C, 0x21, 0x08, 0x42, 0x10, 0x84, 0x21, 0x08, 0x41, 0xCE, 0x73, 0x9D, 0x3D, 0x42, 0x10, 0x84, 0x21,
  0x08, 0x42, 0x10, 0x83, 0x9C, 0xE7, 0x39, 0xCE, 0x73, 0x5A, 0xD6, 0xB5, 0xAD, 0x6B, 0x5A, 0xD7, 0x39, 0xCD, 0x6B, 0x5A, 0xD6, 0xB5, 0xAD, 0x6B,
  0x5A, 0xE6, 0xB5, 0xAD, 0x73, 0x9C, 0xE7, 0x39, 0xCE, 0x73, 0x9C, 0xE7, 0x39, 0xCE, 0x73, 0x9C, 0xE7, 0x39, 0xCE, 0x73, 0x9D, 0x08, 0x42, 0x14,
  0xED, 0x21, 0x08, 0x42, 0x10, 0x84, 0x21, 0x08, 0x42, 0x10, 0x84, 0x21, 0x18, 0x42, 0x94, 0xA5, 0x29, 0x4A, 0x52, 0x94, 0xA5, 0x2B, 0x5A, 0xD6,
  0xB5, 0xAD, 0x6D, 0x6B, 0x5A, 0xD6, 0xC7, 0x7B, 0xDB, 0x63, 0x18, 0xC6, 0x31, 0x8C, 0x63, 0x39, 0xCE, 0x73, 0x9C, 0xE7, 0x7B, 0xDE, 0xF7, 0xBD,
  0xF3, 0x9C, 0xE7, 0x39, 0xEF, 0x7B, 0xBD, 0xFF, 0xFF, 0xFF, 0xFF, 0xFF, 0xFF, 0xFF, 0xFF, 0xFF, 0xFF, 0xFF, 0xFF, 0xFF, 0xFF, 0xFF, 0xFF, 0xFF,
  0xFF, 0xFF, 0xFF, 0xFF, 0xFF, 0xFF, 0xFF, 0xFF, 0xFF, 0xFF, 0xFF, 0xFF, 0xFF, 0xFF, 0xFF, 0xFF, 0xFF, 0xFF, 0xFF, 0xFF, 0xFF, 0xFF, 0xFF, 0xFF,
  0xFF, 0xFF, 0xFF, 0xFF, 0xFF, 0xFF, 0xFF, 0xFF, 0xFF, 0xFF, 0xFF, 0xFF, 0xFF, 0xFF, 0xFF, 0xFF, 0xFF, 0xFF, 0xFF, 0xFF, 0xFF, 0xFF, 0xFF, 0xFF,
  0xFF, 0xFF, 0xFF, 0xFF, 0xFF, 0xFF, 0xFF, 0xFF, 0xFF, 0xFF, 0xFF, 0xFF, 0xFF, 0xFF, 0xFF, 0xFF, 0xFF, 0xFF, 0xFF, 0xFF, 0xFF, 0xFF, 0xFF, 0xFF,
  0xFF, 0xFF, 0xFF, 0xFF, 0xFF, 0xFF, 0xFF, 0xFF, 0xFF, 0xFF, 0xFF, 0xFF, 0xFF, 0xFF, 0xFF, 0xFF, 0xFF, 0xFF, 0xFF, 0xFF, 0xFF, 0xFF, 0xFF, 0xFF,
  0xFF, 0xFF, 0xFF, 0xFF, 0xFF, 0xFF, 0xFF, 0xFF, 0xFF, 0xFF, 0xFF, 0xFF, 0xFF, 0xFF, 0xFF, 0xFF, 0xFD, 0xEF, 0x79, 0xCE, 0x73, 0x9C, 0xE7, 0x39,
  0xCD, 0xEF, 0x7B, 0xDE, 0x79, 0xCE, 0x73, 0x99, 0xCE, 0x73, 0x9C, 0xE7, 0x39, 0xC6, 0x31, 0x6B, 0x5A, 0xD6, 0xB5, 0xAD, 0x6B, 0x56, 0xB5, 0xAD,
  0x6B, 0x5A, 0x52, 0x94, 0xA5, 0x29, 0x4A, 0x52, 0x94, 0xA4, 0x21, 0x08, 0x42, 0x10, 0x84, 0x21, 0x08, 0x42, 0x10, 0x84, 0x21, 0x08, 0x42, 0x10,
  0x84, 0x1C, 0xE7, 0x39, 0xCE, 0x73, 0x9C, 0xEA, 0x5E, 0x10, 0x84, 0x1C, 0xE7, 0x39, 0xCE, 0x73, 0x9C, 0xE7, 0x35, 0xAD, 0x6B, 0x5A, 0xD6, 0xB5,
  0xAD, 0x6B, 0x5A, 0xE7, 0x39, 0xAD, 0x6B, 0x5A, 0xD6, 0xB5, 0xAD, 0x6B, 0x5C, 0xD6, 0xB5, 0xAD, 0x6B, 0x5A, 0xD6, 0xB5, 0xAD, 0x6B, 0x9C, 0xE7,
  0x39, 0xCE, 0x73, 0x9C, 0xE8, 0x39, 0xCE, 0x73, 0x9C, 0xE7, 0x3A, 0x75, 0xBD, 0x21, 0x08, 0x42, 0x10, 0x84, 0x21, 0x08, 0x42, 0x10, 0x84, 0x21,
  0x08, 0x42, 0x10, 0xA5, 0x29, 0x4A, 0x52, 0x94, 0xA5, 0x29, 0x4A, 0x56, 0xB5, 0xAD, 0x6B, 0x5B, 0x5A, 0xD6, 0xEF, 0x7B, 0x9B, 0x5A, 0xD8, 0xC6,
  0x31, 0x8C, 0x63, 0x18, 0xCE, 0x73, 0x9C, 0xE7, 0x39, 0xDE, 0xF7, 0xBD, 0xEF, 0x9C, 0xE7, 0x3D, 0xEE, 0xF3, 0x9D, 0xF7, 0x7F, 0xFF, 0xFF, 0xFF,
  0xFF, 0xFF, 0xFF, 0xFF, 0xFF, 0xFF, 0xFF, 0xFF, 0xFF, 0xFF, 0xFF, 0xFF, 0xFF, 0xFF, 0xFF, 0xFF, 0xFF, 0xFF, 0xFF, 0xFF, 0xFF, 0xFF, 0xFF, 0xFF,
  0xFF, 0xFF, 0xFF, 0xFF, 0xFF, 0xFF, 0xFF, 0xFF, 0xFF, 0xFF, 0xFF, 0xFF, 0xFF, 0xFF, 0xFF, 0xFF, 0xFF, 0xFF, 0xFF, 0xFF, 0xFF, 0xFF, 0xFF, 0xFF,
  0xFF, 0xFF, 0xFF, 0xFF, 0xFF, 0xFF, 0xFF, 0xFF, 0xFF, 0xFF, 0xFF, 0xFF, 0xFF, 0xFF, 0xFF, 0xFF, 0xFF, 0xFF, 0xFF, 0xFF, 0xFF, 0xFF, 0xFF, 0xFF,
  0xFF, 0xFF, 0xFF, 0xFF, 0xFF, 0xFF, 0xFF, 0xFF, 0xFF, 0xFF, 0xFF, 0xFF, 0xFF, 0xFF, 0xFF, 0xFF, 0xFF, 0xFF, 0xFF, 0xFF, 0xFF, 0xFF, 0xFF, 0xFF,
  0xFF, 0xFF, 0xFF, 0xFF, 0xFF, 0xFF, 0xFF, 0xFF, 0xFF, 0xFF, 0xFF, 0xFF, 0xFF, 0xFF, 0xFF, 0xFF, 0xFF, 0xFF, 0xFF, 0xFF, 0xFF, 0xFF, 0xFF, 0xFF,
  0xFF, 0xFF, 0xFF, 0xFF, 0xBD, 0xEF, 0x39, 0xCE, 0x73, 0x9C, 0xE7, 0x39, 0xCD, 0xEF, 0x7B, 0xCE, 0x79, 0xCE, 0x73, 0x39, 0xCE, 0x73, 0x9C, 0xE7,
  0x18, 0xC6, 0x31, 0x8B, 0x5A, 0xD6, 0xB5, 0xAD, 0x5A, 0xD6, 0xB5, 0xAD, 0x69, 0x4A, 0x52, 0x94, 0xA5, 0x29, 0x4A, 0x52, 0x90, 0x84, 0x21, 0x08,
  0x42, 0x10, 0x84, 0x21, 0x08, 0x42, 0x10, 0x84, 0x21, 0x08, 0x42, 0x0E, 0x74, 0x1C, 0xE7, 0x39, 0xCE, 0x73, 0x9D, 0x08, 0x52, 0xEE, 0x73, 0x9C,
  0xE7, 0x39, 0xCE, 0x73, 0x9C, 0xE7, 0x35, 0xAD, 0x6B, 0x5A, 0xD6, 0xB5, 0xAD, 0x6B, 0x5A, 0xE7, 0x39, 0xAD, 0x6B, 0x5A, 0xD6, 0xB5, 0xAD, 0x6B,
  0x5A, 0xD6, 0xB5, 0xAD, 0x6B, 0x5C, 0xD6, 0xB5, 0xAD, 0x73, 0x9A, 0xD6, 0xB5, 0xAE, 0x73, 0x9C, 0xE7, 0x39, 0xCE, 0x74, 0x20, 0xE7, 0x3A, 0x74,
  0xA4, 0xE1, 0x08, 0x42, 0x10, 0x84, 0x21, 0x08, 0x42, 0x10, 0x84, 0x21, 0x08, 0x42, 0x10, 0x84, 0x29, 0x4A, 0x52, 0x94, 0xA5, 0x29, 0x4A, 0x52,
  0x95, 0xAD, 0x6B, 0x5A, 0xD6, 0xDD, 0xED, 0xB1, 0x6B, 0x62, 0xD6, 0xB6, 0x31, 0x8C, 0x63, 0x18, 0xC6, 0x73, 0x9C, 0xE7, 0x39, 0xCE, 0xF7, 0xBD,
  0xEF, 0x7C, 0xE7, 0xBD, 0xDE, 0x73, 0x9E, 0xEF, 0x7B, 0xFF, 0xFF, 0xFF, 0xFF, 0xFF, 0xFF, 0xFF, 0xFF, 0xFF, 0xFF, 0xFF, 0xFF, 0xFF, 0xFF, 0xFF,
  0xFF, 0xFF, 0xFF, 0xFF, 0xFF, 0xFF, 0xFF, 0xFF, 0xFF, 0xFF, 0xFF, 0xFF, 0xFF, 0xFF, 0xFF, 0xFF, 0xFF, 0xFF, 0xFF, 0xFF, 0xFF, 0xFF, 0xFF, 0xFF,
  0xFF, 0xFF, 0xFF, 0xFF, 0xFF, 0xFF, 0xFF, 0xFF, 0xFF, 0xFF, 0xFF, 0xFF, 0xFF, 0xFF, 0xFF, 0xFF, 0xFF, 0xFF, 0xFF, 0xFF, 0xFF, 0xFF, 0xFF, 0xFF,
  0xFF, 0xFF, 0xFF, 0xFF, 0xFF, 0xFF, 0xFF, 0xFF, 0xFF, 0xFF, 0xFF, 0xFF, 0xFF, 0xFF, 0xFF, 0xFF, 0xFF, 0xFF, 0xFF, 0xFF, 0xFF, 0xFF, 0xFF, 0xFF,
  0xFF, 0xFF, 0xFF, 0xFF, 0xFF, 0xFF, 0xFF, 0xFF, 0xFF, 0xFF, 0xFF, 0xFF, 0xFF, 0xFF, 0xFF, 0xFF, 0xFF, 0xFF, 0xFF, 0xFF, 0xFF, 0xFF, 0xFF, 0xFF,
  0xFF, 0xFF, 0xFF, 0xFF, 0xFF, 0xFF, 0xFF, 0xFF, 0xFF, 0xFF, 0xFF, 0xFF, 0xFF, 0xFF, 0xFF, 0xF7, 0xBD, 0xE7, 0x39, 0xCE, 0x73, 0x9C, 0xE7, 0x39,
  0xCD, 0xEF, 0x79, 0xCF, 0x39, 0xCC, 0xE7, 0x39, 0xCE, 0x73, 0x9C, 0x63, 0x18, 0xC6, 0x31, 0x8B, 0x5A, 0xD6, 0xB5, 0xAB, 0x5A, 0xD6, 0xB5, 0xAD,
  0x29, 0x4A, 0x52, 0x94, 0xA5, 0x29, 0x48, 0x42, 0x10, 0x84, 0x21, 0x08, 0x42, 0x10, 0x84, 0x21, 0x08, 0x42, 0x10, 0x84, 0x20, 0xE7, 0x39, 0xCE,
  0x74, 0x20, 0xE7, 0x39, 0xCE, 0x73, 0x9C, 0xE7, 0x36, 0x94, 0x83, 0x5A, 0xD7, 0x39, 0xCE, 0x73, 0x9C, 0xE7, 0x35, 0xAD, 0x6B, 0x5A, 0xD6, 0xB5,
  0xAD, 0x6B, 0x5A, 0xD6, 0xB5, 0xAD, 0x6B, 0x5A, 0xD6, 0xB5, 0xAD, 0x6B, 0x5A, 0xD6, 0xB5, 0xAD, 0x6B, 0x9C, 0xE6, 0xB5, 0xAD, 0x73, 0x9A, 0xD6,
  0xB5, 0xAD, 0x6B, 0x9A, 0xD7, 0x39, 0xCE, 0x84, 0x21, 0x07, 0x3A, 0x94, 0x9C, 0xDC, 0xE7, 0x3A, 0x10, 0x84, 0x21, 0x08, 0x42, 0x10, 0x84, 0x21,
  0x08, 0x42, 0x10, 0x84, 0x21, 0x08, 0x52, 0x94, 0xA5, 0x29, 0x4A, 0x52, 0x94, 0xAD, 0x6B, 0x5A, 0xD7, 0xBD, 0xB5, 0xAD, 0x6B, 0x72, 0xD6, 0xB5,
  0xB1, 0x8C, 0x63, 0x18, 0xC6, 0x31, 0x9C, 0xE7, 0x39, 0xCE, 0x77, 0xBD, 0xEF, 0x7B, 0xF7, 0xB9, 0xCE, 0x73, 0xDE, 0xE7, 0x7B, 0xDF, 0xFF, 0xFF,
  0xFF, 0xFF, 0xFF, 0xFF, 0xFF, 0xFF, 0xFF, 0xFF, 0xFF, 0xFF, 0xFF, 0xFF, 0xFF, 0xFF, 0xFF, 0xFF, 0xFF, 0xFF, 0xFF, 0xFF, 0xFF, 0xFF, 0xFF, 0xFF,
  0xFF, 0xFF, 0xFF, 0xFF, 0xFF, 0xFF, 0xFF, 0xFF, 0xFF, 0xFF, 0xFF, 0xFF, 0xFF, 0xFF, 0xFF, 0xFF, 0xFF, 0xFF, 0xFF, 0xFF, 0xFF, 0xFF, 0xFF, 0xFF,
  0xFF, 0xFF, 0xFF, 0xFF, 0xFF, 0xFF, 0xFF, 0xFF, 0xFF, 0xFF, 0xFF, 0xFF, 0xFF, 0xFF, 0xFF, 0xFF, 0xFF, 0xFF, 0xFF, 0xFF, 0xFF, 0xFF, 0xFF, 0xFF,
  0xFF, 0xFF, 0xFF, 0xFF, 0xFF, 0xFF, 0xFF, 0xFF, 0xFF, 0xFF, 0xFF, 0xFF, 0xFF, 0xFF, 0xFF, 0xFF, 0xFF, 0xFF, 0xFF, 0xFF, 0xFF, 0xFF, 0xFF, 0xFF,
  0xFF, 0xFF, 0xFF, 0xFF, 0xFF, 0xFF, 0xFF, 0xFF, 0xFF, 0xFF, 0xFF, 0xFF, 0xFF, 0xFF, 0xFF, 0xFF, 0xFF, 0xFF, 0xFF, 0xFF, 0xFF, 0xFF, 0xFF, 0xFF,
  0xFF, 0xFF, 0xFE, 0xF7, 0xBC, 0xE7, 0x39, 0xCE, 0x73, 0x9C, 0xE7, 0x39, 0xCD, 0xE7, 0x39, 0xCF, 0x39, 0x9C, 0xE7, 0x39, 0xCE, 0x73, 0x8C, 0x63,
  0x18, 0xC6, 0x2D, 0x6B, 0x5A, 0xD6, 0xAD, 0x6B, 0x5A, 0xD6, 0xB4, 0xA5, 0x29, 0x4A, 0x52, 0x94, 0xA5, 0x21, 0x08, 0x42, 0x10, 0x84, 0x21, 0x08,
  0x42, 0x10, 0x84, 0x21, 0x08, 0x42, 0x10, 0x74, 0x5C, 0xE7, 0x39, 0xCE, 0x74, 0x20, 0xE7, 0x39, 0xCE, 0x73, 0x9C, 0xD6, 0xC2, 0x13, 0xAD, 0x1A,
  0xD6, 0xB5, 0xCE, 0x73, 0x9C, 0xE7, 0x35, 0xAD, 0x6B, 0x5A, 0xD6, 0xB5, 0xAD, 0x63, 0x18, 0xD6, 0xB5, 0x8C, 0x63, 0x18, 0xC6, 0x31, 0x8C, 0x6B,
  0x5A, 0xD6, 0xB5, 0xAD, 0x6B, 0x5A, 0xD6, 0xB5, 0xAD, 0x6B, 0x5A, 0xD6, 0xB5, 0xAE, 0x6B, 0x5A, 0xD6, 0xB5, 0xAD, 0x73, 0x9C, 0xE8, 0x42, 0x9A,
  0x9B, 0x9C, 0xE7, 0x39, 0xCE, 0x74, 0x21, 0x08, 0x42, 0x10, 0x84, 0x21, 0x08, 0x42, 0x10, 0x84, 0x21, 0x08, 0x42, 0x14, 0xA5, 0x29, 0x5A, 0xD2,
  0x94, 0xA5, 0x2B, 0x5A, 0xD6, 0xB7, 0xAD, 0xAD, 0x6B, 0x5A, 0xD6, 0xB5, 0xAD, 0x6C, 0x63, 0x18, 0xC6, 0x31, 0x8C, 0xE7, 0x39, 0xCE, 0x73, 0x9D,
  0xEF, 0x7E, 0xF6, 0xF9, 0xCE, 0x7B, 0xDC, 0xE7, 0x3B, 0xDE, 0xFF, 0xFF, 0xFF, 0xFF, 0xFF, 0xFF, 0xFF, 0xFF, 0xFF, 0xFF, 0xFF, 0xFF, 0xFF, 0xFF,
  0xFF, 0xFF, 0xFF, 0xFF, 0xFF, 0xFF, 0xFF, 0xFF, 0xFF, 0xFF, 0xFF, 0xFF, 0xFF, 0xFF, 0xFF, 0xFF, 0xFF, 0xFF, 0xFF, 0xFF, 0xFF, 0xFF, 0xFF, 0xFF,
  0xFF, 0xFF, 0xFF, 0xFF, 0xFF, 0xFF, 0xFF, 0xFF, 0xFF, 0xFF, 0xFF, 0xFF, 0xFF, 0xFF, 0xFF, 0xFF, 0xFF, 0xFF, 0xFF, 0xFF, 0xFF, 0xFF, 0xFF, 0xFF,
  0xFF, 0xFF, 0xFF, 0xFF, 0xFF, 0xFF, 0xFF, 0xFF, 0xFF, 0xFF, 0xFF, 0xFF, 0xFF, 0xFF, 0xFF, 0xFF, 0xFF, 0xFF, 0xFF, 0xFF, 0xFF, 0xFF, 0xFF, 0xFF,
  0xFF, 0xFF, 0xFF, 0xFF, 0xFF, 0xFF, 0xFF, 0xFF, 0xFF, 0xFF, 0xFF, 0xFF, 0xFF, 0xFF, 0xFF, 0xFF, 0xFF, 0xFF, 0xFF, 0xFF, 0xFF, 0xFF, 0xFF, 0xFF,
  0xFF, 0xFF, 0xFF, 0xFF, 0xFF, 0xFF, 0xFF, 0xFF, 0xFF, 0xFF, 0xFF, 0xFF, 0xFF, 0xFF, 0xDE, 0xF3, 0x9C, 0xE7, 0x39, 0xCE, 0x73, 0x9C, 0xE7, 0x39,
  0xCC, 0xE7, 0x39, 0xCE, 0x73, 0x9C, 0xE7, 0x39, 0xCE, 0x31, 0x8C, 0x63, 0x16, 0xB5, 0xAD, 0x6B, 0x5A, 0xB5, 0xAD, 0x6B, 0x5A, 0xD2, 0x94, 0xA5,
  0x29, 0x4A, 0x52, 0x94, 0x84, 0x21, 0x08, 0x42, 0x10, 0x84, 0x21, 0x08, 0x42, 0x10, 0x84, 0x21, 0x08, 0x39, 0xCE, 0x73, 0x9C, 0xE7, 0x3A, 0x10,
  0x73, 0x9C, 0xE7, 0x35, 0xAD, 0x6B, 0x5A, 0xD6, 0xB5, 0xAD, 0x74, 0xEE, 0xE6, 0xB5, 0xAD, 0x6B, 0x5A, 0xD6, 0xB5, 0x8C, 0x63, 0x18, 0xC6, 0x31,
  0x8C, 0x63, 0x5A, 0xD6, 0xB1, 0x8C, 0x63, 0x18, 0xC6, 0x31, 0x8C, 0x63, 0x18, 0xC6, 0x31, 0x8C, 0x63, 0x18, 0xD6, 0x35, 0xAD, 0x6B, 0x5A, 0xD6,
  0xB5, 0xAD, 0x6B, 0x5A, 0xD6, 0xB5, 0xAD, 0x73, 0x9C, 0xE7, 0x3A, 0x77, 0x9B, 0x9C, 0xE7, 0x39, 0xCE, 0x73, 0x9C, 0xE8, 0x42, 0x10, 0x84, 0x21,
  0x08, 0x42, 0x10, 0x84, 0x21, 0x08, 0x42, 0x31, 0x85, 0x29, 0x4A, 0x52, 0x94, 0xA5, 0x29, 0x5A, 0xD6, 0xB5, 0xAD, 0x6B, 0x6B, 0x5A, 0xD6, 0xB6,
  0x31, 0x8C, 0x5B, 0x18, 0xC6, 0x79, 0x8C, 0x67, 0x39, 0xCE, 0x73, 0x9C, 0xEF, 0xBE, 0xE6, 0xF7, 0xCF, 0x7B, 0x9C, 0xE7, 0x39, 0xCE, 0xF7, 0xFF,
  0xFF, 0xFF, 0xFF, 0xFF, 0xFF, 0xFF, 0xFF, 0xFF, 0xFF, 0xFF, 0xFF, 0xFF, 0xFF, 0xFF, 0xFF, 0xFF, 0xFF, 0xFF, 0xFF, 0xFF, 0xFF, 0xFF, 0xFF, 0xFF,
  0xFF, 0xFF, 0xFF, 0xFF, 0xFF, 0xFF, 0xFF, 0xFF, 0xFF, 0xFF, 0xFF, 0xFF, 0xFF, 0xFF, 0xFF, 0xFF, 0xFF, 0xFF, 0xFF, 0xFF, 0xFF, 0xFF, 0xFF, 0xFF,
  0xFF, 0xFF, 0xFF, 0xFF, 0xFF, 0xFF, 0xFF, 0xFF, 0xFF, 0xFF, 0xFF, 0xFF, 0xFF, 0xFF, 0xFF, 0xFF, 0xFF, 0xFF, 0xFF, 0xFF, 0xFF, 0xFF, 0xFF, 0xFF,
  0xFF, 0xFF, 0xFF, 0xFF, 0xFF, 0xFF, 0xFF, 0xFF, 0xFF, 0xFF, 0xFF, 0xFF, 0xFF, 0xFF, 0xFF, 0xFF, 0xFF, 0xFF, 0xFF, 0xFF, 0xFF, 0xFF, 0xFF, 0xFF,
  0xFF, 0xFF, 0xFF, 0xFF, 0xFF, 0xFF, 0xFF, 0xFF, 0xFF, 0xFF, 0xFF, 0xFF, 0xFF, 0xFF, 0xFF, 0xFF, 0xFF, 0xFF, 0xFF, 0xFF, 0xFF, 0xFF, 0xFF, 0xFF,
  0xFF, 0x7B, 0xDE, 0x73, 0x9C, 0xE7, 0x39, 0xCD, 0xEF, 0x9C, 0xE7, 0x39, 0xCC, 0xE7, 0x39, 0xCE, 0x73, 0x9C, 0xE7, 0x39, 0xC6, 0x31, 0x8C, 0x63,
  0x16, 0xB5, 0xAD, 0x6A, 0xD6, 0xB5, 0xAD, 0x6B, 0x4A, 0x52, 0x94, 0xA5, 0x29, 0x4A, 0x52, 0x10, 0x84, 0x21, 0x08, 0x42, 0x10, 0x84, 0x21, 0x08,
  0x42, 0x10, 0x84, 0x21, 0x08, 0x41, 0xCE, 0x73, 0x9C, 0xE7, 0x41, 0xCE, 0x73, 0x5A, 0xD6, 0xB5, 0xAD, 0x6B, 0x5A, 0xD6, 0xB5, 0xCE, 0x6B, 0x67,
  0x59, 0xB5, 0x8C, 0x63, 0x18, 0xD6, 0xB5, 0x8C, 0x63, 0x18, 0xC6, 0x31, 0x8C, 0x6B, 0x5A, 0xD6, 0xB1, 0x8C, 0x63, 0x18, 0xC6, 0x31, 0x8C, 0x63,
  0x18, 0xC6, 0x31, 0x8C, 0x63, 0x1A, 0xD6, 0x31, 0x8C, 0x63, 0x18, 0xC6, 0xB5, 0xAD, 0x6B, 0x5A, 0xD6, 0xB5, 0xAD, 0x6B, 0x9C, 0xE6, 0xB6, 0x74,
  0xA4, 0x1C, 0xE7, 0x39, 0xCE, 0x73, 0x9C, 0xE7, 0x3A, 0x10, 0x84, 0x21, 0x08, 0x42, 0x10, 0x84, 0x21, 0x08, 0x42, 0x10, 0x84, 0x21, 0x4A, 0x52,
  0x94, 0xA5, 0x29, 0x4A, 0xD2, 0xB5, 0xAD, 0x6B, 0x5A, 0xDA, 0xD6, 0xB6, 0x31, 0x8B, 0x5A, 0xD8, 0xC7, 0x39, 0x8C, 0x63, 0x19, 0xCE, 0x73, 0x9C,
  0xFB, 0xDC, 0xDF, 0xBD, 0xEE, 0xF3, 0x9C, 0xE7, 0x39, 0xEE, 0xF7, 0xBD, 0xFF, 0xFF, 0xFF, 0xFF, 0xFF, 0xFF, 0xFF, 0xFF, 0xFF, 0xFF, 0xFF, 0xFF,
  0xFF, 0xFF, 0xFF, 0xFF, 0xFF, 0xFF, 0xFF, 0xFF, 0xFF, 0xFF, 0xFF, 0xFF, 0xFF, 0xFF, 0xFF, 0xFF, 0xFF, 0xFF, 0xFF, 0xFF, 0xFF, 0xFF, 0xFF, 0xFF,
  0xFF, 0xFF, 0xFF, 0xFF, 0xFF, 0xFF, 0xFF, 0xFF, 0xFF, 0xFF, 0xFF, 0xFF, 0xFF, 0xFF, 0xFF, 0xFF, 0xFF, 0xFF, 0xFF, 0xFF, 0xFF, 0xFF, 0xFF, 0xFF,
  0xFF, 0xFF, 0xFF, 0xFF, 0xFF, 0xFF, 0xFF, 0xFF, 0xFF, 0xFF, 0xFF, 0xFF, 0xFF, 0xFF, 0xFF, 0xFF, 0xFF, 0xFF, 0xFF, 0xFF, 0xFF, 0xFF, 0xFF, 0xFF,
  0xFF, 0xFF, 0xFF, 0xFF, 0xFF, 0xFF, 0xFF, 0xFF, 0xFF, 0xFF, 0xFF, 0xFF, 0xFF, 0xFF, 0xFF, 0xFF, 0xFF, 0xFF, 0xFF, 0xFF, 0xFF, 0xFF, 0xFF, 0xFF,
  0xFF, 0xFF, 0xFF, 0xFF, 0xFF, 0xFF, 0xFF, 0xFF, 0xFF, 0xFF, 0xFF, 0xFF, 0xEF, 0x7B, 0xCE, 0x73, 0x9C, 0xE7, 0x39, 0xBD, 0xEF, 0x9C, 0xE7, 0x39,
  0x9C, 0xE7, 0x99, 0xCE, 0x73, 0x9C, 0xE7, 0x18, 0xC6, 0x31, 0x8C, 0x63, 0x16, 0xB5, 0xAD, 0x5A, 0xD6, 0xB5, 0xAD, 0x29, 0x4A, 0x52, 0x94, 0xA5,
  0x29, 0x48, 0x42, 0x10, 0x84, 0x21, 0x08, 0x42, 0x10, 0x84, 0x21, 0x08, 0x42, 0x10, 0x73, 0x9D, 0x07, 0x41, 0xD0, 0x74, 0x1C, 0xE7, 0x39, 0xAD,
  0x6B, 0x5A, 0xD6, 0xB5, 0xAD, 0x6B, 0x60, 0xD6, 0xB5, 0xAD, 0x6B, 0x5A, 0xD9, 0xEA, 0x2C, 0x63, 0x18, 0xD6, 0xB1, 0x8C, 0x63, 0x18, 0xC6, 0x31,
  0x8C, 0x6B, 0x5A, 0xC6, 0x31, 0x8C, 0x63, 0x18, 0xC6, 0x31, 0x8C, 0x63, 0x18, 0xC6, 0x31, 0x8C, 0x63, 0x18, 0xC6, 0x45, 0x8C, 0x63, 0x1A, 0xC6,
  0x31, 0x8C, 0x63, 0x5A, 0xD6, 0xB5, 0xAD, 0x6B, 0x5C, 0xE6, 0xB6, 0x74, 0x9C, 0xDA, 0xE7, 0x39, 0xD0, 0x83, 0x9C, 0xE7, 0x39, 0xCE, 0x74, 0x21,
  0x08, 0x42, 0x10, 0x84, 0x21, 0x08, 0x42, 0x10, 0x84, 0x23, 0x08, 0x52, 0x94, 0xA5, 0xE9, 0x4A, 0x52, 0x94, 0xAD, 0x6B, 0x5A, 0xD6, 0xD6, 0xB5,
  0xAD, 0x6B, 0x5A, 0xD6, 0xB6, 0x31, 0x8C, 0x63, 0x18, 0xCE, 0x73, 0x9F, 0x7B, 0x9E, 0xF7, 0xB7, 0xBD, 0xEF, 0x9C, 0xE7, 0x3B, 0xDE, 0x73, 0xBD,
  0xEF, 0xFF, 0xFF, 0xFF, 0xFF, 0xFF, 0xFF, 0xFF, 0xFF, 0xFF, 0xFF, 0xFF, 0xFF, 0xFF, 0xFF, 0xFF, 0xFF, 0xFF, 0xFF, 0xFF, 0xFF, 0xFF, 0xFF, 0xFF,
  0xFF, 0xFF, 0xFF, 0xFF, 0xFF, 0xFF, 0xFF, 0xFF, 0xFF, 0xFF, 0xFF, 0xFF, 0xFF, 0xFF, 0xFF, 0xFF, 0xFF, 0xFF, 0xFF, 0xFF, 0xFF, 0xFF, 0xFF, 0xFF,
  0xFF, 0xFF, 0xFF, 0xFF, 0xFF, 0xFF, 0xFF, 0xFF, 0xFF, 0xFF, 0xFF, 0xFF, 0xFF, 0xFF, 0xFF, 0xFF, 0xFF, 0xFF, 0xFF, 0xFF, 0xFF, 0xFF, 0xFF, 0xFF,
  0xFF, 0xFF, 0xFF, 0xFF, 0xFF, 0xFF, 0xFF, 0xFF, 0xFF, 0xFF, 0xFF, 0xFF, 0xFF, 0xFF, 0xFF, 0xFF, 0xFF, 0xFF, 0xFF, 0xFF, 0xFF, 0xFF, 0xFF, 0xFF,
  0xFF, 0xFF, 0xFF, 0xFF, 0xFF, 0xFF, 0xFF, 0xFF, 0xFF, 0xFF, 0xFF, 0xFF, 0xFF, 0xFF, 0xFF, 0xFF, 0xFF, 0xFF, 0xFF, 0xFF, 0xFF, 0xFF, 0xFF, 0xFE,
  0xEF, 0x79, 0xCE, 0x73, 0x9C, 0xE7, 0x37, 0xBD, 0xEF, 0x9C, 0xE7, 0x39, 0xCC, 0xE7, 0x39, 0xCE, 0x73, 0x9C, 0xE3, 0x18, 0xC6, 0x31, 0x8C, 0x5A,
  0xD6, 0xB5, 0x6B, 0x5A, 0xD6, 0xB5, 0xA5, 0x29, 0x4A, 0x52, 0x94, 0xA5, 0x21, 0x08, 0x42, 0x10, 0x84, 0x21, 0x08, 0x42, 0x10, 0x84, 0x21, 0x08,
  0x41, 0xCE, 0x73, 0xA1, 0x07, 0x3A, 0x0E, 0x73, 0x9C, 0xD6, 0xC1, 0xAD, 0x6B, 0x5A, 0xD6, 0xB5, 0xAD, 0x6B, 0x5A, 0xC6, 0xB5, 0xAD, 0x6B, 0x5A,
  0xD6, 0xC2, 0x94, 0x73, 0x18, 0xD6, 0x31, 0x8C, 0x63, 0x18, 0xC6, 0x31, 0x8C, 0x63, 0x18, 0xC6, 0x31, 0x8C, 0x63, 0x18, 0xC6, 0x31, 0x8C, 0x63,
  0x18, 0xC6, 0x31, 0x8C, 0x63, 0x58, 0xC6, 0x31, 0x8C, 0x63, 0x58, 0xC6, 0x31, 0x8C, 0x63, 0x18, 0xC6, 0x31, 0xAD, 0x6B, 0x5A, 0xD8, 0x4E, 0x75,
  0x9C, 0x5A, 0xD6, 0xB5, 0xCE, 0x73, 0x9C, 0xE7, 0x39, 0xCE, 0x73, 0x9D, 0x08, 0x42, 0x10, 0x84, 0x21, 0x08, 0x42, 0x10, 0x84, 0x21, 0x18, 0x42,
  0x15, 0xBD, 0x29, 0x4A, 0x52, 0x94, 0xA5, 0x6B, 0x5A, 0xD6, 0xB5, 0xB5, 0xAD, 0x6B, 0x5A, 0xD6, 0xB5, 0xB1, 0x8C, 0x63, 0x18, 0xC6, 0x33, 0xEF,
  0x73, 0xDE, 0xCE, 0xF7, 0xBD, 0xEF, 0x7C, 0xE7, 0x39, 0xCE, 0x73, 0x9D, 0xEF, 0x7F, 0xFF, 0xFF, 0xFF, 0xFF, 0xFF, 0xFF, 0xFF, 0xFF, 0xFF, 0xFF,
  0xFF, 0xFF, 0xFF, 0xFF, 0xFF, 0xFF, 0xFF, 0xFF, 0xFF, 0xFF, 0xFF, 0xFF, 0xFF, 0xFF, 0xFF, 0xFF, 0xFF, 0xFF, 0xFF, 0xFF, 0xFF, 0xFF, 0xFF, 0xFF,
  0xFF, 0xFF, 0xFF, 0xFF, 0xFF, 0xFF, 0xFF, 0xFF, 0xFF, 0xFF, 0xFF, 0xFF, 0xFF, 0xFF, 0xFF, 0xFF, 0xFF, 0xFF, 0xFF, 0xFF, 0xFF, 0xFF, 0xFF, 0xFF,
  0xFF, 0xFF, 0xFF, 0xFF, 0xFF, 0xFF, 0xFF, 0xFF, 0xFF, 0xFF, 0xFF, 0xFF, 0xFF, 0xFF, 0xFF, 0xFF, 0xFF, 0xFF, 0xFF, 0xFF, 0xFF, 0xFF, 0xFF, 0xFF,
  0xFF, 0xFF, 0xFF, 0xFF, 0xFF, 0xFF, 0xFF, 0xFF, 0xFF, 0xFF, 0xFF, 0xFF, 0xFF, 0xFF, 0xFF, 0xFF, 0xFF, 0xFF, 0xFF, 0xFF, 0xFF, 0xFF, 0xFF, 0xFF,
  0xFF, 0xFF, 0xFF, 0xFF, 0xFF, 0xFF, 0xFF, 0xFF, 0xFF, 0xFF, 0xFF, 0xBE, 0xEF, 0x39, 0xCE, 0x73, 0x9C, 0xE6, 0xF7, 0xBD, 0xEF, 0x9C, 0xE7, 0x39,
  0xCC, 0xE7, 0x39, 0xCE, 0x73, 0x9C, 0x63, 0x18, 0xC6, 0x31, 0x8B, 0x5A, 0xD6, 0xAD, 0x6B, 0x5A, 0xD6, 0x94, 0xA5, 0x29, 0x4A, 0x52, 0x94, 0x84,
  0x21, 0x08, 0x42, 0x10, 0x84, 0x21, 0x08, 0x42, 0x10, 0x84, 0x20, 0xE7, 0x39, 0xCE, 0x73, 0xA1, 0x08, 0x39, 0xCE, 0x6B, 0x5A, 0xD6, 0xB5, 0xCD,
  0x6B, 0x5A, 0xD6, 0xB5, 0xAD, 0x63, 0x18, 0xD6, 0xB5, 0xAD, 0x6B, 0x5A, 0xD6, 0xB1, 0x90, 0xEB, 0x18, 0xC6, 0x31, 0x8C, 0x62, 0xE2, 0xB5, 0xAD,
  0x6C, 0x63, 0x16, 0xB5, 0xAD, 0x6B, 0x5A, 0xD6, 0xB5, 0xAD, 0x6B, 0x63, 0x18, 0xC5, 0xB1, 0x6B, 0x63, 0x18, 0xC6, 0x31, 0x8C, 0x63, 0x18, 0xC6,
  0x35, 0x8C, 0x63, 0x18, 0xC6, 0x31, 0x8C, 0x63, 0x1B, 0x19, 0xD3, 0x53, 0x9B, 0x5A, 0xD6, 0xB5, 0xAD, 0x6B, 0x9C, 0xE7, 0x39, 0xCE, 0x73, 0x9C,
  0xE7, 0x3A, 0x10, 0x84, 0x21, 0x08, 0x42, 0x10, 0x84, 0x21, 0x08, 0x46, 0x11, 0x85, 0x29, 0x4A, 0x52, 0x94, 0xA5, 0x29, 0x5A, 0xD6, 0xB5, 0xAD,
  0xAD, 0x6B, 0x5A, 0xD6, 0xB5, 0xAD, 0x8C, 0x63, 0x18, 0xC7, 0x7D, 0xEC, 0xFB, 0xDC, 0xCE, 0x77, 0xBD, 0xEF, 0xBC, 0xE7, 0x39, 0xCE, 0x73, 0x9C,
  0xEF, 0x7B, 0xFF, 0xFF, 0xFF, 0xFF, 0xFF, 0xFF, 0xFF, 0xFF, 0xFF, 0xFF, 0xFF, 0xFF, 0xFF, 0xFF, 0xFF, 0xFF, 0xFF, 0xFF, 0xFF, 0xFF, 0xFF, 0xFF,
  0xFF, 0xFF, 0xFF, 0xFF, 0xFF, 0xFF, 0xFF, 0xFF, 0xFF, 0xFF, 0xFF, 0xFF, 0xFF, 0xFF, 0xFF, 0xFF, 0xFF, 0xFF, 0xFF, 0xFF, 0xFF, 0xFF, 0xFF, 0xFF,
  0xFF, 0xFF, 0xFF, 0xFF, 0xFF, 0xFF, 0xFF, 0xFF, 0xFF, 0xFF, 0xFF, 0xFF, 0xFF, 0xFF, 0xFF, 0xFF, 0xFF, 0xFF, 0xFF, 0xFF, 0xFF, 0xFF, 0xFF, 0xFF,
  0xFF, 0xFF, 0xFF, 0xFF, 0xFF, 0xFF, 0xFF, 0xFF, 0xFF, 0xFF, 0xFF, 0xFF, 0xFF, 0xFF, 0xFF, 0xFF, 0xFF, 0xFF, 0xFF, 0xFF, 0xFF, 0xFF, 0xFF, 0xFF,
  0xFF, 0xFF, 0xFF, 0xFF, 0xFF, 0xFF, 0xFF, 0xFF, 0xFF, 0xFF, 0xFF, 0xFF, 0xFF, 0xFF, 0xFF, 0xFF, 0xFF, 0xFF, 0xFF, 0xFF, 0xFF, 0xFF, 0xF7, 0xBD,
  0xE7, 0x39, 0xCE, 0x73, 0x9C, 0xDE, 0xF7, 0xBE, 0x73, 0x9C, 0xE7, 0x39, 0x9C, 0xE3, 0x39, 0xCE, 0x71, 0x8C, 0x63, 0x18, 0xC6, 0x2D, 0x6B, 0x5A,
  0xB5, 0xAD, 0x6B, 0x5A, 0x52, 0x94, 0xA5, 0x29, 0x4A, 0x52, 0x90, 0x84, 0x23, 0x08, 0x42, 0x10, 0x84, 0x21, 0x08, 0x42, 0x10, 0x83, 0x9C, 0xE7,
  0x39, 0xCE, 0x73, 0x9C, 0xE7, 0x39, 0xCD, 0x6B, 0x5A, 0xD6, 0xB5, 0xAD, 0x6B, 0x5A, 0xC6, 0x31, 0x8C, 0x63, 0x5A, 0xD6, 0xB5, 0xAD, 0x6B, 0x18,
  0xC6, 0x31, 0x8C, 0x9F, 0x58, 0xB5, 0xAD, 0x6B, 0x5C, 0x61, 0x05, 0xAD, 0x8C, 0x62, 0xD6, 0xB5, 0xAD, 0x6B, 0x5A, 0xD6, 0xB5, 0xAD, 0x6B, 0x63,
  0x18, 0xC6, 0x31, 0x8C, 0x62, 0xD6, 0xB5, 0xAD, 0x6B, 0x63, 0x18, 0xC6, 0x31, 0x8C, 0x63, 0x18, 0xD6, 0x31, 0x8C, 0x63, 0x19, 0x4D, 0x52, 0x73,
  0x6B, 0x5A, 0xD6, 0xB5, 0xAD, 0x6B, 0x5A, 0xD7, 0x39, 0xCE, 0x73, 0x9C, 0xE7, 0x39, 0xCE, 0x84, 0x21, 0x08, 0x42, 0x10, 0x84, 0x21, 0x08, 0x42,
  0x11, 0x8C, 0x29, 0x4A, 0x52, 0x94, 0xA5, 0x29, 0x4A, 0x56, 0xB5, 0xAD, 0x6B, 0x6B, 0x5A, 0xD6, 0xB5, 0xAD, 0x6B, 0x63, 0x1D, 0xF7, 0xBB, 0x8F,
  0x7B, 0x39, 0xCE, 0x73, 0x9E, 0x7B, 0xBB, 0xDF, 0x39, 0xCE, 0x73, 0x9C, 0xE7, 0x7B, 0xDF, 0xFF, 0xFF, 0xFF, 0xFF, 0xFF, 0xFF, 0xFF, 0xFF, 0xFF,
  0xFF, 0xFF, 0xFF, 0xFF, 0xFF, 0xFF, 0xFF, 0xFF, 0xFF, 0xFF, 0xFF, 0xFF, 0xFF, 0xFF, 0xFF, 0xFF, 0xFF, 0xFF, 0xFF, 0xFF, 0xFF, 0xFF, 0xFF, 0xFF,
  0xFF, 0xFF, 0xFF, 0xFF, 0xFF, 0xFF, 0xFF, 0xFF, 0xFF, 0xFF, 0xFF, 0xFF, 0xFF, 0xFF, 0xFF, 0xFF, 0xFF, 0xFF, 0xFF, 0xFF, 0xFF, 0xFF, 0xFF, 0xFF,
  0xFF, 0xFF, 0xFF, 0xFF, 0xFF, 0xFF, 0xFF, 0xFF, 0xFF, 0xFF, 0xFF, 0xFF, 0xFF, 0xFF, 0xFF, 0xFF, 0xFF, 0xFF, 0xFF, 0xFF, 0xFF, 0xFF, 0xFF, 0xFF,
  0xFF, 0xFF, 0xFF, 0xFF, 0xFF, 0xFF, 0xFF, 0xFF, 0xFF, 0xFF, 0xFF, 0xFF, 0xFF, 0xFF, 0xFF, 0xFF, 0xFF, 0xFF, 0xFF, 0xFF, 0xFF, 0xFF, 0xFF, 0xFF,
  0xFF, 0xFF, 0xFF, 0xFF, 0xFF, 0xFF, 0xFF, 0xFF, 0xFF, 0xFE, 0xF7, 0xDC, 0xE7, 0x39, 0xCE, 0x73, 0x7B, 0xDE, 0xF9, 0xCE, 0x73, 0x9C, 0xE6, 0x73,
  0x9C, 0x63, 0x39, 0xCE, 0x31, 0x6C, 0x63, 0x18, 0xC5, 0xAD, 0x6B, 0x56, 0xB5, 0xAD, 0x6B, 0x4A, 0x52, 0x94, 0xA5, 0x29, 0x4A, 0x42, 0x10, 0x84,
  0x21, 0x08, 0x42, 0x10, 0x84, 0x21, 0x08, 0x42, 0x0E, 0x73, 0x9C, 0xE7, 0x39, 0xCE, 0x73, 0x9C, 0xE7, 0x39, 0xCD, 0x6B, 0x5A, 0xD6, 0xB5, 0xAD,
  0x63, 0x18, 0xC6, 0x31, 0x8C, 0x63, 0x5A, 0xD6, 0xB5, 0x8C, 0x63, 0x18, 0xC5, 0xAD, 0x6C, 0x5D, 0x34, 0xB5, 0xAD, 0x6B, 0x64, 0xE3, 0x15, 0xB1,
  0x8C, 0x5A, 0xD6, 0xB5, 0xAD, 0x6B, 0x5A, 0xD6, 0xB5, 0xAD, 0x6B, 0x5A, 0xD8, 0xC6, 0x31, 0x8B, 0x62, 0xD6, 0xB5, 0xAD, 0x6B, 0x5A, 0xD6, 0xC5,
  0xAD, 0x8C, 0x63, 0x18, 0xC6, 0x31, 0x8C, 0x63, 0x19, 0x4D, 0x52, 0x6C, 0x63, 0x5A, 0xD6, 0xB5, 0xAD, 0x6B, 0x5A, 0xE6, 0xB5, 0xAE, 0x74, 0x20,
  0xE7, 0x39, 0xCE, 0x73, 0xA1, 0x08, 0x42, 0x10, 0x84, 0x21, 0x08, 0x42, 0x31, 0x84, 0x21, 0x0A, 0x52, 0x94, 0xA5, 0x29, 0x4A, 0x52, 0xB5, 0xAD,
  0x6B, 0x5B, 0x5A, 0xD6, 0xB5, 0xAD, 0x6B, 0x63, 0xDE, 0xEE, 0x31, 0xEF, 0x63, 0x39, 0xCE, 0x73, 0xCE, 0xEF, 0x7B, 0xDE, 0xF7, 0xCE, 0x73, 0x9C,
  0xE7, 0x3B, 0xDE, 0xFF, 0xFF, 0xFF, 0xFF, 0xFF, 0xFF, 0xFF, 0xFF, 0xFF, 0xFF, 0xFF, 0xFF, 0xFF, 0xFF, 0xFF, 0xFF, 0xFF, 0xFF, 0xFF, 0xFF, 0xFF,
  0xFF, 0xFF, 0xFF, 0xFF, 0xFF, 0xFF, 0xFF, 0xFF, 0xFF, 0xFF, 0xFF, 0xFF, 0xFF, 0xFF, 0xFF, 0xFF, 0xFF, 0xFF, 0xFF, 0xFF, 0xFF, 0xFF, 0xFF, 0xFF,
  0xFF, 0xFF, 0xFF, 0xFF, 0xFF, 0xFF, 0xFF, 0xFF, 0xFF, 0xFF, 0xFF, 0xFF, 0xFF, 0xFF, 0xFF, 0xFF, 0xFF, 0xFF, 0xFF, 0xFF, 0xFF, 0xFF, 0xFF, 0xFF,
  0xFF, 0xFF, 0xFF, 0xFF, 0xFF, 0xFF, 0xFF, 0xFF, 0xFF, 0xFF, 0xFF, 0xFF, 0xFF, 0xFF, 0xFF, 0xFF, 0xFF, 0xFF, 0xFF, 0xFF, 0xFF, 0xFF, 0xFF, 0xFF,
  0xFF, 0xFF, 0xFF, 0xFF, 0xFF, 0xFF, 0xFF, 0xFF, 0xFF, 0xFF, 0xFF, 0xFF, 0xFF, 0xFF, 0xFF, 0xFF, 0xFF, 0xFF, 0xFF, 0xFF, 0xFF, 0xDE, 0xFB, 0xBD,
  0xE7, 0x39, 0xCE, 0x6F, 0x7B, 0xDF, 0x39, 0xCE, 0x73, 0x9C, 0xCE, 0x73, 0x9C, 0x63, 0x19, 0xC6, 0x2D, 0x6C, 0x62, 0xD6, 0xB5, 0xAD, 0x5A, 0xD6,
  0xB5, 0xAD, 0x29, 0x4A, 0x52, 0x94, 0xA5, 0x29, 0x08, 0x42, 0x30, 0x84, 0x21, 0x08, 0x42, 0x11, 0x84, 0x21, 0x08, 0x39, 0xCE, 0x73, 0x9C, 0xE7,
  0x39, 0xCE, 0x6B, 0x5A, 0xE7, 0x39, 0xAD, 0x6B, 0x5A, 0xD6, 0xB1, 0x8C, 0x63, 0x18, 0xC6, 0x31, 0x8C, 0x6B, 0x58, 0xC6, 0x31, 0x8C, 0x62, 0xD8,
  0xC5, 0xAD, 0x6B, 0x5A, 0xF5, 0x35, 0xAD, 0x6C, 0x9C, 0x67, 0x17, 0x31, 0x8C, 0x5A, 0xD6, 0xB5, 0xAD, 0x6B, 0x5A, 0xD6, 0xB5, 0xAD, 0x6B, 0x5A,
  0xD6, 0xC6, 0x31, 0x8B, 0x62, 0xD6, 0xB5, 0xAD, 0x6B, 0x5A, 0xD6, 0xB5, 0xAD, 0x6B, 0x5A, 0xD6, 0xC6, 0x31, 0x8C, 0x63, 0x19, 0x3A, 0x52, 0x6C,
  0x63, 0x18, 0xC6, 0xB5, 0xAD, 0x6B, 0x5C, 0xD6, 0xB5, 0xAD, 0x6B, 0x9C, 0xE7, 0x39, 0xD0, 0x84, 0x20, 0xE8, 0x42, 0x10, 0x84, 0x21, 0x08, 0x42,
  0x30, 0x84, 0x21, 0x08, 0x42, 0x94, 0xA5, 0x29, 0x4A, 0x52, 0x94, 0xAD, 0x6B, 0x5A, 0xD6, 0xD6, 0xB5, 0xAD, 0x6E, 0xFB, 0xD8, 0xC6, 0x3D, 0xEC,
  0x63, 0x19, 0xCE, 0x73, 0x9C, 0xE7, 0x7B, 0xDE, 0xF7, 0xBE, 0x73, 0x9C, 0xE7, 0x39, 0xDE, 0xF7, 0xFF, 0xFF, 0xFF, 0xFF, 0xFF, 0xFF, 0xFF, 0xFF,
  0xFF, 0xFF, 0xFF, 0xFF, 0xFF, 0xFF, 0xFF, 0xFF, 0xFF, 0xFF, 0xFF, 0xFF, 0xFF, 0xFF, 0xFF, 0xFF, 0xFF, 0xFF, 0xFF, 0xFF, 0xFF, 0xFF, 0xFF, 0xFF,
  0xFF, 0xFF, 0xFF, 0xFF, 0xFF, 0xFF, 0xFF, 0xFF, 0xFF, 0xFF, 0xFF, 0xFF, 0xFF, 0xFF, 0xFF, 0xFF, 0xFF, 0xFF, 0xFF, 0xFF, 0xFF, 0xFF, 0xFF, 0xFF,
  0xFF, 0xFF, 0xFF, 0xFF, 0xFF, 0xFF, 0xFF, 0xFF, 0xFF, 0xFF, 0xFF, 0xFF, 0xFF, 0xFF, 0xFF, 0xFF, 0xFF, 0xFF, 0xFF, 0xFF, 0xFF, 0xFF, 0xFF, 0xFF,
  0xFF, 0xFF, 0xFF, 0xFF, 0xFF, 0xFF, 0xFF, 0xFF, 0xFF, 0xFF, 0xFF, 0xFF, 0xFF, 0xFF, 0xFF, 0xFF, 0xFF, 0xFF, 0xFF, 0xFF, 0xFF, 0xFF, 0xFF, 0xFF,
  0xFF, 0xFF, 0xFF, 0xFF, 0xFF, 0xFF, 0xFF, 0xFF, 0xFB, 0xDF, 0x73, 0x9C, 0xE7, 0x39, 0xCD, 0xEF, 0x7B, 0xDE, 0xF3, 0xCE, 0x73, 0x99, 0xCE, 0x73,
  0x9C, 0x63, 0x18, 0xB5, 0xAD, 0x6C, 0x5A, 0xD6, 0xB5, 0xAB, 0x5A, 0xD6, 0xB5, 0xA5, 0x29, 0x4A, 0x52, 0x94, 0xA4, 0x21, 0x08, 0x46, 0x10, 0x84,
  0x21, 0x08, 0x42, 0x10, 0x84, 0x60, 0xE7, 0x39, 0xCE, 0x73, 0x9C, 0xE7, 0x35, 0xAD, 0x6B, 0x5A, 0xD6, 0xB5, 0xAD, 0x6B, 0x58, 0xC6, 0x31, 0x8C,
  0x63, 0x18, 0xC6, 0x31, 0x8C, 0x63, 0x16, 0xB5, 0xAD, 0x8C, 0x62, 0xD8, 0xC6, 0x31, 0x8B, 0x5A, 0xD7, 0x48, 0xAD, 0x73, 0x84, 0x21, 0x39, 0xAD,
  0xCB, 0x52, 0x94, 0xA5, 0x29, 0x4A, 0x52, 0x94, 0xB5, 0x29, 0x4A, 0x52, 0xD6, 0xB5, 0xAD, 0x6B, 0x5A, 0xD6, 0xB5, 0xAD, 0x6B, 0x62, 0xD6, 0xC6,
  0x2D, 0x6B, 0x5B, 0x18, 0xB5, 0xAD, 0x6C, 0x63, 0x19, 0x3A, 0x56, 0x8C, 0x63, 0x18, 0xC6, 0x35, 0x8D, 0x6B, 0x5A, 0xD6, 0xB5, 0xAD, 0x73, 0x5A,
  0xD7, 0x3A, 0x10, 0x83, 0x9C, 0xE7, 0x3A, 0x10, 0x84, 0x21, 0x08, 0x42, 0x10, 0x84, 0x21, 0x08, 0x42, 0x10, 0xA5, 0x29, 0x4A, 0x52, 0x94, 0xA5,
  0x6B, 0x5A, 0xD6, 0xB6, 0xB5, 0xAD, 0xDF, 0x76, 0xD6, 0xF7, 0xBB, 0x8E, 0x77, 0xBD, 0xCE, 0x73, 0x9C, 0xE7, 0x3B, 0xDE, 0xF7, 0xBD, 0xF3, 0x9C,
  0xE7, 0x39, 0xCE, 0x77, 0xBF, 0xFF, 0xFF, 0xFF, 0xFF, 0xFF, 0xFF, 0xFF, 0xFF, 0xFF, 0xFF, 0xFF, 0xFF, 0xFF, 0xFF, 0xFF, 0xFF, 0xFF, 0xFF, 0xFF,
  0xFF, 0xFF, 0xFF, 0xFF, 0xFF, 0xFF, 0xFF, 0xFF, 0xFF, 0xFF, 0xFF, 0xFF, 0xFF, 0xFF, 0xFF, 0xFF, 0xFF, 0xFF, 0xFF, 0xFF, 0xFF, 0xFF, 0xFF, 0xFF,
  0xFF, 0xFF, 0xFF, 0xFF, 0xFF, 0xFF, 0xFF, 0xFF, 0xFF, 0xFF, 0xFF, 0xFF, 0xFF, 0xFF, 0xFF, 0xFF, 0xFF, 0xFF, 0xFF, 0xFF, 0xFF, 0xFF, 0xFF, 0xFF,
  0xFF, 0xFF, 0xFF, 0xFF, 0xFF, 0xFF, 0xFF, 0xFF, 0xFF, 0xFF, 0xFF, 0xFF, 0xFF, 0xFF, 0xFF, 0xFF, 0xFF, 0xFF, 0xFF, 0xFF, 0xFF, 0xFF, 0xFF, 0xFF,
  0xFF, 0xFF, 0xFF, 0xFF, 0xFF, 0xFF, 0xFF, 0xFF, 0xFF, 0xFF, 0xFF, 0xFF, 0xFF, 0xFF, 0xFF, 0xFF, 0xFF, 0xFF, 0xFF, 0xFF, 0x7B, 0xEE, 0xF3, 0xBC,
  0xE7, 0x39, 0xBD, 0xEF, 0x7B, 0xDE, 0x79, 0xCE, 0x73, 0x39, 0xCE, 0x73, 0x9C, 0x63, 0x18, 0xB6, 0x2D, 0x6B, 0x5A, 0xD6, 0xAD, 0x6B, 0x5A, 0xD6,
  0x94, 0xA5, 0x29, 0x4A, 0x52, 0x94, 0x84, 0x21, 0x08, 0x46, 0x10, 0x84, 0x21, 0x08, 0x42, 0x10, 0x83, 0x9C, 0xE7, 0x39, 0xCE, 0x73, 0x9C, 0xD6,
  0xB5, 0xAD, 0x6B, 0x5A, 0xD6, 0xB5, 0xAC, 0x63, 0x18, 0xC6, 0x31, 0x8C, 0x63, 0x18, 0xC6, 0x31, 0x6B, 0x5A, 0xD6, 0xB5, 0xAD, 0x6C, 0x63, 0x18,
  0xC6, 0x31, 0x8B, 0x5A, 0xD6, 0xBA, 0xCD, 0x51, 0x52, 0x95, 0x09, 0xCE, 0x6E, 0x52, 0x94, 0xA5, 0x29, 0x4A, 0x52, 0x94, 0xA5, 0x29, 0x4A, 0x5A,
  0xD6, 0xB5, 0xAD, 0x6B, 0x52, 0x94, 0xA5, 0xAD, 0x6B, 0x5A, 0xD8, 0xB5, 0xAD, 0x6B, 0x5A, 0xD6, 0xB5, 0xAD, 0x6B, 0x5A, 0xD7, 0x1A, 0x5E, 0x6C,
  0x63, 0x18, 0xC6, 0x31, 0x8C, 0x6B, 0x1A, 0xD6, 0xB5, 0xAD, 0x73, 0x9A, 0xE7, 0x39, 0xCE, 0x73, 0x9C, 0xE7, 0x39, 0xD0, 0x84, 0x21, 0x08, 0x42,
  0x10, 0x84, 0x21, 0x08, 0x42, 0x10, 0x85, 0x29, 0x4A, 0x52, 0x94, 0xA5, 0x29, 0x5A, 0xD6, 0xB5, 0xAD, 0xAD, 0xEE, 0xDB, 0x9E, 0xF7, 0x31, 0x8C,
  0xE3, 0x18, 0xC6, 0x73, 0x9C, 0xE7, 0x39, 0xDE, 0xF7, 0xBD, 0xEF, 0x9C, 0xE7, 0x39, 0xCE, 0x73, 0xBD, 0xFF, 0xFF, 0xFF, 0xFF, 0xFF, 0xFF, 0xFF,
  0xFF, 0xFF, 0xFF, 0xFF, 0xFF, 0xFF, 0xFF, 0xFF, 0xFF, 0xFF, 0xFF, 0xFF, 0xFF, 0xFF, 0xFF, 0xFF, 0xFF, 0xFF, 0xFF, 0xFF, 0xFF, 0xFF, 0xFF, 0xFF,
  0xFF, 0xFF, 0xFF, 0xFF, 0xFF, 0xFF, 0xFF, 0xFF, 0xFF, 0xFF, 0xFF, 0xFF, 0xFF, 0xFF, 0xFF, 0xFF, 0xFF, 0xFF, 0xFF, 0xFF, 0xFF, 0xFF, 0xFF, 0xFF,
  0xFF, 0xFF, 0xFF, 0xFF, 0xFF, 0xFF, 0xFF, 0xFF, 0xFF, 0xFF, 0xFF, 0xFF, 0xFF, 0xFF, 0xFF, 0xFF, 0xFF, 0xFF, 0xFF, 0xFF, 0xFF, 0xFF, 0xFF, 0xFF,
  0xFF, 0xFF, 0xFF, 0xFF, 0xFF, 0xFF, 0xFF, 0xFF, 0xFF, 0xFF, 0xFF, 0xFF, 0xFF, 0xFF, 0xFF, 0xFF, 0xFF, 0xFF, 0xFF, 0xFF, 0xFF, 0xFF, 0xFF, 0xFF,
  0xFF, 0xFF, 0xFF, 0xFF, 0xFF, 0xFF, 0xFF, 0xEF, 0x7B, 0xEE, 0x73, 0x9C, 0xE7, 0x37, 0xBD, 0xEF, 0x7B, 0xCE, 0x73, 0xCE, 0x67, 0x39, 0xCE, 0x73,
  0x9C, 0x62, 0xD6, 0xB5, 0xB1, 0x6B, 0x5A, 0xD5, 0xAD, 0x6B, 0x5A, 0xD2, 0x94, 0xA5, 0x29, 0x4A, 0x52, 0x10, 0x84, 0x21, 0x08, 0x46, 0x10, 0x84,
  0x21, 0x08, 0x42, 0x0E, 0x73, 0x9C, 0xE8, 0x39, 0xCE, 0x73, 0x60, 0xD6, 0xB5, 0xAD, 0x6B, 0x5A, 0xD6, 0x31, 0x8C, 0x63, 0x18, 0xC6, 0x35, 0xAC,
  0x63, 0x16, 0xB5, 0xAD, 0x6B, 0x63, 0x18, 0xC6, 0x31, 0x8C, 0x5A, 0xD6, 0xB5, 0xAD, 0x4A, 0x52, 0x94, 0xA5, 0x6A, 0x93, 0x52, 0x94, 0xA8, 0xCD,
  0xCE, 0x52, 0x94, 0xA5, 0x29, 0x4A, 0x52, 0x94, 0xA5, 0xAD, 0x6B, 0x5A, 0xD6, 0xB5, 0xAD, 0x4A, 0x52, 0x94, 0xA5, 0x29, 0x4A, 0x52, 0x94, 0xB5,
  0xAD, 0x6B, 0x5A, 0xD6, 0xB5, 0xAD, 0x6C, 0x62, 0xD6, 0xEA, 0x56, 0x70, 0x63, 0x18, 0xC6, 0xB1, 0xAC, 0x63, 0x18, 0xC6, 0x35, 0xAD, 0x73, 0x9A,
  0xD7, 0x35, 0xAD, 0x73, 0x9C, 0xE7, 0x41, 0xCE, 0x83, 0xA1, 0x08, 0x42, 0x10, 0x84, 0x21, 0x08, 0x42, 0x10, 0x84, 0x61, 0x4A, 0x52, 0x94, 0xA5,
  0x29, 0x4A, 0xD6, 0xB5, 0xAD, 0x7D, 0xEB, 0x77, 0xD9, 0xB5, 0xBB, 0x8C, 0x63, 0x18, 0xC6, 0x31, 0x9C, 0xE7, 0x39, 0xCE, 0xF7, 0xBD, 0xEF, 0x7C,
  0xE7, 0x39, 0xCE, 0x73, 0x9D, 0xF7, 0xFF, 0xFF, 0xFF, 0xFF, 0xFF, 0xFF, 0xFF, 0xFF, 0xFF, 0xFF, 0xFF, 0xFF, 0xFF, 0xFF, 0xFF, 0xFF, 0xFF, 0xFF,
  0xFF, 0xFF, 0xFF, 0xFF, 0xFF, 0xFF, 0xFF, 0xFF, 0xFF, 0xFF, 0xFF, 0xFF, 0xFF, 0xFF, 0xFF, 0xFF, 0xFF, 0xFF, 0xFF, 0xFF, 0xFF, 0xFF, 0xFF, 0xFF,
  0xFF, 0xFF, 0xFF, 0xFF, 0xFF, 0xFF, 0xFF, 0xFF, 0xFF, 0xFF, 0xFF, 0xFF, 0xFF, 0xFF, 0xFF, 0xFF, 0xFF, 0xFF, 0xFF, 0xFF, 0xFF, 0xFF, 0xFF, 0xFF,
  0xFF, 0xFF, 0xFF, 0xFF, 0xFF, 0xFF, 0xFF, 0xFF, 0xFF, 0xFF, 0xFF, 0xFF, 0xFF, 0xFF, 0xFF, 0xFF, 0xFF, 0xFF, 0xFF, 0xFF, 0xFF, 0xFF, 0xFF, 0xFF,
  0xFF, 0xFF, 0xFF, 0xFF, 0xFF, 0xFF, 0xFF, 0xFF, 0xFF, 0xFF, 0xFF, 0xFF, 0xFF, 0xFF, 0xFF, 0xFF, 0xFF, 0xFF, 0xFD, 0xEF, 0x3B, 0xEE, 0x77, 0x9C,
  0xE6, 0xF7, 0xBD, 0xEF, 0x39, 0xCE, 0x73, 0x9C, 0xE7, 0x39, 0xCE, 0x71, 0x8B, 0x5A, 0xD6, 0xB6, 0x2D, 0x6B, 0x5A, 0xB5, 0xAD, 0x6B, 0x4A, 0x52,
  0x94, 0xA5, 0x29, 0x4A, 0x42, 0x10, 0x84, 0x21, 0x08, 0x42, 0x10, 0x84, 0x21, 0x08, 0x39, 0xCE, 0x73, 0x9C, 0xE7, 0x39, 0xCD, 0x6B, 0x5A, 0xD6,
  0xB5, 0xAD, 0x6B, 0x58, 0xC6, 0x31, 0x8C, 0x63, 0x18, 0xD6, 0x31, 0x8B, 0x5A, 0xD6, 0xB5, 0xAD, 0x6B, 0x5B, 0x18, 0xC5, 0xAD, 0x6B, 0x5A, 0xD4,
  0xA5, 0x29, 0x4A, 0x52, 0x94, 0xA5, 0x4B, 0xAA, 0x5A, 0x94, 0xA5, 0x29, 0x4B, 0x6A, 0x94, 0xA5, 0x29, 0x4A, 0x52, 0x96, 0xB5, 0xA9, 0x4B, 0x5A,
  0xD6, 0xB5, 0xA9, 0x4A, 0x52, 0x94, 0xA5, 0x29, 0x4A, 0x52, 0x94, 0xA5, 0x29, 0x4A, 0x5A, 0xD6, 0xB5, 0xB1, 0x6C, 0x63, 0x16, 0xC9, 0xD2, 0xB3,
  0x9A, 0xD8, 0xC6, 0x35, 0xAD, 0x63, 0x18, 0xC6, 0x31, 0x8D, 0x6B, 0x5C, 0xD6, 0xB5, 0xAE, 0x73, 0x9C, 0xE7, 0x3A, 0x10, 0x73, 0x9C, 0xE8, 0x42,
  0x10, 0x84, 0x21, 0x08, 0x42, 0x10, 0x84, 0x21, 0x0A, 0x52, 0x94, 0xA5, 0x29, 0x4A, 0x52, 0xB5, 0xAF, 0x7D, 0x6E, 0x7A, 0xD6, 0xB5, 0xBD, 0x6B,
  0x63, 0x18, 0xC6, 0x31, 0x8C, 0xE7, 0x39, 0xCE, 0x73, 0xBD, 0xEF, 0x7B, 0xE7, 0x39, 0xDF, 0x7B, 0xDD, 0xEF, 0x7F, 0xFF, 0xFF, 0xFF, 0xFF, 0xFF,
  0xFF, 0xFF, 0xFF, 0xFF, 0xFF, 0xFF, 0xFF, 0xFF, 0xFF, 0xFF, 0xFF, 0xFF, 0xFF, 0xFF, 0xFF, 0xFF, 0xFF, 0xFF, 0xFF, 0xFF, 0xFF, 0xFF, 0xFF, 0xFF,
  0xFF, 0xFF, 0xFF, 0xFF, 0xFF, 0xFF, 0xFF, 0xFF, 0xFF, 0xFF, 0xFF, 0xFF, 0xFF, 0xFF, 0xFF, 0xFF, 0xFF, 0xFF, 0xFF, 0xFF, 0xFF, 0xFF, 0xFF, 0xFF,
  0xFF, 0xFF, 0xFF, 0xFF, 0xFF, 0xFF, 0xFF, 0xFF, 0xFF, 0xFF, 0xFF, 0xFF, 0xFF, 0xFF, 0xFF, 0xFF, 0xFF, 0xFF, 0xFF, 0xFF, 0xFF, 0xFF, 0xFF, 0xFF,
  0xFF, 0xFF, 0xFF, 0xFF, 0xFF, 0xFF, 0xFF, 0xFF, 0xFF, 0xFF, 0xFF, 0xFF, 0xFF, 0xFF, 0xFF, 0xFF, 0xFF, 0xFF, 0xFF, 0xFF, 0xFF, 0xFF, 0xFF, 0xFF,
  0xFF, 0xFF, 0xFF, 0xFF, 0xFF, 0xFF, 0xBD, 0xE7, 0x3D, 0xCE, 0x73, 0x9C, 0xDE, 0xF7, 0xBD, 0xE7, 0x39, 0xCE, 0x73, 0x9C, 0xE7, 0x38, 0xC6, 0x31,
  0x8B, 0x5A, 0xD6, 0xB5, 0xAD, 0x6A, 0xD6, 0xB5, 0xAD, 0x69, 0x4A, 0x52, 0x94, 0xA5, 0x29, 0x08, 0x42, 0x10, 0x84, 0x21, 0x08, 0x42, 0x10, 0x84,
  0x20, 0xE7, 0x39, 0xCE, 0x73, 0x9C, 0xE7, 0x35, 0xAD, 0x6B, 0x5A, 0xD6, 0xB5, 0xAC, 0x63, 0x18, 0xC6, 0x31, 0x8C, 0x6B, 0x18, 0xC6, 0x31, 0x8B,
  0x5A, 0xD6, 0xB6, 0x2D, 0x6B, 0x5A, 0xD6, 0xB5, 0xA9, 0x4A, 0x52, 0x94, 0xA5, 0x29, 0x4A, 0x52, 0x94, 0xA9, 0x4E, 0x73, 0x52, 0x94, 0xA5, 0x29,
  0x4E, 0x5A, 0x94, 0xA5, 0x29, 0x4A, 0x52, 0x94, 0xA5, 0x29, 0x4A, 0x52, 0x94, 0xA5, 0x29, 0x6A, 0x52, 0x94, 0xA5, 0x29, 0x4A, 0x52, 0x94, 0xA5,
  0x29, 0x4A, 0x52, 0x94, 0xA5, 0x2D, 0x6B, 0x5B, 0x20, 0xE8, 0xD2, 0x97, 0xA4, 0xE2, 0xC6, 0x31, 0x8C, 0x63, 0x18, 0xC6, 0x31, 0x8D, 0x6B, 0x1A,
  0xD6, 0xB5, 0xAD, 0x6B, 0x9A, 0xD7, 0x39, 0xCE, 0x73, 0x9C, 0xE7, 0x3A, 0x10, 0x84, 0x21, 0x08, 0x42, 0x10, 0x84, 0x21, 0x08, 0xC6, 0x94, 0xA5,
  0x29, 0x4A, 0x52, 0x95, 0xAF, 0xBB, 0x5A, 0xDA, 0xD6, 0xB5, 0xBB, 0x6B, 0x5B, 0x18, 0xC6, 0x31, 0x8C, 0x67, 0x39, 0xCE, 0x73, 0x9D, 0xEF, 0x9E,
  0xF7, 0xBD, 0xEE, 0xF3, 0x9C, 0xE7, 0x7B, 0xFF, 0xFF, 0xFF, 0xFF, 0xFF, 0xFF, 0xFF, 0xFF, 0xFF, 0xFF, 0xFF, 0xFF, 0xFF, 0xFF, 0xFF, 0xFF, 0xFF,
  0xFF, 0xFF, 0xFF, 0xFF, 0xFF, 0xFF, 0xFF, 0xFF, 0xFF, 0xFF, 0xFF, 0xFF, 0xFF, 0xFF, 0xFF, 0xFF, 0xFF, 0xFF, 0xFF, 0xFF, 0xFF, 0xFF, 0xFF, 0xFF,
  0xFF, 0xFF, 0xFF, 0xFF, 0xFF, 0xFF, 0xFF, 0xFF, 0xFF, 0xFF, 0xFF, 0xFF, 0xFF, 0xFF, 0xFF, 0xFF, 0xFF, 0xFF, 0xFF, 0xFF, 0xFF, 0xFF, 0xFF, 0xFF,
  0xFF, 0xFF, 0xFF, 0xFF, 0xFF, 0xFF, 0xFF, 0xFF, 0xFF, 0xFF, 0xFF, 0xFF, 0xFF, 0xFF, 0xFF, 0xFF, 0xFF, 0xFF, 0xFF, 0xFF, 0xFF, 0xFF, 0xFF, 0xFF,
  0xFF, 0xFF, 0xFF, 0xFF, 0xFF, 0xFF, 0xFF, 0xFF, 0xFF, 0xFF, 0xFF, 0xFF, 0xFF, 0xFF, 0xFF, 0xFF, 0xFF, 0xF7, 0xBD, 0xE7, 0x3D, 0xCE, 0x73, 0x9B,
  0xDE, 0xF7, 0xBC, 0xE7, 0x39, 0xCE, 0x73, 0x8C, 0x67, 0x39, 0xC6, 0x31, 0x8C, 0x5A, 0xD6, 0xB5, 0xAD, 0x5A, 0xD6, 0xB5, 0xA5, 0x29, 0x4A, 0x52,
  0x94, 0xA5, 0x21, 0x08, 0x42, 0x10, 0x84, 0x21, 0x08, 0x42, 0x10, 0x83, 0x9C, 0xE7, 0x39, 0xCE, 0x73, 0x9C, 0xD6, 0xB5, 0xAD, 0x6B, 0x5A, 0xD6,
  0xB1, 0x8C, 0x63, 0x18, 0xC6, 0x35, 0x8C, 0x62, 0xD8, 0xC6, 0x31, 0x8C, 0x5A, 0xD6, 0xB6, 0x2D, 0x6B, 0x52, 0x96, 0xB5, 0xA9, 0x4A, 0x52, 0x96,
  0xA5, 0x29, 0x4A, 0x52, 0x95, 0x29, 0xA9, 0x55, 0x52, 0x94, 0xA5, 0x29, 0x4D, 0x6A, 0x94, 0xA5, 0x29, 0x4A, 0x52, 0x94, 0xA5, 0x29, 0x4A, 0x52,
  0x94, 0xA5, 0x29, 0x4A, 0x52, 0x94, 0xA5, 0x29, 0x4A, 0x52, 0x94, 0xA5, 0x29, 0x4A, 0x52, 0x94, 0xA5, 0x2D, 0x6B, 0x8C, 0xE7, 0x38, 0x3A, 0x9D,
  0xEF, 0x69, 0x16, 0x31, 0x8C, 0x63, 0x18, 0xC6, 0x31, 0xAC, 0x63, 0x1A, 0xD6, 0xB5, 0xAE, 0x6B, 0x9A, 0xD6, 0xB5, 0xCE, 0x73, 0x9C, 0xE7, 0x39,
  0xCE, 0x84, 0x21, 0x08, 0x42, 0x10, 0x84, 0x21, 0x08, 0x42, 0x14, 0xA5, 0x29, 0x4A, 0x52, 0x94, 0xA7, 0xAB, 0x5F, 0x56, 0xD6, 0xB5, 0xAD, 0x6B,
  0x5A, 0xD8, 0xC6, 0x31, 0x8C, 0x63, 0xBD, 0xCE, 0x73, 0x9C, 0xFB, 0xDD, 0xDE, 0xF9, 0xCE, 0x73, 0x9C, 0xE7, 0x3B, 0xDF, 0xFF, 0xFF, 0xFF, 0xFF,
  0xFF, 0xFF, 0xFF, 0xFF, 0xFF, 0xFF, 0xFF, 0xFF, 0xFF, 0xFF, 0xFF, 0xFF, 0xFF, 0xFF, 0xFF, 0xFF, 0xFF, 0xFF, 0xFF, 0xFF, 0xFF, 0xFF, 0xFF, 0xFF,
  0xFF, 0xFF, 0xFF, 0xFF, 0xFF, 0xFF, 0xFF, 0xFF, 0xFF, 0xFF, 0xFF, 0xFF, 0xFF, 0xFF, 0xFF, 0xFF, 0xFF, 0xFF, 0xFF, 0xFF, 0xFF, 0xFF, 0xFF, 0xFF,
  0xFF, 0xFF, 0xFF, 0xFF, 0xFF, 0xFF, 0xFF, 0xFF, 0xFF, 0xFF, 0xFF, 0xFF, 0xFF, 0xFF, 0xFF, 0xFF, 0xFF, 0xFF, 0xFF, 0xFF, 0xFF, 0xFF, 0xFF, 0xFF,
  0xFF, 0xFF, 0xFF, 0xFF, 0xFF, 0xFF, 0xFF, 0xFF, 0xFF, 0xFF, 0xFF, 0xFF, 0xFF, 0xFF, 0xFF, 0xFF, 0xFF, 0xFF, 0xFF, 0xFF, 0xFF, 0xFF, 0xFF, 0xFF,
  0xFF, 0xFF, 0xFF, 0xFF, 0xFE, 0xF7, 0xBD, 0xE7, 0x3D, 0xCE, 0x73, 0x7B, 0xDE, 0xF7, 0x9C, 0xE7, 0x39, 0xCE, 0x71, 0x8C, 0xE7, 0x38, 0xC6, 0x31,
  0x8B, 0x5A, 0xD6, 0xB5, 0xAB, 0x5A, 0xD6, 0xB4, 0xA5, 0x29, 0x4A, 0x52, 0x94, 0x84, 0x21, 0x08, 0x42, 0x10, 0x84, 0x21, 0x08, 0x42, 0x0E, 0x73,
  0x9C, 0xE7, 0x39, 0xCE, 0x73, 0x5A, 0xD6, 0xB5, 0xAD, 0x6B, 0x5A, 0xC6, 0x31, 0x8C, 0x63, 0x18, 0xC6, 0x31, 0x8B, 0x5A, 0xD6, 0xC6, 0x31, 0x8C,
  0x62, 0xD6, 0xB5, 0xA9, 0x4A, 0x52, 0xD4, 0xB5, 0x29, 0x4A, 0x52, 0x96, 0xA5, 0x29, 0x4A, 0x52, 0xA7, 0x35, 0xA9, 0x4B, 0xA2, 0x94, 0xA5, 0x29,
  0x50, 0x62, 0x94, 0xA5, 0x29, 0x4A, 0x52, 0x94, 0xA5, 0x29, 0x4A, 0x52, 0x94, 0xA5, 0x29, 0x4A, 0x52, 0x94, 0xA5, 0x29, 0x4A, 0x52, 0x94, 0xA5,
  0x29, 0x4A, 0x5A, 0xD6, 0xB5, 0xAD, 0x6D, 0x9C, 0x5D, 0x39, 0xC6, 0x75, 0xAF, 0x7B, 0x49, 0xB1, 0x8B, 0x5A, 0xD6, 0xC6, 0x31, 0x8C, 0x63, 0x18,
  0xC6, 0x31, 0xAD, 0x6B, 0x5A, 0xD6, 0xB5, 0xAD, 0x73, 0x9C, 0xE7, 0x39, 0xCE, 0x73, 0xA1, 0x0F, 0x42, 0x10, 0xF4, 0x21, 0x08, 0x42, 0x10, 0x85,
  0x29, 0x4A, 0x52, 0x94, 0xA5, 0x2B, 0x5F, 0x7A, 0xB6, 0xB5, 0xAD, 0x6B, 0x5A, 0xD6, 0xC6, 0x31, 0x8C, 0x63, 0xDE, 0xCE, 0x73, 0x9E, 0x67, 0x7B,
  0xDE, 0xF7, 0xCE, 0x73, 0x9C, 0xE7, 0x39, 0xDE, 0xFF, 0xFF, 0xFF, 0xFF, 0xFF, 0xFF, 0xFF, 0xFF, 0xFF, 0xFF, 0xFF, 0xFF, 0xFF, 0xFF, 0xFF, 0xFF,
  0xFF, 0xFF, 0xFF, 0xFF, 0xFF, 0xFF, 0xFF, 0xFF, 0xFF, 0xFF, 0xFF, 0xFF, 0xFF, 0xFF, 0xFF, 0xFF, 0xFF, 0xFF, 0xFF, 0xFF, 0xFF, 0xFF, 0xFF, 0xFF,
  0xFF, 0xFF, 0xFF, 0xFF, 0xFF, 0xFF, 0xFF, 0xFF, 0xFF, 0xFF, 0xFF, 0xFF, 0xFF, 0xFF, 0xFF, 0xFF, 0xFF, 0xFF, 0xFF, 0xFF, 0xFF, 0xFF, 0xFF, 0xFF,
  0xFF, 0xFF, 0xFF, 0xFF, 0xFF, 0xFF, 0xFF, 0xFF, 0xFF, 0xFF, 0xFF, 0xFF, 0xFF, 0xFF, 0xFF, 0xFF, 0xFF, 0xFF, 0xFF, 0xFF, 0xFF, 0xFF, 0xFF, 0xFF,
  0xFF, 0xFF, 0xFF, 0xFF, 0xFF, 0xFF, 0xFF, 0xFF, 0xFF, 0xFF, 0xFF, 0xFF, 0xFF, 0xFF, 0xFF, 0xFF, 0xDE, 0xF7, 0xBC, 0xE7, 0x3D, 0xDE, 0x6F, 0x7B,
  0xDE, 0xF3, 0x9C, 0xE7, 0x39, 0xCE, 0x31, 0x8C, 0x67, 0x18, 0xC6, 0x31, 0x8B, 0x5A, 0xD6, 0xAD, 0x6B, 0x5A, 0xD6, 0x94, 0xA5, 0x29, 0x4A, 0x52,
  0x90, 0x84, 0x21, 0x08, 0x42, 0x10, 0x84, 0x21, 0x08, 0x41, 0xCE, 0x73, 0x9C, 0xE7, 0x39, 0xCD, 0x6B, 0x5A, 0xD6, 0xB5, 0xAD, 0x6B, 0x18, 0xC6,
  0x31, 0x8C, 0x63, 0x18, 0xC5, 0xB1, 0x8B, 0x5A, 0xD8, 0xC6, 0x31, 0x6B, 0x5A, 0xD6, 0xB5, 0x2D, 0x6A, 0x52, 0xD4, 0xA5, 0x2D, 0x4A, 0x52, 0x94,
  0xA5, 0x29, 0x4A, 0x54, 0xE7, 0x05, 0x29, 0x4A, 0x9C, 0xD4, 0xA5, 0x29, 0x50, 0x62, 0x94, 0xA5, 0xA9, 0x4A, 0x52, 0x94, 0xA5, 0x29, 0x4A, 0x52,
  0x94, 0xA5, 0x29, 0x4A, 0x52, 0x94, 0xA5, 0x29, 0x4A, 0x52, 0x94, 0xA5, 0x29, 0x4A, 0x52, 0x94, 0xA5, 0xAE, 0x52, 0x9A, 0x94, 0xD9, 0xCE, 0x6E,
  0x8D, 0x3B, 0xDA, 0xCD, 0xCC, 0x62, 0xD6, 0xC5, 0xB1, 0x8C, 0x63, 0x18, 0xC6, 0x35, 0xAC, 0x6B, 0x5A, 0xD6, 0xB5, 0xAD, 0x6B, 0x5C, 0xE7, 0x39,
  0xCE, 0x73, 0x9D, 0x09, 0xFA, 0x14, 0xEC, 0x21, 0x08, 0x42, 0x10, 0x8D, 0x69, 0x4A, 0x6A, 0x9E, 0xA5, 0x3D, 0xDF, 0x7A, 0xB5, 0xEF, 0xAD, 0x6B,
  0x76, 0xDE, 0xEE, 0x31, 0x8C, 0x63, 0xDE, 0xCE, 0x7D, 0xEC, 0xE7, 0x3D, 0xF7, 0xB7, 0xBE, 0x73, 0x9C, 0xE7, 0x39, 0xCE, 0xF7, 0xFF, 0xFF, 0xFF,
  0xFF, 0xFF, 0xFF, 0xFF, 0xFF, 0xFF, 0xFF, 0xFF, 0xFF, 0xFF, 0xFF, 0xFF, 0xFF, 0xFF, 0xFF, 0xFF, 0xFF, 0xFF, 0xFF, 0xFF, 0xFF, 0xFF, 0xFF, 0xFF,
  0xFF, 0xFF, 0xFF, 0xFF, 0xFF, 0xFF, 0xFF, 0xFF, 0xFF, 0xFF, 0xFF, 0xFF, 0xFF, 0xFF, 0xFF, 0xFF, 0xFF, 0xFF, 0xFF, 0xFF, 0xFF, 0xFF, 0xFF, 0xFF,
  0xFF, 0xFF, 0xFF, 0xFF, 0xFF, 0xFF, 0xFF, 0xFF, 0xFF, 0xFF, 0xFF, 0xFF, 0xFF, 0xFF, 0xFF, 0xFF, 0xFF, 0xFF, 0xFF, 0xFF, 0xFF, 0xFF, 0xFF, 0xFF,
  0xFF, 0xFF, 0xFF, 0xFF, 0xFF, 0xFF, 0xFF, 0xFF, 0xFF, 0xFF, 0xFF, 0xFF, 0xFF, 0xFF, 0xFF, 0xFF, 0xFF, 0xFF, 0xFF, 0xFF, 0xFF, 0xFF, 0xFF, 0xFF,
  0xFF, 0xFF, 0xFF, 0xFB, 0xDE, 0x77, 0xBC, 0xE7, 0x3D, 0xCD, 0xEF, 0x7B, 0xDE, 0x73, 0x9C, 0xE7, 0x39, 0xC6, 0x31, 0x8C, 0x63, 0x18, 0xC6, 0x31,
  0x8B, 0x5A, 0xD5, 0xAD, 0x6B, 0x5A, 0x52, 0x94, 0xA5, 0x29, 0x4A, 0x42, 0x10, 0x84, 0x21, 0x08, 0x42, 0x10, 0x84, 0x21, 0x07, 0x39, 0xCE, 0x73,
  0x9C, 0xE7, 0x35, 0xAD, 0x6B, 0x5A, 0xD6, 0xB5, 0xAC, 0x63, 0x18, 0xC6, 0x31, 0x8C, 0x62, 0xD6, 0xB5, 0xAD, 0x6B, 0x63, 0x18, 0xB5, 0xAD, 0x6B,
  0x5A, 0xD6, 0xB5, 0xA9, 0x4B, 0x52, 0xD6, 0xA5, 0x29, 0x4A, 0x52, 0x94, 0xA5, 0x29, 0x4A, 0x9C, 0xE0, 0xA5, 0x29, 0x4A, 0x55, 0xD4, 0xA5, 0x29,
  0x51, 0x92, 0x94, 0xA5, 0x29, 0x4A, 0x52, 0x94, 0xA5, 0x39, 0x8A, 0x52, 0x94, 0xA5, 0x29, 0x4A, 0x52, 0x94, 0xA5, 0x29, 0x4A, 0x52, 0x94, 0xA5,
  0x29, 0x4A, 0x52, 0x94, 0xA8, 0x4E, 0x73, 0x92, 0xD6, 0xB5, 0xC5, 0xAB, 0x5C, 0x69, 0xAE, 0xEA, 0x91, 0x62, 0xD6, 0xB5, 0xAD, 0x6B, 0x63, 0x18,
  0xC6, 0xB1, 0x8C, 0x6B, 0x1A, 0xD6, 0xB5, 0xAD, 0x6B, 0x5A, 0xD7, 0x39, 0xCE, 0x73, 0xA0, 0xE7, 0x7A, 0x1E, 0x84, 0x3D, 0x08, 0x7A, 0x14, 0xF4,
  0x7D, 0x0A, 0x7B, 0xDD, 0xA7, 0xBB, 0xDF, 0x7A, 0xBE, 0xF7, 0x7D, 0x9B, 0x7B, 0xDD, 0xF7, 0xAD, 0x8C, 0x63, 0xDE, 0xC7, 0xBD, 0xDF, 0x67, 0xDE,
  0xEF, 0xB7, 0xBD, 0xF3, 0x9C, 0xE7, 0x39, 0xCE, 0x77, 0xBF, 0xFF, 0xFF, 0xFF, 0xFF, 0xFF, 0xFF, 0xFF, 0xFF, 0xFF, 0xFF, 0xFF, 0xFF, 0xFF, 0xFF,
  0xFF, 0xFF, 0xFF, 0xFF, 0xFF, 0xFF, 0xFF, 0xFF, 0xFF, 0xFF, 0xFF, 0xFF, 0xFF, 0xFF, 0xFF, 0xFF, 0xFF, 0xFF, 0xFF, 0xFF, 0xFF, 0xFF, 0xFF, 0xFF,
  0xFF, 0xFF, 0xFF, 0xFF, 0xFF, 0xFF, 0xFF, 0xFF, 0xFF, 0xFF, 0xFF, 0xFF, 0xFF, 0xFF, 0xFF, 0xFF, 0xFF, 0xFF, 0xFF, 0xFF, 0xFF, 0xFF, 0xFF, 0xFF,
  0xFF, 0xFF, 0xFF, 0xFF, 0xFF, 0xFF, 0xFF, 0xFF, 0xFF, 0xFF, 0xFF, 0xFF, 0xFF, 0xFF, 0xFF, 0xFF, 0xFF, 0xFF, 0xFF, 0xFF, 0xFF, 0xFF, 0xFF, 0xFF,
  0xFF, 0xFF, 0xFF, 0xFF, 0xFF, 0xFF, 0xFF, 0xFF, 0xFF, 0xFF, 0xFF, 0xFF, 0xFF, 0xFF, 0xFF, 0x7B, 0xCE, 0x77, 0xBC, 0xE7, 0x7B, 0xBD, 0xEF, 0x7B,
  0xCE, 0x73, 0x9C, 0xE7, 0x38, 0xC6, 0x31, 0x8C, 0x5A, 0xD6, 0xC6, 0x2D, 0x6B, 0x5A, 0xB5, 0xAD, 0x6B, 0x4A, 0x52, 0x94, 0xA5, 0x29, 0x48, 0x42,
  0x10, 0x84, 0x21, 0x08, 0x42, 0x10, 0x84, 0x1C, 0xE7, 0x39, 0xCE, 0x73, 0x9C, 0xD6, 0xB5, 0xAD, 0x6B, 0x5A, 0xD6, 0xB1, 0x8C, 0x63, 0x18, 0xC6,
  0x31, 0x8B, 0x5A, 0xD6, 0xB5, 0xAD, 0x6B, 0x5A, 0xD6, 0xB5, 0xAD, 0x6B, 0x5A, 0xD6, 0xB5, 0xA9, 0x6A, 0x52, 0x94, 0xA5, 0x29, 0x4A, 0x52, 0x94,
  0xA5, 0x29, 0x53, 0x9C, 0x94, 0xA5, 0x29, 0x4A, 0x52, 0xA8, 0xA5, 0x29, 0x93, 0x52, 0x62, 0x95, 0x3A, 0x33, 0x94, 0xA5, 0x29, 0xC5, 0x29, 0x4A,
  0x54, 0xA5, 0x29, 0x4A, 0x52, 0x94, 0xA5, 0x29, 0x4A, 0x52, 0x94, 0xA5, 0x29, 0x4A, 0x52, 0xA1, 0x39, 0xCE, 0x6A, 0x6A, 0x96, 0xB5, 0xAD, 0x6B,
  0x5A, 0xDB, 0x4A, 0xF7, 0xB3, 0x5A, 0xD6, 0xB5, 0xAD, 0x6B, 0x5A, 0xD8, 0xC6, 0x31, 0x8D, 0x6B, 0x18, 0xC6, 0xB5, 0xAD, 0x6B, 0x5A, 0xD6, 0xB5,
  0xCE, 0x73, 0x9C, 0xE7, 0x3B, 0xD7, 0x84, 0x3D, 0x08, 0x7A, 0x1E, 0x9C, 0x7B, 0xE8, 0x7E, 0x94, 0xBF, 0xA9, 0x4F, 0x7A, 0xBE, 0xAD, 0x7B, 0xEB,
  0x7A, 0xD6, 0xB7, 0xAD, 0x6C, 0x63, 0xDE, 0xC7, 0xF3, 0x9F, 0x77, 0xBE, 0xCE, 0xF7, 0xBD, 0xEF, 0x9C, 0xE7, 0x39, 0xCE, 0x73, 0xBD, 0xFF, 0xFF,
  0xFF, 0xFF, 0xFF, 0xFF, 0xFF, 0xFF, 0xFF, 0xFF, 0xFF, 0xFF, 0xFF, 0xFF, 0xFF, 0xFF, 0xFF, 0xFF, 0xFF, 0xFF, 0xFF, 0xFF, 0xFF, 0xFF, 0xFF, 0xFF,
  0xFF, 0xFF, 0xFF, 0xFF, 0xFF, 0xFF, 0xFF, 0xFF, 0xFF, 0xFF, 0xFF, 0xFF, 0xFF, 0xFF, 0xFF, 0xFF, 0xFF, 0xFF, 0xFF, 0xFF, 0xFF, 0xFF, 0xFF, 0xFF,
  0xFF, 0xFF, 0xFF, 0xFF, 0xFF, 0xFF, 0xFF, 0xFF, 0xFF, 0xFF, 0xFF, 0xFF, 0xFF, 0xFF, 0xFF, 0xFF, 0xFF, 0xFF, 0xFF, 0xFF, 0xFF, 0xFF, 0xFF, 0xFF,
  0xFF, 0xFF, 0xFF, 0xFF, 0xFF, 0xFF, 0xFF, 0xFF, 0xFF, 0xFF, 0xFF, 0xFF, 0xFF, 0xFF, 0xFF, 0xFF, 0xFF, 0xFF, 0xFF, 0xFF, 0xFF, 0xFF, 0xFF, 0xFF,
  0xFF, 0xFF, 0xEF, 0x79, 0xCE, 0xF7, 0x9C, 0xE7, 0xB7, 0xBD, 0xEF, 0x79, 0xCE, 0x73, 0x9C, 0xE3, 0x39, 0xC6, 0x31, 0x8B, 0x5A, 0xD8, 0xC5, 0xAD,
  0x6B, 0x56, 0xB5, 0xAD, 0x69, 0x5A, 0x52, 0x94, 0xA5, 0x29, 0x08, 0x42, 0x10, 0x84, 0x21, 0x08, 0x42, 0x10, 0x83, 0x9C, 0xE7, 0x39, 0xCE, 0x73,
  0x5A, 0xD6, 0xB5, 0xAD, 0x6B, 0x5A, 0xC6, 0x31, 0x8C, 0x63, 0x18, 0xC6, 0x2D, 0x6B, 0x5A, 0xD6, 0xB5, 0xAD, 0x6B, 0x52, 0xD6, 0xB5, 0xAD, 0x6B,
  0x5A, 0xD6, 0xB5, 0x29, 0x4A, 0x52, 0x94, 0xA5, 0x29, 0x4A, 0x52, 0x94, 0xA5, 0x29, 0xD3, 0x92, 0x94, 0xA5, 0x25, 0x4A, 0x52, 0xA6, 0xE4, 0xA5,
  0x29, 0x64, 0xDD, 0x39, 0xCE, 0x71, 0x9C, 0xE7, 0x39, 0x29, 0x29, 0x4A, 0x52, 0x94, 0xA5, 0x29, 0x4A, 0x65, 0x29, 0x49, 0x4A, 0x52, 0x94, 0xA5,
  0x29, 0x4A, 0x54, 0xA7, 0x38, 0x29, 0x4A, 0x52, 0x94, 0xA5, 0x2D, 0x6B, 0x5A, 0xD6, 0xBA, 0x6B, 0xB3, 0x52, 0xD6, 0xB5, 0xAD, 0x6B, 0x5A, 0xD6,
  0xB6, 0x31, 0xAD, 0x63, 0x18, 0xC6, 0x31, 0xAD, 0x6B, 0x5A, 0xE6, 0xB5, 0xAD, 0x73, 0x9C, 0xE7, 0x3B, 0xCE, 0x84, 0x2B, 0x5A, 0xD6, 0x1E, 0xED,
  0xFB, 0x38, 0x7A, 0x94, 0xEF, 0xA9, 0x4F, 0x7A, 0x9E, 0xAD, 0x6B, 0xEB, 0x7A, 0xD6, 0xB7, 0xAD, 0xEF, 0x63, 0xDE, 0xC7, 0xBD, 0xEF, 0x67, 0x3C,
  0xF7, 0xB7, 0xEF, 0x7B, 0x7C, 0xE7, 0x39, 0xCE, 0x73, 0x9D, 0xEF, 0xFF, 0xFF, 0xFF, 0xFF, 0xFF, 0xFF, 0xFF, 0xFF, 0xFF, 0xFF, 0xFF, 0xFF, 0xFF,
  0xFF, 0xFF, 0xFF, 0xFF, 0xFF, 0xFF, 0xFF, 0xFF, 0xFF, 0xFF, 0xFF, 0xFF, 0xFF, 0xFF, 0xFF, 0xFF, 0xFF, 0xFF, 0xFF, 0xFF, 0xFF, 0xFF, 0xFF, 0xFF,
  0xFF, 0xFF, 0xFF, 0xFF, 0xFF, 0xFF, 0xFF, 0xFF, 0xFF, 0xFF, 0xFF, 0xFF, 0xFF, 0xFF, 0xFF, 0xFF, 0xFF, 0xFF, 0xFF, 0xFF, 0xFF, 0xFF, 0xFF, 0xFF,
  0xFF, 0xFF, 0xFF, 0xFF, 0xFF, 0xFF, 0xFF, 0xFF, 0xFF, 0xFF, 0xFF, 0xFF, 0xFF, 0xFF, 0xFF, 0xFF, 0xFF, 0xFF, 0xFF, 0xFF, 0xFF, 0xFF, 0xFF, 0xFF,
  0xFF, 0xFF, 0xFF, 0xFF, 0xFF, 0xFF, 0xFF, 0xFF, 0xFF, 0xFF, 0xFF, 0xFF, 0xFF, 0xFD, 0xEF, 0x79, 0xCE, 0x77, 0x9C, 0xF7, 0x77, 0xBD, 0xEF, 0x39,
  0xCE, 0x73, 0x9C, 0x63, 0x38, 0xC6, 0x31, 0x8B, 0x5A, 0xD8, 0xB5, 0xAD, 0x5A, 0xD6, 0xB5, 0xAD, 0x2B, 0x5A, 0x52, 0x94, 0xA4, 0x21, 0x08, 0x42,
  0x10, 0x84, 0x21, 0x08, 0x42, 0x0E, 0x73, 0x9C, 0xE7, 0x39, 0xCE, 0x6B, 0x5A, 0xD6, 0xB5, 0xAD, 0x6B, 0x18, 0xC6, 0x31, 0x8C, 0x63, 0x18, 0xB5,
  0xAD, 0x6B, 0x5A, 0xD6, 0xB5, 0xAD, 0x4B, 0x5A, 0xD6, 0xB5, 0xAD, 0x6B, 0x5A, 0x94, 0xA5, 0x29, 0x4A, 0x52, 0x94, 0xA5, 0x29, 0x4A, 0x52, 0x94,
  0xA5, 0x32, 0x73, 0x52, 0x94, 0xA5, 0x29, 0x4A, 0x52, 0x53, 0x44, 0xA5, 0x29, 0x8A, 0x56, 0xE7, 0x39, 0x4A, 0x72, 0x55, 0x35, 0xA9, 0x29, 0x4A,
  0x52, 0x94, 0xA5, 0x29, 0x4A, 0x52, 0xA5, 0x2A, 0x4A, 0x4A, 0x94, 0xA5, 0x29, 0x4A, 0x9C, 0xD4, 0xC5, 0x29, 0x4A, 0x52, 0x94, 0xA5, 0x29, 0x4A,
  0x5A, 0xD6, 0xDA, 0x76, 0x90, 0x52, 0x94, 0xB5, 0xAD, 0x6B, 0x5A, 0xD6, 0xB6, 0x31, 0x8C, 0x63, 0x18, 0xC6, 0x31, 0x8C, 0x6B, 0x5A, 0xD6, 0xB5,
  0xAD, 0x6B, 0x9C, 0xE7, 0x3B, 0xCE, 0x73, 0xA1, 0xEF, 0x42, 0x1E, 0x9C, 0x21, 0x08, 0x7A, 0x10, 0xA7, 0xA9, 0x4F, 0x7A, 0x9E, 0xAD, 0x7D, 0xEA,
  0xFA, 0xD6, 0xB7, 0xAD, 0x6B, 0x5B, 0xDE, 0xC7, 0xB1, 0x8C, 0x67, 0x39, 0xCF, 0xB3, 0xBD, 0xEF, 0x7B, 0xE7, 0x39, 0xCE, 0x73, 0x9E, 0xF7, 0x7F,
  0xFF, 0xFF, 0xFF, 0xFF, 0xFF, 0xFF, 0xFF, 0xFF, 0xFF, 0xFF, 0xFF, 0xFF, 0xFF, 0xFF, 0xFF, 0xFF, 0xFF, 0xFF, 0xFF, 0xFF, 0xFF, 0xFF, 0xFF, 0xFF,
  0xFF, 0xFF, 0xFF, 0xFF, 0xFF, 0xFF, 0xFF, 0xFF, 0xFF, 0xFF, 0xFF, 0xFF, 0xFF, 0xFF, 0xFF, 0xFF, 0xFF, 0xFF, 0xFF, 0xFF, 0xFF, 0xFF, 0xFF, 0xFF,
  0xFF, 0xFF, 0xFF, 0xFF, 0xFF, 0xFF, 0xFF, 0xFF, 0xFF, 0xFF, 0xFF, 0xFF, 0xFF, 0xFF, 0xFF, 0xFF, 0xFF, 0xFF, 0xFF, 0xFF, 0xFF, 0xFF, 0xFF, 0xFF,
  0xFF, 0xFF, 0xFF, 0xFF, 0xFF, 0xFF, 0xFF, 0xFF, 0xFF, 0xFF, 0xFF, 0xFF, 0xFF, 0xFF, 0xFF, 0xFF, 0xFF, 0xFF, 0xFF, 0xFF, 0xFF, 0xFF, 0xFF, 0xFF,
  0xFF, 0xBD, 0xEF, 0x39, 0xCE, 0x73, 0x9C, 0xF7, 0x77, 0xBD, 0xE7, 0x39, 0xCE, 0x73, 0x8C, 0x63, 0x18, 0xC6, 0x2D, 0x6B, 0x5B, 0x16, 0xB5, 0xAB,
  0x5A, 0xD6, 0xB4, 0xA5, 0x2B, 0x4A, 0x52, 0x94, 0x84, 0x21, 0x08, 0x42, 0x10, 0x84, 0x61, 0x08, 0x41, 0xCE, 0x73, 0x9C, 0xE7, 0x39, 0xAD, 0x6B,
  0x5A, 0xD6, 0xB5, 0xAC, 0x63, 0x18, 0xC6, 0x31, 0x8C, 0x62, 0xD6, 0xB5, 0xAD, 0x6B, 0x5A, 0xD6, 0xA5, 0x29, 0x4B, 0x5A, 0xD6, 0xB5, 0xAD, 0x4A,
  0x52, 0x94, 0xA5, 0x29, 0x4A, 0x52, 0x94, 0xA5, 0x29, 0x4A, 0x63, 0x12, 0x94, 0xCE, 0x6C, 0x52, 0x94, 0xA5, 0x29, 0x4A, 0x4A, 0x52, 0xAA, 0x25,
  0x29, 0x4A, 0x52, 0x94, 0xA5, 0x2A, 0x4A, 0x52, 0xB7, 0x39, 0x29, 0x4A, 0x52, 0x94, 0xA5, 0x29, 0x4A, 0x52, 0x94, 0xA5, 0x52, 0x4A, 0x54, 0xA4,
  0xA5, 0x33, 0x9A, 0x94, 0xA5, 0x29, 0x4A, 0x52, 0x94, 0xA5, 0x29, 0x4A, 0x52, 0x95, 0x1A, 0xF6, 0x6A, 0x52, 0x94, 0xA5, 0x29, 0x6B, 0x5A, 0xD8,
  0xC6, 0x31, 0x8B, 0x63, 0x18, 0xC6, 0x31, 0x8C, 0x63, 0x1A, 0xD6, 0xB5, 0xAD, 0x73, 0x5A, 0xE7, 0x3B, 0xCE, 0x73, 0x9D, 0xEF, 0x42, 0x10, 0xF7,
  0xBD, 0x38, 0x7A, 0x10, 0x87, 0xBD, 0xEF, 0x7A, 0x9E, 0xF7, 0xBD, 0x5A, 0xFA, 0xB6, 0xB7, 0xAD, 0x6B, 0x5B, 0xDE, 0xC7, 0x7D, 0xEF, 0x63, 0xDE,
  0xF7, 0xB3, 0x9D, 0xEF, 0x7B, 0xDF, 0x39, 0xDF, 0x7B, 0xDE, 0xEF, 0x7B, 0xFF, 0xFF, 0xFF, 0xFF, 0xFF, 0xFF, 0xFF, 0xFF, 0xFF, 0xFF, 0xFF, 0xFF,
  0xFF, 0xFF, 0xFF, 0xFF, 0xFF, 0xFF, 0xFF, 0xFF, 0xFF, 0xFF, 0xFF, 0xFF, 0xFF, 0xFF, 0xFF, 0xFF, 0xFF, 0xFF, 0xFF, 0xFF, 0xFF, 0xFF, 0xFF, 0xFF,
  0xFF, 0xFF, 0xFF, 0xFF, 0xFF, 0xFF, 0xFF, 0xFF, 0xFF, 0xFF, 0xFF, 0xFF, 0xFF, 0xFF, 0xFF, 0xFF, 0xFF, 0xFF, 0xFF, 0xFF, 0xFF, 0xFF, 0xFF, 0xFF,
  0xFF, 0xFF, 0xFF, 0xFF, 0xFF, 0xFF, 0xFF, 0xFF, 0xFF, 0xFF, 0xFF, 0xFF, 0xFF, 0xFF, 0xFF, 0xFF, 0xFF, 0xFF, 0xFF, 0xFF, 0xFF, 0xFF, 0xFF, 0xFF,
  0xFF, 0xFF, 0xFF, 0xFF, 0xFF, 0xFF, 0xFF, 0xFF, 0xFF, 0xFF, 0xFF, 0xFF, 0xF7, 0xBD, 0xE7, 0x39, 0xCE, 0x73, 0x9B, 0xF6, 0xF7, 0xBC, 0xE7, 0x3C,
  0xE6, 0x71, 0x8C, 0x63, 0x18, 0xC5, 0xAD, 0x6B, 0x5A, 0xD6, 0xB5, 0x6B, 0x5A, 0xD6, 0x94, 0xA5, 0x2B, 0x4A, 0x52, 0x90, 0x84, 0x21, 0x08, 0x42,
  0x30, 0x84, 0x61, 0x07, 0x39, 0xCE, 0x73, 0x9C, 0xE7, 0x35, 0xAD, 0x6B, 0x5A, 0xD6, 0xB1, 0x8C, 0x63, 0x18, 0xC6, 0x31, 0x8B, 0x5A, 0xD6, 0xB5,
  0xAD, 0x6B, 0x5A, 0x94, 0xA5, 0x29, 0x4B, 0x5A, 0xD6, 0xA5, 0x29, 0x4A, 0x52, 0x94, 0xA5, 0x29, 0x4A, 0x52, 0x94, 0xA5, 0x29, 0x4E, 0x9C, 0x58,
  0xE9, 0xCD, 0xC9, 0x52, 0x94, 0xA5, 0x29, 0x4A, 0x4A, 0x52, 0x9A, 0x25, 0x29, 0x4A, 0x52, 0x94, 0xA5, 0x29, 0x4A, 0x52, 0x94, 0xA5, 0x29, 0x4A,
  0x52, 0x94, 0xA5, 0x29, 0x4A, 0x52, 0x95, 0x25, 0x32, 0x4A, 0x54, 0x94, 0xA6, 0x72, 0x4A, 0x94, 0xA5, 0x29, 0x4A, 0x52, 0x94, 0xA5, 0x29, 0x4A,
  0x52, 0x9B, 0x4E, 0xD6, 0x6A, 0x52, 0x94, 0xA5, 0x29, 0x4B, 0x5A, 0xD8, 0xC6, 0x31, 0x6B, 0x5A, 0xD8, 0xC6, 0x31, 0x8C, 0x63, 0x18, 0xC6, 0xB5,
  0xAE, 0x73, 0x5A, 0xD7, 0x39, 0xCE, 0x73, 0x9C, 0xE7, 0x42, 0x10, 0x84, 0x21, 0x08, 0x42, 0x10, 0x84, 0x29, 0x4A, 0x52, 0x94, 0xA5, 0x29, 0x5A,
  0xD6, 0xB5, 0xB5, 0xAD, 0x6B, 0x5A, 0xD6, 0xC6, 0x31, 0x8C, 0x63, 0x19, 0xCE, 0x73, 0x9C, 0xEF, 0x7B, 0xDF, 0x3D, 0xEF, 0x7B, 0xBC, 0xE7, 0x7B,
  0xDF, 0xFF, 0xFF, 0xFF, 0xFF, 0xFF, 0xFF, 0xFF, 0xFF, 0xFF, 0xFF, 0xFF, 0xFF, 0xFF, 0xFF, 0xFF, 0xFF, 0xFF, 0xFF, 0xFF, 0xFF, 0xFF, 0xFF, 0xFF,
  0xFF, 0xFF, 0xFF, 0xFF, 0xFF, 0xFF, 0xFF, 0xFF, 0xFF, 0xFF, 0xFF, 0xFF, 0xFF, 0xFF, 0xFF, 0xFF, 0xFF, 0xFF, 0xFF, 0xFF, 0xFF, 0xFF, 0xFF, 0xFF,
  0xFF, 0xFF, 0xFF, 0xFF, 0xFF, 0xFF, 0xFF, 0xFF, 0xFF, 0xFF, 0xFF, 0xFF, 0xFF, 0xFF, 0xFF, 0xFF, 0xFF, 0xFF, 0xFF, 0xFF, 0xFF, 0xFF, 0xFF, 0xFF,
  0xFF, 0xFF, 0xFF, 0xFF, 0xFF, 0xFF, 0xFF, 0xFF, 0xFF, 0xFF, 0xFF, 0xFF, 0xFF, 0xFF, 0xFF, 0xFF, 0xFF, 0xFF, 0xFF, 0xFF, 0xFF, 0xFF, 0xFF, 0xFE,
  0xF7, 0xBC, 0xE7, 0x39, 0xCE, 0x73, 0x7B, 0xF6, 0xF7, 0x9C, 0xE7, 0x39, 0xCE, 0x31, 0x8C, 0x63, 0x18, 0xB5, 0xAD, 0x9B, 0x5A, 0xD6, 0xAD, 0x6B,
  0x5A, 0xD2, 0x95, 0xA5, 0x29, 0x4A, 0x46, 0x10, 0x84, 0x21, 0x08, 0x42, 0x10, 0x84, 0x20, 0xE7, 0x39, 0xCE, 0x73, 0x9C, 0xD6, 0xB5, 0xAD, 0x6B,
  0x5A, 0xD6, 0x31, 0x8C, 0x63, 0x18, 0xC6, 0x2D, 0x6B, 0x5A, 0xD6, 0xB5, 0xAD, 0x6A, 0x52, 0x94, 0xA5, 0x29, 0x6B, 0x52, 0x94, 0xA5, 0x29, 0x4A,
  0x52, 0x94, 0xA5, 0x29, 0x4A, 0x52, 0x94, 0x95, 0x32, 0x33, 0x8C, 0xE7, 0x39, 0xAD, 0x2A, 0x52, 0x94, 0x94, 0xA5, 0x29, 0x4A, 0x10, 0x85, 0x4D,
  0x08, 0x42, 0x10, 0x84, 0x25, 0x28, 0x42, 0x10, 0x84, 0x21, 0x08, 0x42, 0x10, 0x84, 0x21, 0x08, 0x4A, 0x52, 0x94, 0xA5, 0x32, 0x92, 0x52, 0x95,
  0x4A, 0x4A, 0x52, 0x92, 0x95, 0x29, 0x29, 0x52, 0x94, 0xA5, 0x29, 0x4A, 0x52, 0xA3, 0x5E, 0xCD, 0x4A, 0x52, 0x94, 0xA5, 0x29, 0x6A, 0x52, 0x96,
  0xB6, 0x31, 0x6B, 0x5A, 0xD6, 0xB6, 0x31, 0x8C, 0x63, 0x18, 0xC6, 0x35, 0xAD, 0x73, 0x9A, 0xD6, 0xB5, 0xCE, 0x73, 0x9C, 0xE7, 0x3A, 0x10, 0x84,
  0x21, 0x08, 0x42, 0x10, 0x84, 0xE3, 0x0A, 0x52, 0x94, 0xA6, 0xBD, 0xEE, 0xD7, 0xBE, 0xAD, 0xAD, 0x6B, 0x5A, 0xD6, 0xB6, 0x31, 0x8C, 0x63, 0x18,
  0xCE, 0x73, 0x9C, 0xE7, 0x7B, 0xE7, 0xBD, 0xCE, 0x73, 0x9C, 0xEF, 0x7B, 0xDE, 0xFF, 0xFF, 0xFF, 0xFF, 0xFF, 0xFF, 0xFF, 0xFF, 0xFF, 0xFF, 0xFF,
  0xFF, 0xFF, 0xFF, 0xFF, 0xFF, 0xFF, 0xFF, 0xFF, 0xFF, 0xFF, 0xFF, 0xFF, 0xFF, 0xFF, 0xFF, 0xFF, 0xFF, 0xFF, 0xFF, 0xFF, 0xFF, 0xFF, 0xFF, 0xFF,
  0xFF, 0xFF, 0xFF, 0xFF, 0xFF, 0xFF, 0xFF, 0xFF, 0xFF, 0xFF, 0xFF, 0xFF, 0xFF, 0xFF, 0xFF, 0xFF, 0xFF, 0xFF, 0xFF, 0xFF, 0xFF, 0xFF, 0xFF, 0xFF,
  0xFF, 0xFF, 0xFF, 0xFF, 0xFF, 0xFF, 0xFF, 0xFF, 0xFF, 0xFF, 0xFF, 0xFF, 0xFF, 0xFF, 0xFF, 0xFF, 0xFF, 0xFF, 0xFF, 0xFF, 0xFF, 0xFF, 0xFF, 0xFF,
  0xFF, 0xFF, 0xFF, 0xFF, 0xFF, 0xFF, 0xFF, 0xFF, 0xFF, 0xFF, 0xFF, 0xDE, 0xF7, 0x9C, 0xE7, 0x39, 0xCE, 0x6F, 0x7B, 0xF6, 0xF3, 0x9C, 0xE7, 0x39,
  0xC6, 0x31, 0x8C, 0x63, 0x16, 0xB5, 0xAD, 0x6B, 0x5A, 0xD5, 0xAD, 0x6B, 0x5A, 0x52, 0x94, 0xA5, 0x29, 0x48, 0x42, 0x10, 0x84, 0x21, 0x08, 0x42,
  0x10, 0x84, 0x1C, 0xE7, 0x3A, 0x0E, 0x73, 0x5A, 0xD6, 0xB5, 0xAD, 0x6B, 0x58, 0xC6, 0x31, 0x8C, 0x63, 0x18, 0xB5, 0xAD, 0x6B, 0x5A, 0xD6, 0xB5,
  0xA9, 0x4A, 0x52, 0x94, 0xA5, 0x29, 0x4A, 0x52, 0x94, 0xA5, 0x29, 0x4A, 0x52, 0x94, 0xA5, 0x29, 0x4A, 0x52, 0x52, 0x99, 0x4E, 0x6E, 0x52, 0xA5,
  0x24, 0xA5, 0x29, 0x4A, 0x52, 0x94, 0xA5, 0x08, 0x42, 0x10, 0x84, 0x55, 0x08, 0x42, 0x10, 0x84, 0x21, 0x29, 0x4A, 0x5B, 0x26, 0xA1, 0x08, 0x42,
  0x10, 0x84, 0x21, 0x08, 0x42, 0x10, 0x84, 0x21, 0x09, 0x92, 0x92, 0x99, 0x4D, 0x29, 0x52, 0x94, 0xA5, 0x25, 0x29, 0x52, 0x52, 0xA5, 0x29, 0x4A,
  0x52, 0xA7, 0x7A, 0xCD, 0x4A, 0x52, 0x94, 0xA5, 0x29, 0x4A, 0x52, 0xD6, 0xB5, 0xAD, 0x6B, 0x5A, 0xD6, 0xB5, 0xAD, 0x8C, 0x63, 0x18, 0xC6, 0x31,
  0x8D, 0x6B, 0x5A, 0xD6, 0xB5, 0xAD, 0x73, 0x9C, 0xE7, 0x39, 0xD0, 0x84, 0x21, 0x08, 0x42, 0x10, 0x85, 0x2B, 0x08, 0x52, 0x94, 0xA5, 0x29, 0xDF,
  0x7B, 0xB5, 0xAD, 0x6D, 0x6B, 0x5A, 0xD8, 0xC5, 0xB1, 0x8C, 0x63, 0x18, 0xC6, 0x73, 0x9C, 0xE7, 0x3C, 0xF7, 0xB7, 0xBE, 0x73, 0x9C, 0xEF, 0x7B,
  0xDE, 0xF7, 0xFF, 0xFF, 0xFF, 0xFF, 0xFF, 0xFF, 0xFF, 0xFF, 0xFF, 0xFF, 0xFF, 0xFF, 0xFF, 0xFF, 0xFF, 0xFF, 0xFF, 0xFF, 0xFF, 0xFF, 0xFF, 0xFF,
  0xFF, 0xFF, 0xFF, 0xFF, 0xFF, 0xFF, 0xFF, 0xFF, 0xFF, 0xFF, 0xFF, 0xFF, 0xFF, 0xFF, 0xFF, 0xFF, 0xFF, 0xFF, 0xFF, 0xFF, 0xFF, 0xFF, 0xFF, 0xFF,
  0xFF, 0xFF, 0xFF, 0xFF, 0xFF, 0xFF, 0xFF, 0xFF, 0xFF, 0xFF, 0xFF, 0xFF, 0xFF, 0xFF, 0xFF, 0xFF, 0xFF, 0xFF, 0xFF, 0xFF, 0xFF, 0xFF, 0xFF, 0xFF,
  0xFF, 0xFF, 0xFF, 0xFF, 0xFF, 0xFF, 0xFF, 0xFF, 0xFF, 0xFF, 0xFF, 0xFF, 0xFF, 0xFF, 0xFF, 0xFF, 0xFF, 0xFF, 0xFF, 0xFF, 0xFF, 0xFF, 0xFF, 0xDE,
  0xF7, 0xBD, 0xE7, 0x39, 0xCD, 0xEF, 0x7B, 0xF6, 0x73, 0x9C, 0xE7, 0x38, 0xC6, 0x31, 0x8C, 0x62, 0xD6, 0xB5, 0xAD, 0x6C, 0xDA, 0xB5, 0xAD, 0x6B,
  0x4A, 0x52, 0x94, 0xA5, 0x29, 0x08, 0x42, 0x10, 0x84, 0x21, 0x08, 0x42, 0x10, 0x73, 0x9C, 0xE7, 0x39, 0xCE, 0x6B, 0x5A, 0xD6, 0xB5, 0xAD, 0x63,
  0x18, 0xC6, 0x31, 0x8C, 0x62, 0xD6, 0xB5, 0xAD, 0x6B, 0x5A, 0xD6, 0xA5, 0x29, 0x4A, 0x52, 0x94, 0xA5, 0x29, 0x4A, 0x52, 0x94, 0xA5, 0x29, 0x4A,
  0x52, 0x94, 0xA5, 0x29, 0x4A, 0x52, 0x53, 0x39, 0xC5, 0x6A, 0x4A, 0x52, 0x94, 0x21, 0x08, 0x4A, 0x12, 0x94, 0xA5, 0x08, 0x42, 0x10, 0x84, 0x55,
  0x08, 0x42, 0x10, 0x84, 0x21, 0x08, 0x4A, 0x53, 0x38, 0xA1, 0x08, 0x42, 0x10, 0x84, 0x21, 0x08, 0x42, 0x10, 0x84, 0xA1, 0x08, 0x54, 0x91, 0x29,
  0xA5, 0x29, 0x4A, 0x92, 0x94, 0xA5, 0x29, 0x52, 0x52, 0x95, 0x25, 0x2A, 0x52, 0xA9, 0x7E, 0xCD, 0x4A, 0x52, 0x94, 0xA5, 0x29, 0x4A, 0x5A, 0xD6,
  0xB5, 0x29, 0x6B, 0x5A, 0xD6, 0xB5, 0xAD, 0x6B, 0x63, 0x18, 0xC6, 0x31, 0x8C, 0x63, 0x5A, 0xD6, 0xB5, 0xAD, 0x6B, 0x9C, 0xE7, 0x39, 0xCE, 0x74,
  0x21, 0x08, 0x42, 0x10, 0x84, 0x2B, 0x38, 0x42, 0x94, 0xA5, 0x29, 0x4A, 0x7A, 0xB5, 0xAD, 0x6B, 0x6B, 0x5A, 0xD6, 0xC5, 0xAD, 0x8C, 0x63, 0x18,
  0xC6, 0x33, 0x9C, 0xF7, 0xDE, 0xF6, 0xF7, 0xBD, 0xF3, 0x9C, 0xE7, 0x7B, 0xCE, 0xF7, 0xFF, 0xFF, 0xFF, 0xFF, 0xFF, 0xFF, 0xFF, 0xFF, 0xFF, 0xFF,
  0xFF, 0xFF, 0xFF, 0xFF, 0xFF, 0xFF, 0xFF, 0xFF, 0xFF, 0xFF, 0xFF, 0xFF, 0xFF, 0xFF, 0xFF, 0xFF, 0xFF, 0xFF, 0xFF, 0xFF, 0xFF, 0xFF, 0xFF, 0xFF,
  0xFF, 0xFF, 0xFF, 0xFF, 0xFF, 0xFF, 0xFF, 0xFF, 0xFF, 0xFF, 0xFF, 0xFF, 0xFF, 0xFF, 0xFF, 0xFF, 0xFF, 0xFF, 0xFF, 0xFF, 0xFF, 0xFF, 0xFF, 0xFF,
  0xFF, 0xFF, 0xFF, 0xFF, 0xFF, 0xFF, 0xFF, 0xFF, 0xFF, 0xFF, 0xFF, 0xFF, 0xFF, 0xFF, 0xFF, 0xFF, 0xFF, 0xFF, 0xFF, 0xFF, 0xFF, 0xFF, 0xFF, 0xFF,
  0xFF, 0xFF, 0xFF, 0xFF, 0xFF, 0xFF, 0xFF, 0xFF, 0xFF, 0xFF, 0xFB, 0xDE, 0xF7, 0xBD, 0xE7, 0x39, 0xBD, 0xEF, 0x7B, 0xEF, 0xB3, 0x9C, 0xE7, 0x18,
  0xC6, 0x31, 0x8C, 0x5A, 0xD6, 0xB5, 0xAD, 0x6B, 0x56, 0xB5, 0xAD, 0x69, 0x4A, 0x52, 0x94, 0xA5, 0x21, 0x08, 0x42, 0x10, 0x84, 0x21, 0x08, 0x42,
  0x0E, 0x73, 0x9C, 0xE7, 0x39, 0xCD, 0x6B, 0x5A, 0xD6, 0xB5, 0xAC, 0x63, 0x18, 0xC6, 0x31, 0x8B, 0x5A, 0xD6, 0xB5, 0xAD, 0x6B, 0x5A, 0x94, 0xA5,
  0x29, 0x4A, 0x52, 0x94, 0xA5, 0x29, 0x4A, 0x52, 0x94, 0xA5, 0x29, 0x4A, 0x52, 0x94, 0xA5, 0x25, 0x2A, 0x53, 0xA7, 0x36, 0xA5, 0x29, 0x4A, 0x52,
  0x94, 0x21, 0x08, 0x42, 0x12, 0x94, 0xA1, 0x08, 0x42, 0x10, 0x84, 0x51, 0x08, 0x42, 0x10, 0x84, 0x21, 0x08, 0x42, 0x25, 0x24, 0x21, 0x08, 0x42,
  0x10, 0x84, 0x21, 0x08, 0x42, 0x10, 0x84, 0x21, 0x08, 0x44, 0x98, 0xA5, 0xA1, 0x28, 0x42, 0x52, 0x94, 0xA5, 0x29, 0x4A, 0x52, 0x94, 0xA5, 0x29,
  0x4C, 0xE9, 0xDE, 0xC1, 0x4A, 0x52, 0x94, 0xA5, 0x29, 0x4A, 0x5A, 0xD6, 0xB5, 0x29, 0x4A, 0x5A, 0xD6, 0xB5, 0xAD, 0x6B, 0x5A, 0xD8, 0xC6, 0x31,
  0x8C, 0x63, 0x1A, 0xD6, 0xB5, 0xAD, 0x6B, 0x5C, 0xE7, 0x39, 0xCE, 0x73, 0xA1, 0x08, 0x42, 0x10, 0x84, 0x29, 0x58, 0x42, 0x14, 0xA5, 0x29, 0x4A,
  0x7A, 0x95, 0xAD, 0x6B, 0x5B, 0x5A, 0xD6, 0xB5, 0xAD, 0x6C, 0x63, 0x18, 0xC6, 0x31, 0x9F, 0x7B, 0xBC, 0xCE, 0xF7, 0xBD, 0xEF, 0x9C, 0xE7, 0x3B,
  0xCE, 0x77, 0xBF, 0xFF, 0xFF, 0xFF, 0xFF, 0xFF, 0xFF, 0xFF, 0xFF, 0xFF, 0xFF, 0xFF, 0xFF, 0xFF, 0xFF, 0xFF, 0xFF, 0xFF, 0xFF, 0xFF, 0xFF, 0xFF,
  0xFF, 0xFF, 0xFF, 0xFF, 0xFF, 0xFF, 0xFF, 0xFF, 0xFF, 0xFF, 0xFF, 0xFF, 0xFF, 0xFF, 0xFF, 0xFF, 0xFF, 0xFF, 0xFF, 0xFF, 0xFF, 0xFF, 0xFF, 0xFF,
  0xFF, 0xFF, 0xFF, 0xFF, 0xFF, 0xFF, 0xFF, 0xFF, 0xFF, 0xFF, 0xFF, 0xFF, 0xFF, 0xFF, 0xFF, 0xFF, 0xFF, 0xFF, 0xFF, 0xFF, 0xFF, 0xFF, 0xFF, 0xFF,
  0xFF, 0xFF, 0xFF, 0xFF, 0xFF, 0xFF, 0xFF, 0xFF, 0xFF, 0xFF, 0xFF, 0xFF, 0xFF, 0xFF, 0xFF, 0xFF, 0xFF, 0xFF, 0xFF, 0xFF, 0xFF, 0xFF, 0x7B, 0xDE,
  0xF7, 0xBD, 0xE7, 0x37, 0xBD, 0xEF, 0x79, 0xCF, 0xB3, 0x9C, 0xE3, 0x18, 0xC6, 0x31, 0x8B, 0x5A, 0xD6, 0xB5, 0xAD, 0x6A, 0xD6, 0xB5, 0xAD, 0x29,
  0x5A, 0xD2, 0x94, 0xA4, 0x21, 0x08, 0x42, 0x10, 0x84, 0x21, 0x08, 0x41, 0xCE, 0x73, 0xA0, 0xE7, 0x35, 0xAD, 0x6B, 0x5A, 0xD6, 0xB1, 0x8C, 0x63,
  0x18, 0xC6, 0x31, 0x6B, 0x5A, 0xD6, 0xB5, 0xAD, 0x6A, 0x52, 0x94, 0xA5, 0x29, 0x4A, 0x52, 0x94, 0xA5, 0x29, 0x4A, 0x52, 0x94, 0xA5, 0x29, 0x4A,
  0x52, 0x94, 0xA5, 0x25, 0x2A, 0x5C, 0xE6, 0xB4, 0x25, 0x29, 0x4A, 0x52, 0x94, 0x21, 0x08, 0x42, 0x12, 0x84, 0x21, 0x08, 0x42, 0x10, 0x84, 0x45,
  0x47, 0x39, 0xCE, 0x73, 0x9C, 0xE7, 0x42, 0x23, 0x38, 0xC8, 0xE7, 0x39, 0xD0, 0x84, 0x21, 0x08, 0x42, 0x10, 0x84, 0x21, 0x08, 0x44, 0xA6, 0x94,
  0x21, 0x08, 0x42, 0x10, 0x84, 0x25, 0x29, 0x4A, 0x52, 0x94, 0xA5, 0x29, 0x9D, 0x3B, 0xDA, 0x29, 0x4A, 0x52, 0x94, 0xA5, 0x29, 0x4A, 0x52, 0x96,
  0xB5, 0x29, 0x4A, 0x52, 0x96, 0xB5, 0xAD, 0x6B, 0x5A, 0xD6, 0xC6, 0x31, 0x8C, 0x63, 0x18, 0xC6, 0xB5, 0xAD, 0x6B, 0x5A, 0xD7, 0x39, 0xCE, 0x73,
  0x9D, 0x08, 0x77, 0xBD, 0x9C, 0x21, 0x58, 0x42, 0x10, 0xA7, 0xA9, 0x4A, 0x7A, 0x94, 0xAD, 0x6B, 0x5A, 0xDA, 0xD6, 0xB5, 0xAD, 0x6B, 0x63, 0x18,
  0xC6, 0x3B, 0xEE, 0xE7, 0x39, 0xCE, 0x77, 0xBD, 0xEF, 0x7C, 0xE7, 0x39, 0xCE, 0x73, 0xBD, 0xFF, 0xFF, 0xFF, 0xFF, 0xFF, 0xFF, 0xFF, 0xFF, 0xFF,
  0xFF, 0xFF, 0xFF, 0xFF, 0xFF, 0xFF, 0xFF, 0xFF, 0xFF, 0xFF, 0xFF, 0xFF, 0xFF, 0xFF, 0xFF, 0xFF, 0xFF, 0xFF, 0xFF, 0xFF, 0xFF, 0xFF, 0xFF, 0xFF,
  0xFF, 0xFF, 0xFF, 0xFF, 0xFF, 0xFF, 0xFF, 0xFF, 0xFF, 0xFF, 0xFF, 0xFF, 0xFF, 0xFF, 0xFF, 0xFF, 0xFF, 0xFF, 0xFF, 0xFF, 0xFF, 0xFF, 0xFF, 0xFF,
  0xFF, 0xFF, 0xFF, 0xFF, 0xFF, 0xFF, 0xFF, 0xFF, 0xFF, 0xFF, 0xFF, 0xFF, 0xFF, 0xFF, 0xFF, 0xFF, 0xFF, 0xFF, 0xFF, 0xFF, 0xFF, 0xFF, 0xFF, 0xFF,
  0xFF, 0xFF, 0xFF, 0xFF, 0xFF, 0xFF, 0xFF, 0xFF, 0xFF, 0xEF, 0x7B, 0xDE, 0xF7, 0xBC, 0xE7, 0x37, 0xBD, 0xEF, 0x39, 0xCF, 0x7B, 0x9C, 0x63, 0x18,
  0xC6, 0x31, 0x6B, 0x5A, 0xD6, 0xB5, 0xAD, 0x5A, 0xD6, 0xB5, 0xAD, 0x2B, 0x4A, 0x52, 0x90, 0x84, 0x21, 0x08, 0x42, 0x10, 0x84, 0x21, 0x07, 0x39,
  0xCE, 0x73, 0xA0, 0xE6, 0xB5, 0xAD, 0x6B, 0x5A, 0xD6, 0x31, 0x8C, 0x63, 0x18, 0xC5, 0xAD, 0x6B, 0x5A, 0xD6, 0xB5, 0xA9, 0x4A, 0x52, 0x94, 0xA5,
  0x29, 0x4A, 0x52, 0x94, 0xA5, 0x29, 0x4A, 0x52, 0x92, 0x94, 0xA9, 0x4A, 0x52, 0x92, 0x95, 0x25, 0x29, 0x4C, 0xE2, 0x94, 0x21, 0x08, 0x42, 0x50,
  0x84, 0x21, 0x08, 0x42, 0x10, 0x84, 0x1C, 0xE7, 0x39, 0xCE, 0x73, 0xC5, 0x87, 0x39, 0xCE, 0x73, 0x9C, 0xE7, 0x42, 0x10, 0xA9, 0x46, 0x27, 0x39,
  0xCE, 0x73, 0x9C, 0xE7, 0x39, 0xCE, 0x74, 0x21, 0x08, 0x42, 0x66, 0x84, 0x21, 0x08, 0x42, 0x10, 0x84, 0x21, 0x08, 0x42, 0x52, 0x94, 0xA5, 0x33,
  0xA7, 0x69, 0x37, 0x25, 0x2A, 0x52, 0x94, 0xA5, 0x29, 0x4A, 0x52, 0x94, 0xA5, 0xAD, 0x6A, 0x52, 0x94, 0xA5, 0xAD, 0x6B, 0x5A, 0xD6, 0xB5, 0xB1,
  0x8C, 0x63, 0x18, 0xC6, 0x35, 0xAD, 0x6B, 0x5A, 0xD6, 0xB9, 0xCE, 0x73, 0x9C, 0xE7, 0x7A, 0x10, 0xF7, 0x61, 0x08, 0x42, 0x10, 0x84, 0x69, 0x4A,
  0x52, 0x94, 0xA5, 0x6B, 0x5A, 0xD6, 0xD6, 0xB5, 0xAD, 0x6B, 0x5B, 0x18, 0xCF, 0xBD, 0xDC, 0x67, 0x39, 0xCE, 0x73, 0xBE, 0x6F, 0x7B, 0xE7, 0x39,
  0xCE, 0x73, 0x9D, 0xEF, 0xFF, 0xFF, 0xFF, 0xFF, 0xFF, 0xFF, 0xFF, 0xFF, 0xFF, 0xFF, 0xFF, 0xFF, 0xFF, 0xFF, 0xFF, 0xFF, 0xFF, 0xFF, 0xFF, 0xFF,
  0xFF, 0xFF, 0xFF, 0xFF, 0xFF, 0xFF, 0xFF, 0xFF, 0xFF, 0xFF, 0xFF, 0xFF, 0xFF, 0xFF, 0xFF, 0xFF, 0xFF, 0xFF, 0xFF, 0xFF, 0xFF, 0xFF, 0xFF, 0xFF,
  0xFF, 0xFF, 0xFF, 0xFF, 0xFF, 0xFF, 0xFF, 0xFF, 0xFF, 0xFF, 0xFF, 0xFF, 0xFF, 0xFF, 0xFF, 0xFF, 0xFF, 0xFF, 0xFF, 0xFF, 0xFF, 0xFF, 0xFF, 0xFF,
  0xFF, 0xFF, 0xFF, 0xFF, 0xFF, 0xFF, 0xFF, 0xFF, 0xFF, 0xFF, 0xFF, 0xFF, 0xFF, 0xFF, 0xFF, 0xFF, 0xFF, 0xFF, 0xFF, 0xFF, 0xFD, 0xEF, 0x7B, 0xDE,
  0xF7, 0x9C, 0xE6, 0xF7, 0xBD, 0xE7, 0x39, 0xCE, 0x7D, 0x9C, 0x63, 0x18, 0xC6, 0x2D, 0x6B, 0x5A, 0xD6, 0xB5, 0xAB, 0x5A, 0xD6, 0xB4, 0xA5, 0x29,
  0x4A, 0x52, 0x10, 0x84, 0x21, 0x08, 0x42, 0x10, 0x84, 0x20, 0xE7, 0x39, 0xCE, 0x73, 0x9A, 0xD6, 0xB5, 0xAD, 0x6B, 0x58, 0xC6, 0x31, 0x8C, 0x63,
  0x16, 0xB5, 0xAD, 0x6B, 0x5A, 0xD6, 0xA5, 0x29, 0x4A, 0x52, 0x94, 0xA5, 0x29, 0x4A, 0x52, 0x94, 0xA5, 0x29, 0x4A, 0x4A, 0x94, 0xA5, 0x29, 0x4A,
  0x52, 0x92, 0x94, 0xA5, 0x29, 0x4C, 0xA6, 0x94, 0x21, 0x09, 0x4A, 0x10, 0x84, 0x21, 0x07, 0x39, 0xCE, 0x73, 0x9C, 0xE7, 0x39, 0xCE, 0x73, 0x9E,
  0x67, 0x39, 0xCE, 0x73, 0x9C, 0xE7, 0x41, 0xCE, 0x73, 0xA0, 0xE7, 0x39, 0xCE, 0x73, 0x9C, 0xE7, 0x39, 0xCE, 0x73, 0x9C, 0xE7, 0x3A, 0xE2, 0x84,
  0x21, 0x08, 0x42, 0x10, 0x84, 0x21, 0x09, 0x4A, 0x10, 0x84, 0xA6, 0x74, 0xED, 0x26, 0x94, 0xA5, 0x29, 0x4A, 0x94, 0xA5, 0x29, 0x4A, 0x52, 0x94,
  0xA5, 0x29, 0x6A, 0x52, 0x94, 0xA5, 0x29, 0x6B, 0x5A, 0xD6, 0xB5, 0xAD, 0x6C, 0x63, 0x18, 0xC6, 0x31, 0x8D, 0x6B, 0x5A, 0xD6, 0xB5, 0xAE, 0x73,
  0x9C, 0xE7, 0x7A, 0x10, 0x87, 0xA1, 0x0F, 0x7B, 0xD0, 0x87, 0xA1, 0xDF, 0x7B, 0xDE, 0xA5, 0x3D, 0xEF, 0x56, 0xB6, 0xB5, 0xAD, 0x6B, 0x5B, 0x1D,
  0xF7, 0xB1, 0x8C, 0x67, 0x39, 0xCE, 0x73, 0x9D, 0xEF, 0x7B, 0xDF, 0x39, 0xCE, 0x73, 0x9D, 0xEF, 0x7F, 0xFF, 0xFF, 0xFF, 0xFF, 0xFF, 0xFF, 0xFF,
  0xFF, 0xFF, 0xFF, 0xFF, 0xFF, 0xFF, 0xFF, 0xFF, 0xFF, 0xFF, 0xFF, 0xFF, 0xFF, 0xFF, 0xFF, 0xFF, 0xFF, 0xFF, 0xFF, 0xFF, 0xFF, 0xFF, 0xFF, 0xFF,
  0xFF, 0xFF, 0xFF, 0xFF, 0xFF, 0xFF, 0xFF, 0xFF, 0xFF, 0xFF, 0xFF, 0xFF, 0xFF, 0xFF, 0xFF, 0xFF, 0xFF, 0xFF, 0xFF, 0xFF, 0xFF, 0xFF, 0xFF, 0xFF,
  0xFF, 0xFF, 0xFF, 0xFF, 0xFF, 0xFF, 0xFF, 0xFF, 0xFF, 0xFF, 0xFF, 0xFF, 0xFF, 0xFF, 0xFF, 0xFF, 0xFF, 0xFF, 0xFF, 0xFF, 0xFF, 0xFF, 0xFF, 0xFF,
  0xFF, 0xFF, 0xFF, 0xFF, 0xFF, 0xFF, 0xFF, 0xFF, 0xBD, 0xEF, 0x3B, 0xDE, 0xF3, 0x9C, 0xDF, 0x37, 0xBD, 0xE7, 0x9C, 0xCE, 0x7D, 0xBC, 0x63, 0x18,
  0xC5, 0xB1, 0x6C, 0x5A, 0xD6, 0xB5, 0x6B, 0x5A, 0xD2, 0x94, 0xA5, 0x29, 0x4A, 0x42, 0x10, 0x84, 0x21, 0x08, 0x42, 0x10, 0x84, 0x1C, 0xE7, 0x39,
  0xCE, 0x73, 0x5A, 0xD6, 0xB5, 0xAD, 0x6B, 0x18, 0xC6, 0x31, 0x8C, 0x62, 0xD6, 0xB5, 0xAD, 0x6B, 0x5A, 0x94, 0xA5, 0x29, 0x4A, 0x52, 0x94, 0xA5,
  0x29, 0x4A, 0x52, 0x94, 0xA5, 0x25, 0x29, 0x4A, 0x92, 0x95, 0x29, 0x49, 0x4A, 0x50, 0x94, 0xA5, 0x29, 0x4A, 0xA6, 0xD4, 0x21, 0x28, 0x42, 0x0E,
  0x73, 0x9C, 0xE7, 0x39, 0xCE, 0x73, 0x9C, 0xE7, 0x39, 0xCE, 0x73, 0x9E, 0x68, 0x39, 0xCE, 0x84, 0x1C, 0xE7, 0x39, 0xCE, 0x73, 0x9C, 0xE7, 0x39,
  0xCE, 0x73, 0x9C, 0xE7, 0x39, 0xCE, 0x73, 0x9D, 0x09, 0x8A, 0x8E, 0x73, 0x9C, 0xE8, 0x42, 0x10, 0x84, 0x25, 0x29, 0x42, 0x10, 0x84, 0x36, 0x9D,
  0xA4, 0xD2, 0x94, 0xA5, 0x29, 0x4A, 0x52, 0xA5, 0x29, 0x4A, 0x52, 0x94, 0xA5, 0x29, 0x4A, 0x52, 0x94, 0xA5, 0x29, 0x4A, 0x5A, 0xD6, 0xB5, 0xAD,
  0x6B, 0x63, 0x18, 0xC6, 0x31, 0x8C, 0x6B, 0x5A, 0xD6, 0xB9, 0xAD, 0x73, 0x9C, 0xE7, 0x7B, 0xBD, 0xF4, 0x21, 0x08, 0x43, 0xD4, 0x87, 0xA1, 0xDF,
  0x52, 0x9F, 0xA7, 0xBB, 0x4A, 0xD6, 0xB5, 0xB5, 0xAD, 0x6B, 0x7B, 0xDE, 0xC6, 0x31, 0x8C, 0x63, 0x39, 0xCE, 0x73, 0x9D, 0xEF, 0x7B, 0xDF, 0x39,
  0xCE, 0x73, 0x9C, 0xEF, 0x7B, 0xFF, 0xFF, 0xFF, 0xFF, 0xFF, 0xFF, 0xFF, 0xFF, 0xFF, 0xFF, 0xFF, 0xFF, 0xFF, 0xFF, 0xFF, 0xFF, 0xFF, 0xFF, 0xFF,
  0xFF, 0xFF, 0xFF, 0xFF, 0xFF, 0xFF, 0xFF, 0xFF, 0xFF, 0xFF, 0xFF, 0xFF, 0xFF, 0xFF, 0xFF, 0xFF, 0xFF, 0xFF, 0xFF, 0xFF, 0xFF, 0xFF, 0xFF, 0xFF,
  0xFF, 0xFF, 0xFF, 0xFF, 0xFF, 0xFF, 0xFF, 0xFF, 0xFF, 0xFF, 0xFF, 0xFF, 0xFF, 0xFF, 0xFF, 0xFF, 0xFF, 0xFF, 0xFF, 0xFF, 0xFF, 0xFF, 0xFF, 0xFF,
  0xFF, 0xFF, 0xFF, 0xFF, 0xFF, 0xFF, 0xFF, 0xFF, 0xFF, 0xFF, 0xFF, 0xFF, 0xFF, 0xFF, 0xFF, 0xFF, 0xFF, 0xFF, 0xFF, 0xFF, 0xBD, 0xE7, 0x7B, 0xDE,
  0x73, 0x9C, 0xDE, 0xF7, 0xBC, 0xF3, 0x9C, 0xCE, 0x71, 0xEC, 0x63, 0x18, 0xC6, 0x31, 0x8B, 0x5A, 0xD6, 0xAD, 0x6B, 0x5A, 0x52, 0x94, 0xA5, 0x29,
  0x48, 0xC6, 0x10, 0x84, 0x21, 0x08, 0x42, 0x10, 0x83, 0x9C, 0xE7, 0x39, 0xCE, 0x6B, 0x5A, 0xD6, 0xB5, 0xAC, 0x63, 0x18, 0xC6, 0x31, 0x8B, 0x5A,
  0xD6, 0xB5, 0xAD, 0x6B, 0x52, 0x94, 0xA5, 0x29, 0x4A, 0x52, 0x94, 0xA5, 0x29, 0x4A, 0x52, 0x94, 0x94, 0xA5, 0x29, 0x4A, 0x54, 0xA5, 0x25, 0x29,
  0x4A, 0x10, 0x94, 0xA5, 0x29, 0x4A, 0xA7, 0x14, 0x20, 0xE7, 0x39, 0xCE, 0x73, 0x9C, 0xE7, 0x39, 0xCE, 0x73, 0x9C, 0xE7, 0x39, 0xD2, 0x73, 0x9C,
  0xF3, 0xAC, 0xCE, 0x73, 0x9C, 0xE7, 0x39, 0xCE, 0x73, 0x9C, 0xE7, 0x39, 0xCE, 0x73, 0x9C, 0xE7, 0x39, 0xCE, 0x73, 0xA2, 0x6E, 0x61, 0xCE, 0x73,
  0x9C, 0xE7, 0x3A, 0x10, 0x84, 0x21, 0x28, 0x42, 0x10, 0x94, 0xCA, 0x9D, 0x9A, 0x12, 0x94, 0xA5, 0x29, 0x4A, 0x92, 0x94, 0xA5, 0x4A, 0x52, 0x94,
  0xA5, 0x29, 0x4A, 0x52, 0x94, 0xA5, 0x29, 0x4A, 0x52, 0xD6, 0xB5, 0xAD, 0x6C, 0x5A, 0xD8, 0xC6, 0x31, 0x8C, 0x63, 0x1A, 0xD6, 0xB5, 0xAD, 0x6B,
  0x9C, 0xE7, 0x7A, 0x13, 0xEF, 0x61, 0x0A, 0xFB, 0xD4, 0x87, 0xA1, 0x5E, 0xD2, 0x9E, 0xA5, 0x3D, 0xEA, 0x56, 0xB5, 0xAD, 0xAD, 0xDF, 0x7B, 0x16,
  0xB6, 0x31, 0x8C, 0x63, 0x19, 0xCE, 0x73, 0x9C, 0xEF, 0x7B, 0xDE, 0xF9, 0xCE, 0x73, 0x9C, 0xE7, 0x7B, 0xFF, 0xFF, 0xFF, 0xFF, 0xFF, 0xFF, 0xFF,
  0xFF, 0xFF, 0xFF, 0xFF, 0xFF, 0xFF, 0xFF, 0xFF, 0xFF, 0xFF, 0xFF, 0xFF, 0xFF, 0xFF, 0xFF, 0xFF, 0xFF, 0xFF, 0xFF, 0xFF, 0xFF, 0xFF, 0xFF, 0xFF,
  0xFF, 0xFF, 0xFF, 0xFF, 0xFF, 0xFF, 0xFF, 0xFF, 0xFF, 0xFF, 0xFF, 0xFF, 0xFF, 0xFF, 0xFF, 0xFF, 0xFF, 0xFF, 0xFF, 0xFF, 0xFF, 0xFF, 0xFF, 0xFF,
  0xFF, 0xFF, 0xFF, 0xFF, 0xFF, 0xFF, 0xFF, 0xFF, 0xFF, 0xFF, 0xFF, 0xFF, 0xFF, 0xFF, 0xFF, 0xFF, 0xFF, 0xFF, 0xFF, 0xFF, 0xFF, 0xFF, 0xFF, 0xFF,
  0xFF, 0xFF, 0xFF, 0xFF, 0xFF, 0xFF, 0xFF, 0xF7, 0xBC, 0xE7, 0x7B, 0xCE, 0x73, 0x9C, 0xE6, 0xF7, 0x9E, 0x73, 0x99, 0xCE, 0x31, 0x8F, 0x63, 0x18,
  0xB5, 0xAD, 0x6B, 0x5A, 0xD5, 0xAD, 0x6B, 0x4A, 0x56, 0xB4, 0xA5, 0x29, 0x18, 0xC2, 0x10, 0x84, 0x21, 0x08, 0x42, 0x0E, 0x73, 0x9C, 0xE7, 0x39,
  0xAD, 0x6B, 0x5A, 0xD6, 0xB5, 0x8C, 0x63, 0x18, 0xC6, 0x31, 0x6B, 0x5A, 0xD6, 0xB5, 0xAD, 0x4A, 0x52, 0x94, 0xA5, 0x29, 0x4A, 0x52, 0x94, 0xA5,
  0x29, 0x4A, 0x52, 0x54, 0xA4, 0xA5, 0x4A, 0x4A, 0x52, 0x94, 0xA1, 0x29, 0x42, 0x10, 0x94, 0xA1, 0x09, 0x54, 0xE6, 0xA3, 0x9C, 0xE7, 0x39, 0xCE,
  0x73, 0x9C, 0xE7, 0x39, 0xCE, 0x73, 0x9C, 0xE7, 0x39, 0xCE, 0x73, 0x9C, 0xE7, 0x44, 0xE8, 0x73, 0x9C, 0xE7, 0x39, 0xCE, 0x73, 0x9C, 0xE7, 0x39,
  0xCE, 0x73, 0x9C, 0xE7, 0x39, 0xCE, 0x73, 0xB2, 0x67, 0x39, 0xCE, 0x73, 0x9C, 0xE7, 0x3A, 0x10, 0x83, 0x9C, 0xE8, 0x42, 0x12, 0x94, 0xD2, 0xBD,
  0x9A, 0x10, 0x84, 0x25, 0x2A, 0x52, 0x52, 0x94, 0xA5, 0x4A, 0x52, 0x94, 0xA5, 0x29, 0x4A, 0x52, 0x94, 0xA5, 0x29, 0x4A, 0x52, 0x94, 0xB5, 0xAD,
  0x8C, 0x5A, 0xD6, 0xC6, 0x31, 0x8C, 0x63, 0x18, 0xD6, 0xB5, 0xAD, 0x6B, 0x5A, 0xE7, 0x79, 0xCE, 0x77, 0xA1, 0xE8, 0x43, 0xD3, 0x87, 0xA1, 0x5E,
  0xC2, 0x9E, 0xA5, 0x29, 0xDF, 0x52, 0xB5, 0xAD, 0x7D, 0xEE, 0xDA, 0xD6, 0xB5, 0xB1, 0x8C, 0x63, 0x18, 0xCE, 0x73, 0x9C, 0xE7, 0x7B, 0xDE, 0xF9,
  0xCE, 0x73, 0x9C, 0xE7, 0x3B, 0xDF, 0xFF, 0xFF, 0xFF, 0xFF, 0xFF, 0xFF, 0xFF, 0xFF, 0xFF, 0xFF, 0xFF, 0xFF, 0xFF, 0xFF, 0xFF, 0xFF, 0xFF, 0xFF,
  0xFF, 0xFF, 0xFF, 0xFF, 0xFF, 0xFF, 0xFF, 0xFF, 0xFF, 0xFF, 0xFF, 0xFF, 0xFF, 0xFF, 0xFF, 0xFF, 0xFF, 0xFF, 0xFF, 0xFF, 0xFF, 0xFF, 0xFF, 0xFF,
  0xFF, 0xFF, 0xFF, 0xFF, 0xFF, 0xFF, 0xFF, 0xFF, 0xFF, 0xFF, 0xFF, 0xFF, 0xFF, 0xFF, 0xFF, 0xFF, 0xFF, 0xFF, 0xFF, 0xFF, 0xFF, 0xFF, 0xFF, 0xFF,
  0xFF, 0xFF, 0xFF, 0xFF, 0xFF, 0xFF, 0xFF, 0xFF, 0xFF, 0xFF, 0xFF, 0xFF, 0xFF, 0xFF, 0xFF, 0xFF, 0xFF, 0xFF, 0xFE, 0xF7, 0xBC, 0xE7, 0x79, 0xCE,
  0x73, 0x9C, 0xE7, 0x33, 0x9E, 0x67, 0x39, 0xC6, 0x31, 0x8F, 0x62, 0xD6, 0xB5, 0xAD, 0x6B, 0x5A, 0xB5, 0xAD, 0x69, 0x4A, 0x56, 0xB4, 0xA5, 0x21,
  0x08, 0xC2, 0x10, 0x84, 0x21, 0x08, 0x41, 0xCE, 0x73, 0x9C, 0xE7, 0x35, 0xAD, 0x6B, 0x9A, 0xD6, 0x31, 0x8C, 0x63, 0x18, 0xC5, 0xAD, 0x6B, 0x5A,
  0xD6, 0xB5, 0x29, 0x4A, 0x52, 0x94, 0xA5, 0x29, 0x4A, 0x52, 0x94, 0xA5, 0x29, 0x49, 0x4A, 0x54, 0xA4, 0xA5, 0x29, 0x4A, 0x50, 0x94, 0xA5, 0x28,
  0x42, 0x12, 0x94, 0x21, 0x12, 0x8C, 0x54, 0x73, 0x9D, 0x07, 0x39, 0xCE, 0x73, 0x9C, 0xE7, 0x39, 0xCE, 0x73, 0x9C, 0xE7, 0x39, 0xCE, 0x73, 0x9C,
  0xE7, 0x39, 0xE3, 0x13, 0x9C, 0xE7, 0x39, 0xCE, 0x73, 0x9C, 0xE7, 0x39, 0xCE, 0x75, 0x1C, 0xE7, 0x39, 0xCE, 0x73, 0xCA, 0x67, 0x39, 0xCE, 0x73,
  0x9C, 0xE7, 0x3A, 0x0E, 0x73, 0x9C, 0xE7, 0x3A, 0x10, 0x89, 0x4F, 0xB5, 0x92, 0x10, 0x84, 0x21, 0x09, 0x4A, 0x52, 0x94, 0xA9, 0x4A, 0x52, 0x54,
  0xA5, 0x29, 0x4A, 0x52, 0x94, 0xA5, 0x29, 0x4A, 0x52, 0x94, 0xA5, 0x2D, 0x8B, 0x5A, 0xD6, 0xB5, 0xB1, 0x8C, 0x63, 0x18, 0xC6, 0x35, 0xAD, 0x6B,
  0x5A, 0xD7, 0x79, 0xCE, 0xEF, 0x9D, 0xE8, 0x47, 0xD4, 0x87, 0xA1, 0xDE, 0xC2, 0x1E, 0xA5, 0x29, 0x4F, 0x52, 0x95, 0xAF, 0xBD, 0x6B, 0x5A, 0xD6,
  0xB5, 0xAD, 0x8C, 0x63, 0x18, 0xC6, 0x73, 0x9C, 0xE7, 0x3B, 0xDE, 0xF7, 0xBE, 0x73, 0x9C, 0xE7, 0x39, 0xDE, 0xFF, 0xFF, 0xFF, 0xFF, 0xFF, 0xFF,
  0xFF, 0xFF, 0xFF, 0xFF, 0xFF, 0xFF, 0xFF, 0xFF, 0xFF, 0xFF, 0xFF, 0xFF, 0xFF, 0xFF, 0xFF, 0xFF, 0xFF, 0xFF, 0xFF, 0xFF, 0xFF, 0xFF, 0xFF, 0xFF,
  0xFF, 0xFF, 0xFF, 0xFF, 0xFF, 0xFF, 0xFF, 0xFF, 0xFF, 0xFF, 0xFF, 0xFF, 0xFF, 0xFF, 0xFF, 0xFF, 0xFF, 0xFF, 0xFF, 0xFF, 0xFF, 0xFF, 0xFF, 0xFF,
  0xFF, 0xFF, 0xFF, 0xFF, 0xFF, 0xFF, 0xFF, 0xFF, 0xFF, 0xFF, 0xFF, 0xFF, 0xFF, 0xFF, 0xFF, 0xFF, 0xFF, 0xFF, 0xFF, 0xFF, 0xFF, 0xFF, 0xFF, 0xFF,
  0xFF, 0xFF, 0xFF, 0xFF, 0xFF, 0xFF, 0xDE, 0xF7, 0xBD, 0xE7, 0x39, 0xCD, 0xEF, 0x7B, 0xDE, 0x73, 0x9C, 0xE7, 0x38, 0xC6, 0x31, 0x8F, 0x76, 0xD6,
  0xB5, 0xAD, 0x6B, 0x56, 0xB5, 0xAD, 0x29, 0x4A, 0x52, 0x94, 0xA4, 0x21, 0x08, 0x42, 0x10, 0x84, 0x21, 0x08, 0x39, 0xCE, 0x73, 0x9C, 0xE6, 0xB5,
  0xAD, 0x83, 0x5A, 0xC6, 0x31, 0x8C, 0x63, 0x18, 0xB5, 0xAD, 0x6B, 0x5A, 0xD6, 0xA5, 0x29, 0x4A, 0x52, 0x94, 0xA5, 0x29, 0x4A, 0x52, 0x94, 0xA5,
  0x25, 0x29, 0x4A, 0x52, 0xA4, 0xA5, 0x28, 0x42, 0x50, 0x94, 0x21, 0x08, 0x42, 0x10, 0x83, 0xA6, 0x31, 0x62, 0x0E, 0x73, 0xA1, 0x07, 0x39, 0xCE,
  0x73, 0x9C, 0xE7, 0x39, 0xCE, 0x73, 0x9C, 0xE7, 0x39, 0xCE, 0x73, 0x9C, 0xE7, 0x39, 0xCF, 0x38, 0x9C, 0xE7, 0x39, 0xCE, 0x73, 0x9C, 0xE7, 0x39,
  0xCE, 0x76, 0xC8, 0xE7, 0x39, 0xCE, 0x75, 0x4D, 0xC7, 0x39, 0xCE, 0x73, 0x9C, 0xE7, 0x42, 0x0E, 0x73, 0x9C, 0xE7, 0x41, 0xCF, 0x29, 0xF6, 0x93,
  0x42, 0x10, 0x84, 0x21, 0x08, 0x42, 0x12, 0x95, 0x29, 0x4A, 0x52, 0x92, 0x95, 0x29, 0x4A, 0x52, 0x94, 0xA5, 0x29, 0x4A, 0x52, 0x94, 0xA5, 0x2D,
  0x6B, 0x5A, 0xD6, 0xB5, 0xAD, 0x8C, 0x63, 0x18, 0xC6, 0x31, 0xAD, 0x6B, 0x5A, 0xD6, 0xFB, 0xBD, 0xA3, 0x9D, 0x3F, 0x76, 0x71, 0x87, 0x61, 0x1A,
  0x42, 0x15, 0xA5, 0xFD, 0xEE, 0xD2, 0x9D, 0xF7, 0xAB, 0x5B, 0x5A, 0xD6, 0xB5, 0xAD, 0x6C, 0x63, 0x18, 0xC6, 0x33, 0x9C, 0xE7, 0x39, 0xDE, 0xF7,
  0xBD, 0xF3, 0x9C, 0xE7, 0x39, 0xDE, 0xF7, 0xFF, 0xFF, 0xFF, 0xFF, 0xFF, 0xFF, 0xFF, 0xFF, 0xFF, 0xFF, 0xFF, 0xFF, 0xFF, 0xFF, 0xFF, 0xFF, 0xFF,
  0xFF, 0xFF, 0xFF, 0xFF, 0xFF, 0xFF, 0xFF, 0xFF, 0xFF, 0xFF, 0xFF, 0xFF, 0xFF, 0xFF, 0xFF, 0xFF, 0xFF, 0xFF, 0xFF, 0xFF, 0xFF, 0xFF, 0xFF, 0xFF,
  0xFF, 0xFF, 0xFF, 0xFF, 0xFF, 0xFF, 0xFF, 0xFF, 0xFF, 0xFF, 0xFF, 0xFF, 0xFF, 0xFF, 0xFF, 0xFF, 0xFF, 0xFF, 0xFF, 0xFF, 0xFF, 0xFF, 0xFF, 0xFF,
  0xFF, 0xFF, 0xFF, 0xFF, 0xFF, 0xFF, 0xFF, 0xFF, 0xFF, 0xFF, 0xFF, 0xFF, 0xFF, 0xFF, 0xFF, 0xFF, 0xFF, 0xFF, 0xDE, 0xF3, 0x9C, 0xE7, 0x39, 0xBD,
  0xEF, 0x7B, 0xCE, 0x73, 0x9C, 0xE7, 0x18, 0xC6, 0x31, 0x8E, 0xF6, 0xD6, 0xB5, 0xAD, 0x6A, 0xD6, 0xB5, 0xA5, 0x29, 0x4A, 0x52, 0x94, 0x84, 0x21,
  0x08, 0x42, 0x10, 0x84, 0x21, 0x07, 0x39, 0xCE, 0x73, 0x9C, 0xD6, 0xB5, 0xAD, 0x83, 0x58, 0xC6, 0x31, 0x8C, 0x62, 0xD6, 0xB5, 0xAD, 0x6B, 0x5A,
  0x94, 0xA5, 0x29, 0x4A, 0x52, 0x94, 0xA5, 0x29, 0x4A, 0x52, 0x94, 0x94, 0xA5, 0x29, 0x52, 0x94, 0x94, 0xA1, 0x08, 0x42, 0x52, 0x84, 0xA5, 0x08,
  0x42, 0x10, 0x85, 0x45, 0xC7, 0x41, 0xCE, 0x73, 0x9C, 0xE7, 0x39, 0xCE, 0x73, 0x9C, 0xE7, 0x39, 0xCE, 0x73, 0x9C, 0xE7, 0x39, 0xCE, 0x73, 0x9C,
  0xE7, 0x39, 0xCE, 0x7D, 0x1C, 0xE7, 0x39, 0xCE, 0x73, 0x9C, 0xE7, 0x39, 0xCE, 0x79, 0x48, 0xE7, 0x39, 0xCE, 0x79, 0x4E, 0x47, 0x39, 0xCE, 0x73,
  0x9C, 0xE7, 0x39, 0xCE, 0x73, 0x9C, 0xE7, 0x43, 0xA3, 0x4E, 0xD2, 0x67, 0x42, 0x10, 0x84, 0x21, 0x08, 0x42, 0x12, 0x94, 0xA5, 0x49, 0x4A, 0x52,
  0x94, 0xA5, 0x4A, 0x52, 0x94, 0xA5, 0x29, 0x4A, 0x52, 0x94, 0xA5, 0x29, 0x4A, 0x5A, 0xD8, 0xB5, 0xAD, 0x6B, 0x63, 0x18, 0xC6, 0x31, 0x8D, 0x6B,
  0x5A, 0xD6, 0xB5, 0xCE, 0x73, 0x9C, 0xE7, 0x42, 0x10, 0x84, 0x21, 0x08, 0x42, 0x10, 0x85, 0x29, 0x4A, 0x57, 0xDE, 0xED, 0x6B, 0x5A, 0xDA, 0xD6,
  0xB5, 0xAD, 0x6B, 0x63, 0x18, 0xC6, 0x31, 0x9C, 0xE7, 0x39, 0xCE, 0xF7, 0xBD, 0xEF, 0x9C, 0xE7, 0x39, 0xCE, 0xF7, 0xFF, 0xFF, 0xFF, 0xFF, 0xFF,
  0xFF, 0xFF, 0xFF, 0xFF, 0xFF, 0xFF, 0xFF, 0xFF, 0xFF, 0xFF, 0xFF, 0xFF, 0xFF, 0xFF, 0xFF, 0xFF, 0xFF, 0xFF, 0xFF, 0xFF, 0xFF, 0xFF, 0xFF, 0xFF,
  0xFF, 0xFF, 0xFF, 0xFF, 0xFF, 0xFF, 0xFF, 0xFF, 0xFF, 0xFF, 0xFF, 0xFF, 0xFF, 0xFF, 0xFF, 0xFF, 0xFF, 0xFF, 0xFF, 0xFF, 0xFF, 0xFF, 0xFF, 0xFF,
  0xFF, 0xFF, 0xFF, 0xFF, 0xFF, 0xFF, 0xFF, 0xFF, 0xFF, 0xFF, 0xFF, 0xFF, 0xFF, 0xFF, 0xFF, 0xFF, 0xFF, 0xFF, 0xFF, 0xFF, 0xFF, 0xFF, 0xFF, 0xFF,
  0xFF, 0xFF, 0xFF, 0xFF, 0xFF, 0xFB, 0xDE, 0x73, 0x9C, 0xE7, 0x39, 0xBD, 0xEF, 0x79, 0xCE, 0x73, 0x9C, 0xE3, 0x18, 0xC6, 0x31, 0x6E, 0xF6, 0xD6,
  0xB5, 0xAD, 0x5A, 0xD6, 0xB4, 0xA5, 0x29, 0x4A, 0x52, 0x90, 0x84, 0x21, 0x08, 0x42, 0x10, 0x84, 0x20, 0xE7, 0x39, 0xCE, 0x73, 0x9A, 0xD6, 0xB5,
  0xAD, 0x83, 0x18, 0xC6, 0x31, 0x8C, 0x5A, 0xD6, 0xB5, 0xAD, 0x6B, 0x52, 0x94, 0xA5, 0x29, 0x4A, 0x52, 0x94, 0xA5, 0x29, 0x4A, 0x52, 0x52, 0x94,
  0xA5, 0x29, 0x52, 0x52, 0x94, 0x21, 0x08, 0x42, 0x52, 0x84, 0x20, 0xE8, 0x43, 0x23, 0x18, 0xB0, 0xE7, 0x39, 0xCE, 0x73, 0x9C, 0xE7, 0x39, 0xCE,
  0x73, 0x9C, 0xE7, 0x39, 0xCE, 0x73, 0x9C, 0xE7, 0x39, 0xCE, 0x73, 0x9C, 0xE6, 0x31, 0x8C, 0x69, 0xDC, 0xC6, 0x31, 0x8C, 0x63, 0x18, 0xC6, 0x31,
  0x8E, 0x76, 0xCD, 0x27, 0x39, 0xCF, 0x39, 0xAC, 0xE7, 0x39, 0xCE, 0x73, 0x9C, 0xE7, 0x39, 0xCE, 0x73, 0x9D, 0x6C, 0x8C, 0xEB, 0xAA, 0x44, 0xE7,
  0x39, 0xCE, 0x84, 0x21, 0x08, 0x42, 0x52, 0x94, 0xA5, 0x29, 0x4A, 0x52, 0x94, 0xA5, 0x29, 0x52, 0x94, 0xA5, 0x29, 0x4A, 0x52, 0x94, 0xA5, 0x29,
  0x4A, 0x52, 0xD6, 0xB5, 0xAD, 0x6B, 0x5B, 0x18, 0xC6, 0x31, 0x8C, 0x6B, 0x5A, 0xD6, 0xB5, 0xAE, 0x73, 0xBA, 0xE9, 0xD6, 0xB3, 0x84, 0x21, 0x08,
  0x42, 0x14, 0xAD, 0x7D, 0xEF, 0x7B, 0xB4, 0xA5, 0x2B, 0x5A, 0xD6, 0xD6, 0xB5, 0xAD, 0x6B, 0x5B, 0x18, 0xC6, 0x31, 0x8C, 0xE7, 0x39, 0xCE, 0x77,
  0xBD, 0xEF, 0x9C, 0xE7, 0x79, 0xCE, 0x77, 0xBF, 0xFF, 0xFF, 0xFF, 0xFF, 0xFF, 0xFF, 0xFF, 0xFF, 0xFF, 0xFF, 0xFF, 0xFF, 0xFF, 0xFF, 0xFF, 0xFF,
  0xFF, 0xFF, 0xFF, 0xFF, 0xFF, 0xFF, 0xFF, 0xFF, 0xFF, 0xFF, 0xFF, 0xFF, 0xFF, 0xFF, 0xFF, 0xFF, 0xFF, 0xFF, 0xFF, 0xFF, 0xFF, 0xFF, 0xFF, 0xFF,
  0xFF, 0xFF, 0xFF, 0xFF, 0xFF, 0xFF, 0xFF, 0xFF, 0xFF, 0xFF, 0xFF, 0xFF, 0xFF, 0xFF, 0xFF, 0xFF, 0xFF, 0xFF, 0xFF, 0xFF, 0xFF, 0xFF, 0xFF, 0xFF,
  0xFF, 0xFF, 0xFF, 0xFF, 0xFF, 0xFF, 0xFF, 0xFF, 0xFF, 0xFF, 0xFF, 0xFF, 0xFF, 0xFF, 0xFF, 0xFF, 0xFF, 0x7B, 0xCE, 0x73, 0x9C, 0xE7, 0x37, 0xBD,
  0xEF, 0x79, 0xCE, 0x73, 0x9C, 0x63, 0x98, 0xC6, 0x2D, 0x6C, 0x7A, 0xD6, 0xB5, 0xAB, 0x5A, 0xD6, 0x94, 0xA5, 0x29, 0x4A, 0x52, 0x10, 0x84, 0x21,
  0x08, 0x42, 0x10, 0x84, 0x1C, 0xE7, 0x39, 0xCE, 0x6B, 0x5A, 0xD6, 0xB5, 0xAC, 0x83, 0x18, 0xC6, 0x31, 0x8B, 0x5A, 0xD6, 0xB5, 0xAD, 0x4A, 0x5A,
  0x94, 0xA5, 0x29, 0x4A, 0x52, 0x94, 0xA5, 0x29, 0x49, 0x4A, 0x52, 0x94, 0xA5, 0x49, 0x4A, 0x52, 0x94, 0xA1, 0x08, 0x42, 0x50, 0x84, 0x1D, 0x08,
  0x43, 0x23, 0x25, 0x1C, 0xE7, 0x39, 0xCE, 0x73, 0x9C, 0xE7, 0x39, 0xCE, 0x73, 0x9C, 0xE7, 0x39, 0xCE, 0x74, 0x1C, 0xE7, 0x39, 0xCE, 0x73, 0x98,
  0xC6, 0x31, 0x8C, 0x63, 0x52, 0x66, 0x31, 0x8C, 0x63, 0x18, 0xC6, 0x31, 0x8C, 0x64, 0xCE, 0x46, 0x33, 0x66, 0xD4, 0x9C, 0xE7, 0x39, 0xCE, 0x73,
  0x9C, 0xE7, 0x4A, 0x1C, 0xE9, 0xCE, 0x74, 0xAE, 0xAB, 0x39, 0x1C, 0xE7, 0x39, 0xCE, 0x83, 0xA1, 0x09, 0x4A, 0x52, 0x94, 0xA5, 0x08, 0x4A, 0x52,
  0x94, 0xA5, 0x29, 0x4A, 0x54, 0xA5, 0x29, 0x4A, 0x52, 0x94, 0xA5, 0x29, 0x4A, 0x52, 0x94, 0xB5, 0xAD, 0x6B, 0x5A, 0xD8, 0xC6, 0x31, 0x8C, 0x63,
  0x1A, 0xD6, 0xB5, 0xAD, 0x77, 0x69, 0x4A, 0xD6, 0x70, 0x84, 0x21, 0x08, 0x42, 0x10, 0x84, 0x21, 0x4A, 0x52, 0x94, 0xA5, 0x29, 0x5A, 0xD6, 0xB6,
  0xB5, 0xAD, 0x6B, 0x5A, 0xD8, 0xC6, 0x31, 0x8C, 0x67, 0x39, 0xE6, 0x77, 0xBD, 0xEF, 0x7C, 0xE7, 0x39, 0xCE, 0x73, 0xBD, 0xFF, 0xFF, 0xFF, 0xFF,
  0xFF, 0xFF, 0xFF, 0xFF, 0xFF, 0xFF, 0xFF, 0xFF, 0xFF, 0xFF, 0xFF, 0xFF, 0xFF, 0xFF, 0xFF, 0xFF, 0xFF, 0xFF, 0xFF, 0xFF, 0xFF, 0xFF, 0xFF, 0xFF,
  0xFF, 0xFF, 0xFF, 0xFF, 0xFF, 0xFF, 0xFF, 0xFF, 0xFF, 0xFF, 0xFF, 0xFF, 0xFF, 0xFF, 0xFF, 0xFF, 0xFF, 0xFF, 0xFF, 0xFF, 0xFF, 0xFF, 0xFF, 0xFF,
  0xFF, 0xFF, 0xFF, 0xFF, 0xFF, 0xFF, 0xFF, 0xFF, 0xFF, 0xFF, 0xFF, 0xFF, 0xFF, 0xFF, 0xFF, 0xFF, 0xFF, 0xFF, 0xFF, 0xFF, 0xFF, 0xFF, 0xFF, 0xFF,
  0xFF, 0xFF, 0xFF, 0xFF, 0xF7, 0xBB, 0xCF, 0x77, 0x9C, 0xE6, 0xF7, 0xBD, 0xEF, 0x39, 0xCE, 0x73, 0x9C, 0x63, 0x18, 0xC6, 0x2D, 0x6B, 0x7A, 0xD6,
  0xB5, 0x6B, 0x5A, 0xD6, 0x94, 0xA5, 0x29, 0x4A, 0x42, 0x10, 0x84, 0x21, 0x08, 0x42, 0x13, 0xD3, 0x9C, 0xE7, 0x39, 0xCD, 0x6B, 0x5A, 0xD6, 0xB5,
  0x8C, 0x63, 0x18, 0xC6, 0x2D, 0x6B, 0x5A, 0xD6, 0xB5, 0xA9, 0x4A, 0x52, 0x94, 0xA5, 0x29, 0x4A, 0x52, 0x94, 0xA5, 0x25, 0x29, 0x4A, 0x52, 0x94,
  0xA5, 0x28, 0x42, 0x52, 0x94, 0xA1, 0x08, 0x41, 0xCE, 0x73, 0xA1, 0x08, 0x43, 0x26, 0xA3, 0x9C, 0xE7, 0x39, 0xCE, 0x73, 0x9C, 0xE7, 0x39, 0xCE,
  0x73, 0x9C, 0xE7, 0x31, 0x8C, 0x63, 0x18, 0xC7, 0x39, 0xCE, 0x73, 0x18, 0xC6, 0x31, 0x8C, 0x63, 0x1A, 0xE6, 0x31, 0x8C, 0x63, 0x18, 0xC6, 0x31,
  0xCE, 0x63, 0x46, 0x47, 0x33, 0x64, 0x63, 0x18, 0xE6, 0x31, 0xCE, 0x73, 0x9C, 0xED, 0x9D, 0x27, 0x4A, 0xEB, 0x55, 0xA4, 0xE4, 0x73, 0x9C, 0xE7,
  0x39, 0xCE, 0x73, 0x9D, 0x08, 0x42, 0x10, 0x84, 0x21, 0x08, 0x42, 0x12, 0x94, 0xA5, 0x29, 0x4A, 0x52, 0x95, 0x29, 0x4A, 0x52, 0x94, 0xA5, 0x29,
  0x4A, 0x52, 0x94, 0xA5, 0xAD, 0x6B, 0x5A, 0xD6, 0xB6, 0x31, 0x8C, 0x63, 0x18, 0xD6, 0xB5, 0xB5, 0xED, 0xE9, 0x37, 0x39, 0xCE, 0x84, 0x21, 0x08,
  0x42, 0x10, 0x84, 0x21, 0x0A, 0x52, 0x94, 0xA5, 0x29, 0x5A, 0xD6, 0xB5, 0xB5, 0xAD, 0x6B, 0x5A, 0xD8, 0xC6, 0x31, 0x8C, 0x67, 0x39, 0xCE, 0x73,
  0xBD, 0xEF, 0x7B, 0xE7, 0x79, 0xCE, 0x73, 0xBD, 0xEF, 0xFF, 0xFF, 0xFF, 0xFF, 0xFF, 0xFF, 0xFF, 0xFF, 0xFF, 0xFF, 0xFF, 0xFF, 0xFF, 0xFF, 0xFF,
  0xFF, 0xFF, 0xFF, 0xFF, 0xFF, 0xFF, 0xFF, 0xFF, 0xFF, 0xFF, 0xFF, 0xFF, 0xFF, 0xFF, 0xFF, 0xFF, 0xFF, 0xFF, 0xFF, 0xFF, 0xFF, 0xFF, 0xFF, 0xFF,
  0xFF, 0xFF, 0xFF, 0xFF, 0xFF, 0xFF, 0xFF, 0xFF, 0xFF, 0xFF, 0xFF, 0xFF, 0xFF, 0xFF, 0xFF, 0xFF, 0xFF, 0xFF, 0xFF, 0xFF, 0xFF, 0xFF, 0xFF, 0xFF,
  0xFF, 0xFF, 0xFF, 0xFF, 0xFF, 0xFF, 0xFF, 0xFF, 0xFF, 0xFF, 0xFF, 0xFF, 0xFF, 0xFF, 0xFF, 0xFF, 0xF7, 0xBD, 0xCF, 0x77, 0x9C, 0xDE, 0xF7, 0xBD,
  0xE7, 0x39, 0xCE, 0x73, 0x8C, 0x63, 0x18, 0xC5, 0xAD, 0x6B, 0x5B, 0xD6, 0xAD, 0x6B, 0x5A, 0xD2, 0x94, 0xA5, 0x29, 0x48, 0x42, 0x10, 0x84, 0x21,
  0x08, 0x42, 0x13, 0xEB, 0x9C, 0xE7, 0x39, 0xAD, 0x6B, 0x5A, 0xD6, 0xB1, 0x8C, 0x63, 0x18, 0xC5, 0xAD, 0x6B, 0x5A, 0xD6, 0xA5, 0x29, 0x4A, 0x52,
  0x94, 0xA5, 0x29, 0x4A, 0x52, 0x94, 0xA4, 0xA5, 0x2A, 0x52, 0x92, 0x94, 0xA1, 0x09, 0x42, 0x12, 0x94, 0xA1, 0x07, 0x39, 0xD0, 0x84, 0x21, 0x08,
  0x44, 0x64, 0x73, 0x9C, 0xE7, 0x39, 0xCE, 0x73, 0x9C, 0xE7, 0x39, 0xCE, 0x63, 0x9C, 0xC6, 0x31, 0x8C, 0x63, 0x18, 0xC6, 0x31, 0xCE, 0x63, 0x18,
  0xC6, 0x31, 0x8C, 0x63, 0x18, 0xD3, 0x31, 0x8C, 0x63, 0x18, 0xC6, 0x39, 0x8E, 0x73, 0x19, 0x8C, 0x3B, 0x5A, 0x63, 0x98, 0xE6, 0x31, 0x8C, 0x63,
  0x1E, 0x74, 0xD7, 0x7B, 0xAA, 0xCE, 0x71, 0x59, 0xCE, 0x73, 0x9C, 0xE7, 0x39, 0xCE, 0x74, 0x21, 0x08, 0x41, 0xD0, 0x84, 0x21, 0x08, 0x42, 0x10,
  0x84, 0xA5, 0x29, 0x4A, 0x52, 0x94, 0xA9, 0x4A, 0x52, 0x94, 0xA5, 0x29, 0x4A, 0x52, 0x94, 0xA5, 0x29, 0x6B, 0x5A, 0xD6, 0xB5, 0xB1, 0x8C, 0x63,
  0x18, 0xC6, 0xCF, 0xBD, 0xA4, 0xDA, 0xE7, 0x39, 0xCE, 0x73, 0xA1, 0x08, 0x42, 0x10, 0x84, 0x21, 0x08, 0x52, 0x94, 0xA5, 0x29, 0x4A, 0xD6, 0xB5,
  0xAD, 0xAD, 0x6B, 0x5A, 0xD6, 0xC6, 0x31, 0x8C, 0x63, 0x39, 0xCE, 0x73, 0x9D, 0xEF, 0x7B, 0xEF, 0x7B, 0xDE, 0xF3, 0x9D, 0xEF, 0xFF, 0xFF, 0xFF,
  0xFF, 0xFF, 0xFF, 0xFF, 0xFF, 0xFF, 0xFF, 0xFF, 0xFF, 0xFF, 0xFF, 0xFF, 0xFF, 0xFF, 0xFF, 0xFF, 0xFF, 0xFF, 0xFF, 0xFF, 0xFF, 0xFF, 0xFF, 0xFF,
  0xFF, 0xFF, 0xFF, 0xFF, 0xFF, 0xFF, 0xFF, 0xFF, 0xFF, 0xFF, 0xFF, 0xFF, 0xFF, 0xFF, 0xFF, 0xFF, 0xFF, 0xFF, 0xFF, 0xFF, 0xFF, 0xFF, 0xFF, 0xFF,
  0xFF, 0xFF, 0xFF, 0xFF, 0xFF, 0xFF, 0xFF, 0xFF, 0xFF, 0xFF, 0xFF, 0xFF, 0xFF, 0xFF, 0xFF, 0xFF, 0xFF, 0xFF, 0xFF, 0xFF, 0xFF, 0xFF, 0xFF, 0xFF,
  0xFF, 0xFF, 0xFF, 0xFD, 0xEF, 0x39, 0xCF, 0x7B, 0xDE, 0xDE, 0xF7, 0xEF, 0x7B, 0x39, 0xF6, 0x7D, 0xEC, 0x7B, 0xD8, 0xB6, 0x73, 0xEF, 0x5A, 0xD5,
  0xF7, 0xBD, 0x5A, 0x53, 0xDE, 0xA7, 0xA9, 0x38, 0xFB, 0xD0, 0x84, 0x27, 0xEE, 0xC1, 0xD3, 0xF3, 0x9D, 0xDF, 0x4D, 0xAD, 0x6B, 0x5A, 0xD6, 0x31,
  0x8C, 0x63, 0x18, 0xB5, 0xAD, 0x6B, 0x5A, 0xD4, 0xA5, 0x29, 0x4A, 0x52, 0x94, 0xA5, 0x29, 0x4A, 0x52, 0x92, 0x94, 0xA5, 0x2A, 0x4A, 0x52, 0x84,
  0x21, 0x29, 0x4A, 0x50, 0x84, 0x1C, 0xE7, 0x42, 0x10, 0x84, 0x20, 0xE7, 0x3C, 0xD6, 0x73, 0x9C, 0xE7, 0x39, 0xCE, 0x73, 0x9C, 0xE6, 0x31, 0x8C,
  0x63, 0x18, 0xC6, 0x31, 0x8C, 0x73, 0x18, 0xC6, 0x31, 0x8C, 0x63, 0x18, 0xC6, 0x31, 0x8C, 0x63, 0x18, 0xC6, 0x91, 0x8C, 0x63, 0x18, 0xC6, 0x31,
  0x8C, 0x63, 0x18, 0xC6, 0x63, 0x18, 0x83, 0x98, 0xC6, 0x31, 0x8C, 0x63, 0xCE, 0x9D, 0xA4, 0xE7, 0x38, 0xB4, 0xE7, 0x39, 0xCE, 0x73, 0x9C, 0xE7,
  0x39, 0xCE, 0x84, 0x21, 0x07, 0x39, 0xCE, 0x74, 0x21, 0x08, 0x42, 0x10, 0x84, 0x21, 0x29, 0x4A, 0x52, 0x94, 0xA5, 0x2A, 0x52, 0x94, 0xA5, 0x29,
  0x4A, 0x52, 0x94, 0xA5, 0x29, 0x4B, 0x5A, 0xD6, 0xB5, 0xAD, 0x8C, 0x63, 0x27, 0x4A, 0xF7, 0xAD, 0x6B, 0x5A, 0xD7, 0x39, 0xCE, 0x73, 0x9D, 0x08,
  0x42, 0x10, 0x84, 0x21, 0x08, 0x42, 0x94, 0xA5, 0x29, 0x4A, 0x56, 0xB5, 0xCD, 0x6D, 0x6B, 0x5A, 0xD6, 0xB6, 0x31, 0x8C, 0x63, 0x19, 0xCE, 0x73,
  0x9C, 0xEF, 0x7C, 0xEF, 0x39, 0xCE, 0xF7, 0x9C, 0xEF, 0x7F, 0xFF, 0xFF, 0xFF, 0xFF, 0xFF, 0xFF, 0xFF, 0xFF, 0xFF, 0xFF, 0xFF, 0xFF, 0xFF, 0xFF,
  0xFF, 0xFF, 0xFF, 0xFF, 0xFF, 0xFF, 0xFF, 0xFF, 0xFF, 0xFF, 0xFF, 0xFF, 0xFF, 0xFF, 0xFF, 0xFF, 0xFF, 0xFF, 0xFF, 0xFF, 0xFF, 0xFF, 0xFF, 0xFF,
  0xFF, 0xFF, 0xFF, 0xFF, 0xFF, 0xFF, 0xFF, 0xFF, 0xFF, 0xFF, 0xFF, 0xFF, 0xFF, 0xFF, 0xFF, 0xFF, 0xFF, 0xFF, 0xFF, 0xFF, 0xFF, 0xFF, 0xFF, 0xFF,
  0xFF, 0xFF, 0xFF, 0xFF, 0xFF, 0xFF, 0xFF, 0xFF, 0xFF, 0xFF, 0xFF, 0xFF, 0xFF, 0xFF, 0xFF, 0xFD, 0xE7, 0x39, 0xCF, 0x7B, 0x9D, 0xF6, 0xF7, 0xDC,
  0xFB, 0xD9, 0xF7, 0xB1, 0xEF, 0x63, 0xBE, 0xB7, 0xBD, 0x6C, 0xFA, 0xB5, 0xED, 0x7D, 0xEA, 0x7B, 0xD4, 0xF7, 0xA1, 0xDF, 0x42, 0x7E, 0x84, 0xFD,
  0x09, 0xF9, 0xD3, 0xEB, 0xBD, 0x46, 0xFA, 0x0D, 0x6B, 0x5A, 0xC6, 0x31, 0x8C, 0x63, 0x16, 0xB5, 0xAD, 0x6B, 0x5A, 0x94, 0xA5, 0x29, 0x4A, 0x52,
  0x94, 0xA5, 0x29, 0x4A, 0x4A, 0x52, 0x94, 0xA5, 0x29, 0x4A, 0x10, 0x84, 0x21, 0x08, 0x4A, 0x10, 0x73, 0x9D, 0x08, 0x42, 0x10, 0x83, 0x9C, 0xE7,
  0x5C, 0xD2, 0x73, 0x9C, 0xE7, 0x39, 0xCE, 0x63, 0x18, 0xC6, 0x31, 0x8E, 0x73, 0x18, 0xC6, 0x31, 0x8C, 0x63, 0x18, 0xC6, 0x31, 0x8C, 0x63, 0x18,
  0xC6, 0x31, 0x8C, 0x63, 0x18, 0xC6, 0x93, 0x0C, 0x63, 0x18, 0xC6, 0x31, 0x8C, 0x63, 0x18, 0xC6, 0x33, 0x22, 0x83, 0x18, 0xC6, 0x31, 0x8C, 0x68,
  0xD3, 0xB3, 0x8A, 0x8C, 0x63, 0x18, 0xE7, 0x39, 0xCE, 0x73, 0x9C, 0xE7, 0x39, 0xCE, 0x73, 0x9C, 0xE7, 0x39, 0xCE, 0x73, 0x9D, 0x08, 0x42, 0x10,
  0x84, 0x21, 0x08, 0x4A, 0x52, 0x94, 0xA5, 0x29, 0x4A, 0x94, 0xA5, 0x29, 0x4A, 0x52, 0x94, 0xA5, 0x29, 0x4A, 0x5A, 0xD6, 0xB5, 0xAD, 0x6C, 0x9D,
  0x29, 0x3E, 0xCD, 0xAD, 0x6B, 0x5A, 0xD6, 0xB9, 0xCE, 0x73, 0x9C, 0xE8, 0x42, 0x10, 0x84, 0x21, 0x08, 0x42, 0x14, 0xA5, 0x29, 0x4A, 0x52, 0xB5,
  0xAD, 0x6B, 0x6B, 0x5A, 0xD6, 0xB5, 0xB1, 0x8C, 0x63, 0x18, 0xCE, 0x73, 0x9C, 0xEF, 0x7D, 0xDE, 0xF9, 0xCE, 0x77, 0x9C, 0xE7, 0x7B, 0xFF, 0xFF,
  0xFF, 0xFF, 0xFF, 0xFF, 0xFF, 0xFF, 0xFF, 0xFF, 0xFF, 0xFF, 0xFF, 0xFF, 0xFF, 0xFF, 0xFF, 0xFF, 0xFF, 0xFF, 0xFF, 0xFF, 0xFF, 0xFF, 0xFF, 0xFF,
  0xFF, 0xFF, 0xFF, 0xFF, 0xFF, 0xFF, 0xFF, 0xFF, 0xFF, 0xFF, 0xFF, 0xFF, 0xFF, 0xFF, 0xFF, 0xFF, 0xFF, 0xFF, 0xFF, 0xFF, 0xFF, 0xFF, 0xFF, 0xFF,
  0xFF, 0xFF, 0xFF, 0xFF, 0xFF, 0xFF, 0xFF, 0xFF, 0xFF, 0xFF, 0xFF, 0xFF, 0xFF, 0xFF, 0xFF, 0xFF, 0xFF, 0xFF, 0xFF, 0xFF, 0xFF, 0xFF, 0xFF, 0xFF,
  0xFF, 0xFF, 0xF7, 0xFD, 0xE7, 0x39, 0xCF, 0x7B, 0x7B, 0xFE, 0xF7, 0x9F, 0x7B, 0xD9, 0xF6, 0x31, 0xEF, 0x62, 0xDF, 0xB7, 0xBD, 0x6B, 0x7A, 0xB5,
  0xAF, 0xBD, 0xEA, 0x7E, 0x94, 0xA7, 0xA1, 0xDA, 0x42, 0x1E, 0x87, 0xA7, 0x07, 0x79, 0xD1, 0xEB, 0xBD, 0x4B, 0xFB, 0xAD, 0x6B, 0x18, 0xC6, 0x31,
  0x8C, 0x5A, 0xD6, 0xB5, 0xAD, 0x6A, 0x52, 0x94, 0xA5, 0x29, 0x4A, 0x52, 0x94, 0xA5, 0x29, 0x49, 0x4A, 0x52, 0x94, 0xA5, 0x28, 0x42, 0x10, 0x84,
  0xA5, 0x08, 0x42, 0x10, 0x84, 0x1D, 0x08, 0x42, 0x0E, 0x73, 0x9C, 0xE7, 0x4C, 0xD2, 0x73, 0x9C, 0xE7, 0x31, 0x8C, 0x63, 0x98, 0xC6, 0x31, 0x8C,
  0x63, 0x18, 0xC6, 0x31, 0x8C, 0x63, 0x18, 0xC6, 0x31, 0x8C, 0x63, 0x18, 0xC6, 0x31, 0x8C, 0x63, 0x18, 0xC6, 0x35, 0x10, 0x63, 0x18, 0xC6, 0x31,
  0x8C, 0x63, 0x18, 0xC6, 0x31, 0xA4, 0x83, 0x18, 0xC6, 0x31, 0x8C, 0xAA, 0x76, 0x92, 0x31, 0x8C, 0x63, 0x18, 0xC6, 0x31, 0xCE, 0x73, 0x9C, 0xE7,
  0x39, 0xCE, 0x73, 0x9C, 0xE7, 0x39, 0xCE, 0x73, 0x9C, 0xE7, 0x42, 0x10, 0x84, 0x21, 0x08, 0x42, 0x12, 0x94, 0xA5, 0x2A, 0x54, 0xD4, 0xA5, 0x29,
  0x4A, 0x52, 0x94, 0xA5, 0x29, 0x4A, 0x52, 0x96, 0xB5, 0xAD, 0x94, 0xA4, 0xE9, 0xD8, 0x31, 0x8C, 0x6B, 0x5A, 0xD6, 0xB5, 0xCE, 0x73, 0x9C, 0xE7,
  0x42, 0x10, 0x84, 0x21, 0x08, 0x42, 0x10, 0xA5, 0x29, 0x4A, 0x52, 0x95, 0xAE, 0x6B, 0x5B, 0x5A, 0xD6, 0xB5, 0xAD, 0x8C, 0x63, 0x18, 0xC6, 0x73,
  0x9C, 0xE7, 0xBD, 0xDE, 0xF7, 0xCE, 0x77, 0x9C, 0xE7, 0x7B, 0xDF, 0xFF, 0xFF, 0xFF, 0xFF, 0xFF, 0xFF, 0xFF, 0xFF, 0xFF, 0xFF, 0xFF, 0xFF, 0xFF,
  0xFF, 0xFF, 0xFF, 0xFF, 0xFF, 0xFF, 0xFF, 0xFF, 0xFF, 0xFF, 0xFF, 0xFF, 0xFF, 0xFF, 0xFF, 0xFF, 0xFF, 0xFF, 0xFF, 0xFF, 0xFF, 0xFF, 0xFF, 0xFF,
  0xFF, 0xFF, 0xFF, 0xFF, 0xFF, 0xFF, 0xFF, 0xFF, 0xFF, 0xFF, 0xFF, 0xFF, 0xFF, 0xFF, 0xFF, 0xFF, 0xFF, 0xFF, 0xFF, 0xFF, 0xFF, 0xFF, 0xFF, 0xFF,
  0xFF, 0xFF, 0xFF, 0xFF, 0xFF, 0xFF, 0xFF, 0xFF, 0xFF, 0xFF, 0xFF, 0xFF, 0xFF, 0xFF, 0xF7, 0xFC, 0xE7, 0x39, 0xCF, 0x7B, 0x7B, 0xFE, 0xFD, 0xEC,
  0xFB, 0xD9, 0xF6, 0x31, 0xEF, 0x5A, 0xDF, 0xB7, 0xBD, 0x6B, 0x7A, 0xBE, 0xF5, 0xFD, 0xEA, 0x7E, 0x94, 0x87, 0xA1, 0xDA, 0x42, 0x1E, 0x87, 0xA6,
  0xE7, 0x79, 0xD1, 0xEB, 0xBD, 0x39, 0xCD, 0xAD, 0x63, 0x18, 0xC6, 0x31, 0x8B, 0x5A, 0xD6, 0xB5, 0xAD, 0x4A, 0x52, 0x94, 0xA5, 0x29, 0x4A, 0x52,
  0x94, 0xA5, 0x25, 0x29, 0x4A, 0x52, 0x94, 0xA5, 0x08, 0x42, 0x10, 0x84, 0xA1, 0x07, 0x39, 0xD0, 0x84, 0x21, 0x07, 0x39, 0xCE, 0x73, 0x9C, 0xE7,
  0x6C, 0xD2, 0x73, 0x98, 0xC6, 0x31, 0xCC, 0x63, 0x1C, 0xE6, 0x31, 0x8C, 0x63, 0x18, 0xC6, 0x31, 0x8C, 0x63, 0x18, 0xC6, 0x31, 0x8C, 0x63, 0x18,
  0xC6, 0x31, 0x8C, 0x63, 0x18, 0xC6, 0x31, 0xE8, 0x73, 0x18, 0xC6, 0x31, 0x8C, 0x63, 0x18, 0xC6, 0x31, 0x8C, 0x63, 0x18, 0xC6, 0x31, 0x8D, 0x1D,
  0x76, 0x8C, 0x31, 0x8C, 0x63, 0x18, 0xC6, 0x31, 0x8C, 0x63, 0x9C, 0xE7, 0x39, 0xCE, 0x73, 0x9C, 0xE7, 0x39, 0xCE, 0x73, 0x9C, 0xE7, 0x39, 0xD0,
  0x84, 0xA5, 0x08, 0x42, 0x10, 0x99, 0x4A, 0x4A, 0x55, 0x29, 0x45, 0x29, 0x4A, 0x52, 0x94, 0xA5, 0x29, 0x4A, 0x52, 0x94, 0xB5, 0xD2, 0x93, 0xA7,
  0x68, 0xC6, 0x31, 0x8C, 0x63, 0x5A, 0xD6, 0xB5, 0xAE, 0x73, 0x9C, 0xE7, 0x3A, 0x10, 0x84, 0x21, 0x08, 0x42, 0x10, 0x85, 0x29, 0x4A, 0x52, 0x94,
  0xAD, 0x6B, 0x5B, 0x5A, 0xD6, 0xB5, 0xAD, 0x6C, 0x63, 0x18, 0xC6, 0x73, 0x9C, 0xF7, 0xBB, 0xDE, 0xF7, 0xBE, 0x7B, 0x9C, 0xE7, 0x3B, 0xDF, 0xFF,
  0xFF, 0xFF, 0xFF, 0xFF, 0xFF, 0xFF, 0xFF, 0xFF, 0xFF, 0xFF, 0xFF, 0xFF, 0xFF, 0xFF, 0xFF, 0xFF, 0xFF, 0xFF, 0xFF, 0xFF, 0xFF, 0xFF, 0xFF, 0xFF,
  0xFF, 0xFF, 0xFF, 0xFF, 0xFF, 0xFF, 0xFF, 0xFF, 0xFF, 0xFF, 0xFF, 0xFF, 0xFF, 0xFF, 0xFF, 0xFF, 0xFF, 0xFF, 0xFF, 0xFF, 0xFF, 0xFF, 0xFF, 0xFF,
  0xFF, 0xFF, 0xFF, 0xFF, 0xFF, 0xFF, 0xFF, 0xFF, 0xFF, 0xFF, 0xFF, 0xFF, 0xFF, 0xFF, 0xFF, 0xFF, 0xFF, 0xFF, 0xFF, 0xFF, 0xFF, 0xFF, 0xFF, 0xFF,
  0xFF, 0xFE, 0xF7, 0xDE, 0xE7, 0x39, 0xCF, 0x77, 0x7B, 0xFE, 0x7D, 0x9C, 0xFB, 0xD8, 0xF6, 0x31, 0xEF, 0x5A, 0xDF, 0xB7, 0xBD, 0x6A, 0xFA, 0xBE,
  0xED, 0x3D, 0xEA, 0x7A, 0xB0, 0xBF, 0xA1, 0xEA, 0x42, 0x1E, 0x85, 0x3C, 0xE7, 0x79, 0xD1, 0xEB, 0x7D, 0x36, 0xB5, 0xAC, 0x63, 0x18, 0xC6, 0x31,
  0x6B, 0x5A, 0xD6, 0xB5, 0xA9, 0x4A, 0x52, 0x94, 0xA5, 0x29, 0x4A, 0x52, 0x94, 0xA4, 0xA5, 0x29, 0x4A, 0x52, 0x94, 0x21, 0x08, 0x42, 0x10, 0x84,
  0x1C, 0xE8, 0x3A, 0x10, 0x84, 0x1C, 0xE7, 0x39, 0xCE, 0x73, 0x9C, 0xED, 0x9C, 0x8C, 0x63, 0x18, 0xC6, 0x31, 0xCC, 0x63, 0x1C, 0xE6, 0x31, 0x8C,
  0x63, 0x18, 0xC6, 0x31, 0x8C, 0x63, 0x18, 0xC6, 0x31, 0x8C, 0x63, 0x18, 0xC6, 0x31, 0x8C, 0x63, 0x18, 0xC6, 0x31, 0xA1, 0x33, 0x18, 0xC6, 0x31,
  0x8C, 0x63, 0x18, 0xC6, 0x31, 0x8C, 0x63, 0x18, 0xC6, 0x31, 0x8C, 0x69, 0xEB, 0x51, 0x31, 0x8C, 0x63, 0x18, 0xC6, 0x31, 0x8C, 0x63, 0x1C, 0xE7,
  0x39, 0xCE, 0x73, 0x9C, 0xE7, 0x39, 0xCE, 0x73, 0x9C, 0xE7, 0x39, 0xD0, 0x84, 0x21, 0x08, 0x54, 0xA5, 0x29, 0x25, 0x29, 0x4A, 0x53, 0x4A, 0x29,
  0x4A, 0x52, 0x94, 0xA5, 0x29, 0x4A, 0x52, 0x94, 0xAA, 0x52, 0x3D, 0xA2, 0xD6, 0xC6, 0x31, 0x8C, 0x63, 0x1A, 0xD6, 0xB5, 0xAD, 0x73, 0x9C, 0xE7,
  0x39, 0xD0, 0x84, 0x21, 0x08, 0x42, 0x10, 0x84, 0x29, 0x4A, 0x52, 0x94, 0xA5, 0x6B, 0x5A, 0xDA, 0xD6, 0xB5, 0xAD, 0x6C, 0x63, 0x38, 0xC6, 0x33,
  0x9E, 0xF7, 0x39, 0xDE, 0xF7, 0xBE, 0xFB, 0x9C, 0xE7, 0x39, 0xDE, 0xFF, 0xFF, 0xFF, 0xFF, 0xFF, 0xFF, 0xFF, 0xFF, 0xFF, 0xFF, 0xFF, 0xFF, 0xFF,
  0xFF, 0xFF, 0xFF, 0xFF, 0xFF, 0xFF, 0xFF, 0xFF, 0xFF, 0xFF, 0xFF, 0xFF, 0xFF, 0xFF, 0xFF, 0xFF, 0xFF, 0xFF, 0xFF, 0xFF, 0xFF, 0xFF, 0xFF, 0xFF,
  0xFF, 0xFF, 0xFF, 0xFF, 0xFF, 0xFF, 0xFF, 0xFF, 0xFF, 0xFF, 0xFF, 0xFF, 0xFF, 0xFF, 0xFF, 0xFF, 0xFF, 0xFF, 0xFF, 0xFF, 0xFF, 0xFF, 0xFF, 0xFF,
  0xFF, 0xFF, 0xFF, 0xFF, 0xFF, 0xFF, 0xFF, 0xFF, 0xFF, 0xFF, 0xFF, 0xFF, 0xFF, 0xDE, 0xF7, 0x9E, 0xF7, 0xBD, 0xCF, 0x77, 0x7B, 0xF6, 0x7B, 0xEF,
  0x7B, 0xD8, 0xF6, 0x31, 0xDE, 0xDA, 0xDE, 0xB7, 0xBD, 0xEF, 0x76, 0xB4, 0xF7, 0xBD, 0xEA, 0x53, 0xDE, 0xEF, 0xA1, 0x79, 0xC2, 0x1E, 0x83, 0xBB,
  0xEF, 0x41, 0xD0, 0xBB, 0x5B, 0xEF, 0x79, 0x8C, 0x63, 0x18, 0xC6, 0x2D, 0x6C, 0x5A, 0xD6, 0xB5, 0x29, 0x4A, 0x52, 0x94, 0xA5, 0x29, 0x4A, 0x52,
  0x92, 0x94, 0xA5, 0x29, 0x4A, 0x52, 0x84, 0x21, 0x08, 0x42, 0x10, 0x73, 0x9D, 0x08, 0x3A, 0x10, 0x73, 0x9C, 0xE7, 0x39, 0xCE, 0x73, 0xAE, 0x33,
  0x69, 0x8C, 0x63, 0x18, 0xE6, 0x31, 0x8C, 0x63, 0x18, 0xC6, 0x31, 0x8C, 0x63, 0x18, 0xC6, 0x31, 0x8C, 0x63, 0x18, 0xC6, 0x31, 0x8C, 0x63, 0x18,
  0xC5, 0x29, 0x4A, 0x52, 0x94, 0xA5, 0x29, 0x8D, 0x38, 0x14, 0xA5, 0x29, 0x4C, 0x63, 0x18, 0xC6, 0x31, 0x8C, 0x63, 0x18, 0xC6, 0x31, 0x8C, 0x67,
  0x52, 0xF1, 0x31, 0x8C, 0x63, 0x18, 0xC6, 0x31, 0x8C, 0x63, 0x1C, 0xE6, 0x31, 0xCE, 0x75, 0xA1, 0xA8, 0x39, 0xCE, 0x73, 0x9C, 0xE7, 0x3A, 0x10,
  0x84, 0x1D, 0x12, 0x92, 0x10, 0x84, 0x21, 0x29, 0x4A, 0x52, 0x9A, 0x45, 0x2A, 0x52, 0x94, 0xA5, 0x29, 0x4A, 0x52, 0x95, 0x4A, 0x2F, 0xB0, 0x5A,
  0xD6, 0xB6, 0x31, 0x8C, 0x63, 0x18, 0xD6, 0xB5, 0xAD, 0x6B, 0x9C, 0xE7, 0x39, 0xCE, 0x84, 0x21, 0x08, 0x42, 0x10, 0x84, 0x21, 0x4A, 0x52, 0x94,
  0xA5, 0x2B, 0x5A, 0xD6, 0xD6, 0xB5, 0xAD, 0x6B, 0x63, 0x18, 0xC6, 0x31, 0xDE, 0xE7, 0x39, 0xDE, 0xF7, 0xBF, 0x7B, 0x9D, 0xE7, 0x39, 0xDE, 0xF7,
  0xFF, 0xFF, 0xFF, 0xFF, 0xFF, 0xFF, 0xFF, 0xFF, 0xFF, 0xFF, 0xFF, 0xFF, 0xFF, 0xFF, 0xFF, 0xFF, 0xFF, 0xFF, 0xFF, 0xFF, 0xFF, 0xFF, 0xFF, 0xFF,
  0xFF, 0xFF, 0xFF, 0xFF, 0xFF, 0xFF, 0xFF, 0xFF, 0xFF, 0xFF, 0xFF, 0xFF, 0xFF, 0xFF, 0xFF, 0xFF, 0xFF, 0xFF, 0xFF, 0xFF, 0xFF, 0xFF, 0xFF, 0xFF,
  0xFF, 0xFF, 0xFF, 0xFF, 0xFF, 0xFF, 0xFF, 0xFF, 0xFF, 0xFF, 0xFF, 0xFF, 0xFF, 0xFF, 0xFF, 0xFF, 0xFF, 0xFF, 0xFF, 0xFF, 0xFF, 0xFF, 0xFF, 0xFF,
  0xFF, 0xDE, 0xF3, 0x9C, 0xE7, 0x39, 0xBD, 0xEF, 0x7B, 0xCE, 0x73, 0x9C, 0xE3, 0x18, 0xC6, 0x31, 0x6B, 0x5A, 0xD6, 0xB7, 0xBD, 0x5A, 0xD6, 0x94,
  0xA5, 0x29, 0x4A, 0x42, 0x10, 0x9F, 0xA1, 0x08, 0x42, 0x10, 0x73, 0x9C, 0xE7, 0x39, 0xCD, 0x6B, 0x5A, 0xD6, 0xB1, 0x8C, 0x63, 0x18, 0xC5, 0xAD,
  0x6B, 0x5A, 0xD6, 0xA5, 0x29, 0x4A, 0x52, 0x94, 0xA5, 0x29, 0x4A, 0x52, 0x52, 0x94, 0xA5, 0x29, 0x4A, 0x10, 0x84, 0x21, 0x08, 0x41, 0xCE, 0x73,
  0x9D, 0x07, 0x39, 0xCE, 0x73, 0x9C, 0xE7, 0x39, 0xCE, 0x99, 0x4E, 0x29, 0x31, 0x8C, 0x63, 0x9C, 0xE6, 0x31, 0x8C, 0x63, 0x18, 0xC6, 0x31, 0x8C,
  0x63, 0x18, 0xC6, 0x31, 0x8C, 0x63, 0x18, 0xA5, 0x29, 0x4A, 0x52, 0x94, 0xA6, 0x31, 0x4A, 0x52, 0x98, 0xC6, 0x31, 0x8C, 0x59, 0x94, 0xA5, 0x29,
  0x4A, 0x62, 0x94, 0xA5, 0x29, 0x4A, 0x63, 0x18, 0xC6, 0x31, 0x8C, 0x69, 0xD2, 0x6A, 0x31, 0x8C, 0x63, 0x18, 0xC6, 0x31, 0x8C, 0x63, 0x18, 0xC6,
  0x33, 0x5A, 0xD6, 0xB5, 0xAD, 0x6A, 0x0E, 0x73, 0x9C, 0xE7, 0x39, 0xCE, 0x73, 0x9E, 0x52, 0x42, 0x10, 0x84, 0x21, 0x08, 0x4A, 0x52, 0x9A, 0x51,
  0x29, 0x52, 0x94, 0xA5, 0x29, 0x4A, 0x52, 0xA9, 0x45, 0x6A, 0x6B, 0x5A, 0xD6, 0xB5, 0xB1, 0x8C, 0x63, 0x18, 0xC6, 0xB5, 0xAD, 0x6B, 0x5C, 0xE7,
  0x39, 0xCE, 0x74, 0x21, 0x08, 0x42, 0x10, 0x84, 0x21, 0x0A, 0x52, 0x94, 0xA5, 0x29, 0x5A, 0xD6, 0xB6, 0xB5, 0xAD, 0x6B, 0x5B, 0x19, 0xCF, 0x7B,
  0xDC, 0xE7, 0x39, 0xCE, 0xF7, 0xBF, 0x7B, 0x9C, 0xEF, 0x7B, 0xDF, 0x7B, 0xFF, 0xFF, 0xFF, 0xFF, 0xFF, 0xFF, 0xFF, 0xFF, 0xFF, 0xFF, 0xFF, 0xFF,
  0xFF, 0xFF, 0xFF, 0xFF, 0xFF, 0xFF, 0xFF, 0xFF, 0xFF, 0xFF, 0xFF, 0xFF, 0xFF, 0xFF, 0xFF, 0xFF, 0xFF, 0xFF, 0xFF, 0xFF, 0xFF, 0xFF, 0xFF, 0xFF,
  0xFF, 0xFF, 0xFF, 0xFF, 0xFF, 0xFF, 0xFF, 0xFF, 0xFF, 0xFF, 0xFF, 0xFF, 0xFF, 0xFF, 0xFF, 0xFF, 0xFF, 0xFF, 0xFF, 0xFF, 0xFF, 0xFF, 0xFF, 0xFF,
  0xFF, 0xFF, 0xFF, 0xFF, 0xFF, 0xFF, 0xFF, 0xFF, 0xFF, 0xFF, 0xFF, 0xFF, 0xFB, 0xDE, 0x73, 0x9C, 0xE7, 0x37, 0xBD, 0xEF, 0x99, 0xCE, 0x73, 0x9C,
  0xE3, 0x18, 0xC6, 0x2D, 0x6B, 0x5A, 0xD6, 0xB7, 0xBD, 0x5A, 0xD6, 0x94, 0xA5, 0x29, 0xDA, 0x77, 0xDE, 0xF4, 0xE1, 0x08, 0x42, 0x10, 0x73, 0x9C,
  0xE7, 0x39, 0xAD, 0x6B, 0x5A, 0xD6, 0x31, 0x8C, 0x63, 0x18, 0xB5, 0xAD, 0xAB, 0x5A, 0x94, 0xA5, 0x29, 0x4A, 0x52, 0x94, 0xA5, 0x29, 0x4A, 0x4A,
  0x52, 0x94, 0xA5, 0x28, 0x42, 0x10, 0x84, 0x21, 0x08, 0x39, 0xCE, 0x73, 0x9C, 0xE7, 0x39, 0xCE, 0x73, 0x9C, 0xE7, 0x39, 0xDB, 0x39, 0xA8, 0xE6,
  0x31, 0x8C, 0x63, 0x98, 0xC6, 0x31, 0x8C, 0x63, 0x18, 0xC6, 0x31, 0x8C, 0x63, 0x18, 0xC6, 0x31, 0x4A, 0x52, 0x94, 0xA5, 0x29, 0x4A, 0x52, 0x94,
  0xA5, 0x29, 0x4A, 0x52, 0x98, 0xC6, 0x31, 0x8C, 0x62, 0xD0, 0xA5, 0x29, 0x4A, 0x52, 0x94, 0xA5, 0x29, 0x4A, 0x52, 0x94, 0xA5, 0x31, 0x8C, 0x79,
  0xDE, 0x26, 0x31, 0x8C, 0x63, 0x18, 0xC6, 0x31, 0x8C, 0x63, 0x1D, 0x8C, 0x6B, 0x4C, 0x63, 0x18, 0xE7, 0x3B, 0x50, 0x73, 0x9C, 0xE7, 0x43, 0x9C,
  0xE4, 0xA6, 0x47, 0x3A, 0x10, 0x84, 0x21, 0x08, 0x42, 0x12, 0x95, 0x52, 0x49, 0x4A, 0x94, 0xA5, 0x29, 0x4A, 0x55, 0x28, 0xA5, 0x75, 0x4A, 0x5A,
  0xD6, 0xB5, 0xAD, 0x8C, 0x63, 0x18, 0xC6, 0x35, 0xAD, 0x6B, 0x5A, 0xE7, 0x39, 0xCE, 0x74, 0x21, 0x08, 0x42, 0x10, 0x84, 0x21, 0x0A, 0x52, 0x94,
  0xA5, 0x29, 0x5A, 0xD6, 0xB5, 0xB5, 0xAD, 0x6B, 0x5A, 0xD8, 0xEF, 0xB3, 0x8C, 0xE7, 0x39, 0xCE, 0x77, 0xCF, 0x7B, 0x9D, 0xF7, 0x7D, 0xEE, 0xF7,
  0xBF, 0xFF, 0xFF, 0xFF, 0xFF, 0xFF, 0xFF, 0xFF, 0xFF, 0xFF, 0xFF, 0xFF, 0xFF, 0xFF, 0xFF, 0xFF, 0xFF, 0xFF, 0xFF, 0xFF, 0xFF, 0xFF, 0xFF, 0xFF,
  0xFF, 0xFF, 0xFF, 0xFF, 0xFF, 0xFF, 0xFF, 0xFF, 0xFF, 0xFF, 0xFF, 0xFF, 0xFF, 0xFF, 0xFF, 0xFF, 0xFF, 0xFF, 0xFF, 0xFF, 0xFF, 0xFF, 0xFF, 0xFF,
  0xFF, 0xFF, 0xFF, 0xFF, 0xFF, 0xFF, 0xFF, 0xFF, 0xFF, 0xFF, 0xFF, 0xFF, 0xFF, 0xFF, 0xFF, 0xFF, 0xFF, 0xFF, 0xFF, 0xFF, 0xFF, 0xFF, 0xFF, 0xFF,
  0x7B, 0xDE, 0x77, 0xBC, 0xE7, 0x37, 0xBD, 0xEF, 0x39, 0xCF, 0x33, 0x9C, 0x63, 0x18, 0xC6, 0x2D, 0x6B, 0x5A, 0xD6, 0xB5, 0x6B, 0x5A, 0xD2, 0x94,
  0xA5, 0x29, 0xE8, 0x42, 0x10, 0x84, 0x21, 0x08, 0x42, 0x0E, 0x73, 0x9C, 0xE7, 0x35, 0xAD, 0x6B, 0x5A, 0xC6, 0x31, 0x8C, 0x63, 0x16, 0xB5, 0xAD,
  0x6B, 0x52, 0x94, 0xA5, 0x29, 0x4A, 0x52, 0x94, 0xA5, 0x29, 0x29, 0x4A, 0x52, 0x94, 0xA5, 0x08, 0x42, 0x10, 0x84, 0x20, 0xE7, 0x39, 0xCE, 0x73,
  0x9C, 0xE7, 0x39, 0xCE, 0x73, 0x9C, 0xE7, 0x6C, 0xE6, 0xD3, 0x98, 0xC6, 0x31, 0x8C, 0x63, 0x18, 0xC6, 0x31, 0x8C, 0x63, 0x18, 0xC6, 0x31, 0x8C,
  0x62, 0x94, 0xA5, 0x29, 0x4A, 0x52, 0x94, 0xA5, 0x29, 0x4A, 0x52, 0x94, 0xA5, 0x29, 0x8C, 0x53, 0x18, 0xC6, 0x29, 0x4A, 0x52, 0xC2, 0x66, 0x31,
  0x4A, 0x52, 0x94, 0xA5, 0x29, 0x4A, 0x52, 0x9D, 0xB3, 0x84, 0xE7, 0x3E, 0xC4, 0xE6, 0x31, 0x8C, 0x63, 0x18, 0xC6, 0x31, 0x8C, 0x66, 0x31, 0x87,
  0x39, 0x8C, 0x63, 0x18, 0xC6, 0x39, 0xDA, 0xD6, 0xB5, 0xCE, 0x72, 0x10, 0xE7, 0x39, 0x27, 0x39, 0xCE, 0x84, 0x21, 0x08, 0x42, 0x10, 0x94, 0xCE,
  0x92, 0x4A, 0x52, 0xA5, 0x29, 0x4A, 0xA5, 0x14, 0xAA, 0x4D, 0x4A, 0x52, 0xD6, 0xB5, 0xAD, 0x6C, 0x63, 0x18, 0xC6, 0x31, 0xAD, 0x6B, 0x5A, 0xD7,
  0x39, 0xCE, 0x73, 0xA1, 0x08, 0x42, 0x10, 0x84, 0x21, 0x08, 0x52, 0x94, 0xA5, 0x29, 0x4A, 0xD6, 0xB5, 0xB5, 0xAD, 0x6B, 0x5A, 0xD8, 0xEF, 0x71,
  0x8C, 0x67, 0x39, 0xCE, 0x73, 0xDF, 0x77, 0x9E, 0xF7, 0x3B, 0xCE, 0x77, 0xBD, 0xFF, 0xFF, 0xFF, 0xFF, 0xFF, 0xFF, 0xFF, 0xFF, 0xFF, 0xFF, 0xFF,
  0xFF, 0xFF, 0xFF, 0xFF, 0xFF, 0xFF, 0xFF, 0xFF, 0xFF, 0xFF, 0xFF, 0xFF, 0xFF, 0xFF, 0xFF, 0xFF, 0xFF, 0xFF, 0xFF, 0xFF, 0xFF, 0xFF, 0xFF, 0xFF,
  0xFF, 0xFF, 0xFF, 0xFF, 0xFF, 0xFF, 0xFF, 0xFF, 0xFF, 0xFF, 0xFF, 0xFF, 0xFF, 0xFF, 0xFF, 0xFF, 0xFF, 0xFF, 0xFF, 0xFF, 0xFF, 0xFF, 0xFF, 0xFF,
  0xFF, 0xFF, 0xFF, 0xFF, 0xFF, 0xFF, 0xFF, 0xFF, 0xFF, 0xFF, 0xFF, 0xFF, 0x7B, 0xDE, 0x73, 0x9C, 0xE6, 0xF7, 0xBD, 0xEF, 0x39, 0xE6, 0x73, 0x9C,
  0x63, 0x18, 0xC5, 0xAD, 0x6B, 0x5A, 0xD6, 0xAD, 0x6B, 0x5A, 0x52, 0x94, 0xA5, 0x29, 0x48, 0x42, 0x10, 0x84, 0x21, 0x08, 0x41, 0xCE, 0x73, 0x9C,
  0xE6, 0xB5, 0xAD, 0x6B, 0x58, 0xC6, 0x31, 0x8C, 0x5A, 0xD6, 0xB5, 0xAD, 0x6A, 0x52, 0x94, 0xA5, 0x29, 0x4A, 0x52, 0x94, 0xA5, 0x25, 0x29, 0x4A,
  0x52, 0x94, 0xA1, 0x08, 0x42, 0x10, 0x84, 0x1C, 0xE7, 0x39, 0xCE, 0x73, 0x9C, 0xE7, 0x39, 0xCE, 0x73, 0x9D, 0x31, 0x9C, 0x8E, 0x73, 0x9C, 0xC6,
  0x31, 0x8C, 0x63, 0x18, 0xC6, 0x31, 0x8C, 0x63, 0x18, 0xC6, 0x29, 0x4A, 0x52, 0x94, 0xA5, 0x29, 0x4A, 0x52, 0x94, 0xA5, 0x29, 0x4A, 0x53, 0x18,
  0xA5, 0x29, 0x4A, 0x52, 0x94, 0xA5, 0x29, 0x4A, 0x52, 0x96, 0x71, 0x29, 0x4A, 0x52, 0x94, 0xA5, 0x29, 0x4A, 0x58, 0x4E, 0xF7, 0xA4, 0xE9, 0xDA,
  0x44, 0xA5, 0x29, 0x8C, 0x63, 0x18, 0xC6, 0x31, 0x8C, 0x76, 0x18, 0xC6, 0x31, 0x8C, 0x63, 0x18, 0xC6, 0x31, 0x8E, 0x73, 0xB5, 0x07, 0x39, 0xCE,
  0x73, 0x9C, 0xE7, 0x39, 0xCE, 0x74, 0x21, 0x08, 0x42, 0x10, 0x84, 0xA6, 0x74, 0xA5, 0x22, 0xA5, 0x29, 0x54, 0xA2, 0x94, 0xAE, 0xA9, 0x4A, 0x52,
  0x96, 0xB5, 0xAD, 0x6B, 0x63, 0x18, 0xC6, 0x31, 0x8D, 0x6B, 0x5A, 0xD6, 0xB9, 0xCE, 0x73, 0x9D, 0x08, 0x42, 0x10, 0x84, 0x21, 0x08, 0x42, 0x94,
  0xA5, 0x29, 0x4A, 0x56, 0xB5, 0xAD, 0xAD, 0x6B, 0x5A, 0xD6, 0xEE, 0x31, 0x8C, 0xE3, 0x39, 0xCE, 0x7B, 0xEE, 0x6F, 0xBE, 0xE7, 0x39, 0xCE, 0x73,
  0xBD, 0xFF, 0xFF, 0xFF, 0xFF, 0xFF, 0xFF, 0xFF, 0xFF, 0xFF, 0xFF, 0xFF, 0xFF, 0xFF, 0xFF, 0xFF, 0xFF, 0xFF, 0xFF, 0xFF, 0xFF, 0xFF, 0xFF, 0xFF,
  0xFF, 0xFF, 0xFF, 0xFF, 0xFF, 0xFF, 0xFF, 0xFF, 0xFF, 0xFF, 0xFF, 0xFF, 0xFF, 0xFF, 0xFF, 0xFF, 0xFF, 0xFF, 0xFF, 0xFF, 0xFF, 0xFF, 0xFF, 0xFF,
  0xFF, 0xFF, 0xFF, 0xFF, 0xFF, 0xFF, 0xFF, 0xFF, 0xFF, 0xFF, 0xFF, 0xFF, 0xFF, 0xFF, 0xFF, 0xFF, 0xFF, 0xFF, 0xFF, 0xFF, 0xFF, 0xFF, 0xFF, 0xEF,
  0x79, 0xCE, 0x73, 0x9C, 0xDE, 0xF7, 0xCE, 0xF7, 0x39, 0xCE, 0x73, 0x9C, 0x63, 0x18, 0xB5, 0xAD, 0x6B, 0x5A, 0xD5, 0xAD, 0x6B, 0x4A, 0xD2, 0x94,
  0xA5, 0x21, 0x39, 0xC2, 0x10, 0x84, 0x21, 0x08, 0x39, 0xCE, 0x73, 0x9C, 0xD6, 0xB5, 0xAD, 0x6B, 0x18, 0xC6, 0x31, 0x8B, 0x5A, 0xD6, 0xB5, 0xAD,
  0x4A, 0x52, 0x94, 0xA5, 0x29, 0x4A, 0x52, 0x94, 0xA4, 0xA5, 0x29, 0x4A, 0x52, 0x84, 0x21, 0x08, 0x42, 0x10, 0x73, 0x9C, 0xE7, 0x39, 0xCE, 0x73,
  0x9C, 0xE7, 0x39, 0xCE, 0x73, 0xAA, 0x31, 0x51, 0x8C, 0x73, 0x18, 0xC6, 0x31, 0x8C, 0x63, 0x18, 0xC6, 0x31, 0x8C, 0x63, 0x14, 0xA5, 0x29, 0x4A,
  0x53, 0x14, 0xA5, 0x29, 0x4A, 0x52, 0x94, 0xA5, 0x29, 0x4A, 0x52, 0x94, 0xA5, 0x29, 0x4A, 0x52, 0x94, 0xA5, 0x29, 0x4A, 0x52, 0x94, 0xB3, 0x39,
  0x4A, 0x52, 0x94, 0xA5, 0x29, 0x4A, 0x58, 0xF7, 0xB7, 0x9C, 0xE7, 0x18, 0x94, 0xA5, 0x29, 0x4A, 0x53, 0x18, 0xC6, 0x31, 0x8E, 0xC3, 0x98, 0xC6,
  0x9C, 0xCC, 0x63, 0x18, 0xC6, 0x31, 0x8C, 0x63, 0x9C, 0xE7, 0x39, 0xCE, 0x73, 0x9C, 0xEA, 0x41, 0xCE, 0x74, 0x29, 0x08, 0x42, 0x10, 0x84, 0x21,
  0x29, 0x95, 0x29, 0x4A, 0x29, 0x54, 0x52, 0x95, 0xD6, 0xA9, 0x4A, 0x52, 0x94, 0xB5, 0xAD, 0x6B, 0x63, 0x18, 0xC6, 0x31, 0x8C, 0x6B, 0x5A, 0xD6,
  0xB5, 0xCE, 0x73, 0x9C, 0xE8, 0x42, 0x10, 0x84, 0x21, 0x08, 0x42, 0x14, 0xA5, 0x29, 0x4A, 0x52, 0xB5, 0xAD, 0x6D, 0x6B, 0x5A, 0xD6, 0xEF, 0x79,
  0x9C, 0xE3, 0x39, 0xCF, 0x7D, 0x9D, 0xEF, 0xBD, 0xDF, 0x39, 0xCE, 0x73, 0xBE, 0xEF, 0xFF, 0xFF, 0xFF, 0xFF, 0xFF, 0xFF, 0xFF, 0xFF, 0xFF, 0xFF,
  0xFF, 0xFF, 0xFF, 0xFF, 0xFF, 0xFF, 0xFF, 0xFF, 0xFF, 0xFF, 0xFF, 0xFF, 0xFF, 0xFF, 0xFF, 0xFF, 0xFF, 0xFF, 0xFF, 0xFF, 0xFF, 0xFF, 0xFF, 0xFF,
  0xFF, 0xFF, 0xFF, 0xFF, 0xFF, 0xFF, 0xFF, 0xFF, 0xFF, 0xFF, 0xFF, 0xFF, 0xFF, 0xFF, 0xFF, 0xFF, 0xFF, 0xFF, 0xFF, 0xFF, 0xFF, 0xFF, 0xFF, 0xFF,
  0xFF, 0xFF, 0xFF, 0xFF, 0xFF, 0xFF, 0xFF, 0xFF, 0xFF, 0xFF, 0xFD, 0xEF, 0x79, 0xCE, 0x73, 0x9C, 0xDE, 0xF7, 0xBC, 0xE7, 0x39, 0xCE, 0x73, 0x8C,
  0x63, 0x18, 0xB6, 0x2D, 0x6B, 0x5A, 0xB5, 0xAD, 0x69, 0x5A, 0xD2, 0x94, 0xA4, 0x21, 0x0E, 0xC2, 0x10, 0x84, 0x21, 0x08, 0x41, 0xCE, 0x73, 0x9A,
  0xD6, 0xB5, 0xAD, 0x63, 0x18, 0xC6, 0x31, 0x6B, 0x5A, 0xD6, 0xB5, 0xA9, 0x4D, 0x52, 0x94, 0xA5, 0x29, 0x4A, 0x52, 0x94, 0x94, 0xA5, 0x29, 0x4A,
  0x50, 0x84, 0x21, 0x08, 0x42, 0x0E, 0x73, 0x9C, 0xE7, 0x39, 0xCE, 0x73, 0x9C, 0xE7, 0x39, 0xD2, 0xD9, 0xC6, 0x28, 0x39, 0x8E, 0x63, 0x18, 0xC6,
  0x31, 0x8C, 0x63, 0x18, 0xC6, 0x31, 0x8A, 0x52, 0x94, 0xA5, 0x29, 0x4E, 0x52, 0x94, 0xA5, 0x29, 0x4A, 0x52, 0x94, 0xA5, 0x29, 0x4A, 0x42, 0x10,
  0xA5, 0x29, 0x4A, 0x52, 0x90, 0x84, 0x21, 0x08, 0x42, 0x10, 0x84, 0xA1, 0xCA, 0x52, 0x10, 0xA5, 0x29, 0x4A, 0x54, 0xCE, 0xF3, 0x8A, 0x52, 0x52,
  0x94, 0xA5, 0x29, 0x4C, 0x62, 0x98, 0xA6, 0x32, 0xD6, 0xB3, 0x18, 0xFD, 0xA5, 0x3B, 0x33, 0x18, 0xC6, 0x31, 0x8C, 0x63, 0x18, 0xE7, 0x39, 0xCE,
  0x73, 0x9C, 0xE7, 0x39, 0xCE, 0x73, 0x9C, 0xE8, 0x42, 0x10, 0x84, 0x21, 0x09, 0x4A, 0x52, 0x94, 0xA6, 0x74, 0x52, 0xB5, 0x45, 0x29, 0x4A, 0x52,
  0x94, 0xA5, 0xAD, 0x6C, 0x63, 0x16, 0xC6, 0x31, 0x8C, 0x63, 0x5A, 0xD6, 0xB5, 0xAE, 0x73, 0x9C, 0xE8, 0x42, 0x10, 0x84, 0x21, 0x08, 0x42, 0x10,
  0xA5, 0x29, 0x4A, 0x52, 0x95, 0xAD, 0x6B, 0x6B, 0x5A, 0xD6, 0xEF, 0xBD, 0xDC, 0xE3, 0x19, 0xCF, 0x7B, 0x9C, 0xEF, 0xBD, 0xEF, 0x3B, 0xDE, 0xFB,
  0xDE, 0xEF, 0x7F, 0xFF, 0xFF, 0xFF, 0xFF, 0xFF, 0xFF, 0xFF, 0xFF, 0xFF, 0xFF, 0xFF, 0xFF, 0xFF, 0xFF, 0xFF, 0xFF, 0xFF, 0xFF, 0xFF, 0xFF, 0xFF,
  0xFF, 0xFF, 0xFF, 0xFF, 0xFF, 0xFF, 0xFF, 0xFF, 0xFF, 0xFF, 0xFF, 0xFF, 0xFF, 0xFF, 0xFF, 0xFF, 0xFF, 0xFF, 0xFF, 0xFF, 0xFF, 0xFF, 0xFF, 0xFF,
  0xFF, 0xFF, 0xFF, 0xFF, 0xFF, 0xFF, 0xFF, 0xFF, 0xFF, 0xFF, 0xFF, 0xFF, 0xFF, 0xFF, 0xFF, 0xFF, 0xFF, 0xFF, 0xFF, 0xFF, 0xFF, 0xFF, 0xFD, 0xEF,
  0x39, 0xCE, 0x73, 0x9B, 0xDE, 0xF7, 0xCE, 0x73, 0x9C, 0xCE, 0x73, 0x8C, 0x63, 0x16, 0xB5, 0xAD, 0x6B, 0x5A, 0xB5, 0xAD, 0x6B, 0x4A, 0xD6, 0x94,
  0x84, 0x21, 0x0E, 0xC2, 0x10, 0x84, 0x21, 0x08, 0x39, 0xCE, 0x73, 0x5A, 0xD6, 0xB5, 0xAC, 0x63, 0x18, 0xC6, 0x2D, 0x6B, 0x5A, 0xD6, 0xB5, 0xA9,
  0x4A, 0x52, 0x98, 0xA5, 0x29, 0x4A, 0x52, 0x52, 0x94, 0xA5, 0x29, 0x4A, 0x10, 0x84, 0x21, 0x08, 0x39, 0xCE, 0x73, 0x9C, 0xE7, 0x39, 0xCE, 0x73,
  0x9C, 0xE7, 0x3B, 0x67, 0x39, 0x20, 0xE7, 0x39, 0x8C, 0x63, 0x18, 0xC6, 0x31, 0x8C, 0x63, 0x18, 0xC6, 0x29, 0x4A, 0x52, 0x94, 0xA5, 0x29, 0x4A,
  0x52, 0x94, 0xA5, 0x29, 0x4A, 0x52, 0x10, 0x85, 0x29, 0x4A, 0x42, 0x10, 0xA5, 0x29, 0x4A, 0x52, 0x10, 0x84, 0x21, 0x08, 0x42, 0x10, 0x84, 0x34,
  0xC8, 0x52, 0x10, 0x84, 0x21, 0x15, 0x39, 0xCE, 0xF3, 0x51, 0x4A, 0x52, 0x94, 0xA5, 0x2A, 0xD6, 0xB5, 0xAD, 0x6B, 0x31, 0x8C, 0x63, 0x1B, 0xB3,
  0x63, 0x25, 0x7E, 0xCE, 0x7D, 0xEF, 0x66, 0x63, 0x18, 0xC6, 0x39, 0xCE, 0x73, 0x9C, 0xE7, 0x39, 0xCE, 0x73, 0x9C, 0xE7, 0x3A, 0x10, 0x84, 0x21,
  0x08, 0x4A, 0x52, 0x94, 0xA6, 0x73, 0x55, 0x28, 0xA5, 0x29, 0x4A, 0x52, 0x94, 0xA5, 0x2D, 0x6C, 0x62, 0xD6, 0xB6, 0x31, 0x8C, 0x63, 0x1A, 0xD6,
  0xB5, 0xAD, 0x73, 0xA1, 0x07, 0x3A, 0x10, 0x84, 0x21, 0x08, 0x42, 0x10, 0x85, 0x29, 0x4A, 0x52, 0x95, 0xAD, 0x6B, 0x6B, 0x5A, 0xD6, 0xB7, 0x3B,
  0xEE, 0xE3, 0x19, 0xCF, 0x7B, 0x9C, 0xEF, 0x7E, 0xEF, 0x7B, 0xDE, 0xF7, 0xBC, 0xEF, 0x7F, 0xFF, 0xFF, 0xFF, 0xFF, 0xFF, 0xFF, 0xFF, 0xFF, 0xFF,
  0xFF, 0xFF, 0xFF, 0xFF, 0xFF, 0xFF, 0xFF, 0xFF, 0xFF, 0xFF, 0xFF, 0xFF, 0xFF, 0xFF, 0xFF, 0xFF, 0xFF, 0xFF, 0xFF, 0xFF, 0xFF, 0xFF, 0xFF, 0xFF,
  0xFF, 0xFF, 0xFF, 0xFF, 0xFF, 0xFF, 0xFF, 0xFF, 0xFF, 0xFF, 0xFF, 0xFF, 0xFF, 0xFF, 0xFF, 0xFF, 0xFF, 0xFF, 0xFF, 0xFF, 0xFF, 0xFF, 0xFF, 0xFF,
  0xFF, 0xFF, 0xFF, 0xFF, 0xFF, 0xFF, 0xFF, 0xFF, 0xFF, 0xFF, 0xBD, 0xE7, 0x7B, 0xCE, 0x73, 0x9C, 0xDF, 0x39, 0xCE, 0x73, 0x99, 0xC6, 0x33, 0x8C,
  0x62, 0xD6, 0xC5, 0xAD, 0x6B, 0x56, 0xB5, 0xAD, 0x2B, 0x4A, 0xD2, 0x94, 0x84, 0x21, 0x09, 0xEA, 0x10, 0x84, 0x21, 0x08, 0x39, 0xCE, 0x6B, 0x5A,
  0xE6, 0xB5, 0x8C, 0x63, 0x18, 0xC5, 0xAD, 0x6B, 0x5A, 0xD6, 0xA5, 0xAD, 0x6B, 0x52, 0x94, 0xA5, 0x29, 0x4A, 0x4A, 0x94, 0xA4, 0xA5, 0x28, 0x42,
  0x10, 0x84, 0x21, 0x07, 0x39, 0xCE, 0x73, 0x9C, 0xE7, 0x39, 0xCE, 0x73, 0x9C, 0xE7, 0x6C, 0xE4, 0x83, 0x9C, 0xE6, 0x31, 0x8C, 0x63, 0x18, 0xC6,
  0x31, 0x8C, 0x62, 0x98, 0xC5, 0x29, 0x4A, 0x52, 0x94, 0xA5, 0x29, 0x4A, 0x52, 0x94, 0xA4, 0x21, 0x08, 0x42, 0x10, 0xA5, 0x29, 0x4A, 0x42, 0x14,
  0xA5, 0x29, 0x4A, 0x52, 0x10, 0x84, 0x21, 0x0A, 0x42, 0x10, 0xA5, 0x24, 0x20, 0x42, 0x10, 0x84, 0x24, 0x29, 0x7B, 0xDF, 0xB3, 0x51, 0x4A, 0x52,
  0x96, 0x6A, 0x29, 0x8A, 0x52, 0x94, 0xA5, 0x29, 0x4A, 0x52, 0xCE, 0x8B, 0x59, 0x98, 0xC5, 0xD2, 0x26, 0x31, 0xE9, 0x43, 0x18, 0xC6, 0x31, 0xCE,
  0x73, 0x9C, 0xE7, 0x39, 0xCE, 0x73, 0x9C, 0xE7, 0x99, 0xD0, 0x84, 0x21, 0x08, 0x42, 0x12, 0x94, 0xA6, 0x74, 0x75, 0xD4, 0xA5, 0x29, 0x4A, 0x52,
  0x94, 0xA5, 0x29, 0x6B, 0x62, 0xD6, 0xB5, 0xB1, 0x8C, 0x63, 0x18, 0xD6, 0xB5, 0xAD, 0x73, 0x9D, 0x07, 0x39, 0xD0, 0x84, 0x21, 0x08, 0x42, 0x10,
  0x85, 0x29, 0x4A, 0x52, 0x94, 0xAD, 0x6B, 0x5B, 0x5A, 0xD8, 0xB5, 0xAD, 0xDF, 0x67, 0x39, 0xEF, 0x73, 0x9C, 0xE7, 0x9B, 0xDE, 0xF7, 0xCE, 0x73,
  0x9C, 0xE7, 0x7B, 0xFF, 0xFF, 0xFF, 0xFF, 0xFF, 0xFF, 0xFF, 0xFF, 0xFF, 0xFF, 0xFF, 0xFF, 0xFF, 0xFF, 0xFF, 0xFF, 0xFF, 0xFF, 0xFF, 0xFF, 0xFF,
  0xFF, 0xFF, 0xFF, 0xFF, 0xFF, 0xFF, 0xFF, 0xFF, 0xFF, 0xFF, 0xFF, 0xFF, 0xFF, 0xFF, 0xFF, 0xFF, 0xFF, 0xFF, 0xFF, 0xFF, 0xFF, 0xFF, 0xFF, 0xFF,
  0xFF, 0xFF, 0xFF, 0xFF, 0xFF, 0xFF, 0xFF, 0xFF, 0xFF, 0xFF, 0xFF, 0xFF, 0xFF, 0xFF, 0xFF, 0xFF, 0xFF, 0xFF, 0xFF, 0xFF, 0xFF, 0xFF, 0xBD, 0xE7,
  0x7B, 0xCE, 0x73, 0x9C, 0xE7, 0x39, 0x9E, 0x73, 0x39, 0xC6, 0x31, 0x8C, 0x5A, 0xD6, 0xB5, 0xAD, 0x6A, 0xD6, 0xB5, 0xA5, 0x29, 0x4A, 0x52, 0x91,
  0x84, 0x21, 0x08, 0x4F, 0x30, 0x84, 0x21, 0x08, 0x39, 0xCD, 0x6B, 0x5A, 0xE6, 0xB1, 0x8C, 0x63, 0x18, 0xB5, 0xAD, 0x6B, 0x5A, 0xD4, 0xA5, 0x2D,
  0x6A, 0x52, 0x94, 0xA5, 0x29, 0x49, 0x4A, 0x52, 0x94, 0xA5, 0x08, 0x42, 0x10, 0x84, 0x1C, 0xE7, 0x39, 0xCE, 0x73, 0x9C, 0xE7, 0x39, 0xCE, 0x73,
  0x9C, 0xED, 0x8B, 0x4E, 0x73, 0x98, 0xC6, 0x31, 0x8C, 0x63, 0x18, 0xC6, 0x31, 0x8A, 0x53, 0x18, 0xA5, 0x29, 0x4A, 0x52, 0x94, 0xA5, 0x29, 0x4A,
  0x42, 0x10, 0x84, 0x21, 0x08, 0x42, 0x94, 0xA5, 0x29, 0x4A, 0x42, 0x94, 0xA5, 0x29, 0x4A, 0x52, 0x10, 0x84, 0x29, 0x08, 0x42, 0x90, 0x84, 0x21,
  0x26, 0x52, 0x10, 0x85, 0x84, 0xFB, 0x7E, 0xDE, 0x70, 0x29, 0x48, 0x42, 0x6A, 0x14, 0xA1, 0x4A, 0x52, 0x94, 0xA5, 0x29, 0x4A, 0x52, 0xE9, 0x70,
  0x39, 0x8D, 0x13, 0x18, 0xC6, 0x31, 0x8D, 0xA8, 0x98, 0xC6, 0x31, 0xCE, 0x73, 0x9C, 0xE7, 0x39, 0xCE, 0x73, 0x9C, 0xE7, 0x9C, 0x8E, 0x76, 0x45,
  0x08, 0x42, 0x10, 0x94, 0xA5, 0x54, 0xEA, 0x54, 0xA5, 0x29, 0x4A, 0x52, 0x94, 0xA5, 0x29, 0x4B, 0x5A, 0xD6, 0xB5, 0xAD, 0x8C, 0x63, 0x18, 0xC6,
  0xB5, 0xAD, 0x73, 0x5C, 0xE7, 0x39, 0xCE, 0x84, 0x21, 0x08, 0x42, 0x10, 0x84, 0x29, 0x4A, 0x52, 0x94, 0xA5, 0x6B, 0x5A, 0xDA, 0xD6, 0xB5, 0xAD,
  0xDF, 0x67, 0x3D, 0xEE, 0x73, 0x9C, 0xF3, 0x3B, 0xDE, 0xF7, 0xCE, 0x73, 0x9C, 0xE7, 0x7B, 0xFF, 0xFF, 0xFF, 0xFF, 0xFF, 0xFF, 0xFF, 0xFF, 0xFF,
  0xFF, 0xFF, 0xFF, 0xFF, 0xFF, 0xFF, 0xFF, 0xFF, 0xFF, 0xFF, 0xFF, 0xFF, 0xFF, 0xFF, 0xFF, 0xFF, 0xFF, 0xFF, 0xFF, 0xFF, 0xFF, 0xFF, 0xFF, 0xFF,
  0xFF, 0xFF, 0xFF, 0xFF, 0xFF, 0xFF, 0xFF, 0xFF, 0xFF, 0xFF, 0xFF, 0xFF, 0xFF, 0xFF, 0xFF, 0xFF, 0xFF, 0xFF, 0xFF, 0xFF, 0xFF, 0xFF, 0xFF, 0xFF,
  0xFF, 0xFF, 0xFF, 0xFF, 0xFF, 0xFF, 0xFF, 0xFF, 0xFF, 0xF7, 0xBC, 0xE7, 0x3B, 0xCE, 0x6F, 0x7B, 0xDE, 0xF3, 0x9C, 0xE7, 0x38, 0xC6, 0x31, 0x8B,
  0x5A, 0xD6, 0xB5, 0xAD, 0x5A, 0xD6, 0xB4, 0xA5, 0x6B, 0x5A, 0x52, 0x31, 0x8C, 0x21, 0x08, 0x43, 0x33, 0x84, 0x21, 0x07, 0x39, 0xAE, 0x73, 0x9C,
  0xD6, 0x31, 0x8C, 0x63, 0x16, 0xB5, 0xAD, 0x6B, 0x5A, 0x94, 0xA5, 0x2D, 0x4A, 0x52, 0x94, 0xA5, 0x29, 0x29, 0x4A, 0x52, 0x94, 0xA1, 0x08, 0x42,
  0x10, 0x83, 0x9C, 0xE7, 0x39, 0xCE, 0x73, 0x9C, 0xE7, 0x39, 0xCE, 0x73, 0x9D, 0xB1, 0x61, 0xCE, 0x73, 0x18, 0xC6, 0x31, 0x8C, 0x63, 0x18, 0xC5,
  0x29, 0x4A, 0x63, 0x14, 0xA5, 0x29, 0x4A, 0x52, 0x94, 0xA4, 0x21, 0x08, 0x42, 0x10, 0x84, 0x21, 0x08, 0x52, 0x94, 0xA5, 0x21, 0x08, 0x42, 0x10,
  0x84, 0x21, 0x08, 0x42, 0x10, 0x84, 0x21, 0x08, 0x42, 0x10, 0x84, 0x21, 0x09, 0x42, 0x10, 0x93, 0x9D, 0x67, 0x09, 0xC0, 0x85, 0x29, 0x48, 0x49,
  0xD0, 0x84, 0x9A, 0x0A, 0x52, 0x94, 0xA5, 0x2C, 0x29, 0x4D, 0x29, 0x71, 0x39, 0x4D, 0x15, 0x18, 0xC6, 0x31, 0x8C, 0x6D, 0x18, 0xC6, 0x31, 0xCE,
  0x63, 0x1C, 0xE7, 0x39, 0xCE, 0x73, 0x9C, 0xE7, 0x55, 0x55, 0x39, 0xCE, 0xF5, 0x42, 0x10, 0x84, 0xA5, 0x34, 0xEA, 0x52, 0xA5, 0x29, 0x4A, 0x52,
  0x94, 0xA5, 0x29, 0x4B, 0x5A, 0xD6, 0xB5, 0xAD, 0x6C, 0x63, 0x18, 0xC6, 0x35, 0xAD, 0x73, 0x5A, 0xE7, 0x39, 0xCE, 0x84, 0x21, 0x08, 0x42, 0x10,
  0x84, 0x21, 0x4A, 0x52, 0x94, 0xA5, 0x2B, 0x5A, 0xD6, 0xD6, 0xC5, 0xAD, 0xDF, 0x77, 0xBD, 0xE6, 0x33, 0x9E, 0x67, 0x3B, 0xDE, 0xF7, 0xBE, 0x73,
  0x9C, 0xE7, 0x3B, 0xDF, 0xFF, 0xFF, 0xFF, 0xFF, 0xFF, 0xFF, 0xFF, 0xFF, 0xFF, 0xFF, 0xFF, 0xFF, 0xFF, 0xFF, 0xFF, 0xFF, 0xFF, 0xFF, 0xFF, 0xFF,
  0xFF, 0xFF, 0xFF, 0xFF, 0xFF, 0xFF, 0xFF, 0xFF, 0xFF, 0xFF, 0xFF, 0xFF, 0xFF, 0xFF, 0xFF, 0xFF, 0xFF, 0xFF, 0xFF, 0xFF, 0xFF, 0xFF, 0xFF, 0xFF,
  0xFF, 0xFF, 0xFF, 0xFF, 0xFF, 0xFF, 0xFF, 0xFF, 0xFF, 0xFF, 0xFF, 0xFF, 0xFF, 0xFF, 0xFF, 0xFF, 0xFF, 0xFF, 0xFF, 0xFF, 0xFE, 0xF7, 0xBC, 0xE7,
  0x39, 0xCE, 0x6F, 0x7B, 0xDE, 0x73, 0x9C, 0xE7, 0x18, 0xC6, 0x31, 0x8C, 0x5A, 0xD6, 0xB5, 0xAD, 0x5A, 0xD6, 0xB4, 0xA5, 0x2B, 0x4A, 0x46, 0x31,
  0x84, 0x21, 0x08, 0x42, 0x1D, 0x84, 0x21, 0x07, 0x39, 0xAE, 0x73, 0x9A, 0xD6, 0x31, 0x8C, 0x63, 0x16, 0xB6, 0x31, 0x6B, 0x52, 0x94, 0xA5, 0xA9,
  0x4A, 0x52, 0x94, 0xA5, 0x25, 0x29, 0x4A, 0x52, 0x94, 0x21, 0x08, 0x42, 0x10, 0x73, 0x9C, 0xE7, 0x39, 0xCE, 0x73, 0x9C, 0xE7, 0x39, 0xCE, 0x73,
  0xCA, 0x2C, 0x39, 0xCC, 0x63, 0x18, 0xC6, 0x31, 0x8C, 0x63, 0x14, 0xA5, 0x29, 0x4A, 0x62, 0x94, 0xA5, 0x29, 0x4A, 0x52, 0x10, 0x84, 0x21, 0x08,
  0x42, 0x10, 0x84, 0x21, 0x0A, 0x42, 0x10, 0x84, 0x21, 0x08, 0x42, 0x10, 0x84, 0x21, 0x08, 0x42, 0x10, 0x84, 0x21, 0x08, 0x42, 0x10, 0x84, 0x21,
  0x08, 0x59, 0x91, 0xD3, 0xAC, 0xE0, 0x42, 0x10, 0xA4, 0x29, 0x48, 0x6D, 0x10, 0x84, 0x86, 0x88, 0x42, 0x14, 0xB0, 0xBD, 0x1C, 0xA2, 0x95, 0x71,
  0x49, 0x4A, 0xB8, 0xAC, 0xC6, 0x31, 0x8C, 0x6E, 0x98, 0xC6, 0x31, 0x8C, 0x63, 0x18, 0xC7, 0x39, 0xCE, 0x73, 0x9C, 0xE7, 0x39, 0xE7, 0x33, 0x9D,
  0x08, 0xA2, 0x90, 0x84, 0x25, 0x3D, 0xA4, 0xD2, 0x95, 0x29, 0x4A, 0x52, 0x94, 0xA5, 0x29, 0x4B, 0x5A, 0xD6, 0xB5, 0xAD, 0x6C, 0x63, 0x18, 0xC6,
  0x31, 0xAD, 0x6B, 0x5A, 0xE7, 0x39, 0xCE, 0x74, 0x21, 0x08, 0x42, 0x10, 0x84, 0x21, 0x0A, 0x52, 0x94, 0xA5, 0x2B, 0x5A, 0xD6, 0xD6, 0xB5, 0xAD,
  0x8E, 0xF7, 0xB8, 0xC6, 0x31, 0x9C, 0xE7, 0x39, 0xDE, 0xF7, 0xBE, 0x73, 0x9D, 0xE7, 0x3B, 0xDE, 0xFF, 0xFF, 0xFF, 0xFF, 0xFF, 0xFF, 0xFF, 0xFF,
  0xFF, 0xFF, 0xFF, 0xFF, 0xFF, 0xFF, 0xFF, 0xFF, 0xFF, 0xFF, 0xFF, 0xFF, 0xFF, 0xFF, 0xFF, 0xFF, 0xFF, 0xFF, 0xFF, 0xFF, 0xFF, 0xFF, 0xFF, 0xFF,
  0xFF, 0xFF, 0xFF, 0xFF, 0xFF, 0xFF, 0xFF, 0xFF, 0xFF, 0xFF, 0xFF, 0xFF, 0xFF, 0xFF, 0xFF, 0xFF, 0xFF, 0xFF, 0xFF, 0xFF, 0xFF, 0xFF, 0xFF, 0xFF,
  0xFF, 0xFF, 0xFF, 0xFF, 0xFF, 0xFF, 0xFF, 0xFF, 0xFE, 0xF7, 0x9C, 0xE7, 0x39, 0xCD, 0xEF, 0x7B, 0xCE, 0x73, 0x9C, 0xE7, 0x18, 0xC6, 0x31, 0x6B,
  0x62, 0xD6, 0xB5, 0xAB, 0x5A, 0xD6, 0x94, 0xA5, 0x69, 0x4A, 0x46, 0x30, 0x84, 0x21, 0x08, 0x42, 0x0E, 0xEB, 0xA1, 0x18, 0xC1, 0xAE, 0x73, 0x5A,
  0xC6, 0x31, 0x8C, 0x62, 0xD8, 0xB6, 0x31, 0x6B, 0x52, 0x94, 0xA5, 0x29, 0x4A, 0x52, 0x94, 0xA4, 0xA5, 0x29, 0x4A, 0x50, 0x84, 0x21, 0x08, 0x41,
  0xCE, 0x73, 0x9C, 0xE7, 0x39, 0xCE, 0x73, 0x9C, 0xE7, 0x39, 0xCE, 0x79, 0x45, 0x47, 0x31, 0x8C, 0x63, 0x18, 0xC6, 0x31, 0x8C, 0x52, 0x94, 0xA5,
  0x29, 0x4A, 0x52, 0x94, 0xA5, 0x29, 0x08, 0x42, 0x10, 0x84, 0x21, 0x08, 0x42, 0x10, 0x84, 0x21, 0x08, 0x42, 0x10, 0x84, 0x21, 0x08, 0x42, 0x10,
  0x84, 0x21, 0x08, 0x42, 0x10, 0x84, 0x21, 0x08, 0x42, 0x10, 0x84, 0x21, 0x08, 0x48, 0x4E, 0x74, 0x9C, 0x08, 0x42, 0x10, 0x86, 0x9D, 0x35, 0x43,
  0x90, 0x84, 0x3E, 0xA8, 0x42, 0x4F, 0x54, 0x31, 0x4A, 0x52, 0xAA, 0x05, 0x29, 0x4A, 0x53, 0x1C, 0xC6, 0x31, 0x8C, 0x6E, 0x98, 0xC6, 0x31, 0x8C,
  0x63, 0x18, 0xC6, 0x39, 0xCE, 0x73, 0x9C, 0xE7, 0x39, 0xCE, 0x73, 0x9C, 0xE7, 0x45, 0x12, 0x84, 0x21, 0x17, 0x4D, 0x14, 0x94, 0xA9, 0x4A, 0x52,
  0x94, 0xA5, 0x29, 0x4B, 0x5A, 0x96, 0xB5, 0xAD, 0x6B, 0x63, 0x18, 0xC6, 0x31, 0xAD, 0x73, 0x5A, 0xD7, 0x39, 0xCE, 0x73, 0xA1, 0x08, 0x42, 0x10,
  0x84, 0x21, 0x0A, 0x52, 0x94, 0xA5, 0x29, 0x5A, 0xD6, 0xB6, 0xB5, 0xAD, 0x6B, 0x5B, 0x18, 0xC6, 0x31, 0x9C, 0xE7, 0x39, 0xCE, 0xF7, 0xBD, 0xF3,
  0x9C, 0xE7, 0x39, 0xDE, 0xFF, 0xFF, 0xFF, 0xFF, 0xFF, 0xFF, 0xFF, 0xFF, 0xFF, 0xFF, 0xFF, 0xFF, 0xFF, 0xFF, 0xFF, 0xFF, 0xFF, 0xFF, 0xFF, 0xFF,
  0xFF, 0xFF, 0xFF, 0xFF, 0xFF, 0xFF, 0xFF, 0xFF, 0xFF, 0xFF, 0xFF, 0xFF, 0xFF, 0xFF, 0xFF, 0xFF, 0xFF, 0xFF, 0xFF, 0xFF, 0xFF, 0xFF, 0xFF, 0xFF,
  0xFF, 0xFF, 0xFF, 0xFF, 0xFF, 0xFF, 0xFF, 0xFF, 0xFF, 0xFF, 0xFF, 0xFF, 0xFF, 0xFF, 0xFF, 0xFF, 0xFF, 0xFF, 0xFF, 0xFF, 0xDE, 0xF3, 0x9C, 0xE7,
  0x39, 0xBD, 0xF3, 0x7B, 0xCE, 0x73, 0x9C, 0xE3, 0x18, 0xC6, 0x2D, 0x8C, 0x63, 0x16, 0xB5, 0x6B, 0x5A, 0xD2, 0x94, 0xAD, 0x69, 0x48, 0x42, 0x10,
  0x84, 0x21, 0x08, 0x41, 0xCE, 0xAB, 0xA1, 0x39, 0xCE, 0x73, 0x9C, 0x1A, 0xC6, 0x31, 0x8C, 0x5A, 0xD6, 0xC6, 0x2D, 0x6B, 0x5A, 0xD4, 0xA5, 0x29,
  0x4A, 0x52, 0x94, 0x94, 0xA5, 0x29, 0x4A, 0x10, 0x84, 0x21, 0x08, 0x39, 0xCE, 0x73, 0x9C, 0xE7, 0x39, 0xCE, 0x73, 0x9C, 0xE6, 0x31, 0xCF, 0x18,
  0xA8, 0xC6, 0x31, 0x8C, 0x63, 0x18, 0xC6, 0x31, 0x4A, 0x52, 0x94, 0xA5, 0x29, 0x4A, 0x52, 0x94, 0xA4, 0x21, 0x08, 0x42, 0x10, 0x84, 0x21, 0x08,
  0x42, 0x10, 0x84, 0x21, 0x08, 0x42, 0x10, 0x84, 0x21, 0x08, 0x42, 0x10, 0x84, 0x21, 0x08, 0x42, 0x10, 0x84, 0x21, 0x08, 0x42, 0x10, 0x84, 0x21,
  0x08, 0x48, 0x77, 0xB5, 0x99, 0x88, 0x42, 0x12, 0x1A, 0x99, 0x08, 0x42, 0x10, 0x84, 0xA1, 0x27, 0xAD, 0x50, 0x84, 0x21, 0x0A, 0x53, 0xA8, 0xC5,
  0x29, 0x4A, 0x52, 0x9C, 0xC5, 0x31, 0x8C, 0x6E, 0x98, 0xC6, 0x31, 0x8C, 0x63, 0x18, 0xC6, 0x31, 0x8E, 0x73, 0x9C, 0xE7, 0x39, 0xCE, 0x83, 0x9C,
  0xE7, 0x3A, 0x2E, 0x84, 0x22, 0x74, 0x4D, 0x28, 0x94, 0xA5, 0x4A, 0x52, 0x94, 0xA5, 0x29, 0x4B, 0x5A, 0x94, 0xB5, 0xAD, 0x6B, 0x5B, 0x18, 0xC6,
  0x31, 0x8D, 0x6B, 0x9A, 0xD6, 0xB9, 0xCE, 0x73, 0x9D, 0x08, 0x42, 0x10, 0x84, 0x21, 0x08, 0x52, 0x94, 0xA5, 0x29, 0x4A, 0xD6, 0xB5, 0xB5, 0xAD,
  0x6B, 0x5A, 0xD8, 0xC6, 0x31, 0x8C, 0xE7, 0x39, 0xCE, 0xF7, 0xBD, 0xEF, 0x9C, 0xE7, 0x39, 0xCE, 0xF7, 0xFF, 0xFF, 0xFF, 0xFF, 0xFF, 0xFF, 0xFF,
  0xFF, 0xFF, 0xFF, 0xFF, 0xFF, 0xFF, 0xFF, 0xFF, 0xFF, 0xFF, 0xFF, 0xFF, 0xFF, 0xFF, 0xFF, 0xFF, 0xFF, 0xFF, 0xFF, 0xFF, 0xFF, 0xFF, 0xFF, 0xFF,
  0xFF, 0xFF, 0xFF, 0xFF, 0xFF, 0xFF, 0xFF, 0xFF, 0xFF, 0xFF, 0xFF, 0xFF, 0xFF, 0xFF, 0xFF, 0xFF, 0xFF, 0xFF, 0xFF, 0xFF, 0xFF, 0xFF, 0xFF, 0xFF,
  0xFF, 0xFF, 0xFF, 0xFF, 0xFF, 0xFF, 0xFF, 0xFF, 0xDE, 0xF3, 0x9C, 0xE7, 0x39, 0xBD, 0xEF, 0x79, 0xCE, 0x73, 0x9C, 0xE3, 0x18, 0xC6, 0x2D, 0x6C,
  0x62, 0xD6, 0xB5, 0x6B, 0x5A, 0xD2, 0x94, 0xA5, 0x29, 0x18, 0xC2, 0x10, 0x84, 0x21, 0x08, 0x39, 0xCE, 0xA4, 0xE7, 0x39, 0xCE, 0x73, 0x9C, 0xE7,
  0x36, 0xB1, 0x8B, 0x5A, 0xD8, 0xC5, 0xAD, 0x6B, 0x5A, 0xD4, 0xA5, 0x29, 0x4A, 0x52, 0x52, 0x94, 0xA5, 0x29, 0x42, 0x10, 0x84, 0x21, 0x07, 0x39,
  0xCE, 0x73, 0x9C, 0xE7, 0x39, 0xCE, 0x73, 0x9C, 0xE6, 0x3A, 0x23, 0x15, 0x18, 0xC6, 0x31, 0x8C, 0x63, 0x18, 0xC5, 0x29, 0x4A, 0x52, 0x94, 0xA5,
  0x29, 0x4A, 0x52, 0x10, 0x84, 0x21, 0x08, 0x42, 0x10, 0x84, 0x21, 0x08, 0x42, 0x10, 0x84, 0x21, 0x08, 0x42, 0x10, 0x84, 0x21, 0x08, 0x42, 0x10,
  0x84, 0x21, 0x08, 0x42, 0x10, 0x84, 0x21, 0x08, 0x42, 0x10, 0x84, 0x21, 0x13, 0x3A, 0x57, 0xB3, 0x39, 0x08, 0x42, 0x4F, 0x4B, 0x21, 0x08, 0x42,
  0x10, 0x93, 0x21, 0x08, 0x42, 0x10, 0x84, 0x21, 0x0E, 0xA8, 0x18, 0xA5, 0x29, 0x8A, 0x52, 0x94, 0xC6, 0x29, 0x4C, 0x6A, 0x18, 0xC6, 0x31, 0x8C,
  0x63, 0x18, 0xC6, 0x31, 0x8C, 0x73, 0x9C, 0xE7, 0x39, 0xCE, 0x73, 0x9C, 0xE7, 0x39, 0xD1, 0x49, 0xA2, 0xED, 0x44, 0xA8, 0x94, 0xA5, 0x29, 0x52,
  0x94, 0xA5, 0x29, 0x4B, 0x5A, 0x94, 0xA5, 0xAD, 0x6B, 0x5A, 0xD8, 0xC6, 0x31, 0x8D, 0x6B, 0x5A, 0xD6, 0xB5, 0xCE, 0x73, 0x9C, 0xE8, 0x42, 0x10,
  0x84, 0x21, 0x08, 0x42, 0x94, 0xA5, 0x29, 0x4A, 0xD6, 0xB5, 0xB5, 0xAD, 0x6B, 0x5B, 0x18, 0xE6, 0x31, 0x8C, 0xE7, 0x39, 0xCE, 0x77, 0xBD, 0xEF,
  0x9C, 0xE7, 0x39, 0xCE, 0xF7, 0xFF, 0xFF, 0xFF, 0xFF, 0xFF, 0xFF, 0xFF, 0xFF, 0xFF, 0xFF, 0xFF, 0xFF, 0xFF, 0xFF, 0xFF, 0xFF, 0xFF, 0xFF, 0xFF,
  0xFF, 0xFF, 0xFF, 0xFF, 0xFF, 0xFF, 0xFF, 0xFF, 0xFF, 0xFF, 0xFF, 0xFF, 0xFF, 0xFF, 0xFF, 0xFF, 0xFF, 0xFF, 0xFF, 0xFF, 0xFF, 0xFF, 0xFF, 0xFF,
  0xFF, 0xFF, 0xFF, 0xFF, 0xFF, 0xFF, 0xFF, 0xFF, 0xFF, 0xFF, 0xFF, 0xFF, 0xFF, 0xFF, 0xFF, 0xFF, 0xFF, 0xFF, 0xFF, 0xFB, 0xDE, 0x73, 0x9C, 0xE7,
  0x37, 0xCE, 0x73, 0x79, 0xCE, 0x73, 0x9C, 0x63, 0x18, 0xC5, 0xAD, 0x6B, 0x5A, 0xD6, 0xAD, 0x6B, 0x5A, 0x52, 0x94, 0xA5, 0x23, 0x08, 0x42, 0x10,
  0x84, 0x21, 0x08, 0x39, 0xCE, 0x9F, 0x63, 0x36, 0xB5, 0xAD, 0x84, 0xE7, 0x36, 0x31, 0x6B, 0x5A, 0xD8, 0xB5, 0xAD, 0x6B, 0x52, 0x94, 0xA5, 0x29,
  0x4A, 0x4A, 0x52, 0x94, 0xA5, 0x28, 0x42, 0x10, 0x84, 0x20, 0xE7, 0x39, 0xCE, 0x73, 0x9C, 0xE7, 0x39, 0xCE, 0x73, 0x98, 0xE7, 0x44, 0x62, 0x83,
  0x18, 0xC6, 0x31, 0x8C, 0x63, 0x14, 0xA5, 0x29, 0x4A, 0x52, 0x94, 0xA5, 0x29, 0x48, 0x42, 0x10, 0x84, 0x21, 0x08, 0x42, 0x10, 0x84, 0x21, 0x08,
  0x42, 0x10, 0x84, 0x21, 0x08, 0x42, 0x10, 0x84, 0x21, 0x08, 0x42, 0x10, 0x84, 0x21, 0x08, 0x42, 0x10, 0x84, 0x21, 0x08, 0x42, 0x10, 0x84, 0x3C,
  0xE7, 0x5A, 0xCE, 0x14, 0x49, 0x09, 0x0A, 0x40, 0xC4, 0x21, 0x08, 0x42, 0x12, 0x64, 0x21, 0x08, 0x42, 0x10, 0x85, 0x52, 0x9C, 0xA7, 0x10, 0x85,
  0x29, 0x4A, 0x52, 0x94, 0xA6, 0x29, 0x4A, 0x5D, 0x18, 0xC6, 0x31, 0x8C, 0x63, 0x18, 0xC6, 0x31, 0x8C, 0x63, 0x1C, 0xE7, 0x39, 0xCE, 0x73, 0x9C,
  0xE7, 0x39, 0xCE, 0x85, 0x57, 0xA8, 0x42, 0x28, 0x94, 0xA5, 0x29, 0x4A, 0x94, 0xA5, 0x29, 0x4A, 0x5A, 0xD4, 0xA5, 0x2D, 0x6B, 0x5A, 0xD6, 0xC6,
  0x31, 0xAD, 0x63, 0x5A, 0xD6, 0xB5, 0xAE, 0x73, 0x9C, 0xE8, 0x42, 0x10, 0x84, 0x21, 0x08, 0x42, 0x14, 0xA5, 0x29, 0x4A, 0x56, 0xB5, 0xAD, 0xAD,
  0x6B, 0x5A, 0xD6, 0xC6, 0x33, 0x8C, 0x67, 0x39, 0xCE, 0x77, 0xBD, 0xEF, 0x7C, 0xE7, 0x39, 0xDE, 0x77, 0xBF, 0xFF, 0xFF, 0xFF, 0xFF, 0xFF, 0xFF,
  0xFF, 0xFF, 0xFF, 0xFF, 0xFF, 0xFF, 0xFF, 0xFF, 0xFF, 0xFF, 0xFF, 0xFF, 0xFF, 0xFF, 0xFF, 0xFF, 0xFF, 0xFF, 0xFF, 0xFF, 0xFF, 0xFF, 0xFF, 0xFF,
  0xFF, 0xFF, 0xFF, 0xFF, 0xFF, 0xFF, 0xFF, 0xFF, 0xFF, 0xFF, 0xFF, 0xFF, 0xFF, 0xFF, 0xFF, 0xFF, 0xFF, 0xFF, 0xFF, 0xFF, 0xFF, 0xFF, 0xFF, 0xFF,
  0xFF, 0xFF, 0xFF, 0xFF, 0xFF, 0xFF, 0xFF, 0xFB, 0xDE, 0x77, 0x9C, 0xE7, 0x37, 0xBD, 0xEF, 0x39, 0xCE, 0x73, 0x8C, 0x63, 0x18, 0xC5, 0xAD, 0x8C,
  0x5A, 0xD5, 0xAD, 0x6B, 0x4A, 0x52, 0x94, 0xA5, 0x21, 0x08, 0x42, 0x10, 0x84, 0x21, 0x07, 0x39, 0xCE, 0xA7, 0x66, 0xD6, 0xB5, 0xAD, 0x6C, 0xE6,
  0xC6, 0x2D, 0x6B, 0x5A, 0xD6, 0xB5, 0xAD, 0x6B, 0x52, 0x94, 0xA5, 0x29, 0x49, 0x4A, 0x52, 0x94, 0xA5, 0x08, 0x42, 0x10, 0x84, 0x1C, 0xE7, 0x39,
  0xCE, 0x73, 0x9C, 0xE7, 0x39, 0xCE, 0x73, 0x9C, 0xEA, 0x8C, 0x50, 0x63, 0x18, 0xC6, 0x31, 0x8C, 0x52, 0x94, 0xA5, 0x29, 0x4A, 0x52, 0x94, 0xA4,
  0x21, 0x08, 0x42, 0x10, 0x84, 0x21, 0x08, 0x42, 0x10, 0x84, 0x21, 0x08, 0x42, 0x10, 0x84, 0x21, 0x08, 0x42, 0x10, 0x84, 0x21, 0x08, 0x42, 0x10,
  0x63, 0x18, 0xC6, 0x31, 0x8C, 0x63, 0x18, 0xC6, 0x33, 0x2D, 0x8E, 0x9D, 0x29, 0x39, 0xA4, 0x86, 0x9C, 0xE6, 0xD2, 0x10, 0x84, 0x21, 0x08, 0x42,
  0x4C, 0xC4, 0x21, 0x08, 0x42, 0x11, 0x50, 0x71, 0x48, 0x42, 0x90, 0xA5, 0x29, 0x0A, 0x52, 0x94, 0xAA, 0x59, 0x4A, 0x9A, 0x14, 0xC6, 0x31, 0x8C,
  0x63, 0x18, 0xC6, 0x31, 0x8C, 0x63, 0x18, 0xE7, 0x39, 0xCE, 0x73, 0x9C, 0xE7, 0x39, 0xCE, 0x74, 0x22, 0xE8, 0x42, 0x28, 0x94, 0xA5, 0x29, 0x4A,
  0x54, 0xA5, 0x29, 0x4A, 0x52, 0x94, 0xA5, 0x29, 0x6B, 0x5A, 0xD6, 0xB6, 0x35, 0x8C, 0x63, 0x1A, 0xD6, 0xB5, 0xAD, 0x73, 0x9C, 0xE7, 0x42, 0x10,
  0x84, 0x21, 0x08, 0x42, 0x14, 0xA5, 0x29, 0x4A, 0x52, 0xB5, 0xAD, 0x6D, 0x6B, 0x5A, 0xD6, 0xC6, 0x33, 0x8C, 0x67, 0x39, 0xCE, 0x73, 0xBD, 0xEF,
  0x7C, 0xE7, 0x3B, 0xDE, 0x77, 0xBF, 0xFF, 0xFF, 0xFF, 0xFF, 0xFF, 0xFF, 0xFF, 0xFF, 0xFF, 0xFF, 0xFF, 0xFF, 0xFF, 0xFF, 0xFF, 0xFF, 0xFF, 0xFF,
  0xFF, 0xFF, 0xFF, 0xFF, 0xFF, 0xFF, 0xFF, 0xFF, 0xFF, 0xFF, 0xFF, 0xFF, 0xFF, 0xFF, 0xFF, 0xFF, 0xFF, 0xFF, 0xFF, 0xFF, 0xFF, 0xFF, 0xFF, 0xFF,
  0xFF, 0xFF, 0xFF, 0xFF, 0xFF, 0xFF, 0xFF, 0xFF, 0xFF, 0xFF, 0xFF, 0xFF, 0xFF, 0xFF, 0xFF, 0xFF, 0xFF, 0xFF, 0xFF, 0x7B, 0xCE, 0x77, 0xBC, 0xE6,
  0xF7, 0xCE, 0x67, 0x39, 0xCE, 0x73, 0x8C, 0x63, 0x18, 0xB5, 0xB1, 0x8B, 0x5A, 0xD5, 0xAD, 0x6B, 0x4A, 0x52, 0x94, 0xA4, 0x21, 0x08, 0x42, 0x10,
  0x84, 0x20, 0xE7, 0x39, 0xCE, 0xA7, 0x66, 0xD6, 0xB5, 0x8C, 0x6C, 0xE6, 0xC5, 0xAD, 0x6B, 0x5A, 0xD4, 0xB5, 0xAD, 0x6A, 0x52, 0x94, 0xA5, 0x29,
  0x49, 0x4A, 0x52, 0x94, 0xA1, 0x08, 0x42, 0x10, 0x73, 0x9C, 0xE7, 0x39, 0xCE, 0x73, 0x9C, 0xE7, 0x39, 0xCE, 0x73, 0x9D, 0x91, 0x92, 0x0C, 0x63,
  0x18, 0xC6, 0x31, 0x8A, 0x52, 0x94, 0xA5, 0x29, 0x4A, 0x52, 0x90, 0x84, 0x21, 0x08, 0x43, 0x10, 0x84, 0x21, 0x08, 0x42, 0x10, 0x84, 0x21, 0x08,
  0x42, 0x10, 0x84, 0x21, 0x08, 0x42, 0x10, 0x83, 0x18, 0xC6, 0x31, 0x8C, 0x63, 0x18, 0xC6, 0x31, 0x8C, 0x63, 0x18, 0xC8, 0xC9, 0xD2, 0x9A, 0xA4,
  0xE0, 0xC4, 0x0C, 0x63, 0x18, 0xC8, 0x42, 0x10, 0x84, 0x21, 0x08, 0x99, 0x9C, 0x84, 0x21, 0x08, 0x66, 0xC1, 0x44, 0x21, 0x08, 0x42, 0x14, 0xA5,
  0x21, 0x08, 0x42, 0x94, 0xA6, 0x81, 0x8A, 0xEA, 0x14, 0xA6, 0x31, 0x8C, 0x63, 0x18, 0xC6, 0x31, 0x8C, 0x63, 0x18, 0xC7, 0x39, 0xCE, 0x73, 0x9C,
  0xE7, 0x39, 0xCE, 0x73, 0xCE, 0x68, 0x43, 0x68, 0x84, 0xA5, 0x29, 0x4A, 0x52, 0xA5, 0x29, 0x4A, 0x52, 0x94, 0xA5, 0x29, 0x4B, 0x5A, 0xD6, 0xB5,
  0xB1, 0xAD, 0x63, 0x18, 0xD6, 0xB5, 0xAD, 0x73, 0x9C, 0xE7, 0x3A, 0x10, 0x84, 0x21, 0x08, 0x42, 0x10, 0xA5, 0x29, 0x4A, 0x52, 0xB5, 0xAD, 0x6D,
  0x6B, 0x5A, 0xD6, 0xB6, 0x33, 0x8C, 0xE7, 0x39, 0xCE, 0x73, 0x9D, 0xEF, 0x7B, 0xE7, 0x3B, 0xCE, 0x73, 0xBD, 0xFF, 0xFF, 0xFF, 0xFF, 0xFF, 0xFF,
  0xFF, 0xFF, 0xFF, 0xFF, 0xFF, 0xFF, 0xFF, 0xFF, 0xFF, 0xFF, 0xFF, 0xFF, 0xFF, 0xFF, 0xFF, 0xFF, 0xFF, 0xFF, 0xFF, 0xFF, 0xFF, 0xFF, 0xFF, 0xFF,
  0xFF, 0xFF, 0xFF, 0xFF, 0xFF, 0xFF, 0xFF, 0xFF, 0xFF, 0xFF, 0xFF, 0xFF, 0xFF, 0xFF, 0xFF, 0xFF, 0xFF, 0xFF, 0xFF, 0xFF, 0xFF, 0xFF, 0xFF, 0xFF,
  0xFF, 0xFF, 0xFF, 0xFF, 0xFF, 0xFF, 0xEF, 0x7B, 0xCE, 0x73, 0x9C, 0xE6, 0xF7, 0xCE, 0x73, 0x39, 0xCE, 0x71, 0x8C, 0x63, 0x16, 0xB5, 0xAD, 0x6B,
  0x5A, 0xB5, 0xAD, 0x69, 0x4A, 0x52, 0x94, 0x84, 0x21, 0x08, 0x42, 0x10, 0x84, 0x1C, 0xE7, 0x39, 0xCE, 0xA5, 0x1A, 0xD6, 0xB5, 0x8C, 0x63, 0x26,
  0xB5, 0xAD, 0x6B, 0x5A, 0x94, 0xB5, 0xAD, 0x4A, 0x52, 0x94, 0xA5, 0x25, 0x4A, 0x4A, 0x52, 0x94, 0x21, 0x08, 0x42, 0x0E, 0x73, 0x9C, 0xE7, 0x39,
  0xCE, 0x73, 0x9C, 0xE7, 0x39, 0xCE, 0x74, 0x46, 0x2C, 0x31, 0x8C, 0x63, 0x18, 0xC6, 0x29, 0x4A, 0x52, 0x94, 0xA5, 0x29, 0x4A, 0x42, 0x10, 0x84,
  0x21, 0x08, 0x42, 0x10, 0x84, 0x21, 0x08, 0x42, 0x10, 0x84, 0x21, 0x08, 0x42, 0x10, 0x84, 0x21, 0x06, 0x31, 0x8C, 0x63, 0x18, 0xC6, 0x31, 0x8C,
  0x63, 0x18, 0xC6, 0x31, 0x8C, 0x63, 0x1A, 0x5D, 0x3A, 0x52, 0x73, 0x81, 0xC8, 0x31, 0x8C, 0x63, 0x18, 0xC6, 0x31, 0x8C, 0x64, 0x24, 0x27, 0x32,
  0x10, 0x84, 0x21, 0x13, 0x04, 0x90, 0x84, 0x21, 0x08, 0x42, 0x94, 0xA4, 0x21, 0x08, 0x42, 0x10, 0xA5, 0x51, 0x4B, 0x0A, 0x14, 0xA5, 0x29, 0x8C,
  0x63, 0x18, 0xC6, 0x31, 0xA9, 0xD9, 0x98, 0xC6, 0x31, 0xCE, 0x73, 0x9C, 0xE7, 0x39, 0xCE, 0x73, 0xD6, 0x28, 0x44, 0xE8, 0x84, 0x25, 0x29, 0x4A,
  0x52, 0x95, 0x29, 0x4A, 0x52, 0x94, 0xA5, 0x29, 0x4A, 0x5A, 0xD6, 0xB6, 0x31, 0x8D, 0x63, 0x18, 0xD6, 0xB5, 0xAD, 0x6B, 0x9C, 0xE7, 0x39, 0xD0,
  0x84, 0x21, 0x08, 0x42, 0x10, 0x85, 0x29, 0x4A, 0x52, 0x95, 0xAD, 0x6B, 0x6B, 0x5A, 0xD6, 0xB6, 0x31, 0x9C, 0xE3, 0x19, 0xCE, 0x73, 0x9D, 0xEF,
  0x7B, 0xDF, 0x39, 0xCE, 0x73, 0xBD, 0xEF, 0xFF, 0xFF, 0xFF, 0xFF, 0xFF, 0xFF, 0xFF, 0xFF, 0xFF, 0xFF, 0xFF, 0xFF, 0xFF, 0xFF, 0xFF, 0xFF, 0xFF,
  0xFF, 0xFF, 0xFF, 0xFF, 0xFF, 0xFF, 0xFF, 0xFF, 0xFF, 0xFF, 0xFF, 0xFF, 0xFF, 0xFF, 0xFF, 0xFF, 0xFF, 0xFF, 0xFF, 0xFF, 0xFF, 0xFF, 0xFF, 0xFF,
  0xFF, 0xFF, 0xFF, 0xFF, 0xFF, 0xFF, 0xFF, 0xFF, 0xFF, 0xFF, 0xFF, 0xFF, 0xFF, 0xFF, 0xFF, 0xFF, 0xFF, 0xFF, 0xEF, 0x79, 0xCE, 0x73, 0x9C, 0xDE,
  0xF7, 0xCE, 0x73, 0x39, 0xCE, 0x31, 0x8C, 0x63, 0x16, 0xB5, 0xAD, 0x6B, 0x56, 0xB5, 0xAD, 0x29, 0x4A, 0x52, 0x94, 0x84, 0x21, 0x08, 0x42, 0x10,
  0x84, 0x1C, 0xE7, 0x39, 0xCD, 0xA5, 0x1A, 0xE6, 0xB1, 0x8C, 0x63, 0x26, 0xB5, 0xAD, 0x6B, 0x52, 0x94, 0xA5, 0x29, 0x4A, 0x52, 0x94, 0xA4, 0xA9,
  0x4A, 0x4A, 0x92, 0x84, 0x21, 0x08, 0x41, 0xCE, 0x73, 0x9C, 0xE7, 0x39, 0xCE, 0x74, 0x9C, 0xE7, 0x39, 0xCE, 0x88, 0xC5, 0x06, 0x31, 0x8C, 0x63,
  0x18, 0xA5, 0x29, 0x4A, 0x52, 0x94, 0xA5, 0x29, 0x4A, 0x42, 0x10, 0x84, 0x21, 0x08, 0x42, 0x10, 0x84, 0x21, 0x08, 0x42, 0x10, 0x84, 0x21, 0x08,
  0x42, 0x0C, 0x63, 0x18, 0xC6, 0x31, 0x8C, 0x63, 0x18, 0xC6, 0x31, 0x8C, 0x63, 0x18, 0xC6, 0x31, 0x8C, 0x65, 0x64, 0xE9, 0x49, 0xB9, 0x67, 0x18,
  0xC6, 0x31, 0x90, 0x63, 0x18, 0xC6, 0x31, 0x8D, 0xD3, 0x9B, 0x88, 0x32, 0x10, 0x84, 0x33, 0x52, 0x42, 0x10, 0x84, 0x21, 0x08, 0x42, 0x10, 0x84,
  0x21, 0x08, 0x42, 0x10, 0x84, 0x44, 0x52, 0xAE, 0xB8, 0xE7, 0x29, 0x8A, 0x63, 0x18, 0xC6, 0x35, 0x24, 0x6A, 0x44, 0xC6, 0x31, 0x8E, 0x73, 0x9C,
  0xE7, 0x39, 0xCE, 0x73, 0xF4, 0xE7, 0x45, 0x24, 0x84, 0x21, 0x29, 0x4A, 0x52, 0x94, 0xA9, 0x4A, 0x52, 0x94, 0xA5, 0x29, 0x4A, 0x52, 0xD6, 0xB5,
  0xAD, 0x8C, 0x63, 0x18, 0xC6, 0xB5, 0xAD, 0x6B, 0x5C, 0xE7, 0x39, 0xD0, 0x84, 0x21, 0x08, 0x42, 0x10, 0x85, 0x29, 0x4A, 0x52, 0x94, 0xAD, 0x6B,
  0x5B, 0x5A, 0xD6, 0xB5, 0xB1, 0x8C, 0x63, 0x18, 0xCE, 0x73, 0x9C, 0xEF, 0x7B, 0xDF, 0x39, 0xCE, 0x73, 0x9D, 0xF7, 0xFF, 0xFF, 0xFF, 0xFF, 0xFF,
  0xFF, 0xFF, 0xFF, 0xFF, 0xFF, 0xFF, 0xFF, 0xFF, 0xFF, 0xFF, 0xFF, 0xFF, 0xFF, 0xFF, 0xFF, 0xFF, 0xFF, 0xFF, 0xFF, 0xFF, 0xFF, 0xFF, 0xFF, 0xFF,
  0xFF, 0xFF, 0xFF, 0xFF, 0xFF, 0xFF, 0xFF, 0xFF, 0xFF, 0xFF, 0xFF, 0xFF, 0xFF, 0xFF, 0xFF, 0xFF, 0xFF, 0xFF, 0xFF, 0xFF, 0xFF, 0xFF, 0xFF, 0xFF,
  0xFF, 0xFF, 0xFF, 0xFF, 0xFF, 0xFD, 0xEF, 0x39, 0xCE, 0x73, 0x9C, 0xDF, 0x39, 0xCE, 0x73, 0x39, 0xCE, 0x31, 0x8C, 0x62, 0xD6, 0xB5, 0xAD, 0x6B,
  0x56, 0xB5, 0xAD, 0x29, 0x4A, 0x52, 0x90, 0x84, 0x21, 0x08, 0x42, 0x10, 0x83, 0x9C, 0xE7, 0x39, 0xAD, 0x9F, 0x5A, 0xD6, 0x31, 0x8C, 0x64, 0x26,
  0xB5, 0xAD, 0x6B, 0x52, 0x94, 0xA5, 0x29, 0x4A, 0x52, 0x94, 0xA4, 0xA9, 0x49, 0x4A, 0x50, 0x84, 0x21, 0x08, 0x39, 0xCE, 0x73, 0x9C, 0xE7, 0x39,
  0xCE, 0xD9, 0xC8, 0xE7, 0x39, 0xD9, 0x18, 0xA0, 0xC6, 0x31, 0x8C, 0x63, 0x14, 0xA5, 0x29, 0x4A, 0x52, 0x94, 0xA5, 0x29, 0x4A, 0x52, 0x94, 0x84,
  0x21, 0x0C, 0x42, 0x10, 0x84, 0x21, 0x08, 0x42, 0x10, 0x84, 0x21, 0x06, 0x31, 0x8C, 0x63, 0x18, 0xC6, 0x31, 0x8C, 0x63, 0x18, 0xC6, 0x31, 0x8C,
  0x63, 0x18, 0xC6, 0x31, 0x8D, 0x33, 0x9D, 0x27, 0x14, 0x0C, 0x63, 0x18, 0xC6, 0x31, 0x8C, 0x63, 0x18, 0xC6, 0x31, 0xCD, 0xA4, 0x18, 0xD0, 0xB3,
  0x0C, 0x89, 0x62, 0x48, 0x42, 0x10, 0x84, 0x21, 0x08, 0x42, 0x10, 0x86, 0x21, 0x08, 0x42, 0x10, 0x84, 0x54, 0x20, 0xEE, 0xB8, 0xC7, 0x39, 0x4A,
  0x53, 0x18, 0xC6, 0x37, 0x4C, 0x63, 0x50, 0xC6, 0x31, 0x8C, 0x73, 0x9C, 0xE7, 0x39, 0xCE, 0x79, 0xD0, 0xE7, 0x44, 0xD0, 0x84, 0x21, 0x09, 0x4A,
  0x52, 0x94, 0xA9, 0x4A, 0x52, 0x94, 0xA5, 0x29, 0x4A, 0x52, 0xD6, 0xB5, 0xAD, 0x6C, 0x63, 0x18, 0xC6, 0x35, 0xAD, 0x6B, 0x5A, 0xE7, 0x39, 0xCE,
  0x84, 0x21, 0x08, 0x42, 0x10, 0x84, 0x29, 0x4A, 0x52, 0x94, 0xAD, 0x6B, 0x5B, 0x5A, 0xD6, 0xB5, 0xAD, 0x8C, 0x63, 0x18, 0xCE, 0x73, 0x9C, 0xEF,
  0x7B, 0xDE, 0xF9, 0xCE, 0x73, 0x9C, 0xF7, 0x7F, 0xFF, 0xFF, 0xFF, 0xFF, 0xFF, 0xFF, 0xFF, 0xFF, 0xFF, 0xFF, 0xFF, 0xFF, 0xFF, 0xFF, 0xFF, 0xFF,
  0xFF, 0xFF, 0xFF, 0xFF, 0xFF, 0xFF, 0xFF, 0xFF, 0xFF, 0xFF, 0xFF, 0xFF, 0xFF, 0xFF, 0xFF, 0xFF, 0xFF, 0xFF, 0xFF, 0xFF, 0xFF, 0xFF, 0xFF, 0xFF,
  0xFF, 0xFF, 0xFF, 0xFF, 0xFF, 0xFF, 0xFF, 0xFF, 0xFF, 0xFF, 0xFF, 0xFF, 0xFF, 0xFF, 0xFF, 0xFF, 0xFF, 0xFD, 0xEF, 0x39, 0xCE, 0x73, 0x9C, 0xDF,
  0x39, 0xCE, 0x73, 0x39, 0xC6, 0x31, 0x8C, 0x63, 0x16, 0xB5, 0xAD, 0x6A, 0xD6, 0xB5, 0xA5, 0x29, 0x4A, 0x52, 0x10, 0x84, 0x21, 0x08, 0x42, 0x10,
  0x73, 0x9C, 0xE7, 0x39, 0xAD, 0x9F, 0x5A, 0xC6, 0x31, 0x8C, 0x64, 0xE2, 0xB5, 0xAD, 0x6A, 0x52, 0x96, 0xA5, 0x29, 0x4A, 0x52, 0x94, 0x94, 0xA9,
  0x29, 0x4A, 0x10, 0x84, 0x21, 0x07, 0x39, 0xCE, 0x73, 0x9C, 0xE7, 0x3A, 0x65, 0x38, 0xCD, 0xA7, 0x64, 0x63, 0x24, 0x18, 0xC6, 0x31, 0x8C, 0x53,
  0x14, 0xA5, 0x29, 0x8A, 0x52, 0x94, 0xA5, 0x29, 0x4A, 0x52, 0x10, 0x84, 0x21, 0x08, 0x42, 0x10, 0x84, 0x21, 0x08, 0x42, 0x10, 0x83, 0x18, 0xC6,
  0x31, 0x8C, 0x63, 0x18, 0xC6, 0x31, 0x8C, 0x63, 0x18, 0xC6, 0x31, 0x8C, 0x63, 0x18, 0xC6, 0x32, 0xB2, 0x34, 0x9C, 0xD8, 0x41, 0x8C, 0x63, 0x19,
  0x06, 0x31, 0x8C, 0x63, 0x18, 0xC6, 0x59, 0x94, 0x63, 0x18, 0xD6, 0x75, 0xAD, 0xAD, 0x20, 0xC8, 0x42, 0x10, 0x84, 0x21, 0x08, 0x42, 0x10, 0x84,
  0x21, 0x08, 0x52, 0x10, 0x85, 0x32, 0x8A, 0x58, 0xD0, 0xB1, 0x29, 0x4A, 0x52, 0x94, 0xC6, 0xA4, 0xCC, 0x69, 0xCC, 0xC6, 0x31, 0x8C, 0x63, 0x9C,
  0xE7, 0x39, 0xCE, 0x7A, 0x44, 0xE7, 0x9C, 0xD0, 0x84, 0x21, 0x08, 0x4A, 0x52, 0x94, 0xA5, 0x4A, 0x52, 0x94, 0xA5, 0x29, 0x6A, 0x52, 0x96, 0xB5,
  0xAD, 0x6B, 0x63, 0x18, 0xC6, 0x31, 0xAD, 0x6B, 0x5A, 0xE7, 0x39, 0xCE, 0x74, 0x21, 0x08, 0x42, 0x10, 0x84, 0x21, 0x4A, 0x52, 0x95, 0xA5, 0x6B,
  0x5A, 0xDA, 0xD6, 0xB5, 0xAD, 0x8C, 0x63, 0x18, 0xC6, 0x73, 0x9C, 0xE7, 0x7B, 0xDE, 0xF9, 0xCE, 0x73, 0x9D, 0xEF, 0x7F, 0xFF, 0xFF, 0xFF, 0xFF,
  0xFF, 0xFF, 0xFF, 0xFF, 0xFF, 0xFF, 0xFF, 0xFF, 0xFF, 0xFF, 0xFF, 0xFF, 0xFF, 0xFF, 0xFF, 0xFF, 0xFF, 0xFF, 0xFF, 0xFF, 0xFF, 0xFF, 0xFF, 0xFF,
  0xFF, 0xFF, 0xFF, 0xFF, 0xFF, 0xFF, 0xFF, 0xFF, 0xFF, 0xFF, 0xFF, 0xFF, 0xFF, 0xFF, 0xFF, 0xFF, 0xFF, 0xFF, 0xFF, 0xFF, 0xFF, 0xFF, 0xFF, 0xFF,
  0xFF, 0xFF, 0xFF, 0xFF, 0xFF, 0xBD, 0xE7, 0x39, 0xCE, 0x73, 0x9C, 0xDF, 0x39, 0xCE, 0x73, 0x39, 0xC6, 0x31, 0x8C, 0x63, 0x16, 0xB5, 0xAD, 0x5A,
  0xD6, 0xB4, 0xA5, 0x29, 0x4A, 0x52, 0x10, 0x84, 0x21, 0x08, 0x42, 0x0E, 0x73, 0x9C, 0xE7, 0x35, 0xAD, 0xA5, 0x18, 0xC6, 0x31, 0x8C, 0x9C, 0xD6,
  0xB5, 0xAD, 0x4A, 0x52, 0x94, 0xA5, 0x29, 0x4A, 0x52, 0x92, 0x94, 0xA9, 0x29, 0x4A, 0x12, 0x84, 0x20, 0xE7, 0x39, 0xCE, 0x73, 0x9C, 0xE7, 0x5C,
  0x66, 0xA4, 0xC6, 0x31, 0x8C, 0x94, 0x63, 0x18, 0xC6, 0x31, 0x8A, 0x52, 0x98, 0xC6, 0x29, 0x4A, 0x52, 0x94, 0xA5, 0x29, 0x48, 0x42, 0x10, 0x84,
  0x21, 0x08, 0x42, 0x10, 0x84, 0x21, 0x08, 0x41, 0x8C, 0x63, 0x18, 0xC6, 0x31, 0x8C, 0x63, 0x18, 0xC6, 0x31, 0x8C, 0x63, 0x18, 0xC6, 0x31, 0x8C,
  0x63, 0x18, 0xCA, 0xC8, 0x4E, 0x93, 0x9A, 0xC8, 0x31, 0x8C, 0x63, 0x18, 0xC8, 0x31, 0x8C, 0x63, 0x18, 0xC9, 0x32, 0x1D, 0x4A, 0x62, 0xD6, 0x31,
  0xB1, 0x84, 0x18, 0xC6, 0x31, 0x90, 0x84, 0x21, 0x08, 0x42, 0x10, 0x84, 0x21, 0x08, 0x42, 0x10, 0x84, 0x29, 0x4A, 0x52, 0x75, 0xC5, 0x39, 0x4A,
  0x52, 0xCF, 0x5D, 0x99, 0x8D, 0x3A, 0x18, 0xC6, 0x31, 0x8E, 0x63, 0x18, 0xE7, 0x39, 0xCE, 0x7E, 0x9C, 0xE7, 0x9C, 0x8E, 0x84, 0x21, 0x08, 0x42,
  0x52, 0x94, 0xA5, 0x4A, 0x52, 0x94, 0xA5, 0x29, 0x4A, 0x52, 0x94, 0xB5, 0xAD, 0x6B, 0x5B, 0x18, 0xC6, 0x31, 0x8D, 0x6B, 0x5A, 0xD7, 0x39, 0xCE,
  0x73, 0xA1, 0x08, 0x42, 0x10, 0x84, 0x21, 0x4A, 0x52, 0x94, 0xA5, 0x2B, 0x5A, 0xD6, 0xD6, 0xB5, 0xAD, 0x6C, 0x63, 0x18, 0xC6, 0x73, 0x9C, 0xE7,
  0x7B, 0xDE, 0xF7, 0xCE, 0x73, 0x9E, 0xE7, 0x7B, 0xFF, 0xFF, 0xFF, 0xFF, 0xFF, 0xFF, 0xFF, 0xFF, 0xFF, 0xFF, 0xFF, 0xFF, 0xFF, 0xFF, 0xFF, 0xFF,
  0xFF, 0xFF, 0xFF, 0xFF, 0xFF, 0xFF, 0xFF, 0xFF, 0xFF, 0xFF, 0xFF, 0xFF, 0xFF, 0xFF, 0xFF, 0xFF, 0xFF, 0xFF, 0xFF, 0xFF, 0xFF, 0xFF, 0xFF, 0xFF,
  0xFF, 0xFF, 0xFF, 0xFF, 0xFF, 0xFF, 0xFF, 0xFF, 0xFF, 0xFF, 0xFF, 0xFF, 0xFF, 0xFF, 0xFF, 0xFF, 0xFF, 0xBD, 0xE7, 0x79, 0xCE, 0x73, 0x9B, 0xE7,
  0x39, 0xCE, 0x73, 0x38, 0xC6, 0x33, 0x8C, 0x63, 0x16, 0xB5, 0xAD, 0x5A, 0xD6, 0xB4, 0xA5, 0x29, 0x4A, 0x42, 0x10, 0x84, 0x21, 0x08, 0x42, 0x0E,
  0x73, 0x9C, 0xE6, 0xB5, 0xAD, 0xED, 0x18, 0xC6, 0x31, 0xCB, 0x9C, 0x56, 0xB5, 0xA9, 0x4A, 0x52, 0x94, 0xA5, 0x29, 0x4A, 0x52, 0x52, 0x94, 0xA9,
  0x28, 0x42, 0x10, 0x84, 0x1C, 0xE7, 0x39, 0xCE, 0x73, 0x9D, 0x2D, 0x9C, 0x52, 0xD8, 0xC6, 0x31, 0x51, 0x8C, 0x63, 0x18, 0xC6, 0x31, 0x4A, 0x52,
  0x98, 0xC5, 0x29, 0x4A, 0x52, 0x10, 0xA5, 0x29, 0x08, 0x42, 0x10, 0x84, 0x21, 0x08, 0x42, 0x10, 0x84, 0x20, 0xC6, 0x31, 0x8C, 0x63, 0x18, 0xC6,
  0x31, 0x8C, 0x63, 0x18, 0xC6, 0x31, 0x8C, 0x63, 0x18, 0xC6, 0x31, 0x8C, 0x63, 0x2A, 0xA7, 0x3A, 0x4E, 0x6C, 0x29, 0xC8, 0x31, 0x8C, 0x63, 0x18,
  0xC8, 0x31, 0x8C, 0x63, 0x19, 0x26, 0x53, 0xB0, 0xE3, 0x18, 0xC6, 0x31, 0x90, 0x83, 0x18, 0xC6, 0x31, 0x8C, 0x64, 0x21, 0x08, 0x42, 0x10, 0x84,
  0x21, 0x08, 0x42, 0x10, 0x84, 0x21, 0x08, 0x68, 0x76, 0x85, 0x29, 0x4A, 0x5A, 0x4C, 0xA5, 0x31, 0x8D, 0xD3, 0x18, 0xC6, 0x31, 0x90, 0x63, 0x18,
  0xC7, 0x39, 0xCE, 0x7E, 0x9C, 0xE7, 0x9A, 0x0E, 0x74, 0x21, 0x09, 0x42, 0x12, 0x94, 0xA5, 0x49, 0x52, 0x94, 0xA5, 0x29, 0x4A, 0x52, 0x94, 0xA5,
  0xAD, 0x6B, 0x5A, 0xD8, 0xC6, 0x31, 0x8D, 0x6B, 0x5A, 0xD6, 0xB9, 0xCE, 0x73, 0xA1, 0x08, 0x42, 0x10, 0x84, 0x21, 0x0A, 0x52, 0x94, 0xA5, 0x2B,
  0x5A, 0xD6, 0xD6, 0xB6, 0x2D, 0x6B, 0x63, 0x18, 0xC6, 0x33, 0x9C, 0xE7, 0x3B, 0xDE, 0xF7, 0xCE, 0x73, 0xDD, 0xE7, 0x7B, 0xFF, 0xFF, 0xFF, 0xFF,
  0xFF, 0xFF, 0xFF, 0xFF, 0xFF, 0xFF, 0xFF, 0xFF, 0xFF, 0xFF, 0xFF, 0xFF, 0xFF, 0xFF, 0xFF, 0xFF, 0xFF, 0xFF, 0xFF, 0xFF, 0xFF, 0xFF, 0xFF, 0xFF,
  0xFF, 0xFF, 0xFF, 0xFF, 0xFF, 0xFF, 0xFF, 0xFF, 0xFF, 0xFF, 0xFF, 0xFF, 0xFF, 0xFF, 0xFF, 0xFF, 0xFF, 0xFF, 0xFF, 0xFF, 0xFF, 0xFF, 0xFF, 0xFF,
  0xFF, 0xFF, 0xFF, 0xFF, 0xF7, 0xBC, 0xE7, 0x39, 0xCE, 0x73, 0x9B, 0xE7, 0x39, 0xCE, 0x67, 0x38, 0xC6, 0x31, 0x8C, 0x62, 0xD8, 0xB5, 0xAB, 0x5A,
  0xD6, 0xB4, 0xA5, 0x29, 0x48, 0x42, 0x10, 0x84, 0x21, 0x08, 0x41, 0xCE, 0x73, 0x9C, 0xE6, 0xB5, 0xAD, 0xEC, 0xD8, 0xC6, 0x31, 0x8B, 0x84, 0xDC,
  0xB5, 0xA9, 0x4A, 0x52, 0x94, 0xA5, 0x29, 0x4A, 0x4A, 0x52, 0x94, 0xA5, 0x08, 0x42, 0x50, 0x83, 0x9C, 0xE7, 0x39, 0xCE, 0x73, 0xB6, 0x33, 0x69,
  0xE7, 0x18, 0xB1, 0x06, 0x31, 0x8C, 0x63, 0x18, 0xC5, 0x29, 0x8C, 0x63, 0x18, 0xA5, 0x29, 0x08, 0x42, 0x10, 0x84, 0x21, 0x08, 0x42, 0x10, 0x84,
  0x21, 0x08, 0x42, 0x10, 0x83, 0x18, 0xC6, 0x31, 0x8C, 0x63, 0x18, 0xC6, 0x31, 0x8C, 0x63, 0x18, 0xC6, 0x31, 0x8C, 0x63, 0x18, 0xC6, 0x31, 0x8D,
  0x4D, 0x9C, 0xE9, 0x49, 0xC4, 0xE3, 0x18, 0xC6, 0x41, 0x8C, 0x63, 0x18, 0xC6, 0x31, 0x8C, 0x63, 0x24, 0xCA, 0xA5, 0x10, 0x63, 0x18, 0xC6, 0x31,
  0x8C, 0x63, 0x18, 0xC6, 0x31, 0x8C, 0x63, 0x18, 0xC8, 0x42, 0x10, 0x84, 0x21, 0x08, 0x42, 0x10, 0x84, 0x21, 0x21, 0x03, 0x1B, 0x44, 0x29, 0x4A,
  0x5D, 0x14, 0xA5, 0x29, 0x66, 0xB3, 0x18, 0xC6, 0x31, 0x90, 0x63, 0x18, 0xC6, 0x39, 0xCE, 0xD9, 0x9C, 0xE7, 0x99, 0xCE, 0x73, 0xA1, 0x29, 0x4A,
  0x52, 0x94, 0xA9, 0x49, 0x4A, 0x94, 0xA5, 0x29, 0x4A, 0x52, 0x94, 0xA5, 0x2D, 0x6B, 0x5A, 0xD8, 0xC6, 0x31, 0x8C, 0x6B, 0x5A, 0xD6, 0xB9, 0xCE,
  0x73, 0x9D, 0x08, 0x42, 0x10, 0x84, 0x21, 0x08, 0x52, 0x94, 0xA5, 0x29, 0x5A, 0xD6, 0xB6, 0xB5, 0xAD, 0x6B, 0x63, 0x18, 0xC6, 0x33, 0x9C, 0xE7,
  0x3B, 0xDE, 0xF7, 0xBE, 0x7B, 0xDC, 0xE7, 0x3B, 0xDF, 0xFF, 0xFF, 0xFF, 0xFF, 0xFF, 0xFF, 0xFF, 0xFF, 0xFF, 0xFF, 0xFF, 0xFF, 0xFF, 0xFF, 0xFF,
  0xFF, 0xFF, 0xFF, 0xFF, 0xFF, 0xFF, 0xFF, 0xFF, 0xFF, 0xFF, 0xFF, 0xFF, 0xFF, 0xFF, 0xFF, 0xFF, 0xFF, 0xFF, 0xFF, 0xFF, 0xFF, 0xFF, 0xFF, 0xFF,
  0xFF, 0xFF, 0xFF, 0xFF, 0xFF, 0xFF, 0xFF, 0xFF, 0xFF, 0xFF, 0xFF, 0xFF, 0xFF, 0xFF, 0xFF, 0xFF, 0xF7, 0xBC, 0xEF, 0x39, 0xCE, 0x73, 0x7B, 0xE7,
  0x39, 0xCE, 0x67, 0x38, 0xC6, 0x31, 0x6B, 0x62, 0xD6, 0xB5, 0xAB, 0x5A, 0xD6, 0xB4, 0xA5, 0x29, 0x48, 0x42, 0x10, 0x84, 0x21, 0x09, 0xCE, 0x0E,
  0x73, 0x9C, 0xD6, 0xB5, 0xAD, 0xA5, 0x18, 0xC6, 0x31, 0xCB, 0x64, 0xE7, 0x05, 0xAD, 0x4A, 0x52, 0x94, 0xA5, 0x29, 0x49, 0x4A, 0x52, 0x94, 0xA1,
  0x08, 0x42, 0x50, 0x73, 0x9C, 0xE7, 0x39, 0xCE, 0xA9, 0x44, 0xE7, 0x31, 0xE3, 0x14, 0x1C, 0xC6, 0x31, 0x8C, 0x63, 0x18, 0xA5, 0x31, 0x4A, 0x62,
  0x94, 0xA4, 0x21, 0x08, 0x52, 0x94, 0x84, 0x21, 0x08, 0x42, 0x10, 0x84, 0x21, 0x08, 0x42, 0x0C, 0x63, 0x18, 0xC6, 0x31, 0x8C, 0x63, 0x18, 0xC6,
  0x31, 0x8C, 0x63, 0x18, 0xC6, 0x31, 0x8C, 0x63, 0x18, 0xC6, 0x31, 0xCE, 0x74, 0xA4, 0xE7, 0x15, 0x0C, 0x63, 0x18, 0xC6, 0x31, 0x90, 0xE3, 0x18,
  0xC6, 0x31, 0x8C, 0x6C, 0x99, 0x0E, 0xC3, 0x8C, 0x63, 0x18, 0xC6, 0x31, 0x8C, 0x63, 0x18, 0xC6, 0x31, 0x8C, 0x63, 0x18, 0xC6, 0x32, 0x10, 0x84,
  0x21, 0x08, 0x42, 0x10, 0x84, 0x21, 0x0C, 0xA7, 0x13, 0x44, 0x21, 0x0A, 0x5D, 0x14, 0xA5, 0x29, 0x74, 0x63, 0x18, 0xC6, 0x31, 0x8C, 0x63, 0x18,
  0xC6, 0x31, 0xCF, 0x54, 0x9C, 0xE7, 0x99, 0xCE, 0x73, 0xA1, 0x09, 0x42, 0x12, 0x94, 0xA5, 0x29, 0x4A, 0x54, 0xA5, 0x29, 0x4A, 0x52, 0x94, 0xA5,
  0x29, 0x6B, 0x5A, 0xD6, 0xC6, 0x31, 0x8C, 0x63, 0x5A, 0xD6, 0xB5, 0xCE, 0x73, 0x9C, 0xE8, 0x42, 0x10, 0x84, 0x21, 0x08, 0x52, 0x94, 0xA5, 0x2B,
  0x5A, 0xD6, 0xB6, 0xB5, 0xAD, 0x6B, 0x5B, 0x18, 0xC6, 0x31, 0x9C, 0xE7, 0x39, 0xDE, 0xF7, 0xBE, 0xFB, 0x9C, 0xE7, 0x3B, 0xDF, 0xFF, 0xFF, 0xFF,
  0xFF, 0xFF, 0xFF, 0xFF, 0xFF, 0xFF, 0xFF, 0xFF, 0xFF, 0xFF, 0xFF, 0xFF, 0xFF, 0xFF, 0xFF, 0xFF, 0xFF, 0xFF, 0xFF, 0xFF, 0xFF, 0xFF, 0xFF, 0xFF,
  0xFF, 0xFF, 0xFF, 0xFF, 0xFF, 0xFF, 0xFF, 0xFF, 0xFF, 0xFF, 0xFF, 0xFF, 0xFF, 0xFF, 0xFF, 0xFF, 0xFF, 0xFF, 0xFF, 0xFF, 0xFF, 0xFF, 0xFF, 0xFF,
  0xFF, 0xFF, 0xFF, 0xFE, 0xF7, 0x9C, 0xE7, 0x39, 0xCE, 0x6F, 0x9C, 0xE7, 0x39, 0xCC, 0xE7, 0x38, 0xCE, 0x31, 0x6C, 0x5A, 0xD6, 0xB5, 0x6B, 0x5A,
  0xD6, 0xB5, 0xA5, 0x29, 0x08, 0x42, 0x10, 0x84, 0x21, 0x09, 0xCE, 0x73, 0x73, 0x9A, 0xD6, 0xB5, 0xAD, 0xED, 0x18, 0xC6, 0x2D, 0x6C, 0x5B, 0x27,
  0x35, 0xAD, 0x4A, 0x52, 0x94, 0xA5, 0x29, 0x29, 0x4A, 0x52, 0x94, 0x21, 0x08, 0x42, 0x0E, 0x73, 0xA4, 0xE7, 0x39, 0xD5, 0x19, 0x9C, 0xE6, 0x31,
  0x8C, 0x63, 0x98, 0xC6, 0x31, 0x8C, 0x63, 0x14, 0xC6, 0x31, 0x4A, 0x52, 0x94, 0x84, 0x21, 0x08, 0x42, 0x10, 0x84, 0x21, 0x08, 0x42, 0x10, 0x84,
  0x21, 0x08, 0x31, 0x8C, 0x63, 0x18, 0xC6, 0x31, 0x8C, 0x63, 0x18, 0xC6, 0x31, 0x8C, 0x63, 0x18, 0xC6, 0x31, 0x8C, 0x63, 0x18, 0xC6, 0x35, 0xCE,
  0x93, 0x9A, 0xCE, 0x31, 0x8C, 0x63, 0x18, 0xC6, 0x31, 0x9D, 0x49, 0x18, 0xC6, 0x31, 0xB2, 0x73, 0x19, 0x18, 0xA1, 0x8C, 0x63, 0x18, 0xC6, 0x31,
  0x8C, 0x63, 0x18, 0xC6, 0x31, 0x8C, 0x63, 0x18, 0xC6, 0x31, 0x8C, 0x84, 0x21, 0x08, 0x42, 0x10, 0x84, 0x21, 0x08, 0x45, 0x12, 0x93, 0x21, 0x08,
  0x5A, 0x14, 0xA5, 0x29, 0x74, 0x53, 0x18, 0xC6, 0x31, 0x8C, 0x63, 0x18, 0xC6, 0x31, 0x8F, 0xD3, 0x9C, 0xE7, 0x99, 0xCE, 0x74, 0x21, 0x08, 0x42,
  0x10, 0x84, 0x25, 0x4A, 0x52, 0x52, 0xA5, 0x29, 0x4A, 0x52, 0x94, 0xA5, 0x29, 0x6B, 0x5A, 0xD6, 0xB6, 0x31, 0x8C, 0x63, 0x5A, 0xD6, 0xB5, 0xAE,
  0x73, 0x9C, 0xE8, 0x42, 0x10, 0x84, 0x21, 0x08, 0x42, 0x94, 0xAD, 0x29, 0x4A, 0xD6, 0xB5, 0xB5, 0xAD, 0x6B, 0x5B, 0x1C, 0xC6, 0x33, 0x9C, 0xE7,
  0x39, 0xCE, 0xF7, 0xBF, 0x73, 0x9C, 0xE7, 0x39, 0xDE, 0xFF, 0xFF, 0xFF, 0xFF, 0xFF, 0xFF, 0xFF, 0xFF, 0xFF, 0xFF, 0xFF, 0xFF, 0xFF, 0xFF, 0xFF,
  0xFF, 0xFF, 0xFF, 0xFF, 0xFF, 0xFF, 0xFF, 0xFF, 0xFF, 0xFF, 0xFF, 0xFF, 0xFF, 0xFF, 0xFF, 0xFF, 0xFF, 0xFF, 0xFF, 0xFF, 0xFF, 0xFF, 0xFF, 0xFF,
  0xFF, 0xFF, 0xFF, 0xFF, 0xFF, 0xFF, 0xFF, 0xFF, 0xFF, 0xFF, 0xFF, 0xFF, 0xFF, 0xFF, 0xFF, 0xFE, 0xF7, 0x9D, 0xE7, 0x39, 0xCE, 0x6F, 0x9C, 0xE7,
  0x39, 0xCC, 0xE7, 0x38, 0xC6, 0x2D, 0x6C, 0x5A, 0xD6, 0xB5, 0x6B, 0x5A, 0x52, 0x94, 0xA5, 0x21, 0x08, 0x42, 0x10, 0x84, 0x21, 0x19, 0xCE, 0x73,
  0x9B, 0x5A, 0xD6, 0xB5, 0xAC, 0xEC, 0xD8, 0xC5, 0xAD, 0x6B, 0x5A, 0xE1, 0x36, 0xAD, 0x4A, 0x52, 0x94, 0xA5, 0x25, 0x29, 0x5A, 0x52, 0x84, 0x21,
  0x08, 0x41, 0xCE, 0x73, 0x9C, 0xE7, 0x3A, 0xE3, 0x33, 0x9C, 0xC7, 0x31, 0xCE, 0x63, 0x18, 0xC6, 0x31, 0x8C, 0x63, 0x18, 0xC6, 0x31, 0x4A, 0x52,
  0x94, 0x84, 0x21, 0x08, 0x42, 0x10, 0x84, 0x21, 0x08, 0x42, 0x10, 0x84, 0x18, 0xC6, 0x31, 0x8C, 0x63, 0x18, 0xC6, 0x31, 0x8C, 0x63, 0x18, 0xC6,
  0x31, 0x8C, 0x63, 0x18, 0xC6, 0x31, 0x8C, 0x63, 0x18, 0xC7, 0x19, 0xD2, 0x6A, 0x18, 0xC6, 0x31, 0x88, 0x42, 0x10, 0x84, 0x21, 0x08, 0x63, 0x60,
  0xC6, 0x36, 0x4C, 0x63, 0x3B, 0x12, 0x31, 0x8C, 0x63, 0x18, 0xC6, 0x31, 0x8C, 0x63, 0x18, 0xC6, 0x31, 0x8C, 0x63, 0x18, 0xC6, 0x31, 0x8C, 0x63,
  0x19, 0x08, 0x42, 0x10, 0x84, 0x21, 0x08, 0x48, 0x10, 0x9A, 0x99, 0x08, 0x4D, 0x14, 0xA5, 0x29, 0x68, 0x52, 0x94, 0xC6, 0x31, 0x8C, 0x63, 0x18,
  0xC6, 0x31, 0x8D, 0x53, 0x9C, 0xE7, 0x99, 0xCE, 0x74, 0x20, 0xE7, 0x42, 0x10, 0x84, 0x21, 0x2A, 0x52, 0x92, 0x95, 0x29, 0x4A, 0x52, 0x94, 0xA5,
  0x29, 0x4B, 0x5A, 0xD6, 0xB5, 0xB1, 0x8C, 0x63, 0x1A, 0xD6, 0xB5, 0xAD, 0x73, 0x9C, 0xE7, 0x42, 0x10, 0x84, 0x21, 0x08, 0x42, 0x14, 0xA5, 0x69,
  0x4A, 0x56, 0xB5, 0xB5, 0xAD, 0x6B, 0x5A, 0xD8, 0xC6, 0x33, 0x8C, 0xE7, 0x39, 0xCE, 0xF7, 0xEE, 0xF3, 0x9C, 0xE7, 0x39, 0xDE, 0xFF, 0xFF, 0xFF,
  0xFF, 0xFF, 0xFF, 0xFF, 0xFF, 0xFF, 0xFF, 0xFF, 0xFF, 0xFF, 0xFF, 0xFF, 0xFF, 0xFF, 0xFF, 0xFF, 0xFF, 0xFF, 0xFF, 0xFF, 0xFF, 0xFF, 0xFF, 0xFF,
  0xFF, 0xFF, 0xFF, 0xFF, 0xFF, 0xFF, 0xFF, 0xFF, 0xFF, 0xFF, 0xFF, 0xFF, 0xFF, 0xFF, 0xFF, 0xFF, 0xFF, 0xFF, 0xFF, 0xFF, 0xFF, 0xFF, 0xFF, 0xFF,
  0xFF, 0xFF, 0xFF, 0xDE, 0xF3, 0x9C, 0xE7, 0x39, 0xBE, 0x6F, 0x99, 0xE7, 0x39, 0x9C, 0xE7, 0x18, 0xC6, 0x31, 0x8C, 0x5A, 0xD6, 0xAD, 0x6B, 0x5A,
  0x52, 0xB4, 0xA5, 0x21, 0x08, 0x42, 0x10, 0x84, 0x27, 0x4A, 0x45, 0xCE, 0x9C, 0xDA, 0xD6, 0xB6, 0x33, 0xEC, 0xE0, 0xC5, 0xAD, 0x6B, 0x6A, 0x95,
  0x39, 0xC1, 0x4A, 0x52, 0x94, 0xA5, 0x25, 0x2B, 0x9C, 0xE2, 0x84, 0x21, 0x08, 0x39, 0xCE, 0x73, 0x9C, 0xE7, 0x54, 0x64, 0x73, 0x98, 0xE7, 0x31,
  0xCC, 0x63, 0x18, 0xC6, 0x31, 0x8C, 0x63, 0x18, 0xC6, 0x29, 0x4A, 0x42, 0x10, 0x84, 0x21, 0x08, 0x62, 0x10, 0x84, 0x21, 0x08, 0x42, 0x10, 0x83,
  0x18, 0xC6, 0x31, 0x8C, 0x63, 0x18, 0xC6, 0x31, 0x8C, 0x63, 0x18, 0xC6, 0x31, 0x8C, 0x63, 0x18, 0xC6, 0x31, 0x8C, 0x63, 0x19, 0xE7, 0x3A, 0x4D,
  0x62, 0x10, 0xC6, 0x31, 0x08, 0x42, 0x10, 0x84, 0x21, 0x88, 0x42, 0x19, 0x98, 0x6A, 0x18, 0x66, 0x63, 0x06, 0x31, 0x8C, 0x63, 0x18, 0xC6, 0x31,
  0x8C, 0x63, 0x18, 0xC6, 0x31, 0x8C, 0x63, 0x18, 0xC6, 0x31, 0x8C, 0x63, 0x18, 0xC8, 0x42, 0x10, 0x84, 0x21, 0x08, 0x48, 0x18, 0x84, 0xA5, 0x09,
  0x49, 0x90, 0xA5, 0x29, 0x68, 0x52, 0x94, 0xA6, 0x31, 0x8C, 0x63, 0x18, 0xC6, 0x31, 0xA7, 0x33, 0x9C, 0xE7, 0x99, 0xCE, 0x73, 0xA0, 0xE7, 0x3A,
  0x10, 0x84, 0x21, 0x29, 0x52, 0x52, 0x95, 0x29, 0x4A, 0x52, 0x94, 0xA5, 0x29, 0x4A, 0x5A, 0xD6, 0xB5, 0xB1, 0x8C, 0x63, 0x18, 0xD6, 0xB5, 0xAD,
  0x73, 0x9C, 0xE7, 0x3A, 0x10, 0x84, 0x21, 0x08, 0x42, 0x14, 0xA5, 0x6B, 0x4A, 0x56, 0xB5, 0xAD, 0xAD, 0x6B, 0x5A, 0xDC, 0xE6, 0x31, 0x8C, 0x67,
  0x39, 0xCE, 0x77, 0xED, 0xEF, 0x9C, 0xE7, 0x39, 0xCE, 0xF7, 0xFF, 0xFF, 0xFF, 0xFF, 0xFF, 0xFF, 0xFF, 0xFF, 0xFF, 0xFF, 0xFF, 0xFF, 0xFF, 0xFF,
  0xFF, 0xFF, 0xFF, 0xFF, 0xFF, 0xFF, 0xFF, 0xFF, 0xFF, 0xFF, 0xFF, 0xFF, 0xFF, 0xFF, 0xFF, 0xFF, 0xFF, 0xFF, 0xFF, 0xFF, 0xFF, 0xFF, 0xFF, 0xFF,
  0xFF, 0xFF, 0xFF, 0xFF, 0xFF, 0xFF, 0xFF, 0xFF, 0xFF, 0xFF, 0xFF, 0xFF, 0xFF, 0xFF, 0xFF, 0xDE, 0xF3, 0x9C, 0xE7, 0x39, 0xBE, 0x6F, 0x79, 0xCF,
  0x39, 0x9C, 0xE7, 0x18, 0xC5, 0xB1, 0x8C, 0x5A, 0xD5, 0xAD, 0x6B, 0x4A, 0x52, 0x94, 0xA4, 0x21, 0x08, 0x4E, 0x70, 0x84, 0x27, 0x38, 0xB9, 0xCE,
  0x6C, 0xDA, 0xD6, 0xD2, 0x73, 0x84, 0xE2, 0xB5, 0xB1, 0x6B, 0x53, 0x55, 0x39, 0xCE, 0x50, 0x52, 0x94, 0xA4, 0xA9, 0x73, 0x9C, 0xE2, 0xB4, 0x21,
  0x07, 0x3A, 0x0E, 0x73, 0x9C, 0xE7, 0x94, 0x8E, 0x73, 0x1C, 0xE7, 0x39, 0x8C, 0x63, 0x18, 0xC6, 0x31, 0x4A, 0x63, 0x18, 0xC5, 0x29, 0x48, 0x42,
  0x10, 0x84, 0x21, 0x08, 0x42, 0x10, 0x84, 0x21, 0x08, 0x42, 0x0C, 0x63, 0x18, 0xC6, 0x31, 0x8C, 0x63, 0x18, 0xC6, 0x31, 0x8C, 0x63, 0x18, 0xC6,
  0x31, 0x8C, 0x63, 0x18, 0xC6, 0x21, 0x0C, 0x63, 0x54, 0xE9, 0x49, 0xA8, 0x63, 0x10, 0x84, 0x21, 0x08, 0x42, 0x10, 0x84, 0x21, 0x08, 0x42, 0x10,
  0x8D, 0x18, 0xAC, 0xC6, 0x48, 0xC4, 0x21, 0x08, 0x63, 0x18, 0xC6, 0x31, 0x8C, 0x63, 0x18, 0xC6, 0x31, 0x8C, 0x63, 0x18, 0xC6, 0x31, 0x8C, 0x63,
  0x18, 0xC6, 0x32, 0x10, 0x84, 0x21, 0x08, 0x96, 0x90, 0x84, 0x24, 0xE9, 0x02, 0x10, 0x85, 0x29, 0x68, 0x52, 0x94, 0xA5, 0x31, 0x8C, 0x63, 0x18,
  0xC6, 0x31, 0xAA, 0x63, 0x1C, 0xE7, 0x99, 0xCE, 0x73, 0x9C, 0xE7, 0x39, 0xD0, 0x84, 0x21, 0x09, 0x4A, 0x52, 0x94, 0xA9, 0x4A, 0x52, 0x94, 0xA5,
  0x29, 0x4A, 0x52, 0xD6, 0xB5, 0xAD, 0x8C, 0x63, 0x18, 0xD6, 0xB5, 0xAD, 0x6B, 0x9C, 0xE7, 0x3A, 0x10, 0x84, 0x21, 0x08, 0x42, 0x10, 0xA5, 0x2B,
  0x5A, 0xD2, 0xB5, 0xAD, 0x6D, 0x6B, 0x5A, 0xD6, 0xC6, 0x31, 0x8C, 0x67, 0x39, 0xCE, 0x7D, 0xDD, 0xEF, 0x9C, 0xEF, 0x39, 0xCE, 0xF7, 0xFF, 0xFF,
  0xFF, 0xFF, 0xFF, 0xFF, 0xFF, 0xFF, 0xFF, 0xFF, 0xFF, 0xFF, 0xFF, 0xFF, 0xFF, 0xFF, 0xFF, 0xFF, 0xFF, 0xFF, 0xFF, 0xFF, 0xFF, 0xFF, 0xFF, 0xFF,
  0xFF, 0xFF, 0xFF, 0xFF, 0xFF, 0xFF, 0xFF, 0xFF, 0xFF, 0xFF, 0xFF, 0xFF, 0xFF, 0xFF, 0xFF, 0xFF, 0xFF, 0xFF, 0xFF, 0xFF, 0xFF, 0xFF, 0xFF, 0xFF,
  0xFF, 0xFF, 0xFB, 0xDE, 0x73, 0x9C, 0xE7, 0x37, 0xBD, 0xEF, 0x39, 0xCF, 0x33, 0x9C, 0xE3, 0x18, 0xB5, 0xAD, 0x8B, 0x5A, 0xD5, 0xAD, 0x6B, 0x4A,
  0x52, 0x94, 0xA4, 0x23, 0x08, 0x4E, 0x70, 0x84, 0x1D, 0x07, 0x39, 0xCE, 0x74, 0xE2, 0xD6, 0xD1, 0x8C, 0x84, 0xE0, 0xB5, 0xAD, 0x6B, 0x52, 0x98,
  0xC5, 0x36, 0x52, 0x6A, 0x94, 0xA5, 0x2E, 0x73, 0x5A, 0x66, 0xB5, 0xA1, 0x07, 0x39, 0xCE, 0x73, 0x9D, 0x52, 0x89, 0xCE, 0x73, 0x9C, 0xE7, 0x31,
  0x8C, 0x63, 0x18, 0xC6, 0x29, 0x4A, 0x63, 0x14, 0xA5, 0x29, 0x08, 0x42, 0x10, 0x84, 0x21, 0x08, 0x42, 0x10, 0x84, 0x21, 0x08, 0x31, 0x8C, 0x63,
  0x18, 0xC6, 0x31, 0x8C, 0x63, 0x18, 0xC6, 0x31, 0x8C, 0x63, 0x18, 0xC6, 0x31, 0x8C, 0x63, 0x10, 0x84, 0x21, 0x08, 0x63, 0x8D, 0x27, 0x13, 0x8C,
  0x62, 0x10, 0x84, 0x21, 0x08, 0x42, 0x10, 0x84, 0x21, 0x08, 0x42, 0x10, 0x85, 0x32, 0x08, 0x42, 0x10, 0x84, 0x21, 0x08, 0x42, 0x10, 0xC6, 0x31,
  0x8C, 0x63, 0x18, 0xC6, 0x31, 0x8C, 0x63, 0x18, 0xC6, 0x31, 0x8C, 0x63, 0x18, 0xC6, 0x31, 0x8C, 0x84, 0x21, 0x08, 0x74, 0x90, 0x84, 0x21, 0x08,
  0x42, 0x10, 0x84, 0x2C, 0xE2, 0x52, 0x94, 0xA5, 0x29, 0x8C, 0x63, 0x18, 0xC6, 0x31, 0xBA, 0x63, 0x18, 0xE7, 0x99, 0xCE, 0x73, 0x9C, 0xE7, 0x39,
  0xD0, 0x84, 0x21, 0x09, 0x4A, 0x52, 0x94, 0xA9, 0x4A, 0x52, 0x94, 0xA5, 0x29, 0x4A, 0x52, 0xD6, 0xB5, 0xAD, 0x6C, 0x63, 0x18, 0xC6, 0xB5, 0xAD,
  0x6B, 0x9C, 0xE7, 0x39, 0xD0, 0x84, 0x61, 0x08, 0x42, 0x10, 0xA5, 0x2B, 0x5A, 0xD2, 0xB5, 0xAD, 0x6D, 0x6B, 0x5A, 0xD6, 0xB6, 0x33, 0x8C, 0x63,
  0x39, 0xCF, 0x7D, 0xBD, 0xEF, 0x7C, 0xE7, 0x39, 0xCE, 0x77, 0xBF, 0xFF, 0xFF, 0xFF, 0xFF, 0xFF, 0xFF, 0xFF, 0xFF, 0xFF, 0xFF, 0xFF, 0xFF, 0xFF,
  0xFF, 0xFF, 0xFF, 0xFF, 0xFF, 0xFF, 0xFF, 0xFF, 0xFF, 0xFF, 0xFF, 0xFF, 0xFF, 0xFF, 0xFF, 0xFF, 0xFF, 0xFF, 0xFF, 0xFF, 0xFF, 0xFF, 0xFF, 0xFF,
  0xFF, 0xFF, 0xFF, 0xFF, 0xFF, 0xFF, 0xFF, 0xFF, 0xFF, 0xFF, 0xFF, 0xFF, 0xFF, 0xFF, 0xFB, 0xDE, 0x73, 0x9C, 0xE7, 0x37, 0xBD, 0xEF, 0x3C, 0xE7,
  0x33, 0x9C, 0xE3, 0x18, 0xB5, 0xAD, 0x8B, 0x5A, 0xB5, 0xAD, 0x6B, 0x4A, 0x52, 0x94, 0x8C, 0x63, 0x09, 0xCE, 0x70, 0x84, 0x1C, 0xE7, 0x39, 0xCD,
  0x6C, 0xE3, 0x36, 0x56, 0x0C, 0x8C, 0xD8, 0xB5, 0xAD, 0x6A, 0x5A, 0x94, 0xA5, 0x29, 0x4A, 0x8C, 0xD2, 0x97, 0x4E, 0x6B, 0x4A, 0x50, 0x85, 0xAC,
  0xE7, 0x39, 0xCE, 0x73, 0xAA, 0x31, 0x39, 0xCC, 0x73, 0x9C, 0xE6, 0x31, 0x8C, 0x63, 0x18, 0xC5, 0x29, 0x4A, 0x53, 0x14, 0xA4, 0x21, 0x08, 0x42,
  0x10, 0x84, 0x21, 0x08, 0x42, 0x10, 0x84, 0x20, 0xC6, 0x31, 0x8C, 0x63, 0x18, 0xC6, 0x31, 0x8C, 0x63, 0x18, 0xC6, 0x31, 0x8C, 0x63, 0x18, 0xC6,
  0x31, 0x8C, 0x42, 0x18, 0xC4, 0x21, 0x08, 0x63, 0x9E, 0xA6, 0xA1, 0x8C, 0x62, 0x10, 0x84, 0x21, 0x08, 0x42, 0x10, 0x84, 0x21, 0x08, 0x42, 0x5C,
  0x67, 0x31, 0x88, 0x42, 0x10, 0x84, 0x21, 0x08, 0x42, 0x10, 0x84, 0x21, 0x8C, 0x63, 0x18, 0xC6, 0x31, 0x8C, 0x63, 0x18, 0xC6, 0x31, 0x8C, 0x63,
  0x18, 0xC6, 0x31, 0x8C, 0x63, 0x21, 0x08, 0x94, 0x90, 0x84, 0x21, 0x08, 0x42, 0x10, 0x84, 0x25, 0x0A, 0x52, 0x94, 0xA5, 0x29, 0x4C, 0x63, 0x18,
  0xC6, 0x32, 0x28, 0x63, 0x18, 0xD3, 0x99, 0xCE, 0x73, 0x9C, 0xE7, 0x39, 0xCE, 0x84, 0x21, 0x08, 0x42, 0x52, 0x94, 0xA9, 0x4A, 0x52, 0x94, 0xA5,
  0x29, 0x4A, 0x52, 0x96, 0xB5, 0xAD, 0x6C, 0x63, 0x18, 0xC6, 0x35, 0xAD, 0x6B, 0x5C, 0xE7, 0x39, 0xD0, 0x84, 0x21, 0x08, 0x42, 0x31, 0x8D, 0x29,
  0x5A, 0xD2, 0x95, 0xAD, 0x6B, 0x6B, 0x62, 0xD6, 0xB6, 0x33, 0x8C, 0x63, 0x39, 0xEF, 0xB3, 0xBD, 0xEF, 0x7C, 0xE7, 0x39, 0xCE, 0x77, 0xBF, 0xFF,
  0xFF, 0xFF, 0xFF, 0xFF, 0xFF, 0xFF, 0xFF, 0xFF, 0xFF, 0xFF, 0xFF, 0xFF, 0xFF, 0xFF, 0xFF, 0xFF, 0xFF, 0xFF, 0xFF, 0xFF, 0xFF, 0xFF, 0xFF, 0xFF,
  0xFF, 0xFF, 0xFF, 0xFF, 0xFF, 0xFF, 0xFF, 0xFF, 0xFF, 0xFF, 0xFF, 0xFF, 0xFF, 0xFF, 0xFF, 0xFF, 0xFF, 0xFF, 0xFF, 0xFF, 0xFF, 0xFF, 0xFF, 0xFF,
  0xFF, 0xFF, 0x7B, 0xDE, 0x73, 0x9C, 0xE6, 0xF7, 0xBD, 0xE7, 0x3C, 0xE6, 0x73, 0x9C, 0xE3, 0x16, 0xB5, 0xAD, 0x6B, 0x5A, 0xB5, 0xAD, 0x69, 0x5A,
  0xD2, 0x94, 0x84, 0x61, 0x08, 0x4E, 0x70, 0x83, 0x9C, 0xE7, 0x39, 0xAD, 0x6B, 0x5A, 0xD9, 0xBA, 0x90, 0x8C, 0x18, 0xC5, 0xAD, 0x6A, 0x52, 0xD6,
  0xA5, 0x29, 0x4A, 0x74, 0xE2, 0xE8, 0xC9, 0x28, 0x42, 0x50, 0x84, 0x31, 0x91, 0x39, 0xCE, 0x75, 0xC6, 0x47, 0x39, 0x8E, 0x73, 0x9C, 0xC6, 0x31,
  0x8C, 0x63, 0x18, 0xA5, 0x29, 0x4A, 0x52, 0x94, 0x84, 0x21, 0x08, 0x42, 0x10, 0x84, 0x21, 0x08, 0x42, 0x10, 0x84, 0x18, 0xC6, 0x31, 0x8C, 0x63,
  0x18, 0xC6, 0x31, 0x8C, 0x63, 0x18, 0xC6, 0x31, 0x8C, 0x63, 0x18, 0x84, 0x31, 0x88, 0x42, 0x10, 0x84, 0x21, 0x88, 0x44, 0x9E, 0xA6, 0x91, 0x08,
  0x42, 0x10, 0x84, 0x21, 0x08, 0x42, 0x10, 0x84, 0x21, 0x08, 0x42, 0x98, 0x84, 0x21, 0x08, 0x42, 0x10, 0x84, 0x21, 0x08, 0x42, 0x10, 0xC4, 0x21,
  0x08, 0x42, 0x18, 0xC6, 0x31, 0x8C, 0x63, 0x18, 0xC6, 0x31, 0x8C, 0x63, 0x18, 0xC6, 0x31, 0x8C, 0x63, 0x19, 0x08, 0x98, 0x1C, 0x84, 0x21, 0x08,
  0x42, 0x10, 0x84, 0x26, 0x8E, 0x52, 0x94, 0xA5, 0x29, 0x4A, 0x63, 0x18, 0xC6, 0x34, 0xE4, 0x63, 0x18, 0xD3, 0x69, 0xCE, 0x73, 0x9C, 0xE8, 0x39,
  0xCE, 0x74, 0x21, 0x08, 0x42, 0x12, 0x94, 0xA9, 0x4A, 0x52, 0x94, 0xA5, 0x29, 0x4A, 0x52, 0x94, 0xB5, 0xAD, 0x6B, 0x63, 0x18, 0xC6, 0x35, 0xAD,
  0x6B, 0x5A, 0xE7, 0x39, 0xCE, 0x84, 0x21, 0x08, 0x42, 0x11, 0x8D, 0x29, 0x4A, 0x52, 0x95, 0xAD, 0x6B, 0x6B, 0x5A, 0xD6, 0xC5, 0xB9, 0x8C, 0x63,
  0x19, 0xF6, 0x73, 0x9D, 0xF3, 0x7B, 0xE7, 0x39, 0xCE, 0x77, 0xBD, 0xFF, 0xFF, 0xFF, 0xFF, 0xFF, 0xFF, 0xFF, 0xFF, 0xFF, 0xFF, 0xFF, 0xFF, 0xFF,
  0xFF, 0xFF, 0xFF, 0xFF, 0xFF, 0xFF, 0xFF, 0xFF, 0xFF, 0xFF, 0xFF, 0xFF, 0xFF, 0xFF, 0xFF, 0xFF, 0xFF, 0xFF, 0xFF, 0xFF, 0xFF, 0xFF, 0xFF, 0xFF,
  0xFF, 0xFF, 0xFF, 0xFF, 0xFF, 0xFF, 0xFF, 0xFF, 0xFF, 0xFF, 0xFF, 0xFF, 0xFF, 0xFF, 0x7B, 0xCE, 0x73, 0xBC, 0xE6, 0xF7, 0xBD, 0xE7, 0x3C, 0xE6,
  0x73, 0x9C, 0x63, 0x16, 0xB5, 0xAD, 0x6B, 0x56, 0xB5, 0xAD, 0x29, 0x4A, 0xD2, 0x91, 0x84, 0x21, 0x08, 0x42, 0x70, 0x74, 0x1C, 0xE8, 0x39, 0xAD,
  0x6B, 0x5A, 0xC6, 0x43, 0x53, 0x82, 0xD6, 0xC5, 0xAD, 0x4B, 0x52, 0x94, 0xA5, 0x29, 0x4A, 0x54, 0x63, 0x38, 0xA5, 0x08, 0x42, 0x10, 0x83, 0xA2,
  0x6C, 0x51, 0xCE, 0xA8, 0xB4, 0xE7, 0x31, 0xCE, 0x73, 0x98, 0xC6, 0x31, 0x8C, 0x63, 0x18, 0xC6, 0x29, 0x4A, 0x52, 0x90, 0x84, 0x21, 0x08, 0x42,
  0x10, 0x84, 0x21, 0x08, 0x42, 0x10, 0x63, 0x18, 0xC6, 0x31, 0x8C, 0x63, 0x18, 0xC6, 0x31, 0x8C, 0x63, 0x18, 0xC6, 0x31, 0x8C, 0x42, 0x10, 0x84,
  0x21, 0x88, 0x62, 0x10, 0x84, 0x21, 0x08, 0x51, 0xA4, 0xDA, 0x21, 0x08, 0x42, 0x10, 0x84, 0x21, 0x08, 0x42, 0x10, 0x84, 0x21, 0x08, 0x51, 0x48,
  0x84, 0x21, 0x08, 0x42, 0x10, 0x84, 0x21, 0x08, 0x42, 0x18, 0x84, 0x21, 0x08, 0x42, 0x10, 0x84, 0x31, 0x8C, 0x63, 0x18, 0xC6, 0x31, 0x8C, 0x63,
  0x18, 0xC6, 0x31, 0x8C, 0x63, 0x18, 0xC6, 0x66, 0x41, 0xA6, 0x21, 0x08, 0x42, 0x10, 0x84, 0x22, 0x34, 0x42, 0x94, 0xA5, 0x29, 0x4A, 0x53, 0x18,
  0xC6, 0x37, 0x4C, 0x63, 0x18, 0xF3, 0x31, 0xCE, 0x73, 0x9C, 0xE7, 0x39, 0xCE, 0x73, 0xA1, 0x08, 0x42, 0x10, 0x94, 0xA5, 0x29, 0x52, 0x94, 0xA5,
  0x29, 0x4A, 0x52, 0x94, 0xB5, 0xAD, 0x6B, 0x5B, 0x18, 0xC6, 0x31, 0xAE, 0x6B, 0x5A, 0xE7, 0x39, 0xCE, 0x74, 0x21, 0x08, 0x42, 0x10, 0x84, 0x29,
  0x4A, 0x52, 0x94, 0xAD, 0x6B, 0x5B, 0x5A, 0xD6, 0xB5, 0xB1, 0x9C, 0x63, 0x1E, 0xCE, 0x73, 0x9D, 0xEF, 0x7B, 0xE7, 0x39, 0xCE, 0x73, 0xBD, 0xFF,
  0xFF, 0xFF, 0xFF, 0xFF, 0xFF, 0xFF, 0xFF, 0xFF, 0xFF, 0xFF, 0xFF, 0xFF, 0xFF, 0xFF, 0xFF, 0xFF, 0xFF, 0xFF, 0xFF, 0xFF, 0xFF, 0xFF, 0xFF, 0xFF,
  0xFF, 0xFF, 0xFF, 0xFF, 0xFF, 0xFF, 0xFF, 0xFF, 0xFF, 0xFF, 0xFF, 0xFF, 0xFF, 0xFF, 0xFF, 0xFF, 0xFF, 0xFF, 0xFF, 0xFF, 0xFF, 0xFF, 0xFF, 0xFF,
  0xFF, 0xFF, 0x7B, 0xCE, 0xF3, 0x9C, 0xDE, 0xF7, 0xBD, 0xE7, 0x39, 0xCE, 0x33, 0x8C, 0x62, 0xD6, 0xB5, 0xAD, 0x6B, 0x56, 0xB5, 0xAD, 0x29, 0x4A,
  0x52, 0x10, 0x8C, 0x21, 0x08, 0x42, 0x30, 0x84, 0x1D, 0x07, 0x39, 0xCD, 0x6B, 0x58, 0xC6, 0x42, 0xF3, 0x9A, 0xD6, 0xC5, 0xAD, 0x4A, 0x5A, 0x94,
  0xA5, 0x29, 0x4A, 0x53, 0xA3, 0x39, 0xA5, 0x08, 0x42, 0x10, 0x73, 0x9C, 0xEA, 0x52, 0xD7, 0x19, 0x1C, 0xE6, 0x39, 0xCE, 0x73, 0x18, 0xC6, 0x31,
  0x8C, 0x62, 0x98, 0xC5, 0x29, 0x4A, 0x52, 0x10, 0x84, 0x21, 0x08, 0x42, 0x10, 0x84, 0x21, 0x08, 0x42, 0x0C, 0x63, 0x18, 0xC6, 0x31, 0x8C, 0x63,
  0x18, 0xC6, 0x31, 0x8C, 0x63, 0x18, 0xC6, 0x21, 0x08, 0x43, 0x10, 0x84, 0x21, 0x0C, 0x62, 0x10, 0x84, 0x21, 0x1A, 0x33, 0xA4, 0xC6, 0x21, 0x08,
  0x42, 0x10, 0x84, 0x21, 0x08, 0x42, 0x10, 0x84, 0x21, 0x08, 0x93, 0x10, 0x84, 0x21, 0x08, 0x42, 0x10, 0x84, 0x21, 0x0C, 0x42, 0x10, 0x84, 0x21,
  0x08, 0x43, 0x10, 0x84, 0x21, 0x08, 0x63, 0x18, 0xC6, 0x31, 0x8C, 0x63, 0x18, 0xC6, 0x31, 0x8C, 0x63, 0x63, 0x56, 0x84, 0xA6, 0x10, 0x49, 0x08,
  0x42, 0x10, 0x84, 0x21, 0x15, 0x42, 0x14, 0xA5, 0x29, 0x4A, 0x52, 0x94, 0xC6, 0x37, 0x4C, 0x63, 0x1E, 0x33, 0x31, 0x8E, 0x73, 0x9C, 0xE7, 0x39,
  0xCE, 0x73, 0x9D, 0x08, 0x42, 0x10, 0x94, 0xA9, 0x29, 0x4A, 0x94, 0xA5, 0x29, 0x4A, 0x52, 0xD4, 0xA5, 0xAD, 0x6B, 0x5B, 0x18, 0xC6, 0x31, 0x8D,
  0x6B, 0x5A, 0xD7, 0x3A, 0x0E, 0x74, 0x21, 0x08, 0x42, 0x10, 0x84, 0x21, 0x4A, 0x52, 0x94, 0xAD, 0x6B, 0x5B, 0x5A, 0xD6, 0xB5, 0xAD, 0x8C, 0x63,
  0xBD, 0xCE, 0x73, 0x9D, 0xEF, 0x7B, 0xDF, 0x39, 0xCE, 0x73, 0xBD, 0xFF, 0xFF, 0xFF, 0xFF, 0xFF, 0xFF, 0xFF, 0xFF, 0xFF, 0xFF, 0xFF, 0xFF, 0xFF,
  0xFF, 0xFF, 0xFF, 0xFF, 0xFF, 0xFF, 0xFF, 0xFF, 0xFF, 0xFF, 0xFF, 0xFF, 0xFF, 0xFF, 0xFF, 0xFF, 0xFF, 0xFF, 0xFF, 0xFF, 0xFF, 0xFF, 0xFF, 0xFF,
  0xFF, 0xFF, 0xFF, 0xFF, 0xFF, 0xFF, 0xFF, 0xFF, 0xFF, 0xFF, 0xFF, 0xFF, 0xFF, 0xEF, 0x79, 0xCE, 0x73, 0x9C, 0xDE, 0xF7, 0xBC, 0xE7, 0x39, 0xCE,
  0x31, 0x8C, 0x62, 0xD6, 0xB5, 0xAD, 0x6A, 0xD6, 0xB5, 0xA5, 0x29, 0x4A, 0x52, 0x10, 0x84, 0x21, 0x08, 0x4E, 0x90, 0x84, 0x1C, 0xE6, 0xB9, 0xCE,
  0x6B, 0x58, 0xC6, 0xCE, 0x90, 0x9C, 0x56, 0xB5, 0xAD, 0x6A, 0x52, 0x94, 0xA5, 0x29, 0x49, 0x4A, 0x94, 0xA4, 0xA1, 0x08, 0x42, 0x0E, 0xA3, 0x9C,
  0xE7, 0x8C, 0xE6, 0xD3, 0x9C, 0xE7, 0x39, 0xCE, 0x63, 0x18, 0xC6, 0x31, 0x8C, 0x52, 0x98, 0xC6, 0x29, 0x4A, 0x42, 0x10, 0x84, 0x21, 0x08, 0x42,
  0x10, 0x84, 0x21, 0x08, 0x31, 0x8C, 0x63, 0x18, 0xC6, 0x31, 0x8C, 0x63, 0x18, 0xC6, 0x31, 0x8C, 0x63, 0x18, 0x84, 0x21, 0x08, 0x43, 0x18, 0x84,
  0x21, 0x08, 0x42, 0x10, 0x84, 0x23, 0x4E, 0x94, 0x99, 0x84, 0x21, 0x08, 0x42, 0x10, 0x84, 0x21, 0x08, 0x42, 0x10, 0x84, 0x21, 0x0A, 0x62, 0x10,
  0x84, 0x21, 0x08, 0x42, 0x10, 0x84, 0x21, 0x08, 0x42, 0x10, 0x84, 0x21, 0x08, 0x42, 0x10, 0x84, 0x21, 0x08, 0x43, 0x18, 0xC6, 0x31, 0x8C, 0x63,
  0x18, 0xC6, 0x31, 0x8C, 0x6B, 0x61, 0xDA, 0xD6, 0xAE, 0x0C, 0x69, 0x08, 0x42, 0x10, 0x84, 0x21, 0x09, 0xA2, 0x10, 0xA5, 0x29, 0x8A, 0x52, 0x94,
  0xA6, 0x8C, 0xCC, 0x63, 0x1A, 0x31, 0x31, 0x8C, 0x73, 0x9C, 0xE7, 0x39, 0xCE, 0x73, 0x9C, 0xE8, 0x4A, 0x10, 0x84, 0xA5, 0x29, 0x4A, 0x54, 0xA5,
  0x29, 0x4A, 0x5A, 0xD4, 0xA5, 0x2D, 0x6B, 0x5A, 0xD8, 0xC6, 0x31, 0x8D, 0x6B, 0x9A, 0xD6, 0xB9, 0xCE, 0x73, 0xA1, 0x08, 0x42, 0x10, 0x84, 0x21,
  0x4A, 0x52, 0x94, 0xA5, 0x6B, 0x5A, 0xDA, 0xD6, 0xB5, 0xAD, 0x8C, 0x77, 0xD8, 0xCE, 0x73, 0x9E, 0x6F, 0x7B, 0xDF, 0x39, 0xCE, 0x73, 0x9D, 0xEF,
  0xFF, 0xFF, 0xFF, 0xFF, 0xFF, 0xFF, 0xFF, 0xFF, 0xFF, 0xFF, 0xFF, 0xFF, 0xFF, 0xFF, 0xFF, 0xFF, 0xFF, 0xFF, 0xFF, 0xFF, 0xFF, 0xFF, 0xFF, 0xFF,
  0xFF, 0xFF, 0xFF, 0xFF, 0xFF, 0xFF, 0xFF, 0xFF, 0xFF, 0xFF, 0xFF, 0xFF, 0xFF, 0xFF, 0xFF, 0xFF, 0xFF, 0xFF, 0xFF, 0xFF, 0xFF, 0xFF, 0xFF, 0xFF,
  0xFF, 0xEF, 0x79, 0xCE, 0x73, 0x9B, 0xDE, 0xF7, 0xBC, 0xE7, 0x39, 0xCE, 0x31, 0x8C, 0x5A, 0xD6, 0xB5, 0xAD, 0x6A, 0xD6, 0xB4, 0xA5, 0x29, 0x4A,
  0x42, 0x10, 0x84, 0x21, 0x08, 0x4E, 0x90, 0x83, 0x9C, 0xE6, 0xB5, 0xCE, 0x6B, 0x18, 0xD6, 0xCE, 0x93, 0x5C, 0xD6, 0xB5, 0xAD, 0x4A, 0x52, 0x94,
  0xA5, 0x29, 0x29, 0x4A, 0x52, 0x94, 0x21, 0x08, 0x42, 0x0E, 0x73, 0x9C, 0xE7, 0x8C, 0xE4, 0x73, 0x98, 0xE6, 0x39, 0xCC, 0x63, 0x18, 0xC6, 0x31,
  0x8A, 0x52, 0x94, 0xA5, 0x29, 0x08, 0x42, 0x18, 0x84, 0x21, 0x08, 0x42, 0x10, 0x84, 0x21, 0x06, 0x31, 0x8C, 0x63, 0x18, 0xC6, 0x31, 0x8C, 0x63,
  0x18, 0xC6, 0x31, 0x8C, 0x62, 0x10, 0x84, 0x21, 0x08, 0x43, 0x18, 0xC4, 0x21, 0x08, 0x42, 0x10, 0x84, 0x79, 0xD2, 0x91, 0x30, 0x84, 0x21, 0x08,
  0x42, 0x10, 0x84, 0x21, 0x08, 0x42, 0x10, 0x84, 0x21, 0x0A, 0x62, 0x10, 0x84, 0x21, 0x08, 0x42, 0x10, 0x84, 0x21, 0x08, 0x42, 0x10, 0x84, 0x21,
  0x08, 0x42, 0x10, 0x84, 0x21, 0x08, 0x63, 0x18, 0xC6, 0x31, 0x8C, 0x63, 0x18, 0xC6, 0x31, 0x8C, 0x67, 0x61, 0xD8, 0xB3, 0xB5, 0x69, 0x21, 0x08,
  0x42, 0x10, 0x84, 0x21, 0x09, 0xA2, 0x10, 0x84, 0x29, 0x4A, 0x52, 0x94, 0xA5, 0xA2, 0x8C, 0x63, 0x22, 0x73, 0x31, 0x8C, 0x63, 0x9C, 0xE7, 0x39,
  0xCE, 0x73, 0x9D, 0x08, 0x4A, 0x10, 0x84, 0x25, 0x29, 0x4A, 0x52, 0xA5, 0x29, 0x4A, 0x52, 0xD6, 0xA5, 0x2D, 0x6B, 0x5A, 0xD6, 0xC6, 0x31, 0x8C,
  0x6B, 0x5A, 0xD6, 0xB9, 0xCE, 0x73, 0xA1, 0x08, 0x42, 0x10, 0x84, 0x21, 0x0A, 0x52, 0x94, 0xA5, 0x2B, 0x5A, 0xDA, 0xD6, 0xB5, 0xAD, 0x6F, 0x7B,
  0x18, 0xCE, 0x73, 0xCE, 0x73, 0x7B, 0xDE, 0xF9, 0xCE, 0x73, 0x9D, 0xEF, 0xFF, 0xFF, 0xFF, 0xFF, 0xFF, 0xFF, 0xFF, 0xFF, 0xFF, 0xFF, 0xFF, 0xFF,
  0xFF, 0xFF, 0xFF, 0xFF, 0xFF, 0xFF, 0xFF, 0xFF, 0xFF, 0xFF, 0xFF, 0xFF, 0xFF, 0xFF, 0xFF, 0xFF, 0xFF, 0xFF, 0xFF, 0xFF, 0xFF, 0xFF, 0xFF, 0xFF,
  0xFF, 0xFF, 0xFF, 0xFF, 0xFF, 0xFF, 0xFF, 0xFF, 0xFF, 0xFF, 0xFF, 0xFF, 0xFD, 0xEF, 0x39, 0xCE, 0x73, 0x9B, 0xDE, 0xF7, 0x9C, 0xE7, 0x39, 0xC6,
  0x31, 0x8C, 0x5A, 0xD6, 0xB5, 0xAD, 0x5A, 0xD6, 0xB4, 0xA5, 0x29, 0x4A, 0x42, 0x10, 0x84, 0x21, 0x08, 0x4E, 0x91, 0x74, 0x1C, 0xD6, 0xB9, 0xCD,
  0x6B, 0x18, 0xD6, 0xCE, 0x7A, 0x9C, 0xD6, 0xA5, 0x29, 0x4A, 0x52, 0x94, 0xA5, 0x29, 0x29, 0x4A, 0x92, 0x84, 0x21, 0x0A, 0x41, 0xCE, 0x73, 0x9C,
  0xE7, 0x39, 0xCE, 0x73, 0x98, 0xC6, 0x39, 0x8C, 0x63, 0x18, 0xC6, 0x31, 0x4A, 0x52, 0x94, 0xA5, 0x21, 0x4C, 0x62, 0x10, 0x84, 0x21, 0x08, 0x42,
  0x10, 0x84, 0x20, 0xC6, 0x31, 0x8C, 0x63, 0x18, 0xC6, 0x31, 0x8C, 0x63, 0x18, 0xC6, 0x31, 0x88, 0x42, 0x10, 0x84, 0x21, 0x0C, 0x42, 0x10, 0x84,
  0x21, 0x08, 0x42, 0x10, 0x93, 0x3A, 0x4E, 0x26, 0x10, 0x84, 0x21, 0x08, 0x42, 0x10, 0x84, 0x21, 0x08, 0x42, 0x10, 0x84, 0x21, 0x4C, 0xC2, 0x10,
  0x84, 0x21, 0x08, 0x42, 0x18, 0x84, 0x21, 0x08, 0x42, 0x10, 0x84, 0x21, 0x08, 0x42, 0x10, 0x84, 0x21, 0x0C, 0x63, 0x18, 0xC4, 0x21, 0x8C, 0x63,
  0x18, 0xC6, 0x31, 0x8C, 0x64, 0x62, 0x96, 0xB6, 0x1C, 0x63, 0x21, 0x08, 0x42, 0x10, 0x84, 0x21, 0x0F, 0xA2, 0x10, 0x85, 0x21, 0x4A, 0x52, 0x94,
  0xA5, 0xE9, 0x8C, 0x63, 0x1A, 0x53, 0x31, 0x8C, 0x63, 0x1C, 0xE7, 0x39, 0xCE, 0x73, 0x9D, 0x08, 0x42, 0x52, 0x84, 0x21, 0x29, 0x4A, 0x52, 0xA5,
  0x29, 0x4A, 0x52, 0x94, 0xA5, 0x29, 0x6B, 0x5A, 0xD6, 0xC6, 0x31, 0x8C, 0x6B, 0x5A, 0xD7, 0x35, 0xCE, 0x73, 0x9D, 0x08, 0x42, 0x10, 0x84, 0x21,
  0x0A, 0x52, 0x94, 0xA5, 0x2B, 0x5A, 0xD6, 0xD6, 0xB5, 0xAD, 0xDF, 0x63, 0x18, 0xC6, 0x79, 0xCC, 0xE7, 0x7B, 0xDE, 0xF9, 0xCE, 0x73, 0x9C, 0xEF,
  0x7F, 0xFF, 0xFF, 0xFF, 0xFF, 0xFF, 0xFF, 0xFF, 0xFF, 0xFF, 0xFF, 0xFF, 0xFF, 0xFF, 0xFF, 0xFF, 0xFF, 0xFF, 0xFF, 0xFF, 0xFF, 0xFF, 0xFF, 0xFF,
  0xFF, 0xFF, 0xFF, 0xFF, 0xFF, 0xFF, 0xFF, 0xFF, 0xFF, 0xFF, 0xFF, 0xFF, 0xFF, 0xFF, 0xFF, 0xFF, 0xFF, 0xFF, 0xFF, 0xFF, 0xFF, 0xFF, 0xFF, 0xFF,
  0xFD, 0xEF, 0x39, 0xCE, 0x73, 0x9B, 0xDE, 0xF7, 0x9C, 0xE7, 0x39, 0xC6, 0x31, 0x8C, 0x5A, 0xD6, 0xB5, 0xAD, 0x5A, 0xD6, 0x94, 0xA5, 0x29, 0x48,
  0x42, 0x10, 0x84, 0x21, 0x08, 0x4E, 0x8E, 0x73, 0x9C, 0xD6, 0xB5, 0xAD, 0x63, 0x18, 0xC6, 0x32, 0x73, 0xA7, 0x66, 0xA5, 0x29, 0x4A, 0x52, 0x94,
  0xA5, 0x25, 0x2A, 0x4A, 0x54, 0x84, 0x21, 0x0A, 0x51, 0xCE, 0x73, 0x9C, 0xE7, 0x39, 0xCE, 0x73, 0x9C, 0xC6, 0x31, 0x8C, 0x63, 0x18, 0xC6, 0x29,
  0x4A, 0x52, 0x94, 0xA4, 0x21, 0x08, 0x42, 0x10, 0x84, 0x21, 0x08, 0x42, 0x10, 0x83, 0x18, 0xC6, 0x31, 0x8C, 0x63, 0x18, 0xC6, 0x31, 0x8C, 0x63,
  0x18, 0xC6, 0x31, 0x08, 0x42, 0x10, 0x84, 0x31, 0x08, 0x42, 0x10, 0x84, 0x21, 0x08, 0x42, 0x1A, 0x67, 0x49, 0xC4, 0x42, 0x10, 0x84, 0x21, 0x08,
  0x42, 0x10, 0x84, 0x21, 0x08, 0x42, 0x10, 0x84, 0x21, 0x4C, 0x42, 0x10, 0x84, 0x21, 0x08, 0x42, 0x10, 0x84, 0x21, 0x08, 0x42, 0x10, 0x84, 0x21,
  0x08, 0x42, 0x10, 0x84, 0x21, 0x0C, 0x63, 0x18, 0x84, 0x21, 0x08, 0x63, 0x18, 0xC6, 0x31, 0x8C, 0x64, 0x61, 0xC6, 0x33, 0x8C, 0x63, 0x18, 0xC8,
  0x42, 0x10, 0x84, 0x21, 0x2A, 0x42, 0x10, 0x84, 0x21, 0x0A, 0x52, 0x94, 0xA5, 0xA1, 0x8C, 0x63, 0x1A, 0x53, 0x31, 0x8C, 0x63, 0x1C, 0xE7, 0x39,
  0xCE, 0x73, 0x9C, 0xE7, 0x3A, 0x12, 0x94, 0xA1, 0x29, 0x4A, 0x52, 0x95, 0x29, 0x4A, 0x52, 0x94, 0xA5, 0x29, 0x4B, 0x5A, 0xD6, 0xB6, 0x31, 0x8C,
  0x63, 0x5A, 0xD6, 0xB5, 0xCE, 0x73, 0x9D, 0x08, 0x42, 0x10, 0x84, 0x21, 0x18, 0xD2, 0x94, 0xA5, 0x29, 0x5A, 0xD6, 0xD6, 0xB5, 0xBB, 0xEC, 0x63,
  0x18, 0xC6, 0x73, 0x9C, 0xE7, 0x7B, 0xDE, 0xF9, 0xCE, 0x73, 0x9C, 0xEF, 0x7F, 0xFF, 0xFF, 0xFF, 0xFF, 0xFF, 0xFF, 0xFF, 0xFF, 0xFF, 0xFF, 0xFF,
  0xFF, 0xFF, 0xFF, 0xFF, 0xFF, 0xFF, 0xFF, 0xFF, 0xFF, 0xFF, 0xFF, 0xFF, 0xFF, 0xFF, 0xFF, 0xFF, 0xFF, 0xFF, 0xFF, 0xFF, 0xFF, 0xFF, 0xFF, 0xFF,
  0xFF, 0xFF, 0xFF, 0xFF, 0xFF, 0xFF, 0xFF, 0xFF, 0xFF, 0xFF, 0xFF, 0xFF, 0xBD, 0xEF, 0x39, 0xCE, 0x73, 0x7B, 0xDE, 0xF3, 0x9C, 0xE7, 0x38, 0xC6,
  0x31, 0x8B, 0x5A, 0xD6, 0xB5, 0xAB, 0x5A, 0xD6, 0x94, 0xA5, 0x29, 0x48, 0x42, 0x10, 0x84, 0x21, 0x08, 0x46, 0x91, 0x73, 0x9A, 0xD6, 0xB5, 0xAC,
  0x63, 0x18, 0xC6, 0x2E, 0x73, 0x9C, 0xF4, 0xA5, 0x29, 0x4A, 0x52, 0x94, 0xA4, 0xA5, 0x29, 0x4A, 0x50, 0x85, 0x21, 0x07, 0x39, 0xCE, 0x73, 0x9C,
  0xE7, 0x39, 0xCE, 0x73, 0x9C, 0xC6, 0x31, 0x8C, 0x63, 0x18, 0xC5, 0x29, 0x4A, 0x52, 0x94, 0x84, 0x21, 0x08, 0x42, 0x10, 0x84, 0x21, 0x08, 0x42,
  0x10, 0x63, 0x18, 0xC6, 0x31, 0x8C, 0x63, 0x18, 0xC6, 0x31, 0x8C, 0x63, 0x18, 0x84, 0x21, 0x08, 0x62, 0x10, 0x84, 0x21, 0x08, 0x42, 0x10, 0x84,
  0x21, 0x08, 0x43, 0x64, 0xE9, 0x38, 0x8C, 0x42, 0x10, 0x84, 0x21, 0x08, 0x42, 0x10, 0x84, 0x21, 0x08, 0x42, 0x10, 0x84, 0x85, 0xC4, 0x42, 0x10,
  0x84, 0x21, 0x08, 0x42, 0x10, 0x84, 0x21, 0x08, 0x42, 0x10, 0x84, 0x21, 0x08, 0x42, 0x10, 0x84, 0x21, 0x08, 0x42, 0x10, 0x84, 0x21, 0x08, 0x42,
  0x18, 0xC6, 0x31, 0x8C, 0x63, 0x52, 0x86, 0x31, 0x8C, 0x63, 0x18, 0xC6, 0x42, 0x10, 0x84, 0x21, 0x2A, 0x42, 0x10, 0x84, 0x21, 0x08, 0x52, 0x94,
  0xB1, 0x99, 0x8C, 0x63, 0x19, 0x53, 0x31, 0x8C, 0x63, 0x18, 0xE7, 0x39, 0xCE, 0x73, 0x9C, 0xE7, 0x39, 0xD0, 0x94, 0xA1, 0x09, 0x4A, 0x52, 0x94,
  0xA9, 0x4A, 0x52, 0x94, 0xA5, 0x29, 0x4B, 0x5A, 0xD6, 0xC6, 0x31, 0x8C, 0x63, 0x1A, 0xD6, 0xB5, 0xAE, 0x73, 0x9C, 0xE8, 0x42, 0x10, 0x84, 0x21,
  0x08, 0x52, 0x94, 0xA5, 0x29, 0x5A, 0xD6, 0xB6, 0xB5, 0xBD, 0x6B, 0x63, 0x18, 0xC6, 0x33, 0x9C, 0xE7, 0x3B, 0xDE, 0xF7, 0xCE, 0x73, 0x9C, 0xEF,
  0x7B, 0xFF, 0xFF, 0xFF, 0xFF, 0xFF, 0xFF, 0xFF, 0xFF, 0xFF, 0xFF, 0xFF, 0xFF, 0xFF, 0xFF, 0xFF, 0xFF, 0xFF, 0xFF, 0xFF, 0xFF, 0xFF, 0xFF, 0xFF,
  0xFF, 0xFF, 0xFF, 0xFF, 0xFF, 0xFF, 0xFF, 0xFF, 0xFF, 0xFF, 0xFF, 0xFF, 0xFF, 0xFF, 0xFF, 0xFF, 0xFF, 0xFF, 0xFF, 0xFF, 0xFF, 0xFF, 0xFF, 0xFF,
  0xBD, 0xE7, 0x39, 0xDE, 0x73, 0x7B, 0xDE, 0xF3, 0x9C, 0xE7, 0x38, 0xC6, 0x31, 0x8B, 0x5A, 0xD6, 0xB5, 0xAB, 0x5A, 0xD6, 0x94, 0xA5, 0x29, 0x08,
  0x42, 0x10, 0x84, 0x21, 0x08, 0x46, 0x91, 0x83, 0x9C, 0xE7, 0x35, 0xAC, 0x63, 0x18, 0xC6, 0x31, 0xD3, 0x9C, 0xE9, 0x35, 0x29, 0x4A, 0x52, 0x94,
  0xA4, 0xA5, 0x29, 0x4A, 0x10, 0x84, 0x21, 0x08, 0x39, 0xD0, 0x73, 0x9C, 0xE7, 0x39, 0xCC, 0x63, 0x18, 0xC6, 0x31, 0x8C, 0x63, 0x18, 0xA5, 0x29,
  0x4A, 0x52, 0x90, 0x84, 0x21, 0x08, 0x42, 0x10, 0x84, 0x21, 0x08, 0x42, 0x0C, 0x63, 0x18, 0xC6, 0x31, 0x8C, 0x63, 0x18, 0xC6, 0x31, 0x8C, 0x63,
  0x10, 0x86, 0x31, 0x8C, 0x62, 0x10, 0x84, 0x21, 0x08, 0x42, 0x10, 0x84, 0x21, 0x08, 0x71, 0x9D, 0x26, 0xB1, 0x88, 0x42, 0x10, 0x84, 0x21, 0x08,
  0x42, 0x10, 0x84, 0x21, 0x08, 0x42, 0x10, 0xA0, 0x52, 0x0C, 0x42, 0x10, 0x84, 0x21, 0x08, 0x42, 0x10, 0x84, 0x21, 0x08, 0x42, 0x10, 0x84, 0x21,
  0x08, 0x42, 0x10, 0x84, 0x21, 0x08, 0x42, 0x10, 0x84, 0x21, 0x08, 0x42, 0x10, 0xC6, 0x31, 0x8C, 0x63, 0x51, 0xC6, 0x31, 0x8C, 0x63, 0x18, 0xC6,
  0x32, 0x10, 0x84, 0x21, 0x28, 0x42, 0x10, 0x84, 0x21, 0x08, 0x42, 0x94, 0xB3, 0x99, 0x8C, 0x63, 0x18, 0xD3, 0x61, 0x8C, 0x63, 0x18, 0xC7, 0x39,
  0xCE, 0x73, 0x9C, 0xE7, 0x39, 0xD0, 0x94, 0x21, 0x08, 0x4A, 0x52, 0x94, 0xA9, 0x4A, 0x52, 0x94, 0xA5, 0x29, 0x4A, 0x5A, 0xD6, 0xB5, 0xB1, 0x8C,
  0x63, 0x1A, 0xD6, 0xB5, 0xAE, 0x73, 0x9C, 0xE8, 0x42, 0x10, 0x84, 0x21, 0x08, 0xC2, 0x94, 0xA5, 0x2F, 0x5A, 0xD6, 0xB6, 0xB7, 0xB9, 0x6B, 0x63,
  0x18, 0xC6, 0x33, 0x9C, 0xE7, 0x3C, 0xEE, 0xF7, 0xCE, 0x73, 0x9C, 0xE7, 0x7B, 0xFF, 0xFF, 0xFF, 0xFF, 0xFF, 0xFF, 0xFF, 0xFF, 0xFF, 0xFF, 0xFF,
  0xFF, 0xFF, 0xFF, 0xFF, 0xFF, 0xFF, 0xFF, 0xFF, 0xFF, 0xFF, 0xFF, 0xFF, 0xFF, 0xFF, 0xFF, 0xFF, 0xFF, 0xFF, 0xFF, 0xFF, 0xFF, 0xFF, 0xFF, 0xFF,
  0xFF, 0xFF, 0xFF, 0xFF, 0xFF, 0xFF, 0xFF, 0xFF, 0xFF, 0xFF, 0xFF, 0xFF, 0xBD, 0xE7, 0x39, 0xCE, 0x6F, 0x7B, 0xDE, 0x73, 0xCE, 0x67, 0x18, 0xC6,
  0x31, 0x6B, 0x5A, 0xD6, 0xB5, 0x6B, 0x5A, 0xD2, 0x94, 0xA5, 0x29, 0x08, 0x42, 0x10, 0x84, 0x21, 0x08, 0x42, 0x91, 0x73, 0x9C, 0xE7, 0x35, 0x8D,
  0x63, 0x58, 0xB6, 0x2D, 0x91, 0x9C, 0xD5, 0x45, 0x29, 0x4A, 0x52, 0x94, 0x94, 0xA5, 0x29, 0x42, 0x12, 0x84, 0x20, 0xE7, 0x51, 0xD0, 0x73, 0x9C,
  0xE7, 0x39, 0xCC, 0x63, 0x1C, 0xC6, 0x31, 0x8C, 0x63, 0x14, 0xA5, 0x29, 0x4A, 0x52, 0x10, 0x84, 0x21, 0x08, 0x42, 0x10, 0x84, 0x21, 0x08, 0x41,
  0x8C, 0x63, 0x18, 0xC6, 0x31, 0x8C, 0x63, 0x18, 0xC6, 0x31, 0x8C, 0x42, 0x10, 0x84, 0x21, 0x8C, 0x42, 0x10, 0x84, 0x21, 0x08, 0x42, 0x10, 0x84,
  0x21, 0x0E, 0x33, 0xA4, 0xD2, 0x21, 0x08, 0x42, 0x10, 0x84, 0x21, 0x08, 0x42, 0x10, 0x84, 0x21, 0x08, 0x42, 0x2C, 0x84, 0x23, 0x08, 0x42, 0x10,
  0x84, 0x21, 0x08, 0x62, 0x10, 0x84, 0x21, 0x08, 0x42, 0x10, 0x84, 0x21, 0x08, 0x42, 0x10, 0x84, 0x21, 0x08, 0x42, 0x10, 0x84, 0x21, 0x08, 0x42,
  0x10, 0x86, 0x31, 0x8C, 0x64, 0x61, 0x46, 0x31, 0x8C, 0x63, 0x18, 0xC6, 0x31, 0x90, 0x84, 0x21, 0x34, 0x42, 0x10, 0x84, 0x21, 0x08, 0x52, 0x94,
  0xB1, 0x99, 0x8C, 0x53, 0x18, 0xD3, 0x91, 0x8C, 0x63, 0x18, 0xC6, 0x39, 0xCE, 0x73, 0x9C, 0xE7, 0x39, 0xCE, 0x84, 0x21, 0x08, 0x42, 0x52, 0x94,
  0xA5, 0x4A, 0x52, 0x94, 0xA5, 0x29, 0x4A, 0x5A, 0xD6, 0xB5, 0xAD, 0x8C, 0x63, 0x18, 0xD6, 0xB5, 0xAD, 0x73, 0x9C, 0xE7, 0x42, 0x10, 0x84, 0x21,
  0x08, 0xC2, 0x94, 0xBD, 0x29, 0x4A, 0xD6, 0xB5, 0xE7, 0xAD, 0x6B, 0x5B, 0x18, 0xC6, 0x31, 0x9C, 0xE7, 0xBE, 0xF7, 0x7D, 0xBE, 0x73, 0x9C, 0xE7,
  0x7B, 0xFF, 0xFF, 0xFF, 0xFF, 0xFF, 0xFF, 0xFF, 0xFF, 0xFF, 0xFF, 0xFF, 0xFF, 0xFF, 0xFF, 0xFF, 0xFF, 0xFF, 0xFF, 0xFF, 0xFF, 0xFF, 0xFF, 0xFF,
  0xFF, 0xFF, 0xFF, 0xFF, 0xFF, 0xFF, 0xFF, 0xFF, 0xFF, 0xFF, 0xFF, 0xFF, 0xFF, 0xFF, 0xFF, 0xFF, 0xFF, 0xFF, 0xFF, 0xFF, 0xFF, 0xFF, 0xFF, 0xF7,
  0xBC, 0xE7, 0x39, 0xCE, 0x6F, 0x7B, 0xDE, 0x79, 0xCC, 0xE7, 0x18, 0xC6, 0x31, 0x6C, 0x5A, 0xD6, 0xB5, 0x6B, 0x5A, 0xD2, 0x94, 0xA5, 0x21, 0x08,
  0x42, 0x10, 0x84, 0x21, 0x08, 0x42, 0x93, 0x73, 0x9C, 0xE6, 0xB5, 0x8D, 0x6B, 0x58, 0xB6, 0x2D, 0x8B, 0x8C, 0x15, 0x09, 0xA9, 0x4A, 0x52, 0x92,
  0x94, 0xA5, 0x29, 0x42, 0x52, 0x94, 0x20, 0xE7, 0x3A, 0x4E, 0x73, 0x9C, 0xE7, 0x31, 0x8C, 0x63, 0x98, 0xC6, 0x31, 0x8C, 0x62, 0x94, 0xA5, 0x29,
  0x4A, 0x42, 0x10, 0x84, 0x21, 0x08, 0x42, 0x10, 0x84, 0x21, 0x06, 0x31, 0x8C, 0x63, 0x18, 0xC6, 0x31, 0x8C, 0x63, 0x18, 0xC6, 0x31, 0x08, 0x42,
  0x10, 0x84, 0x21, 0x08, 0x42, 0x10, 0x84, 0x21, 0x08, 0x42, 0x10, 0x84, 0x21, 0xAE, 0x74, 0x9A, 0x44, 0x21, 0x08, 0x42, 0x10, 0x84, 0x21, 0x08,
  0x42, 0x10, 0x84, 0x21, 0x08, 0x4C, 0x60, 0x84, 0x21, 0x08, 0x42, 0x10, 0x84, 0x21, 0x88, 0x42, 0x10, 0x84, 0x21, 0x08, 0x42, 0x10, 0x84, 0x21,
  0x08, 0x42, 0x10, 0x84, 0x21, 0x0C, 0x42, 0x10, 0x84, 0x21, 0x08, 0x42, 0x10, 0x86, 0x31, 0x8C, 0x69, 0x61, 0x06, 0x31, 0x8C, 0x63, 0x18, 0xC6,
  0x31, 0x8C, 0x64, 0x21, 0x1D, 0x42, 0x10, 0x84, 0x21, 0x0A, 0x52, 0x94, 0xA5, 0xD1, 0x4A, 0x52, 0x98, 0xD0, 0x99, 0x8C, 0x63, 0x18, 0xC6, 0x31,
  0xCE, 0x73, 0x9C, 0xE7, 0x39, 0xCE, 0x74, 0x21, 0x08, 0x42, 0x52, 0x94, 0xA5, 0x2A, 0x52, 0x94, 0xA5, 0x29, 0x4A, 0x52, 0xD6, 0xB5, 0xAD, 0x8C,
  0x63, 0x18, 0xD6, 0xB9, 0xAD, 0x73, 0x9C, 0xE7, 0x42, 0x10, 0x84, 0x21, 0x08, 0x42, 0x34, 0xA5, 0x29, 0x4A, 0xD6, 0xB5, 0xF5, 0xAD, 0x6B, 0x5B,
  0x18, 0xC6, 0x31, 0x9E, 0xFB, 0xD9, 0xDF, 0x7D, 0xDE, 0x73, 0xBD, 0xEF, 0x7B, 0xDF, 0xFF, 0xFF, 0xFF, 0xFF, 0xFF, 0xFF, 0xFF, 0xFF, 0xFF, 0xFF,
  0xFF, 0xFF, 0xFF, 0xFF, 0xFF, 0xFF, 0xFF, 0xFF, 0xFF, 0xFF, 0xFF, 0xFF, 0xFF, 0xFF, 0xFF, 0xFF, 0xFF, 0xFF, 0xFF, 0xFF, 0xFF, 0xFF, 0xFF, 0xFF,
  0xFF, 0xFF, 0xFF, 0xFF, 0xFF, 0xFF, 0xFF, 0xFF, 0xFF, 0xFF, 0xFF, 0xF7, 0xBC, 0xE7, 0x39, 0xCD, 0xEF, 0xBB, 0xDE, 0x73, 0x9C, 0xE3, 0x18, 0xC6,
  0x2D, 0x6C, 0x62, 0xD6, 0xAD, 0x6B, 0x5A, 0x52, 0x94, 0xA5, 0x21, 0x08, 0x42, 0x10, 0x84, 0x20, 0xEA, 0x52, 0x93, 0x6B, 0x5A, 0xD6, 0xB5, 0xAD,
  0x6B, 0x18, 0xC5, 0xB1, 0x6A, 0x52, 0x95, 0x09, 0xA9, 0x4A, 0x52, 0x92, 0x94, 0xA5, 0x28, 0x42, 0x10, 0x94, 0x1C, 0xE7, 0x39, 0xD2, 0x73, 0x9C,
  0xE7, 0x31, 0x8C, 0x63, 0x18, 0xC6, 0x31, 0x8C, 0x52, 0x94, 0xA5, 0x29, 0x48, 0x42, 0x10, 0x84, 0x21, 0x08, 0x42, 0x10, 0x84, 0x20, 0xC6, 0x31,
  0x8C, 0x63, 0x18, 0xC6, 0x31, 0x8C, 0x63, 0x18, 0xC6, 0x21, 0x08, 0x42, 0x10, 0x84, 0x21, 0x08, 0x42, 0x10, 0x84, 0x21, 0x08, 0x42, 0x10, 0x84,
  0x38, 0x4E, 0x93, 0x48, 0x84, 0x21, 0x08, 0x42, 0x10, 0x84, 0x21, 0x08, 0x42, 0x10, 0x84, 0x21, 0x0A, 0x45, 0x10, 0x84, 0x21, 0x08, 0x42, 0x10,
  0x84, 0x21, 0x08, 0x42, 0x10, 0x84, 0x21, 0x08, 0x42, 0x10, 0x84, 0x21, 0x08, 0x42, 0x10, 0x84, 0x21, 0x08, 0x42, 0x10, 0x84, 0x21, 0x08, 0x42,
  0x10, 0xC6, 0x31, 0x8C, 0x63, 0x18, 0xC6, 0x31, 0x8C, 0x63, 0x18, 0xC6, 0x31, 0x8C, 0x63, 0x21, 0x08, 0x7C, 0x90, 0x84, 0x21, 0x08, 0x52, 0x94,
  0x85, 0xD1, 0x4A, 0x53, 0x18, 0xD3, 0x99, 0x8C, 0x63, 0x18, 0xC6, 0x31, 0xCE, 0x73, 0x9C, 0xE7, 0x39, 0xCE, 0x74, 0x21, 0x08, 0x42, 0x12, 0x94,
  0xA5, 0x2A, 0x52, 0x94, 0xA5, 0x29, 0x4A, 0x52, 0x96, 0xB5, 0xAD, 0x6C, 0x63, 0x18, 0xC6, 0xB5, 0xAD, 0x6B, 0x9C, 0xE7, 0x3A, 0x10, 0x84, 0x21,
  0x08, 0x46, 0x14, 0xA5, 0x29, 0x4A, 0x56, 0xBA, 0xED, 0xAD, 0x6B, 0x5A, 0xD8, 0xC6, 0x31, 0xCF, 0x77, 0x39, 0xDE, 0xFD, 0xEF, 0x77, 0xBE, 0xEF,
  0x7B, 0xDF, 0xFF, 0xFF, 0xFF, 0xFF, 0xFF, 0xFF, 0xFF, 0xFF, 0xFF, 0xFF, 0xFF, 0xFF, 0xFF, 0xFF, 0xFF, 0xFF, 0xFF, 0xFF, 0xFF, 0xFF, 0xFF, 0xFF,
  0xFF, 0xFF, 0xFF, 0xFF, 0xFF, 0xFF, 0xFF, 0xFF, 0xFF, 0xFF, 0xFF, 0xFF, 0xFF, 0xFF, 0xFF, 0xFF, 0xFF, 0xFF, 0xFF, 0xFF, 0xFF, 0xFF, 0xFE, 0xF7,
  0xBC, 0xE7, 0x39, 0xCD, 0xEF, 0x7B, 0xCE, 0x73, 0xCC, 0xE3, 0x18, 0xC6, 0x31, 0x6B, 0x5A, 0xD6, 0xAD, 0x6B, 0x5A, 0x52, 0x94, 0xA4, 0x21, 0x08,
  0x42, 0x10, 0x84, 0x20, 0xEA, 0x52, 0x93, 0x6B, 0x5C, 0xE6, 0xB5, 0xAD, 0x6B, 0x18, 0xC6, 0x31, 0x6A, 0x52, 0x95, 0x76, 0x29, 0x4A, 0x52, 0x52,
  0x94, 0xA5, 0x28, 0x42, 0x10, 0x83, 0x9C, 0xE7, 0x39, 0xCE, 0x73, 0x9C, 0xE6, 0x31, 0x8E, 0x73, 0x18, 0xC6, 0x31, 0x8A, 0x52, 0x94, 0xA6, 0x29,
  0x48, 0x42, 0x10, 0x84, 0x21, 0x08, 0x42, 0x10, 0x84, 0x18, 0xC6, 0x31, 0x8C, 0x63, 0x18, 0xC6, 0x31, 0x8C, 0x63, 0x18, 0x84, 0x21, 0x08, 0x42,
  0x10, 0x84, 0x21, 0x08, 0x42, 0x10, 0x84, 0x21, 0x08, 0x42, 0x10, 0x87, 0x29, 0xD2, 0x69, 0x10, 0x84, 0x21, 0x08, 0x42, 0x10, 0x84, 0x21, 0x08,
  0x42, 0x10, 0x84, 0x21, 0x29, 0x82, 0x30, 0x84, 0x21, 0x08, 0x42, 0x10, 0x84, 0x21, 0x08, 0x42, 0x10, 0x84, 0x21, 0x08, 0x42, 0x10, 0x84, 0x21,
  0x08, 0x42, 0x10, 0x86, 0x21, 0x08, 0x42, 0x10, 0x84, 0x21, 0x08, 0x42, 0x10, 0xC6, 0x31, 0x8C, 0x62, 0x18, 0xC6, 0x31, 0x8C, 0x63, 0x18, 0xC6,
  0x31, 0x8C, 0x63, 0x19, 0x08, 0x43, 0x64, 0x84, 0x21, 0x08, 0x42, 0x10, 0x85, 0x9B, 0x4A, 0x53, 0x18, 0xB3, 0x81, 0x8C, 0x63, 0x18, 0xC6, 0x31,
  0x8E, 0x73, 0x9C, 0xE7, 0x39, 0xCE, 0x73, 0xA1, 0x08, 0x42, 0x12, 0x94, 0xA5, 0x29, 0x52, 0x94, 0xA5, 0x29, 0x4A, 0x52, 0x96, 0xB5, 0xAD, 0x6C,
  0x63, 0x18, 0xC6, 0xB5, 0xAD, 0x6B, 0x9C, 0xE7, 0x3A, 0x10, 0x84, 0x21, 0x08, 0xC2, 0x10, 0xA5, 0x29, 0x4A, 0x56, 0xBE, 0xED, 0xAD, 0x6B, 0x5A,
  0xD8, 0xC6, 0x31, 0xDE, 0xE7, 0x39, 0xCE, 0xF7, 0xDF, 0x7B, 0xDD, 0xE7, 0x3B, 0xDE, 0xFF, 0xFF, 0xFF, 0xFF, 0xFF, 0xFF, 0xFF, 0xFF, 0xFF, 0xFF,
  0xFF, 0xFF, 0xFF, 0xFF, 0xFF, 0xFF, 0xFF, 0xFF, 0xFF, 0xFF, 0xFF, 0xFF, 0xFF, 0xFF, 0xFF, 0xFF, 0xFF, 0xFF, 0xFF, 0xFF, 0xFF, 0xFF, 0xFF, 0xFF,
  0xFF, 0xFF, 0xFF, 0xFF, 0xFF, 0xFF, 0xFF, 0xFF, 0xFF, 0xFF, 0xFE, 0xF7, 0x9C, 0xE7, 0x39, 0xCD, 0xEF, 0x7B, 0xCF, 0x33, 0x9C, 0xE3, 0x18, 0xC5,
  0xAD, 0x6B, 0x5A, 0xD6, 0xAD, 0x6B, 0x4A, 0x52, 0x94, 0xA4, 0x61, 0x08, 0x42, 0x10, 0x84, 0x21, 0x1A, 0x45, 0xD1, 0x83, 0x9A, 0xD6, 0x35, 0xAD,
  0x63, 0x18, 0xB6, 0x2D, 0x4A, 0x52, 0xA7, 0x05, 0x29, 0x4A, 0x52, 0x52, 0x94, 0xA5, 0x08, 0x42, 0x10, 0x83, 0x9C, 0xE7, 0x39, 0xCE, 0x73, 0x9C,
  0xE7, 0x39, 0xCC, 0x63, 0x18, 0xC6, 0x31, 0x4A, 0x52, 0x94, 0xA5, 0x29, 0x08, 0x42, 0x10, 0x84, 0x21, 0x08, 0x42, 0x10, 0x83, 0x18, 0xC6, 0x31,
  0x8C, 0x63, 0x18, 0xC6, 0x31, 0x8C, 0x63, 0x10, 0x84, 0x31, 0x08, 0x42, 0x10, 0x84, 0x21, 0x08, 0x42, 0x10, 0x84, 0x21, 0x08, 0x42, 0x10, 0x93,
  0x3A, 0x4C, 0xE2, 0x10, 0x84, 0x21, 0x08, 0x42, 0x10, 0x84, 0x21, 0x08, 0x41, 0x08, 0x42, 0x18, 0xA8, 0x25, 0x10, 0x4A, 0x10, 0x84, 0x21, 0x08,
  0x44, 0x21, 0x08, 0x42, 0x10, 0x84, 0x21, 0x08, 0x42, 0x10, 0x84, 0x21, 0x08, 0x42, 0x10, 0xC4, 0x21, 0x08, 0x42, 0x10, 0x84, 0x21, 0x08, 0x42,
  0x10, 0x86, 0x31, 0x8C, 0x42, 0x10, 0xC6, 0x31, 0x9C, 0x63, 0x18, 0xC6, 0x31, 0x8C, 0x63, 0x18, 0xC8, 0x42, 0x1F, 0x33, 0x21, 0x08, 0x42, 0x10,
  0x84, 0xA4, 0x0A, 0x52, 0x94, 0xB3, 0x51, 0x8C, 0x63, 0x18, 0xC6, 0x31, 0x8C, 0x73, 0x9C, 0xE7, 0x39, 0xCE, 0x73, 0x9D, 0x08, 0x42, 0x10, 0x94,
  0xA5, 0x29, 0x52, 0x94, 0xA5, 0x29, 0x4A, 0x52, 0x94, 0xB6, 0x2D, 0x6B, 0x63, 0x18, 0xC6, 0x35, 0xAD, 0x6B, 0x5C, 0xE7, 0x39, 0xD0, 0x84, 0x21,
  0x08, 0x42, 0x10, 0xA5, 0x29, 0x4A, 0x52, 0xBE, 0xCD, 0xAD, 0x6B, 0x5A, 0xD6, 0xC6, 0x39, 0xEC, 0xE7, 0x39, 0xCE, 0xF7, 0xBE, 0x73, 0xBC, 0xE7,
  0x39, 0xDE, 0xFF, 0xFF, 0xFF, 0xFF, 0xFF, 0xFF, 0xFF, 0xFF, 0xFF, 0xFF, 0xFF, 0xFF, 0xFF, 0xFF, 0xFF, 0xFF, 0xFF, 0xFF, 0xFF, 0xFF, 0xFF, 0xFF,
  0xFF, 0xFF, 0xFF, 0xFF, 0xFF, 0xFF, 0xFF, 0xFF, 0xFF, 0xFF, 0xFF, 0xFF, 0xFF, 0xFF, 0xFF, 0xFF, 0xFF, 0xFF, 0xFF, 0xFF, 0xFF, 0xFF, 0xFE, 0xF7,
  0x9C, 0xE7, 0x39, 0xBD, 0xEF, 0x79, 0xCE, 0x73, 0x9C, 0x63, 0x18, 0xC5, 0xAD, 0x6B, 0x5A, 0xD5, 0xAD, 0x6B, 0x4A, 0x56, 0x94, 0x8C, 0x61, 0x08,
  0x42, 0x10, 0x84, 0x21, 0x39, 0xB9, 0xCE, 0x73, 0x9A, 0xD6, 0xB5, 0xAD, 0x63, 0x16, 0xB6, 0x2D, 0x6A, 0x62, 0xA6, 0xC5, 0x29, 0x4A, 0x4A, 0x52,
  0x94, 0xA1, 0x08, 0x4A, 0x50, 0x73, 0x9D, 0x27, 0x39, 0xCE, 0x73, 0x98, 0xC7, 0x39, 0xCC, 0x63, 0x18, 0xC6, 0x31, 0x4A, 0x52, 0x94, 0xA5, 0x21,
  0x08, 0x42, 0x10, 0x84, 0x21, 0x08, 0x42, 0x10, 0x63, 0x18, 0xC6, 0x31, 0x8C, 0x63, 0x18, 0xC6, 0x31, 0x8C, 0x63, 0x18, 0x84, 0x21, 0x08, 0x42,
  0x10, 0x84, 0x21, 0x08, 0x42, 0x10, 0x84, 0x21, 0x08, 0x42, 0x10, 0xE5, 0x49, 0xA4, 0x42, 0x10, 0x84, 0x21, 0x08, 0x42, 0x10, 0x42, 0x10, 0x84,
  0x22, 0x08, 0x51, 0x31, 0x04, 0xA2, 0x09, 0x42, 0x10, 0x84, 0x21, 0x08, 0x44, 0x10, 0x84, 0x21, 0x10, 0x84, 0x21, 0x08, 0x42, 0x10, 0x84, 0x21,
  0x08, 0x42, 0x18, 0x84, 0x21, 0x08, 0x42, 0x10, 0x84, 0x21, 0x88, 0x42, 0x10, 0x84, 0x31, 0x88, 0x42, 0x10, 0x86, 0x31, 0x9C, 0x63, 0x18, 0xC6,
  0x31, 0x8C, 0x63, 0x18, 0xC6, 0x42, 0x10, 0x93, 0xA1, 0x08, 0x42, 0x10, 0x84, 0xA2, 0x0A, 0x53, 0x16, 0x13, 0x31, 0x8C, 0x63, 0x18, 0xC6, 0x31,
  0x8C, 0x63, 0x9C, 0xE7, 0x39, 0xCE, 0x73, 0x9D, 0x08, 0x42, 0x10, 0x84, 0xA5, 0x29, 0x4A, 0x94, 0xA5, 0x29, 0x4A, 0x52, 0x94, 0xB5, 0xAD, 0x6B,
  0x63, 0x18, 0xC6, 0x35, 0xAD, 0x6B, 0x5C, 0xE7, 0x3A, 0x30, 0x84, 0x21, 0x08, 0x42, 0x10, 0x85, 0x29, 0x4A, 0x52, 0xBD, 0xED, 0x6D, 0x6B, 0x5A,
  0xD6, 0xC6, 0x3D, 0xDC, 0x67, 0x39, 0xCE, 0x77, 0xCE, 0x6F, 0x9C, 0xE7, 0x39, 0xDE, 0xFF, 0xFF, 0xFF, 0xFF, 0xFF, 0xFF, 0xFF, 0xFF, 0xFF, 0xFF,
  0xFF, 0xFF, 0xFF, 0xFF, 0xFF, 0xFF, 0xFF, 0xFF, 0xFF, 0xFF, 0xFF, 0xFF, 0xFF, 0xFF, 0xFF, 0xFF, 0xFF, 0xFF, 0xFF, 0xFF, 0xFF, 0xFF, 0xFF, 0xFF,
  0xFF, 0xFF, 0xFF, 0xFF, 0xFF, 0xFF, 0xFF, 0xFF, 0xFF, 0xFF, 0xDE, 0xF3, 0x9C, 0xE7, 0x39, 0xBD, 0xF3, 0x79, 0xCE, 0x73, 0x9C, 0x63, 0x18, 0xC5,
  0xAD, 0x6B, 0x5A, 0xD5, 0xAD, 0x69, 0x4A, 0x52, 0x94, 0x8C, 0x61, 0x08, 0x42, 0x10, 0x84, 0x21, 0x49, 0xB9, 0xCE, 0x73, 0x9A, 0xD6, 0xB1, 0xAC,
  0x62, 0xD6, 0xC5, 0xAD, 0x4A, 0x52, 0xA8, 0xC5, 0x29, 0x49, 0x4A, 0x52, 0x94, 0xA1, 0x09, 0x4A, 0x10, 0x83, 0x9C, 0xE7, 0x3A, 0x4E, 0x73, 0x98,
  0xC6, 0x39, 0x8C, 0x63, 0x18, 0xC6, 0x29, 0x4A, 0x52, 0x94, 0xA4, 0x21, 0x08, 0x42, 0x10, 0x84, 0x21, 0x08, 0x42, 0x0C, 0x63, 0x18, 0xC6, 0x31,
  0x8C, 0x63, 0x18, 0xC6, 0x31, 0x8C, 0x43, 0x10, 0x84, 0x21, 0x08, 0x42, 0x10, 0x84, 0x21, 0x08, 0x42, 0x10, 0x84, 0x21, 0x08, 0x42, 0x12, 0xE7,
  0x49, 0x08, 0x42, 0x10, 0x84, 0x21, 0x04, 0x21, 0x08, 0x42, 0x10, 0x84, 0x21, 0x14, 0xCE, 0x10, 0x88, 0x41, 0x10, 0x42, 0x11, 0x04, 0x22, 0x10,
  0x84, 0x10, 0x84, 0x41, 0x08, 0x84, 0x11, 0x08, 0x42, 0x10, 0x84, 0x21, 0x08, 0x42, 0x10, 0x84, 0x21, 0x08, 0x42, 0x10, 0x84, 0x24, 0x0C, 0x42,
  0x10, 0x84, 0x21, 0x08, 0x42, 0x10, 0x84, 0x33, 0x8C, 0x63, 0x18, 0xC6, 0x31, 0x8C, 0x63, 0x18, 0xC6, 0x32, 0x10, 0x84, 0x9E, 0xB5, 0x33, 0x10,
  0x84, 0xD1, 0x4A, 0x52, 0xAA, 0x66, 0x29, 0x8C, 0x63, 0x18, 0xC6, 0x31, 0x8C, 0x63, 0x9C, 0xE7, 0x39, 0xCE, 0x73, 0x9C, 0xE8, 0x42, 0x10, 0x84,
  0xA5, 0x29, 0x4A, 0x54, 0xA5, 0x29, 0x4A, 0x52, 0x94, 0xA5, 0xAD, 0x6B, 0x5B, 0x18, 0xC6, 0x31, 0xAD, 0x6B, 0x5A, 0xE7, 0x39, 0xD0, 0x84, 0x21,
  0x08, 0x42, 0x10, 0x85, 0x29, 0x4A, 0x52, 0x95, 0xF6, 0x7B, 0xDE, 0xF7, 0xBD, 0xC7, 0x7B, 0x9C, 0x67, 0x39, 0xCE, 0x79, 0xBE, 0x6F, 0x9C, 0xE7,
  0x39, 0xCE, 0xF7, 0xFF, 0xFF, 0xFF, 0xFF, 0xFF, 0xFF, 0xFF, 0xFF, 0xFF, 0xFF, 0xFF, 0xFF, 0xFF, 0xFF, 0xFF, 0xFF, 0xFF, 0xFF, 0xFF, 0xFF, 0xFF,
  0xFF, 0xFF, 0xFF, 0xFF, 0xFF, 0xFF, 0xFF, 0xFF, 0xFF, 0xFF, 0xFF, 0xFF, 0xFF, 0xFF, 0xFF, 0xFF, 0xFF, 0xFF, 0xFF, 0xFF, 0xFF, 0xFF, 0xDE, 0xF3,
  0x9C, 0xE7, 0x37, 0xCE, 0xEF, 0x79, 0xCE, 0x73, 0x8C, 0x63, 0x18, 0xB5, 0xAD, 0x6B, 0x5A, 0xB5, 0xAD, 0x6B, 0x4A, 0xD2, 0x94, 0x8C, 0x61, 0x08,
  0x42, 0x10, 0x84, 0x23, 0x48, 0xB9, 0xAD, 0x6B, 0x5A, 0xD6, 0xB1, 0x8C, 0x5A, 0xD6, 0xC5, 0xAD, 0x4B, 0x54, 0xAA, 0xA5, 0x29, 0x49, 0x4A, 0x92,
  0x94, 0x21, 0x08, 0x42, 0x0E, 0x73, 0x9C, 0xE7, 0x39, 0xCE, 0x73, 0x18, 0xC6, 0x31, 0x8C, 0x63, 0x18, 0xC5, 0x29, 0x4A, 0x52, 0x94, 0x84, 0x21,
  0x08, 0x42, 0x10, 0x84, 0x21, 0x08, 0x41, 0x8C, 0x63, 0x18, 0xC6, 0x31, 0x8C, 0x63, 0x18, 0xC6, 0x31, 0x0C, 0x62, 0x10, 0x84, 0x21, 0x08, 0x42,
  0x10, 0x84, 0x21, 0x08, 0x42, 0x10, 0x84, 0x21, 0x08, 0x65, 0x74, 0xE9, 0x32, 0x88, 0x42, 0x10, 0x84, 0x10, 0x84, 0x21, 0x08, 0x42, 0x10, 0x84,
  0x4A, 0x90, 0x84, 0x10, 0x84, 0x21, 0x08, 0x42, 0x10, 0x84, 0x22, 0x10, 0x84, 0x10, 0x84, 0x22, 0x08, 0x42, 0x10, 0x84, 0x41, 0x10, 0x84, 0x21,
  0x08, 0x42, 0x10, 0x84, 0x21, 0x08, 0x42, 0x10, 0x84, 0x85, 0x28, 0xA2, 0x10, 0x84, 0x21, 0x08, 0x42, 0x10, 0x8C, 0x63, 0x0C, 0x63, 0x18, 0xC6,
  0x31, 0x8C, 0x63, 0x18, 0xC6, 0x31, 0x90, 0x84, 0x21, 0x09, 0x3D, 0x10, 0x88, 0xA1, 0x08, 0x52, 0xCE, 0x65, 0x29, 0x4C, 0x63, 0x18, 0xC6, 0x31,
  0x8C, 0x63, 0x1C, 0xE7, 0x39, 0xCE, 0x73, 0x9C, 0xE7, 0x42, 0x10, 0x84, 0x25, 0x29, 0x4A, 0x54, 0xA5, 0x29, 0x4A, 0x52, 0x96, 0xA5, 0xAD, 0x6B,
  0x5B, 0x18, 0xC6, 0x31, 0xAD, 0x6B, 0x5A, 0xE7, 0x39, 0xCE, 0x84, 0x21, 0x08, 0x42, 0x10, 0x85, 0x29, 0x4A, 0x52, 0x95, 0xAF, 0xBD, 0xDE, 0xDB,
  0x1D, 0xEF, 0x71, 0x8C, 0x63, 0x39, 0xCE, 0x77, 0xBD, 0xEF, 0x7C, 0xE7, 0x79, 0xCE, 0xF7, 0xFF, 0xFF, 0xFF, 0xFF, 0xFF, 0xFF, 0xFF, 0xFF, 0xFF,
  0xFF, 0xFF, 0xFF, 0xFF, 0xFF, 0xFF, 0xFF, 0xFF, 0xFF, 0xFF, 0xFF, 0xFF, 0xFF, 0xFF, 0xFF, 0xFF, 0xFF, 0xFF, 0xFF, 0xFF, 0xFF, 0xFF, 0xFF, 0xFF,
  0xFF, 0xFF, 0xFF, 0xFF, 0xFF, 0xFF, 0xFF, 0xFF, 0xFF, 0xFF, 0xDE, 0xF3, 0x9C, 0xE7, 0x37, 0xBD, 0xEF, 0x39, 0xCE, 0x73, 0x9C, 0x63, 0x18, 0xB5,
  0xAD, 0x6B, 0x5A, 0xB5, 0xAD, 0x29, 0x4A, 0xD2, 0x91, 0x8C, 0x21, 0x08, 0x42, 0x10, 0x74, 0x23, 0x49, 0xB9, 0xAD, 0x6B, 0x58, 0xC6, 0xB5, 0x8B,
  0x5A, 0xD6, 0xB5, 0xA9, 0x4A, 0x55, 0x14, 0xA5, 0x29, 0x2A, 0x4A, 0x54, 0x84, 0x21, 0x08, 0x41, 0xCE, 0x73, 0x9C, 0xE7, 0x39, 0xCE, 0x63, 0x18,
  0xC6, 0x31, 0x8C, 0x63, 0x18, 0xA5, 0x29, 0x4A, 0x52, 0x90, 0x84, 0x21, 0x08, 0x42, 0x10, 0x84, 0x21, 0x08, 0x31, 0x8C, 0x63, 0x18, 0xC6, 0x31,
  0x8C, 0x63, 0x18, 0xC6, 0x21, 0x08, 0x42, 0x10, 0x84, 0x21, 0x08, 0x42, 0x10, 0x84, 0x21, 0x08, 0x42, 0x10, 0x84, 0x21, 0x16, 0x53, 0xA5, 0x26,
  0x91, 0x08, 0x42, 0x10, 0x42, 0x10, 0x84, 0x21, 0x08, 0x42, 0x10, 0x8E, 0x83, 0x09, 0x44, 0x10, 0x84, 0x21, 0x08, 0x42, 0x10, 0x84, 0x21, 0x08,
  0x42, 0x10, 0x84, 0x21, 0x08, 0x42, 0x11, 0x04, 0x21, 0x08, 0x82, 0x21, 0x08, 0x42, 0x10, 0x84, 0x21, 0x08, 0x42, 0x10, 0x84, 0x41, 0xA9, 0x4A,
  0x28, 0x84, 0x21, 0x08, 0x42, 0x31, 0x8C, 0x21, 0x08, 0x63, 0x18, 0xC6, 0x31, 0x8C, 0x63, 0x18, 0xC6, 0x31, 0x8C, 0x84, 0x21, 0x08, 0x43, 0x68,
  0xF3, 0x81, 0x08, 0x42, 0xCC, 0xC5, 0x29, 0xCA, 0x63, 0x18, 0xC6, 0x31, 0x8C, 0x63, 0x18, 0xE7, 0x39, 0xCE, 0x73, 0x9C, 0xE7, 0x42, 0x10, 0x84,
  0x21, 0x29, 0x4A, 0x52, 0xA5, 0x29, 0x4A, 0x52, 0x94, 0xA5, 0x2D, 0x6B, 0x5A, 0xD8, 0xC6, 0x31, 0x8D, 0x6B, 0x5A, 0xD7, 0x39, 0xD0, 0x74, 0x21,
  0x08, 0x42, 0x10, 0x84, 0x69, 0x4A, 0x52, 0x94, 0xAF, 0xBD, 0xED, 0xDA, 0xD6, 0xEE, 0x31, 0x8C, 0x63, 0x39, 0xCE, 0x73, 0xBD, 0xEF, 0x7C, 0xE7,
  0x39, 0xCE, 0xFB, 0xFF, 0xFF, 0xFF, 0xFF, 0xFF, 0xFF, 0xFF, 0xFF, 0xFF, 0xFF, 0xFF, 0xFF, 0xFF, 0xFF, 0xFF, 0xFF, 0xFF, 0xFF, 0xFF, 0xFF, 0xFF,
  0xFF, 0xFF, 0xFF, 0xFF, 0xFF, 0xFF, 0xFF, 0xFF, 0xFF, 0xFF, 0xFF, 0xFF, 0xFF, 0xFF, 0xFF, 0xFF, 0xFF, 0xFF, 0xFF, 0xFF, 0xFF, 0xFB, 0xDE, 0x73,
  0x9C, 0xE7, 0x37, 0xBD, 0xEF, 0x9C, 0xCE, 0x73, 0x8C, 0x63, 0x16, 0xB5, 0xB1, 0x6B, 0x56, 0xB5, 0xAD, 0x29, 0x4A, 0x52, 0x91, 0x8C, 0x21, 0x08,
  0x42, 0x10, 0x84, 0x21, 0x3A, 0x4E, 0x71, 0x73, 0x58, 0xD6, 0x31, 0x8B, 0x5A, 0xD6, 0xB5, 0xA9, 0x4A, 0x55, 0x54, 0xA5, 0x29, 0x29, 0x52, 0x52,
  0x84, 0x21, 0x08, 0x39, 0xCE, 0x73, 0x9C, 0xE7, 0x39, 0xCE, 0x63, 0x18, 0xC6, 0x31, 0x8C, 0x63, 0x18, 0xE5, 0x29, 0x4A, 0x52, 0x90, 0x84, 0x21,
  0x08, 0x42, 0x10, 0x84, 0x21, 0x06, 0x31, 0x8C, 0x63, 0x18, 0xC6, 0x31, 0x8C, 0x63, 0x18, 0xC4, 0x21, 0x08, 0x42, 0x10, 0x84, 0x21, 0x08, 0x42,
  0x10, 0x84, 0x21, 0x08, 0x42, 0x10, 0x84, 0x21, 0xBA, 0x74, 0x9C, 0xD0, 0x21, 0x08, 0x42, 0x08, 0x42, 0x10, 0x84, 0x21, 0x08, 0x42, 0x12, 0x4C,
  0x25, 0x29, 0x4A, 0x10, 0x94, 0x21, 0x08, 0x42, 0x10, 0x84, 0x21, 0x08, 0x42, 0x10, 0x84, 0x22, 0x08, 0x42, 0x11, 0x08, 0x41, 0x08, 0x42, 0x11,
  0x08, 0x42, 0x10, 0x84, 0x21, 0x08, 0x42, 0x10, 0x88, 0x31, 0x08, 0x85, 0x20, 0x84, 0x21, 0x08, 0x46, 0x30, 0x84, 0x21, 0x08, 0x43, 0x18, 0xC6,
  0x31, 0x8C, 0x63, 0x18, 0xC6, 0x31, 0x8C, 0x64, 0x21, 0x08, 0x42, 0x13, 0x5A, 0x31, 0x0A, 0x48, 0x4C, 0xA5, 0x29, 0x4A, 0x63, 0x18, 0xC6, 0x31,
  0x8C, 0x63, 0x18, 0xE7, 0x39, 0xCE, 0x73, 0x9C, 0xE7, 0x3A, 0x10, 0x84, 0x21, 0x29, 0x4A, 0x52, 0xA5, 0x29, 0x4A, 0x52, 0xD4, 0xA5, 0x2D, 0x6B,
  0x5A, 0xD8, 0xC6, 0x31, 0x8D, 0x6B, 0x5A, 0xD7, 0x3A, 0x10, 0x84, 0x21, 0x08, 0x42, 0x10, 0x84, 0x29, 0x4A, 0x52, 0x94, 0xAD, 0x7D, 0xEF, 0x5A,
  0xD8, 0xB5, 0xB1, 0x8C, 0xE3, 0x39, 0xCE, 0x73, 0xBD, 0xEF, 0x7C, 0xE7, 0x39, 0xCE, 0x7B, 0xBF, 0xFF, 0xFF, 0xFF, 0xFF, 0xFF, 0xFF, 0xFF, 0xFF,
  0xFF, 0xFF, 0xFF, 0xFF, 0xFF, 0xFF, 0xFF, 0xFF, 0xFF, 0xFF, 0xFF, 0xFF, 0xFF, 0xFF, 0xFF, 0xFF, 0xFF, 0xFF, 0xFF, 0xFF, 0xFF, 0xFF, 0xFF, 0xFF,
  0xFF, 0xFF, 0xFF, 0xFF, 0xFF, 0xFF, 0xFF, 0xFF, 0xFF, 0xFB, 0xDE, 0x73, 0x9C, 0xE6, 0xF9, 0xBD, 0xE7, 0x39, 0xCE, 0x71, 0x8C, 0x63, 0x16, 0xB5,
  0xB1, 0x6B, 0x56, 0xB7, 0xAD, 0x29, 0x4A, 0x52, 0x10, 0x8C, 0x21, 0x08, 0x4E, 0x94, 0x9D, 0x29, 0x4A, 0x4E, 0x71, 0x6B, 0x18, 0xC6, 0x31, 0x6B,
  0x5A, 0xD6, 0xB5, 0x29, 0x4A, 0x55, 0x54, 0xA5, 0x29, 0x29, 0x4A, 0x50, 0x84, 0x21, 0x07, 0x39, 0xCE, 0x73, 0x9C, 0xE7, 0x39, 0xCE, 0x73, 0x98,
  0xC6, 0x31, 0x8C, 0x63, 0x14, 0xA5, 0x29, 0x4A, 0x52, 0x10, 0x84, 0x21, 0x08, 0x42, 0x10, 0x84, 0x20, 0xC6, 0x31, 0x8C, 0x63, 0x18, 0xC6, 0x31,
  0x8C, 0x63, 0x18, 0x84, 0x21, 0x08, 0x42, 0x10, 0x84, 0x21, 0x08, 0x42, 0x10, 0x84, 0x21, 0x08, 0x42, 0x10, 0x84, 0x39, 0x4E, 0xF3, 0x71, 0x04,
  0x21, 0x08, 0x42, 0x08, 0x42, 0x10, 0x84, 0x21, 0x08, 0x42, 0x39, 0x84, 0x25, 0x28, 0x82, 0x12, 0x84, 0x21, 0x08, 0x42, 0x10, 0x84, 0x21, 0x08,
  0x42, 0x10, 0x84, 0x21, 0x08, 0x42, 0x21, 0x08, 0x21, 0x10, 0x42, 0x10, 0x84, 0x21, 0x10, 0x84, 0x21, 0x08, 0x42, 0x10, 0xC6, 0x21, 0x08, 0x43,
  0x18, 0x84, 0x21, 0x14, 0xA5, 0x10, 0x84, 0x21, 0x08, 0x42, 0x18, 0xC6, 0x31, 0x8C, 0x63, 0x18, 0xC6, 0x31, 0x8C, 0x63, 0x21, 0x08, 0x42, 0x12,
  0x9A, 0x29, 0x48, 0x49, 0xA8, 0xA5, 0x29, 0x4A, 0x53, 0x18, 0xC6, 0x31, 0x8C, 0x63, 0x18, 0xC7, 0x39, 0xCE, 0x73, 0x9C, 0xE7, 0x39, 0xD0, 0x84,
  0x21, 0x09, 0x4A, 0x52, 0x95, 0x29, 0x4A, 0x52, 0x94, 0xB5, 0x29, 0x6B, 0x5A, 0xD6, 0xC6, 0x31, 0x8C, 0x6B, 0x5A, 0xD6, 0xBA, 0x10, 0x83, 0xA1,
  0x08, 0x42, 0x10, 0x84, 0x21, 0x4A, 0x52, 0x94, 0xAD, 0x7B, 0xEF, 0x7A, 0xD6, 0xC5, 0xB1, 0x8C, 0x63, 0x19, 0xCE, 0x73, 0x9D, 0xEF, 0x7C, 0xE7,
  0x39, 0xCF, 0x7B, 0xBF, 0xFF, 0xFF, 0xFF, 0xFF, 0xFF, 0xFF, 0xFF, 0xFF, 0xFF, 0xFF, 0xFF, 0xFF, 0xFF, 0xFF, 0xFF, 0xFF, 0xFF, 0xFF, 0xFF, 0xFF,
  0xFF, 0xFF, 0xFF, 0xFF, 0xFF, 0xFF, 0xFF, 0xFF, 0xFF, 0xFF, 0xFF, 0xFF, 0xFF, 0xFF, 0xFF, 0xFF, 0xFF, 0xFF, 0xFF, 0xFF, 0xFF, 0xFB, 0xDE, 0x77,
  0x9C, 0xE6, 0xF9, 0xBD, 0xE7, 0x39, 0xCE, 0x71, 0x8C, 0x63, 0x16, 0xB5, 0xAD, 0x6B, 0x56, 0xB5, 0xA5, 0x29, 0x4A, 0x52, 0x10, 0x84, 0x21, 0x08,
  0x46, 0x74, 0xA4, 0xE3, 0x09, 0xC5, 0xCE, 0x6B, 0x18, 0xC6, 0x31, 0x6B, 0x5A, 0xD6, 0xB5, 0x29, 0x4A, 0x8C, 0xD4, 0xA5, 0x25, 0x29, 0x4A, 0x50,
  0x84, 0x21, 0x07, 0x3A, 0x10, 0x73, 0x9C, 0xE7, 0x39, 0xCE, 0x73, 0x18, 0xC6, 0x31, 0x8C, 0x62, 0x94, 0xA5, 0x29, 0x4A, 0x52, 0x90, 0x84, 0x21,
  0x08, 0x42, 0x10, 0x84, 0x18, 0xC6, 0x31, 0x8C, 0x63, 0x18, 0xC6, 0x31, 0x8C, 0x63, 0x10, 0x84, 0x21, 0x08, 0x42, 0x10, 0x84, 0x21, 0x08, 0x42,
  0x10, 0x84, 0x21, 0x08, 0x42, 0x10, 0x84, 0xE9, 0xD2, 0x72, 0x10, 0x84, 0x21, 0x08, 0x42, 0x10, 0x42, 0x10, 0x84, 0x21, 0x08, 0x4D, 0x30, 0x84,
  0x22, 0x10, 0x42, 0x50, 0x84, 0x21, 0x08, 0x42, 0x10, 0x84, 0x21, 0x08, 0x42, 0x10, 0x84, 0x21, 0x08, 0x42, 0x10, 0x84, 0x21, 0x08, 0x42, 0x10,
  0x84, 0x41, 0x08, 0x44, 0x21, 0x08, 0x42, 0x18, 0xC4, 0x21, 0x08, 0x43, 0x10, 0x84, 0x22, 0x94, 0x62, 0x10, 0x84, 0x21, 0x08, 0x42, 0x10, 0xC6,
  0x31, 0x8C, 0x63, 0x18, 0xC6, 0x31, 0x8C, 0x63, 0x19, 0x08, 0x42, 0x12, 0x94, 0x21, 0x48, 0x49, 0x90, 0xA5, 0x29, 0x4A, 0x52, 0x98, 0xC6, 0x31,
  0x8C, 0x63, 0x18, 0xC6, 0x39, 0xCE, 0x73, 0x9C, 0xE7, 0x39, 0xD0, 0x84, 0x21, 0x09, 0x4A, 0x52, 0x95, 0x29, 0x4A, 0x52, 0x96, 0xB5, 0x29, 0x6B,
  0x5A, 0xD6, 0xC6, 0x35, 0x8C, 0x6B, 0x5A, 0xD6, 0xBA, 0x0E, 0x73, 0xA1, 0x08, 0x42, 0x10, 0x84, 0x21, 0x4A, 0x52, 0x94, 0xA5, 0x7B, 0x9B, 0x7A,
  0xD6, 0xB5, 0xB1, 0x8C, 0x63, 0x19, 0xCE, 0x73, 0x9D, 0xEF, 0x7B, 0xE7, 0x39, 0xCF, 0x77, 0xBF, 0xFF, 0xFF, 0xFF, 0xFF, 0xFF, 0xFF, 0xFF, 0xFF,
  0xFF, 0xFF, 0xFF, 0xFF, 0xFF, 0xFF, 0xFF, 0xFF, 0xFF, 0xFF, 0xFF, 0xFF, 0xFF, 0xFF, 0xFF, 0xFF, 0xFF, 0xFF, 0xFF, 0xFF, 0xFF, 0xFF, 0xFF, 0xFF,
  0xFF, 0xFF, 0xFF, 0xFF, 0xFF, 0xFF, 0xFF, 0xFF, 0xFF, 0x7B, 0xCE, 0x73, 0x9C, 0xE6, 0xF7, 0xBD, 0xE7, 0x39, 0xCE, 0x73, 0x8C, 0x62, 0xD6, 0xB5,
  0xAD, 0x6A, 0xD6, 0xB5, 0xBD, 0x29, 0x5A, 0x42, 0x31, 0x84, 0x21, 0x08, 0x42, 0x74, 0xA4, 0xDC, 0xD7, 0x39, 0xCD, 0x63, 0x18, 0xC7, 0x2D, 0x6B,
  0x5A, 0xD6, 0xA5, 0x29, 0x4A, 0xA2, 0x94, 0xA4, 0xA5, 0x29, 0x4A, 0x10, 0x84, 0x20, 0xE8, 0x39, 0xD0, 0x73, 0x9C, 0xE7, 0x39, 0x8E, 0x73, 0x18,
  0xC6, 0x31, 0x8C, 0x52, 0x94, 0xA5, 0x29, 0x48, 0x52, 0x90, 0x84, 0x21, 0x08, 0x42, 0x10, 0x84, 0x18, 0xC6, 0x31, 0x8C, 0x63, 0x18, 0xC6, 0x31,
  0x8C, 0x62, 0x10, 0x84, 0x21, 0x08, 0x42, 0x10, 0x84, 0x21, 0x08, 0x42, 0x10, 0x84, 0x21, 0x08, 0x42, 0x19, 0x55, 0x3A, 0x4D, 0xC4, 0x10, 0x84,
  0x21, 0x08, 0x41, 0x08, 0x42, 0x10, 0x84, 0x21, 0x08, 0x58, 0x10, 0x84, 0x21, 0x08, 0x42, 0x10, 0x84, 0x21, 0x08, 0x42, 0x10, 0x84, 0x21, 0x08,
  0x42, 0x10, 0x84, 0x21, 0x08, 0x42, 0x10, 0x84, 0x21, 0x08, 0x42, 0x10, 0x84, 0x21, 0x08, 0x42, 0x21, 0x08, 0x47, 0x20, 0x84, 0x21, 0x08, 0x42,
  0x10, 0x86, 0x52, 0x88, 0x42, 0x10, 0x84, 0x21, 0x08, 0x42, 0x10, 0x86, 0x31, 0x8C, 0x63, 0x18, 0xC6, 0x31, 0x8C, 0x63, 0x19, 0x08, 0x42, 0x13,
  0x50, 0x21, 0x08, 0xA9, 0x90, 0x85, 0x29, 0x4A, 0x52, 0x94, 0xC6, 0x31, 0x8C, 0x63, 0x18, 0xC6, 0x39, 0xCE, 0x73, 0x9C, 0xE7, 0x39, 0xCE, 0x84,
  0x21, 0x08, 0x4A, 0x52, 0x94, 0xA9, 0x4A, 0x52, 0x94, 0xA5, 0x29, 0x4B, 0x5A, 0xD6, 0xB6, 0x31, 0x8C, 0x63, 0x5A, 0xD6, 0xB5, 0xCE, 0x73, 0x9D,
  0x08, 0x42, 0x10, 0x84, 0x21, 0x0A, 0x52, 0x94, 0xA5, 0x7B, 0x5A, 0xFB, 0x16, 0xB5, 0xAD, 0x8C, 0x63, 0x18, 0xCE, 0x73, 0x9D, 0xEF, 0x7B, 0xE7,
  0x39, 0xEF, 0x73, 0xBD, 0xFF, 0xFF, 0xFF, 0xFF, 0xFF, 0xFF, 0xFF, 0xFF, 0xFF, 0xFF, 0xFF, 0xFF, 0xFF, 0xFF, 0xFF, 0xFF, 0xFF, 0xFF, 0xFF, 0xFF,
  0xFF, 0xFF, 0xFF, 0xFF, 0xFF, 0xFF, 0xFF, 0xFF, 0xFF, 0xFF, 0xFF, 0xFF, 0xFF, 0xFF, 0xFF, 0xFF, 0xFF, 0xFF, 0xFF, 0xFF, 0xFF, 0x7B, 0xCE, 0x73,
  0x9C, 0xE6, 0xF9, 0xBC, 0xE7, 0x39, 0xCE, 0x31, 0x8C, 0x63, 0x16, 0xB5, 0xAD, 0x6A, 0xD6, 0xB4, 0xA5, 0x29, 0x4A, 0x46, 0x30, 0x84, 0x21, 0x08,
  0x4E, 0x94, 0x9C, 0x1C, 0xD7, 0x39, 0xCD, 0x63, 0x18, 0xC6, 0x2D, 0xCB, 0x5A, 0xD4, 0xA5, 0x29, 0x4A, 0xBA, 0x94, 0xA4, 0xA5, 0x29, 0x4A, 0x52,
  0x94, 0xA1, 0x07, 0x3A, 0x0E, 0x73, 0x9C, 0xE7, 0x31, 0x8C, 0x63, 0x18, 0xC6, 0x31, 0x8C, 0x62, 0x94, 0xA5, 0x29, 0x48, 0x42, 0x10, 0x84, 0x21,
  0x08, 0x42, 0x10, 0x83, 0x18, 0xC6, 0x31, 0x8C, 0x63, 0x18, 0xC6, 0x31, 0x8C, 0x63, 0x18, 0xC6, 0x21, 0x08, 0x42, 0x10, 0x84, 0x21, 0x08, 0x42,
  0x10, 0x84, 0x21, 0x08, 0x45, 0x94, 0xE7, 0x49, 0xA8, 0x42, 0x10, 0x84, 0x21, 0x04, 0x21, 0x08, 0x42, 0x10, 0x84, 0x21, 0x0C, 0xC4, 0x11, 0x04,
  0x21, 0x08, 0x42, 0x10, 0x84, 0x21, 0x08, 0x42, 0x10, 0x84, 0x21, 0x08, 0x42, 0x10, 0x84, 0x21, 0x08, 0x42, 0x10, 0x84, 0x21, 0x08, 0x42, 0x10,
  0x84, 0x21, 0x08, 0x42, 0x10, 0x85, 0x27, 0x10, 0x84, 0x21, 0x08, 0x42, 0x10, 0x88, 0x21, 0x08, 0x42, 0x10, 0x84, 0x21, 0x08, 0x42, 0x10, 0x84,
  0x21, 0x8C, 0x63, 0x18, 0xC6, 0x31, 0x8C, 0x63, 0x18, 0xC8, 0x42, 0x13, 0x24, 0x21, 0x09, 0x39, 0x90, 0x85, 0x29, 0x4A, 0x52, 0x94, 0xC6, 0x31,
  0x8C, 0x63, 0x18, 0xC6, 0x31, 0xCE, 0x73, 0x9C, 0xE7, 0x39, 0xCE, 0x84, 0x21, 0x08, 0x4A, 0x52, 0x94, 0xA9, 0x4A, 0x52, 0x94, 0xA5, 0x29, 0x4B,
  0x5A, 0xD6, 0xB6, 0x31, 0x8C, 0x63, 0x5A, 0xD6, 0xB5, 0xCE, 0x73, 0x9D, 0x08, 0x42, 0x10, 0x84, 0x21, 0x0A, 0x52, 0x94, 0xA5, 0x3B, 0x5A, 0xDB,
  0xB6, 0xB5, 0xAD, 0x8C, 0x63, 0x38, 0xCE, 0x73, 0x9C, 0xEF, 0x7B, 0xDF, 0x3B, 0xEE, 0x73, 0xBD, 0xFF, 0xFF, 0xFF, 0xFF, 0xFF, 0xFF, 0xFF, 0xFF,
  0xFF, 0xFF, 0xFF, 0xFF, 0xFF, 0xFF, 0xFF, 0xFF, 0xFF, 0xFF, 0xFF, 0xFF, 0xFF, 0xFF, 0xFF, 0xFF, 0xFF, 0xFF, 0xFF, 0xFF, 0xFF, 0xFF, 0xFF, 0xFF,
  0xFF, 0xFF, 0xFF, 0xFF, 0xFF, 0xFF, 0xFF, 0xFF, 0xFF, 0x7B, 0xCE, 0x77, 0x9C, 0xDE, 0xF7, 0xBC, 0xE7, 0x39, 0xCE, 0x31, 0x9C, 0x62, 0xD8, 0xB5,
  0xAD, 0x6A, 0xD6, 0xB5, 0xA5, 0x69, 0x4A, 0x46, 0x30, 0x84, 0x21, 0x19, 0xD2, 0x71, 0x83, 0x9C, 0xD7, 0x35, 0xAC, 0x63, 0x18, 0xC5, 0xAD, 0x6B,
  0x5A, 0x94, 0xB5, 0x29, 0x53, 0x9A, 0x94, 0x94, 0xA5, 0x49, 0x4A, 0x52, 0x94, 0x21, 0x07, 0x41, 0xCE, 0x73, 0x9C, 0xE7, 0x31, 0x8C, 0x63, 0x18,
  0xC6, 0x31, 0x8A, 0x52, 0x94, 0xA5, 0x29, 0x08, 0x42, 0x94, 0x84, 0x21, 0x08, 0x42, 0x10, 0x63, 0x18, 0xC6, 0x31, 0x8C, 0x63, 0x18, 0xC6, 0x31,
  0x8C, 0x63, 0x18, 0x84, 0x21, 0x08, 0x42, 0x10, 0x84, 0x21, 0x08, 0x42, 0x10, 0x84, 0x21, 0x08, 0x53, 0xA5, 0x2F, 0x39, 0x08, 0x41, 0x10, 0x84,
  0x10, 0x84, 0x21, 0x08, 0x42, 0x10, 0x84, 0x24, 0x98, 0x42, 0x51, 0x04, 0x24, 0x08, 0x42, 0x10, 0x84, 0x21, 0x08, 0x42, 0x10, 0x84, 0x21, 0x08,
  0x42, 0x10, 0x84, 0x21, 0x08, 0x42, 0x10, 0x84, 0x21, 0x08, 0x42, 0x10, 0x84, 0x21, 0x08, 0x42, 0x20, 0x89, 0x22, 0x10, 0x84, 0x21, 0x08, 0x42,
  0x10, 0x84, 0x21, 0x08, 0x42, 0x10, 0x84, 0x21, 0x08, 0x42, 0x10, 0x84, 0x21, 0x0C, 0x63, 0x18, 0xC6, 0x31, 0x8C, 0x63, 0x18, 0xC6, 0x42, 0x4E,
  0x64, 0x21, 0x09, 0x38, 0x10, 0x84, 0x29, 0x4A, 0x52, 0x94, 0xA6, 0x31, 0x8C, 0x63, 0x18, 0xC6, 0x31, 0xCE, 0x73, 0x9C, 0xE7, 0x39, 0xCE, 0x74,
  0x21, 0x08, 0x42, 0x52, 0x94, 0xA5, 0x4A, 0x52, 0x94, 0xA5, 0x29, 0x4A, 0x5A, 0xD6, 0xB6, 0x31, 0x8C, 0x63, 0x1A, 0xD6, 0xB5, 0xAE, 0x73, 0x9D,
  0x08, 0x42, 0x10, 0x84, 0x21, 0x0A, 0x52, 0x94, 0xA7, 0x73, 0x5A, 0xF7, 0x16, 0xB5, 0xAD, 0x8C, 0x63, 0x18, 0xCE, 0x73, 0x9C, 0xEF, 0x7B, 0xDF,
  0x3D, 0xCE, 0x73, 0xBD, 0xFF, 0xFF, 0xFF, 0xFF, 0xFF, 0xFF, 0xFF, 0xFF, 0xFF, 0xFF, 0xFF, 0xFF, 0xFF, 0xFF, 0xFF, 0xFF, 0xFF, 0xFF, 0xFF, 0xFF,
  0xFF, 0xFF, 0xFF, 0xFF, 0xFF, 0xFF, 0xFF, 0xFF, 0xFF, 0xFF, 0xFF, 0xFF, 0xFF, 0xFF, 0xFF, 0xFF, 0xFF, 0xFF, 0xFF, 0xFF, 0xEF, 0x79, 0xCE, 0x73,
  0x9C, 0xDE, 0xF7, 0xBC, 0xE7, 0x39, 0xC6, 0x31, 0x9C, 0x5A, 0xD8, 0xC5, 0xAD, 0x5A, 0xD6, 0xB5, 0xA5, 0x69, 0x48, 0xC6, 0x30, 0x84, 0x23, 0x4A,
  0x4E, 0x0E, 0x83, 0x9A, 0xE7, 0x35, 0xAC, 0x63, 0x18, 0xC5, 0xAD, 0x6B, 0x5A, 0x94, 0xA5, 0x29, 0x53, 0x9A, 0x94, 0x94, 0xA5, 0x29, 0x4A, 0x52,
  0x94, 0x20, 0xE7, 0x39, 0xCE, 0x73, 0x9C, 0xE6, 0x31, 0x8C, 0x63, 0x18, 0xC6, 0x31, 0x4A, 0x52, 0x94, 0xA5, 0x29, 0x4A, 0x52, 0x90, 0x84, 0x21,
  0x08, 0x42, 0x0C, 0x63, 0x18, 0xC6, 0x31, 0x8C, 0x63, 0x18, 0xC6, 0x31, 0x8C, 0x42, 0x10, 0x84, 0x21, 0x08, 0x42, 0x10, 0x84, 0x21, 0x08, 0x42,
  0x10, 0x84, 0x21, 0x09, 0x13, 0xBC, 0xE6, 0xD2, 0x08, 0x42, 0x08, 0x42, 0x10, 0x84, 0x21, 0x08, 0x42, 0x10, 0x84, 0xD2, 0x08, 0x88, 0x20, 0x84,
  0x82, 0x08, 0x42, 0x10, 0x84, 0x21, 0x08, 0x42, 0x10, 0x84, 0x21, 0x08, 0x42, 0x10, 0x84, 0x21, 0x08, 0x42, 0x10, 0x84, 0x21, 0x08, 0x42, 0x10,
  0x84, 0x21, 0x08, 0x42, 0x10, 0x9D, 0x23, 0x08, 0x84, 0x21, 0x08, 0x42, 0x10, 0x84, 0x21, 0x08, 0x42, 0x10, 0x84, 0x21, 0x08, 0x42, 0x10, 0x84,
  0x21, 0x0C, 0x63, 0x18, 0xC6, 0x31, 0x8C, 0x63, 0x18, 0xC6, 0x32, 0x64, 0x84, 0x21, 0x09, 0x35, 0x10, 0x84, 0x21, 0x4A, 0x52, 0x94, 0xA5, 0x31,
  0x8C, 0x63, 0x18, 0xC6, 0x31, 0x8E, 0x73, 0x9C, 0xE7, 0x39, 0xD0, 0x84, 0x21, 0x08, 0x42, 0x52, 0x94, 0xA5, 0x4A, 0x52, 0x94, 0xA5, 0x29, 0x4A,
  0x5A, 0xD6, 0xB5, 0xB1, 0x8C, 0x63, 0x1A, 0xD6, 0xB5, 0xAE, 0x73, 0x9C, 0xE8, 0x42, 0x10, 0x84, 0x21, 0x08, 0x52, 0x94, 0xA7, 0x6B, 0x5A, 0xFA,
  0xD6, 0xB5, 0xAD, 0x6C, 0x63, 0x18, 0xC6, 0x73, 0x9C, 0xEF, 0x7B, 0xDF, 0xBD, 0xCE, 0x73, 0x9D, 0xEF, 0xFF, 0xFF, 0xFF, 0xFF, 0xFF, 0xFF, 0xFF,
  0xFF, 0xFF, 0xFF, 0xFF, 0xFF, 0xFF, 0xFF, 0xFF, 0xFF, 0xFF, 0xFF, 0xFF, 0xFF, 0xFF, 0xFF, 0xFF, 0xFF, 0xFF, 0xFF, 0xFF, 0xFF, 0xFF, 0xFF, 0xFF,
  0xFF, 0xFF, 0xFF, 0xFF, 0xFF, 0xFF, 0xFF, 0xFF, 0xEF, 0x79, 0xCE, 0x73, 0x9C, 0xDE, 0xF7, 0x9C, 0xE7, 0x39, 0xCE, 0x71, 0x9C, 0x5A, 0xD8, 0xB5,
  0xAD, 0x5A, 0xD6, 0xB5, 0xA5, 0x69, 0x48, 0x46, 0x10, 0x84, 0x27, 0x48, 0xB9, 0xD0, 0x83, 0x9C, 0xE7, 0x35, 0x8C, 0x63, 0x18, 0xB5, 0xAD, 0x6B,
  0x52, 0x94, 0xB5, 0x29, 0x4C, 0xBA, 0x92, 0x94, 0xA5, 0x28, 0x4A, 0x52, 0x84, 0x1C, 0xE7, 0x39, 0xCE, 0x73, 0x9C, 0xC6, 0x31, 0x8C, 0x63, 0x18,
  0xC6, 0x31, 0x4A, 0x52, 0x94, 0xA4, 0x21, 0x4A, 0x52, 0x10, 0x84, 0x21, 0x08, 0x41, 0x8C, 0x63, 0x18, 0xC6, 0x31, 0x8C, 0x63, 0x18, 0xC6, 0x31,
  0x08, 0x63, 0x10, 0x84, 0x21, 0x08, 0x42, 0x10, 0x84, 0x21, 0x08, 0x42, 0x10, 0x84, 0x21, 0x0A, 0x54, 0x9B, 0x44, 0x21, 0x08, 0x41, 0x08, 0x42,
  0x10, 0x84, 0x21, 0x08, 0x42, 0x10, 0x91, 0x81, 0x09, 0x02, 0x10, 0x90, 0x21, 0x08, 0x42, 0x10, 0x84, 0x21, 0x08, 0x42, 0x10, 0x84, 0x21, 0x08,
  0x42, 0x10, 0x84, 0x21, 0x08, 0x42, 0x10, 0x84, 0x21, 0x08, 0x42, 0x10, 0x84, 0x21, 0x08, 0x42, 0x10, 0x89, 0x29, 0x49, 0x02, 0x21, 0x08, 0x42,
  0x10, 0x84, 0x21, 0x08, 0x42, 0x10, 0x84, 0x21, 0x08, 0x42, 0x10, 0x84, 0x21, 0x08, 0x63, 0x18, 0xC6, 0x31, 0x8C, 0x63, 0x18, 0xC6, 0x3B, 0xC0,
  0x84, 0x21, 0x09, 0x35, 0x10, 0x84, 0x21, 0x0A, 0x52, 0x94, 0xA5, 0x31, 0x8C, 0x63, 0x18, 0xC6, 0x31, 0x8C, 0x73, 0x9C, 0xE7, 0x39, 0xD0, 0x73,
  0xA1, 0x08, 0x42, 0x12, 0x94, 0xA5, 0x2A, 0x52, 0x94, 0xA5, 0x29, 0x4A, 0x52, 0xD6, 0xB5, 0xAD, 0x8C, 0x63, 0x18, 0xD7, 0x39, 0xAE, 0x73, 0x9C,
  0xE8, 0x42, 0x10, 0x84, 0x21, 0x08, 0x52, 0x94, 0xA5, 0xFB, 0x5A, 0xFA, 0xD6, 0xB5, 0xAD, 0x6C, 0x63, 0x18, 0xC6, 0x73, 0x9C, 0xE7, 0x7B, 0xF7,
  0xB9, 0xCE, 0x73, 0x9D, 0xEF, 0xFF, 0xFF, 0xFF, 0xFF, 0xFF, 0xFF, 0xFF, 0xFF, 0xFF, 0xFF, 0xFF, 0xFF, 0xFF, 0xFF, 0xFF, 0xFF, 0xFF, 0xFF, 0xFF,
  0xFF, 0xFF, 0xFF, 0xFF, 0xFF, 0xFF, 0xFF, 0xFF, 0xFF, 0xFF, 0xFF, 0xFF, 0xFF, 0xFF, 0xFF, 0xFF, 0xFF, 0xFF, 0xFF, 0xFF, 0xEF, 0x79, 0xCE, 0x73,
  0x9B, 0xDE, 0xF7, 0x9C, 0xE7, 0x39, 0xC6, 0x31, 0x8B, 0x5B, 0x18, 0xB5, 0xAB, 0x5A, 0xD6, 0x95, 0xA5, 0x29, 0x18, 0xC6, 0x10, 0x84, 0x27, 0x48,
  0xB9, 0xD0, 0x73, 0x9C, 0xE7, 0x35, 0xAC, 0x63, 0x18, 0xB5, 0xAD, 0x8B, 0x52, 0xD6, 0xB5, 0x29, 0x4A, 0x9B, 0x12, 0x94, 0xA5, 0x28, 0x4A, 0x52,
  0x83, 0x9D, 0x07, 0x39, 0xCE, 0x73, 0x9C, 0xC6, 0x31, 0x8C, 0x63, 0x18, 0xC6, 0x29, 0x4A, 0x52, 0x94, 0xA4, 0x21, 0x4A, 0x52, 0x10, 0x84, 0x21,
  0x08, 0x41, 0x8C, 0x63, 0x18, 0xC6, 0x31, 0x8C, 0x63, 0x18, 0xC4, 0x21, 0x0C, 0x62, 0x10, 0x84, 0x21, 0x08, 0x42, 0x10, 0x84, 0x21, 0x08, 0x42,
  0x10, 0x84, 0x21, 0x3A, 0x74, 0x90, 0x84, 0x21, 0x04, 0x21, 0x08, 0x42, 0x10, 0x84, 0x21, 0x08, 0x42, 0x17, 0x48, 0x21, 0x08, 0x42, 0x10, 0x84,
  0x21, 0x08, 0x42, 0x10, 0x84, 0x21, 0x08, 0x42, 0x10, 0x84, 0x21, 0x08, 0x42, 0x10, 0x84, 0x21, 0x08, 0x42, 0x10, 0x84, 0x21, 0x08, 0x42, 0x10,
  0x84, 0x21, 0x08, 0x42, 0x10, 0x88, 0x43, 0x39, 0x04, 0x11, 0x08, 0x42, 0x10, 0x84, 0x21, 0x08, 0x42, 0x10, 0x84, 0x21, 0x08, 0x42, 0x10, 0x84,
  0x21, 0x08, 0x43, 0x18, 0xC6, 0x31, 0x8C, 0x63, 0x18, 0xC7, 0x76, 0x90, 0x84, 0x21, 0x09, 0x35, 0x10, 0x84, 0x21, 0x0A, 0x52, 0x94, 0xA5, 0x29,
  0x8C, 0x63, 0x18, 0xC6, 0x31, 0x8C, 0x73, 0x9C, 0xE7, 0x39, 0xD0, 0x73, 0xA1, 0x08, 0x42, 0x12, 0x94, 0xA5, 0x2A, 0x52, 0x94, 0xA5, 0x29, 0x4A,
  0x52, 0xD6, 0xB5, 0xAD, 0x8C, 0x63, 0x18, 0xD7, 0x39, 0xAD, 0x73, 0xA1, 0x07, 0x42, 0x10, 0x84, 0x21, 0x08, 0x42, 0x94, 0xA5, 0x3D, 0xDA, 0xFA,
  0xB6, 0xB5, 0xAD, 0x6B, 0x63, 0x18, 0xC6, 0x73, 0x9C, 0xE7, 0x9E, 0xF7, 0x39, 0xCE, 0x73, 0x9D, 0xEF, 0xFF, 0xFF, 0xFF, 0xFF, 0xFF, 0xFF, 0xFF,
  0xFF, 0xFF, 0xFF, 0xFF, 0xFF, 0xFF, 0xFF, 0xFF, 0xFF, 0xFF, 0xFF, 0xFF, 0xFF, 0xFF, 0xFF, 0xFF, 0xFF, 0xFF, 0xFF, 0xFF, 0xFF, 0xFF, 0xFF, 0xFF,
  0xFF, 0xFF, 0xFF, 0xFF, 0xFF, 0xFF, 0xFF, 0xFD, 0xEF, 0x39, 0xCE, 0x73, 0x9B, 0xDE, 0xF7, 0x9C, 0xE7, 0x38, 0xC6, 0x31, 0x8B, 0x5B, 0x18, 0xB5,
  0xAB, 0x5A, 0xD6, 0x94, 0xA5, 0x29, 0x18, 0xC2, 0x10, 0x84, 0x27, 0x37, 0x3A, 0x10, 0x73, 0x9C, 0xE7, 0x35, 0xAC, 0x63, 0x16, 0xB5, 0xAD, 0x6A,
  0x5A, 0xD6, 0xA5, 0x29, 0x4A, 0x65, 0x26, 0x94, 0xA5, 0x08, 0x42, 0x50, 0x73, 0x9D, 0x07, 0x39, 0xCE, 0x73, 0x98, 0xC6, 0x31, 0x8C, 0x63, 0x18,
  0xC6, 0x29, 0x4C, 0x52, 0x94, 0x84, 0x21, 0x4A, 0x42, 0x10, 0x84, 0x21, 0x08, 0x31, 0x8C, 0x63, 0x18, 0xC6, 0x31, 0x8C, 0x63, 0x18, 0x84, 0x21,
  0x0C, 0x42, 0x10, 0x84, 0x21, 0x08, 0x42, 0x10, 0x84, 0x21, 0x08, 0x42, 0x10, 0x84, 0x48, 0xCE, 0x93, 0x68, 0x84, 0x10, 0x84, 0x21, 0x08, 0x42,
  0x10, 0x84, 0x21, 0x08, 0x42, 0xA3, 0x84, 0x21, 0x08, 0x42, 0x10, 0x84, 0x21, 0x08, 0x42, 0x10, 0x84, 0x21, 0x08, 0x42, 0x10, 0x84, 0x21, 0x08,
  0x42, 0x10, 0x84, 0x21, 0x08, 0x42, 0x10, 0x84, 0x21, 0x08, 0x42, 0x10, 0x84, 0x21, 0x08, 0x42, 0x10, 0x84, 0x41, 0x08, 0x48, 0x40, 0x84, 0x42,
  0x10, 0x84, 0x21, 0x08, 0x42, 0x10, 0x84, 0x21, 0x08, 0x42, 0x10, 0x84, 0x31, 0x08, 0x42, 0x18, 0xC6, 0x31, 0x8C, 0x63, 0x1B, 0x2E, 0x61, 0x8C,
  0x84, 0x21, 0x09, 0x35, 0x10, 0x84, 0x21, 0x08, 0x52, 0x94, 0xA5, 0x29, 0x8C, 0x63, 0x18, 0xC6, 0x31, 0x8C, 0x63, 0x9C, 0xE7, 0x39, 0xCE, 0x73,
  0x9D, 0x08, 0x42, 0x10, 0x94, 0xA5, 0x29, 0x52, 0x94, 0xA5, 0x29, 0x4A, 0x52, 0x96, 0xB5, 0xAD, 0x6C, 0x63, 0x18, 0xD6, 0xB5, 0xAD, 0x73, 0x9C,
  0xE7, 0x42, 0x10, 0x84, 0x21, 0x08, 0x42, 0x94, 0xA5, 0x2F, 0xDA, 0xFA, 0xB6, 0xB5, 0xAD, 0x6B, 0x63, 0x18, 0xC6, 0x33, 0x9C, 0xF3, 0xDE, 0xE7,
  0x39, 0xCE, 0x73, 0xBD, 0xEF, 0x7F, 0xFF, 0xFF, 0xFF, 0xFF, 0xFF, 0xFF, 0xFF, 0xFF, 0xFF, 0xFF, 0xFF, 0xFF, 0xFF, 0xFF, 0xFF, 0xFF, 0xFF, 0xFF,
  0xFF, 0xFF, 0xFF, 0xFF, 0xFF, 0xFF, 0xFF, 0xFF, 0xFF, 0xFF, 0xFF, 0xFF, 0xFF, 0xFF, 0xFF, 0xFF, 0xFF, 0xFF, 0xFF, 0xFD, 0xEF, 0x39, 0xCE, 0x73,
  0x7B, 0xDE, 0xF3, 0x9C, 0xE7, 0x38, 0xCE, 0x31, 0x8B, 0x5B, 0x16, 0xB5, 0xAB, 0x5A, 0xD2, 0x94, 0xA5, 0x29, 0x18, 0xC2, 0x10, 0x84, 0x27, 0x38,
  0x42, 0x0E, 0x6B, 0x9C, 0xE6, 0xB1, 0x8C, 0x63, 0x16, 0xB5, 0xAD, 0x6A, 0x5A, 0xD6, 0xA5, 0x29, 0x4A, 0x52, 0xA7, 0x34, 0xA5, 0x08, 0x42, 0x10,
  0x73, 0x9D, 0x07, 0x39, 0xCE, 0x73, 0x98, 0xC6, 0x31, 0x8C, 0x63, 0x18, 0xC5, 0x29, 0x4A, 0x52, 0x94, 0x84, 0x21, 0x48, 0x42, 0x10, 0x84, 0x21,
  0x06, 0x31, 0x8C, 0x63, 0x18, 0xC6, 0x31, 0x8C, 0x63, 0x10, 0xC6, 0x21, 0x88, 0x42, 0x10, 0x84, 0x21, 0x08, 0x42, 0x10, 0x84, 0x21, 0x08, 0x42,
  0x10, 0x8A, 0xE9, 0xD2, 0x6D, 0x10, 0x42, 0x10, 0x84, 0x21, 0x08, 0x42, 0x10, 0x84, 0x21, 0x08, 0x47, 0x20, 0x90, 0x41, 0x08, 0x42, 0x10, 0x84,
  0x21, 0x08, 0x42, 0x10, 0x84, 0x21, 0x08, 0x42, 0x10, 0x84, 0x21, 0x08, 0x42, 0x10, 0x84, 0x21, 0x08, 0x42, 0x10, 0x84, 0x21, 0x08, 0x42, 0x10,
  0x84, 0x21, 0x08, 0x42, 0x10, 0x84, 0x21, 0x09, 0x08, 0x41, 0x88, 0x22, 0x10, 0x84, 0x21, 0x08, 0x42, 0x10, 0x84, 0x21, 0x08, 0x42, 0x10, 0x84,
  0x21, 0x08, 0x42, 0x10, 0xC6, 0x31, 0x8C, 0x63, 0x9C, 0xC6, 0x31, 0x8C, 0x64, 0x21, 0x09, 0x32, 0x10, 0x84, 0x21, 0x08, 0x52, 0x94, 0xA5, 0x29,
  0x4C, 0x63, 0x18, 0xC6, 0x31, 0x8C, 0x63, 0x9C, 0xE7, 0x39, 0xCE, 0x73, 0x9D, 0x08, 0x42, 0x10, 0x94, 0xA5, 0x29, 0x52, 0x94, 0xA5, 0x29, 0x4A,
  0x52, 0x96, 0xB5, 0xAD, 0x6C, 0x63, 0x18, 0xC6, 0xB5, 0xAD, 0x6B, 0xA0, 0xE7, 0x42, 0x10, 0x84, 0x21, 0x08, 0x42, 0x94, 0xA5, 0x29, 0xDA, 0xFA,
  0xB6, 0xB5, 0xAD, 0x6B, 0x63, 0x18, 0xC6, 0x33, 0x9C, 0xE7, 0xDC, 0xE6, 0xF7, 0xCE, 0x73, 0x9D, 0xEF, 0x7F, 0xFF, 0xFF, 0xFF, 0xFF, 0xFF, 0xFF,
  0xFF, 0xFF, 0xFF, 0xFF, 0xFF, 0xFF, 0xFF, 0xFF, 0xFF, 0xFF, 0xFF, 0xFF, 0xFF, 0xFF, 0xFF, 0xFF, 0xFF, 0xFF, 0xFF, 0xFF, 0xFF, 0xFF, 0xFF, 0xFF,
  0xFF, 0xFF, 0xFF, 0xFF, 0xFF, 0xFF, 0xFF, 0xFD, 0xEF, 0x39, 0xCE, 0x73, 0x7B, 0xDE, 0xF3, 0x9C, 0xE7, 0x39, 0xCE, 0x31, 0x8B, 0x5A, 0xD6, 0xB5,
  0x6B, 0x5A, 0xD2, 0x94, 0xA5, 0x21, 0x08, 0xC2, 0x10, 0x84, 0x27, 0x48, 0x42, 0x0E, 0x73, 0x9A, 0xD6, 0xB1, 0x8E, 0x63, 0x16, 0xB5, 0xAD, 0x4B,
  0x5A, 0xD4, 0xA5, 0x29, 0x4A, 0x52, 0x95, 0x3B, 0xA1, 0x08, 0x42, 0x0E, 0x73, 0x9C, 0xE7, 0x39, 0xCE, 0x73, 0x18, 0xC6, 0x31, 0x8C, 0x63, 0x18,
  0xA5, 0x29, 0x4A, 0x52, 0x90, 0x84, 0x29, 0x48, 0x42, 0x10, 0x84, 0x20, 0xC6, 0x31, 0x8C, 0x63, 0x18, 0xC6, 0x31, 0x8C, 0x62, 0x18, 0xC6, 0x31,
  0x08, 0x42, 0x10, 0x84, 0x21, 0x08, 0x42, 0x10, 0x84, 0x21, 0x08, 0x42, 0x12, 0xA7, 0x49, 0xC5, 0x02, 0x08, 0x42, 0x10, 0x84, 0x21, 0x08, 0x42,
  0x10, 0x84, 0x21, 0x08, 0xA6, 0x12, 0x08, 0x81, 0x08, 0x42, 0x10, 0x84, 0x21, 0x08, 0x42, 0x10, 0x84, 0x21, 0x08, 0x42, 0x10, 0x84, 0x21, 0x08,
  0x42, 0x10, 0x84, 0x21, 0x08, 0x42, 0x10, 0x84, 0x21, 0x08, 0x42, 0x10, 0x84, 0x21, 0x08, 0x42, 0x11, 0x04, 0x21, 0x08, 0x42, 0x92, 0x04, 0x21,
  0x10, 0x84, 0x21, 0x08, 0x42, 0x10, 0x84, 0x21, 0x08, 0x42, 0x10, 0x84, 0x21, 0x08, 0x42, 0x10, 0x86, 0x31, 0x8D, 0x95, 0x60, 0xC6, 0x31, 0x8C,
  0x63, 0x21, 0x09, 0x32, 0x10, 0x84, 0x21, 0x08, 0x42, 0x94, 0xA5, 0x29, 0x4A, 0x63, 0x18, 0xC6, 0x31, 0x8C, 0x63, 0x1C, 0xE7, 0x39, 0xCE, 0x73,
  0x9C, 0xE8, 0x42, 0x10, 0x84, 0xA5, 0x29, 0x4A, 0x94, 0xA5, 0x29, 0x4A, 0x52, 0x94, 0xB5, 0xAD, 0x6C, 0x63, 0x18, 0xC6, 0xB5, 0xAD, 0x6B, 0x9C,
  0xE7, 0x3A, 0x10, 0x84, 0x21, 0x08, 0x42, 0x14, 0xA5, 0x29, 0xDA, 0xFA, 0xB5, 0xB5, 0xAD, 0x6B, 0x63, 0x18, 0xC6, 0x33, 0x9C, 0xFB, 0xDB, 0xDE,
  0xF7, 0xCE, 0x73, 0x9D, 0xEF, 0x7F, 0xFF, 0xFF, 0xFF, 0xFF, 0xFF, 0xFF, 0xFF, 0xFF, 0xFF, 0xFF, 0xFF, 0xFF, 0xFF, 0xFF, 0xFF, 0xFF, 0xFF, 0xFF,
  0xFF, 0xFF, 0xFF, 0xFF, 0xFF, 0xFF, 0xFF, 0xFF, 0xFF, 0xFF, 0xFF, 0xFF, 0xFF, 0xFF, 0xFF, 0xFF, 0xFF, 0xFF, 0xFF, 0xBD, 0xE7, 0x39, 0xDE, 0x73,
  0x7C, 0xE6, 0xF3, 0xCC, 0xE7, 0x19, 0xC6, 0x31, 0x6B, 0x5A, 0xD6, 0xB5, 0x6B, 0x5A, 0xD2, 0x94, 0xA5, 0x21, 0x08, 0x42, 0x10, 0x84, 0x27, 0x48,
  0x3A, 0x0E, 0x73, 0x5A, 0xD6, 0x31, 0x8C, 0x62, 0xD6, 0xB5, 0xAD, 0x6B, 0x5A, 0x94, 0xA5, 0x29, 0x4A, 0x4A, 0x94, 0xA9, 0x75, 0x48, 0x42, 0x0E,
  0x73, 0x9C, 0xE7, 0x39, 0xCE, 0x73, 0x18, 0xC6, 0x31, 0x8C, 0x63, 0x18, 0xA5, 0x29, 0x4A, 0x52, 0x10, 0xA5, 0x21, 0x08, 0x42, 0x10, 0x84, 0x20,
  0xC6, 0x31, 0x8C, 0x63, 0x18, 0xC6, 0x31, 0x8C, 0x42, 0x18, 0xC6, 0x31, 0x08, 0x42, 0x10, 0x84, 0x21, 0x08, 0x42, 0x10, 0x84, 0x21, 0x08, 0x42,
  0x94, 0xE9, 0x36, 0x90, 0x21, 0x08, 0x42, 0x10, 0x84, 0x21, 0x08, 0x42, 0x10, 0x84, 0x21, 0x0C, 0xC2, 0x42, 0x10, 0x41, 0x08, 0x42, 0x10, 0x84,
  0x21, 0x08, 0x42, 0x10, 0x84, 0x21, 0x08, 0x42, 0x10, 0x84, 0x21, 0x08, 0x42, 0x10, 0x84, 0x21, 0x08, 0x42, 0x10, 0x84, 0x21, 0x08, 0x42, 0x10,
  0x84, 0x21, 0x08, 0x42, 0x10, 0x84, 0x21, 0x08, 0x52, 0x20, 0x84, 0x21, 0x08, 0x44, 0x21, 0x08, 0x42, 0x10, 0x84, 0x21, 0x08, 0x42, 0x10, 0x84,
  0x21, 0x08, 0x42, 0x10, 0x84, 0x31, 0xCE, 0xA3, 0x18, 0xC6, 0x31, 0x8C, 0x63, 0x21, 0x09, 0x32, 0x10, 0x84, 0x21, 0x08, 0x42, 0x14, 0xA5, 0x29,
  0x4A, 0x63, 0x18, 0xC6, 0x31, 0x8C, 0x63, 0x1C, 0xE7, 0x39, 0xCE, 0x73, 0x9C, 0xE8, 0x42, 0x10, 0x84, 0xA5, 0x29, 0x4A, 0x94, 0xA5, 0x29, 0x4A,
  0x52, 0x94, 0xB5, 0xAD, 0x6B, 0x63, 0x18, 0xC6, 0x35, 0xAD, 0x6B, 0x9C, 0xE7, 0x3A, 0x10, 0x84, 0x21, 0x08, 0x42, 0x14, 0xA5, 0x29, 0xAC, 0xFA,
  0xB5, 0xB5, 0xAD, 0x6B, 0x5B, 0x18, 0xC6, 0x31, 0x9E, 0xFB, 0x3B, 0xDF, 0x37, 0xCE, 0x73, 0x9C, 0xE7, 0x7B, 0xFF, 0xFF, 0xFF, 0xFF, 0xFF, 0xFF,
  0xFF, 0xFF, 0xFF, 0xFF, 0xFF, 0xFF, 0xFF, 0xFF, 0xFF, 0xFF, 0xFF, 0xFF, 0xFF, 0xFF, 0xFF, 0xFF, 0xFF, 0xFF, 0xFF, 0xFF, 0xFF, 0xFF, 0xFF, 0xFF,
  0xFF, 0xFF, 0xFF, 0xFF, 0xFF, 0xFF, 0xFF, 0xBD, 0xE7, 0x39, 0xCE, 0x73, 0x7B, 0xE7, 0x39, 0xCE, 0x67, 0x38, 0xC6, 0x31, 0x6B, 0x5A, 0xD6, 0xB5,
  0x6B, 0x5A, 0x52, 0x94, 0xA5, 0x21, 0x08, 0x42, 0x10, 0x84, 0x27, 0x48, 0xB9, 0xCD, 0x6B, 0x5A, 0xD6, 0x31, 0x8C, 0x62, 0xD6, 0xB6, 0x2D, 0x6B,
  0x52, 0x94, 0xA5, 0x29, 0x4A, 0x4A, 0x94, 0x94, 0xAE, 0xB2, 0x41, 0xCE, 0x73, 0x9C, 0xE7, 0x39, 0xCE, 0x63, 0x18, 0xC6, 0x31, 0x8C, 0x63, 0x14,
  0xA5, 0x29, 0x4A, 0x52, 0x14, 0xA5, 0x21, 0x08, 0x42, 0x10, 0x84, 0x18, 0xC6, 0x31, 0x8C, 0x63, 0x18, 0xC6, 0x31, 0x88, 0x42, 0x18, 0xC6, 0x21,
  0x08, 0x42, 0x10, 0x84, 0x21, 0x08, 0x42, 0x10, 0x84, 0x21, 0x08, 0x48, 0x9D, 0x26, 0xA1, 0x04, 0x21, 0x08, 0x42, 0x10, 0x84, 0x21, 0x08, 0x42,
  0x10, 0x84, 0x21, 0x90, 0x42, 0x10, 0x84, 0x21, 0x08, 0x42, 0x10, 0x84, 0x21, 0x08, 0x42, 0x10, 0x84, 0x21, 0x08, 0x42, 0x10, 0x84, 0x21, 0x08,
  0x42, 0x10, 0x84, 0x21, 0x08, 0x42, 0x10, 0x84, 0x21, 0x08, 0x42, 0x10, 0x84, 0x21, 0x08, 0x42, 0x10, 0x84, 0x21, 0x08, 0x42, 0x10, 0x84, 0x21,
  0x08, 0x42, 0x21, 0x08, 0x42, 0x10, 0x84, 0x21, 0x08, 0x42, 0x10, 0x84, 0x21, 0x08, 0x42, 0x10, 0x84, 0x29, 0xCC, 0x63, 0x18, 0xC6, 0x31, 0x8C,
  0x63, 0x19, 0x09, 0x32, 0x10, 0x84, 0x21, 0x08, 0x42, 0x14, 0xA5, 0x29, 0x4A, 0x53, 0x18, 0xC6, 0x31, 0x8C, 0x63, 0x18, 0xE7, 0x39, 0xCE, 0x73,
  0x9C, 0xE7, 0x42, 0x10, 0x84, 0x25, 0x29, 0x4A, 0x54, 0xA5, 0x29, 0x4A, 0x52, 0x94, 0xB6, 0x2D, 0x8C, 0x63, 0x18, 0xC6, 0x35, 0xAD, 0x6B, 0x5C,
  0xE7, 0x39, 0xD0, 0x84, 0x21, 0x08, 0x42, 0x14, 0xA5, 0x29, 0xDA, 0xF7, 0x55, 0xB5, 0xAD, 0x6B, 0x5B, 0x18, 0xC6, 0x31, 0x9F, 0x73, 0x3C, 0xE6,
  0xF7, 0xCE, 0x73, 0x9C, 0xE7, 0x7B, 0xFF, 0xFF, 0xFF, 0xFF, 0xFF, 0xFF, 0xFF, 0xFF, 0xFF, 0xFF, 0xFF, 0xFF, 0xFF, 0xFF, 0xFF, 0xFF, 0xFF, 0xFF,
  0xFF, 0xFF, 0xFF, 0xFF, 0xFF, 0xFF, 0xFF, 0xFF, 0xFF, 0xFF, 0xFF, 0xFF, 0xFF, 0xFF, 0xFF, 0xFF, 0xFF, 0xFF, 0xFF, 0xBD, 0xE7, 0x79, 0xCE, 0x6F,
  0x7B, 0xDE, 0x73, 0xCC, 0xE7, 0x39, 0xCE, 0x31, 0x6B, 0x5A, 0xD6, 0xAD, 0x6B, 0x5A, 0x52, 0x94, 0xA4, 0x61, 0x08, 0x42, 0x10, 0x84, 0x1D, 0x38,
  0xB9, 0xD0, 0x6B, 0x5A, 0xD6, 0x31, 0x8C, 0x5A, 0xD6, 0xB5, 0xAD, 0x6A, 0x52, 0x94, 0xA5, 0x29, 0x49, 0x52, 0x94, 0x94, 0xA5, 0x34, 0x61, 0xCE,
  0x73, 0x9C, 0xE7, 0x39, 0xCE, 0x63, 0x18, 0xC6, 0x31, 0x8C, 0x63, 0x14, 0xA5, 0x29, 0x4A, 0x42, 0x14, 0xA5, 0x21, 0x08, 0x42, 0x10, 0x83, 0x18,
  0xC6, 0x31, 0x8C, 0x63, 0x18, 0xC6, 0x31, 0x88, 0x42, 0x10, 0xC4, 0x21, 0x08, 0x42, 0x10, 0x84, 0x21, 0x08, 0x42, 0x10, 0x84, 0x21, 0x08, 0x4D,
  0xA4, 0xDA, 0x20, 0x84, 0x21, 0x08, 0x42, 0x10, 0x84, 0x21, 0x08, 0x42, 0x10, 0x84, 0x32, 0x28, 0x42, 0x10, 0x84, 0x21, 0x08, 0x42, 0x10, 0x84,
  0x21, 0x08, 0x42, 0x10, 0x84, 0x21, 0x08, 0x42, 0x10, 0x84, 0x21, 0x08, 0x42, 0x10, 0x84, 0x21, 0x08, 0x42, 0x10, 0x84, 0x21, 0x08, 0x42, 0x10,
  0x84, 0x21, 0x08, 0x42, 0x10, 0x84, 0x21, 0x08, 0x42, 0x10, 0x84, 0x21, 0x08, 0x42, 0x11, 0x08, 0x42, 0x10, 0x84, 0x21, 0x08, 0x42, 0x10, 0x84,
  0x21, 0x08, 0x42, 0x10, 0x84, 0xC9, 0x8C, 0x63, 0x18, 0xC6, 0x31, 0x8C, 0x63, 0x18, 0xDB, 0x32, 0x10, 0x84, 0x21, 0x08, 0x42, 0x10, 0xA5, 0x29,
  0x4A, 0x53, 0x18, 0xC6, 0x31, 0x8C, 0x63, 0x18, 0xE7, 0x39, 0xCE, 0x73, 0x9C, 0xE7, 0x42, 0x10, 0x84, 0x25, 0x29, 0x4A, 0x54, 0xA5, 0x29, 0x4A,
  0x52, 0x94, 0xA5, 0xB1, 0x8C, 0x63, 0x18, 0xC6, 0x35, 0xAD, 0x6B, 0x5C, 0xE7, 0x39, 0xD0, 0x84, 0x21, 0x08, 0x42, 0x10, 0xA5, 0x29, 0xDA, 0x57,
  0xB5, 0xAD, 0xAD, 0x6B, 0x5B, 0x18, 0xC6, 0x31, 0xDF, 0x67, 0x3C, 0xDE, 0xF7, 0xBE, 0x73, 0x9C, 0xE7, 0x7B, 0xFF, 0xFF, 0xFF, 0xFF, 0xFF, 0xFF,
  0xFF, 0xFF, 0xFF, 0xFF, 0xFF, 0xFF, 0xFF, 0xFF, 0xFF, 0xFF, 0xFF, 0xFF, 0xFF, 0xFF, 0xFF, 0xFF, 0xFF, 0xFF, 0xFF, 0xFF, 0xFF, 0xFF, 0xFF, 0xFF,
  0xFF, 0xFF, 0xFF, 0xFF, 0xFF, 0xFF, 0xFF, 0xBD, 0xEF, 0x39, 0xCE, 0x73, 0x9C, 0xDE, 0x73, 0x9C, 0xE7, 0x18, 0xCE, 0x2D, 0x6B, 0x5A, 0xD6, 0xAD,
  0x6B, 0x5A, 0x52, 0x94, 0xA4, 0x21, 0x08, 0x42, 0x10, 0x84, 0x21, 0x3A, 0x4E, 0x73, 0x8C, 0x1A, 0xC6, 0x31, 0x8C, 0x5A, 0xD6, 0xB5, 0xAD, 0x4A,
  0x52, 0x94, 0xA5, 0x29, 0x49, 0x4A, 0x94, 0x94, 0xA5, 0x08, 0x99, 0xCE, 0x73, 0x9C, 0xE7, 0x39, 0xCC, 0x63, 0x18, 0xC6, 0x31, 0x8C, 0x63, 0x1C,
  0xA5, 0x29, 0x4A, 0x42, 0x14, 0xA4, 0x21, 0x08, 0x42, 0x10, 0x83, 0x18, 0xC6, 0x31, 0x8C, 0x63, 0x18, 0xC6, 0x31, 0x88, 0x42, 0x10, 0x84, 0x21,
  0x08, 0x42, 0x10, 0x84, 0x21, 0x08, 0x42, 0x10, 0x84, 0x21, 0x09, 0x11, 0xA4, 0xC8, 0x10, 0x84, 0x21, 0x08, 0x42, 0x10, 0x84, 0x21, 0x08, 0x42,
  0x10, 0x84, 0xC4, 0x08, 0x42, 0x10, 0x84, 0x21, 0x08, 0x42, 0x10, 0x84, 0x21, 0x08, 0x42, 0x10, 0x84, 0x21, 0x08, 0x42, 0x10, 0x84, 0x21, 0x08,
  0x42, 0x10, 0x84, 0x21, 0x08, 0x42, 0x10, 0x84, 0x21, 0x08, 0x42, 0x10, 0x84, 0x21, 0x08, 0x42, 0x10, 0x84, 0x21, 0x08, 0x42, 0x10, 0x84, 0x21,
  0x08, 0x42, 0x10, 0x88, 0x42, 0x10, 0x84, 0x21, 0x08, 0x42, 0x10, 0x86, 0x21, 0x08, 0x42, 0x10, 0x85, 0x31, 0x8C, 0x63, 0x18, 0xC6, 0x31, 0x8C,
  0x63, 0x18, 0xE6, 0xD2, 0x10, 0x84, 0x21, 0x08, 0x42, 0x90, 0xA5, 0x29, 0x4A, 0x52, 0x98, 0xC6, 0x31, 0x8C, 0x63, 0x18, 0xC7, 0x39, 0xCE, 0x73,
  0x9C, 0xE7, 0x3A, 0x10, 0x84, 0x21, 0x29, 0x4A, 0x54, 0xA5, 0x29, 0x4A, 0x52, 0x94, 0xA5, 0xB1, 0x8C, 0x63, 0x18, 0xC6, 0x31, 0xAD, 0x6B, 0x5C,
  0xE7, 0x39, 0xD0, 0x84, 0x21, 0x08, 0x42, 0x10, 0xA5, 0x29, 0xEB, 0xD7, 0xD5, 0xAE, 0x6D, 0x6B, 0x5A, 0xD8, 0xC6, 0x31, 0xEC, 0xE7, 0x39, 0xDE,
  0xF7, 0xBE, 0x73, 0x9C, 0xE7, 0x7B, 0xFF, 0xFF, 0xFF, 0xFF, 0xFF, 0xFF, 0xFF, 0xFF, 0xFF, 0xFF, 0xFF, 0xFF, 0xFF, 0xFF, 0xFF, 0xFF, 0xFF, 0xFF,
  0xFF, 0xFF, 0xFF, 0xFF, 0xFF, 0xFF, 0xFF, 0xFF, 0xFF, 0xFF, 0xFF, 0xFF, 0xFF, 0xFF, 0xFF, 0xFF, 0xFF, 0xFF, 0xF7, 0xBD, 0xE7, 0x39, 0xCE, 0x73,
  0x7B, 0xE6, 0x73, 0x9C, 0xE3, 0x18, 0xCE, 0x2D, 0x6B, 0x5A, 0xD6, 0xAD, 0x6B, 0x4A, 0x52, 0x94, 0xA4, 0x21, 0x08, 0x42, 0x10, 0x83, 0x9C, 0xE7,
  0x4E, 0x73, 0x9C, 0xDA, 0xC6, 0x31, 0x8C, 0x5A, 0xD6, 0xC5, 0x29, 0x4A, 0x52, 0x94, 0xA5, 0x29, 0x29, 0x4A, 0x92, 0x94, 0xA5, 0x28, 0xA1, 0xCE,
  0x73, 0x9C, 0xE7, 0x39, 0xCC, 0x63, 0x18, 0xC6, 0x31, 0x8C, 0x62, 0x94, 0xA5, 0x29, 0x48, 0x52, 0x94, 0xA4, 0x21, 0x08, 0x42, 0x10, 0x63, 0x18,
  0xC6, 0x31, 0x8C, 0x63, 0x18, 0xC6, 0x31, 0x88, 0x42, 0x10, 0x84, 0x21, 0x08, 0x42, 0x10, 0x84, 0x21, 0x08, 0x42, 0x10, 0x84, 0x22, 0x36, 0x74,
  0x9C, 0x84, 0x10, 0x84, 0x21, 0x08, 0x42, 0x10, 0x84, 0x21, 0x08, 0x42, 0x10, 0x86, 0x61, 0x08, 0x42, 0x10, 0x84, 0x21, 0x08, 0x42, 0x10, 0x84,
  0x21, 0x08, 0x42, 0x10, 0x84, 0x21, 0x08, 0x42, 0x10, 0x84, 0x21, 0x08, 0x42, 0x10, 0x84, 0x21, 0x08, 0x42, 0x10, 0x84, 0x21, 0x08, 0x42, 0x10,
  0x84, 0x21, 0x08, 0x42, 0x10, 0x84, 0x21, 0x08, 0x42, 0x10, 0x84, 0x21, 0x08, 0x42, 0x10, 0x84, 0x42, 0x10, 0x84, 0x21, 0x08, 0x42, 0x10, 0x84,
  0x21, 0x08, 0x42, 0x10, 0x85, 0x32, 0x08, 0x63, 0x18, 0xC6, 0x31, 0x8C, 0x63, 0x18, 0xE6, 0x42, 0x10, 0x84, 0x21, 0x08, 0x42, 0x10, 0x85, 0x29,
  0x4A, 0x52, 0x98, 0xC6, 0x31, 0x8C, 0x63, 0x18, 0xC7, 0x39, 0xCE, 0x73, 0x9C, 0xE7, 0x3A, 0x10, 0x84, 0x21, 0x29, 0x4A, 0x52, 0xA5, 0x29, 0x4A,
  0x52, 0xD4, 0xB5, 0xB1, 0x8C, 0x5B, 0x18, 0xC6, 0x31, 0xAD, 0x6B, 0x5A, 0xE7, 0x39, 0xCE, 0x84, 0x21, 0x08, 0x42, 0x10, 0xA5, 0x29, 0xDB, 0xD3,
  0xD5, 0xAE, 0x6D, 0x6B, 0x5A, 0xD8, 0xC6, 0x31, 0xEC, 0xE7, 0x39, 0xDE, 0xF7, 0xBE, 0x73, 0x9C, 0xE7, 0x3B, 0xDF, 0xFF, 0xFF, 0xFF, 0xFF, 0xFF,
  0xFF, 0xFF, 0xFF, 0xFF, 0xFF, 0xFF, 0xFF, 0xFF, 0xFF, 0xFF, 0xFF, 0xFF, 0xFF, 0xFF, 0xFF, 0xFF, 0xFF, 0xFF, 0xFF, 0xFF, 0xFF, 0xFF, 0xFF, 0xFF,
  0xFF, 0xFF, 0xFF, 0xFF, 0xFF, 0xFF, 0xF7, 0xBC, 0xE7, 0x39, 0xCE, 0x6F, 0x9C, 0xCE, 0x79, 0x9C, 0xE3, 0x18, 0xC6, 0x31, 0x8B, 0x5A, 0xD6, 0xAD,
  0x6B, 0x4A, 0x52, 0xB4, 0x84, 0x21, 0x08, 0x42, 0x10, 0x83, 0x9C, 0xE7, 0x39, 0xB3, 0x9C, 0xE7, 0x38, 0xCD, 0x8B, 0x5A, 0xD6, 0xB5, 0x29, 0x4A,
  0x52, 0x94, 0xA5, 0x29, 0x29, 0x4A, 0x92, 0x94, 0xA5, 0x07, 0x99, 0xCE, 0x73, 0x9C, 0xE7, 0x39, 0x8C, 0x63, 0x18, 0xC6, 0x31, 0x8C, 0x52, 0x94,
  0xA5, 0x29, 0x0A, 0x52, 0x94, 0x84, 0x21, 0x08, 0x42, 0x0C, 0x63, 0x18, 0xC6, 0x31, 0x8C, 0x63, 0x18, 0xC6, 0x31, 0x88, 0x42, 0x10, 0x84, 0x21,
  0x08, 0x42, 0x10, 0x84, 0x21, 0x08, 0x42, 0x11, 0x10, 0xE9, 0xD2, 0x93, 0x69, 0x02, 0x10, 0x84, 0x21, 0x08, 0x42, 0x10, 0x84, 0x21, 0x08, 0x42,
  0x10, 0x94, 0xC1, 0x08, 0x42, 0x10, 0x84, 0x21, 0x08, 0x42, 0x10, 0x84, 0x21, 0x08, 0x42, 0x10, 0x80, 0x00, 0x00, 0x40, 0x10, 0x84, 0x21, 0x08,
  0x42, 0x10, 0x84, 0x21, 0x08, 0x42, 0x10, 0x84, 0x21, 0x08, 0x42, 0x10, 0x84, 0x21, 0x08, 0x42, 0x10, 0x84, 0x21, 0x08, 0x42, 0x10, 0x84, 0x21,
  0x08, 0x42, 0x10, 0x84, 0x22, 0x10, 0x84, 0x21, 0x08, 0x42, 0x10, 0x84, 0x21, 0x08, 0x42, 0x10, 0x84, 0x69, 0x88, 0x43, 0x18, 0xC6, 0x31, 0x8C,
  0x63, 0x19, 0xE6, 0x32, 0x10, 0x84, 0x21, 0x08, 0x42, 0x10, 0x84, 0x29, 0x8C, 0x52, 0x94, 0xC6, 0x31, 0x8C, 0x63, 0x18, 0xC6, 0x39, 0xCE, 0x73,
  0x9C, 0xE7, 0x39, 0xD0, 0x84, 0x21, 0x29, 0x4A, 0x52, 0xA5, 0x29, 0x4A, 0x52, 0xD6, 0xB5, 0x2D, 0x8C, 0x5A, 0xD8, 0xC6, 0x31, 0xAD, 0x6B, 0x5A,
  0xE7, 0x39, 0xCE, 0x84, 0x21, 0x08, 0x42, 0x10, 0x85, 0x29, 0xDE, 0xD3, 0xD5, 0xAD, 0xAD, 0x6B, 0x5A, 0xD8, 0xC6, 0x3D, 0x8C, 0xE7, 0x39, 0xCE,
  0xF7, 0xBD, 0xF3, 0x9C, 0xE7, 0x3B, 0xDF, 0xFF, 0xFF, 0xFF, 0xFF, 0xFF, 0xFF, 0xFF, 0xFF, 0xFF, 0xFF, 0xFF, 0xFF, 0xFF, 0xFF, 0xFF, 0xFF, 0xFF,
  0xFF, 0xFF, 0xFF, 0xFF, 0xFF, 0xFF, 0xFF, 0xFF, 0xFF, 0xFF, 0xFF, 0xFF, 0xFF, 0xFF, 0xFF, 0xFF, 0xFF, 0xFF, 0xF7, 0xBC, 0xE7, 0x39, 0xCE, 0x6F,
  0x7B, 0xCF, 0x39, 0x9C, 0xE7, 0x18, 0xC5, 0xAD, 0x6B, 0x5A, 0xD5, 0xAD, 0x6B, 0x4A, 0x52, 0x94, 0x84, 0x61, 0x08, 0x42, 0x10, 0x83, 0x9D, 0x07,
  0x39, 0xAD, 0x6B, 0x61, 0x19, 0xCD, 0x8B, 0x5A, 0xD6, 0xB5, 0x29, 0x4A, 0x52, 0x94, 0xA5, 0x29, 0x4A, 0x52, 0x50, 0x94, 0x21, 0x07, 0xA9, 0xCE,
  0x73, 0x9C, 0xE7, 0x39, 0x8C, 0x73, 0x18, 0xC6, 0x31, 0x8C, 0x52, 0x94, 0xA5, 0x29, 0x4A, 0x52, 0x90, 0x84, 0x21, 0x08, 0x42, 0x0C, 0x63, 0x18,
  0xC6, 0x31, 0x8C, 0x63, 0x18, 0xC6, 0x31, 0x88, 0x42, 0x10, 0x84, 0x21, 0x08, 0x42, 0x10, 0x84, 0x21, 0x08, 0x42, 0x44, 0xE7, 0x4A, 0x4E, 0x47,
  0x10, 0x42, 0x10, 0x84, 0x21, 0x08, 0x42, 0x10, 0x84, 0x21, 0x08, 0x42, 0x11, 0xB8, 0x21, 0x08, 0x42, 0x10, 0x84, 0x21, 0x08, 0x42, 0x10, 0x80,
  0x00, 0x00, 0x00, 0x00, 0x00, 0x00, 0x00, 0x00, 0x00, 0x00, 0x00, 0x00, 0x00, 0x10, 0x84, 0x21, 0x08, 0x42, 0x10, 0x84, 0x21, 0x08, 0x42, 0x10,
  0x84, 0x21, 0x08, 0x42, 0x10, 0x84, 0x21, 0x08, 0x42, 0x10, 0x84, 0x64, 0x08, 0x42, 0x10, 0x84, 0x21, 0x10, 0x84, 0x21, 0x08, 0x42, 0x10, 0x84,
  0x21, 0x08, 0x42, 0x18, 0x84, 0x29, 0xB8, 0x43, 0x18, 0xC6, 0x31, 0x8C, 0x63, 0x1C, 0xE6, 0x32, 0x10, 0x84, 0x21, 0x08, 0x62, 0x10, 0x84, 0x29,
  0x4C, 0x52, 0x98, 0xC6, 0x31, 0x8C, 0x63, 0x18, 0xE6, 0x39, 0xCE, 0x73, 0x9C, 0xE7, 0x39, 0xD0, 0x84, 0x21, 0x09, 0x4A, 0x52, 0x95, 0x29, 0x4A,
  0x52, 0xD6, 0xB5, 0xAD, 0x8C, 0x5A, 0xD8, 0xC6, 0x31, 0x8D, 0x6B, 0x5A, 0xE7, 0x39, 0xCE, 0x84, 0x21, 0x08, 0x42, 0x10, 0x85, 0x29, 0xDE, 0xD3,
  0xB5, 0xAD, 0x6D, 0x6B, 0x5A, 0xD6, 0xC7, 0xBB, 0x8C, 0xE7, 0x39, 0xCE, 0xF7, 0xBD, 0xF3, 0x9C, 0xE7, 0x3B, 0xDF, 0xFF, 0xFF, 0xFF, 0xFF, 0xFF,
  0xFF, 0xFF, 0xFF, 0xFF, 0xFF, 0xFF, 0xFF, 0xFF, 0xFF, 0xFF, 0xFF, 0xFF, 0xFF, 0xFF, 0xFF, 0xFF, 0xFF, 0xFF, 0xFF, 0xFF, 0xFF, 0xFF, 0xFF, 0xFF,
  0xFF, 0xFF, 0xFF, 0xFF, 0xFF, 0xFF, 0xF7, 0xBC, 0xE7, 0x39, 0xCE, 0x73, 0x9C, 0xE7, 0x39, 0x9C, 0x63, 0x18, 0xC5, 0xAD, 0x6B, 0x5A, 0xD5, 0xAD,
  0x69, 0x4A, 0x52, 0x94, 0x84, 0x61, 0x08, 0x42, 0x10, 0x83, 0xA1, 0x07, 0x35, 0xAE, 0x6B, 0x58, 0xC6, 0xC2, 0x6B, 0x5A, 0xD6, 0xA5, 0x29, 0x4A,
  0x52, 0x94, 0xA5, 0x29, 0x4A, 0x4A, 0x52, 0x84, 0x21, 0x07, 0x74, 0xCE, 0x73, 0x9C, 0xE7, 0x31, 0x8C, 0x63, 0x18, 0xC6, 0x31, 0x8A, 0x52, 0x94,
  0xA5, 0x29, 0x4A, 0x52, 0x90, 0x84, 0x21, 0x08, 0x41, 0x8C, 0x63, 0x18, 0xC6, 0x31, 0x8C, 0x63, 0x18, 0x86, 0x31, 0x08, 0x42, 0x10, 0x84, 0x21,
  0x08, 0x42, 0x10, 0x84, 0x21, 0x08, 0x47, 0x9D, 0x27, 0x38, 0xA0, 0x41, 0x08, 0x42, 0x10, 0x84, 0x21, 0x08, 0x42, 0x10, 0x84, 0x21, 0x08, 0x42,
  0x19, 0x84, 0x21, 0x08, 0x42, 0x10, 0x84, 0x21, 0x08, 0x00, 0x00, 0x00, 0x20, 0x00, 0x00, 0x00, 0x00, 0x00, 0x00, 0x00, 0x00, 0x00, 0x00, 0x00,
  0x00, 0x10, 0x84, 0x21, 0x08, 0x42, 0x10, 0x84, 0x21, 0x08, 0x42, 0x10, 0x84, 0x21, 0x08, 0x42, 0x10, 0x84, 0x21, 0x08, 0x42, 0x11, 0xA1, 0x03,
  0x08, 0x42, 0x10, 0x84, 0x21, 0x08, 0x84, 0x21, 0x08, 0x42, 0x10, 0x84, 0x21, 0x08, 0x42, 0x10, 0x84, 0x21, 0x4C, 0x42, 0x18, 0xC6, 0x31, 0x8C,
  0x63, 0x1C, 0xCE, 0x31, 0x90, 0x84, 0x21, 0x08, 0x42, 0x10, 0xA4, 0x29, 0x4C, 0x52, 0x94, 0xA6, 0x31, 0x8C, 0x63, 0x18, 0xE6, 0x31, 0xCE, 0x73,
  0x9C, 0xE7, 0x39, 0xD0, 0x84, 0x21, 0x09, 0x4A, 0x52, 0x95, 0x29, 0x4A, 0x52, 0x96, 0xB5, 0xAD, 0x6B, 0x5A, 0xD8, 0xC6, 0x31, 0x8D, 0x6B, 0x5A,
  0xD7, 0x39, 0xCE, 0x74, 0x21, 0x08, 0x42, 0x10, 0x85, 0x29, 0xDF, 0x52, 0x99, 0xAD, 0x6D, 0x6B, 0x5A, 0xD6, 0xC7, 0xBB, 0x8C, 0x67, 0x39, 0xCE,
  0xF7, 0xBD, 0xF3, 0x9C, 0xE7, 0x3B, 0xDF, 0xFF, 0xFF, 0xFF, 0xFF, 0xFF, 0xFF, 0xFF, 0xFF, 0xFF, 0xFF, 0xFF, 0xFF, 0xFF, 0xFF, 0xFF, 0xFF, 0xFF,
  0xFF, 0xFF, 0xFF, 0xFF, 0xFF, 0xFF, 0xFF, 0xFF, 0xFF, 0xFF, 0xFF, 0xFF, 0xFF, 0xFF, 0xFF, 0xFF, 0xFF, 0xFE, 0xF7, 0x9C, 0xE7, 0x39, 0xCE, 0x73,
  0x9B, 0xCE, 0x79, 0x9C, 0x63, 0x18, 0xC5, 0xAD, 0x6B, 0x5A, 0xD5, 0xAD, 0x69, 0x4A, 0x52, 0x94, 0x84, 0x21, 0x08, 0x42, 0x10, 0x73, 0x9C, 0xE7,
  0x35, 0xAD, 0x6B, 0x58, 0xC6, 0x42, 0x6C, 0x5A, 0xD6, 0xA5, 0x29, 0x4A, 0x52, 0x94, 0xA5, 0x29, 0x49, 0x4A, 0x10, 0x84, 0x20, 0xE7, 0x3D, 0x4E,
  0x73, 0x9C, 0xE7, 0x31, 0x8C, 0x63, 0x18, 0xC6, 0x31, 0x8A, 0x52, 0x94, 0xA5, 0x29, 0x4A, 0x52, 0x10, 0x84, 0x21, 0x08, 0x41, 0x8C, 0x63, 0x18,
  0xC6, 0x31, 0x8C, 0x63, 0x10, 0xC4, 0x31, 0x08, 0x42, 0x10, 0x84, 0x21, 0x08, 0x42, 0x10, 0x84, 0x21, 0x08, 0xF2, 0xA4, 0xDA, 0x82, 0x04, 0x21,
  0x08, 0x42, 0x10, 0x84, 0x21, 0x08, 0x42, 0x10, 0x84, 0x21, 0x08, 0x42, 0x32, 0x84, 0x21, 0x08, 0x42, 0x10, 0x84, 0x00, 0x00, 0x00, 0x00, 0x00,
  0x00, 0x00, 0x00, 0x10, 0x04, 0x20, 0x00, 0x00, 0x00, 0x00, 0x00, 0x00, 0x02, 0x10, 0x84, 0x21, 0x08, 0x42, 0x10, 0x84, 0x21, 0x08, 0x42, 0x10,
  0x84, 0x21, 0x08, 0x42, 0x10, 0x84, 0x21, 0x10, 0x42, 0x23, 0x8C, 0x21, 0x08, 0x42, 0x10, 0x84, 0x21, 0x08, 0x44, 0x21, 0x08, 0x42, 0x10, 0x84,
  0x21, 0x08, 0x42, 0x10, 0x84, 0x21, 0x3A, 0x62, 0x10, 0xC6, 0x31, 0x8C, 0x63, 0x1C, 0x46, 0x31, 0x90, 0x84, 0x21, 0x08, 0x42, 0x10, 0x84, 0x29,
  0x4A, 0x52, 0x94, 0xA6, 0x31, 0x8C, 0x63, 0x18, 0xC6, 0x31, 0xCE, 0x73, 0x9C, 0xE7, 0x39, 0xCE, 0x84, 0x21, 0x08, 0x4A, 0x52, 0x95, 0x29, 0x4A,
  0x52, 0x94, 0xA5, 0x29, 0x6B, 0x62, 0xD6, 0xC6, 0x31, 0x8D, 0x6B, 0x5A, 0xD7, 0x39, 0xCE, 0x74, 0x21, 0x08, 0x42, 0x10, 0x85, 0x29, 0xDE, 0xD2,
  0x9E, 0xAD, 0x6D, 0x6B, 0x5A, 0xD6, 0xC7, 0xBD, 0x8C, 0x67, 0x39, 0xCE, 0xF7, 0xBD, 0xF3, 0x9C, 0xE7, 0x39, 0xDE, 0xFF, 0xFF, 0xFF, 0xFF, 0xFF,
  0xFF, 0xFF, 0xFF, 0xFF, 0xFF, 0xFF, 0xFF, 0xFF, 0xFF, 0xFF, 0xFF, 0xFF, 0xFF, 0xFF, 0xFF, 0xFF, 0xFF, 0xFF, 0xFF, 0xFF, 0xFF, 0xFF, 0xFF, 0xFF,
  0xFF, 0xFF, 0xFF, 0xFF, 0xFF, 0xFE, 0xF7, 0x9C, 0xE7, 0x39, 0xBD, 0xF3, 0x79, 0xE7, 0x33, 0x9C, 0x63, 0x18, 0xC5, 0xAD, 0x6B, 0x5A, 0xB5, 0xAD,
  0x69, 0x4A, 0x52, 0x90, 0x84, 0x21, 0x08, 0x42, 0x10, 0x73, 0x9C, 0xE7, 0x35, 0xAD, 0x6B, 0x18, 0xC6, 0x32, 0x11, 0x5A, 0xD6, 0xA5, 0x29, 0x4A,
  0x52, 0x94, 0xA5, 0x29, 0x29, 0x4A, 0x52, 0x84, 0x20, 0xE7, 0x3C, 0xCE, 0x73, 0x9C, 0xE7, 0x31, 0x8C, 0x63, 0x18, 0xC6, 0x31, 0x4A, 0x52, 0x98,
  0xA5, 0x29, 0x4A, 0x52, 0x10, 0x84, 0x21, 0x08, 0x31, 0x8C, 0x63, 0x18, 0xC6, 0x31, 0x8C, 0x63, 0x10, 0x84, 0x21, 0x88, 0x42, 0x10, 0x84, 0x21,
  0x08, 0x42, 0x10, 0x84, 0x22, 0xAA, 0x34, 0xA4, 0x84, 0x20, 0x84, 0x21, 0x08, 0x42, 0x10, 0x84, 0x21, 0x08, 0x42, 0x10, 0x84, 0x21, 0x08, 0x4B,
  0x30, 0x84, 0x21, 0x08, 0x42, 0x10, 0x00, 0x00, 0x00, 0x00, 0x00, 0x00, 0x00, 0x00, 0x00, 0x00, 0x00, 0x00, 0x00, 0x00, 0x00, 0x00, 0x00, 0x00,
  0x02, 0x10, 0x84, 0x21, 0x08, 0x42, 0x10, 0x84, 0x21, 0x08, 0x42, 0x10, 0x84, 0x21, 0x08, 0x42, 0x10, 0x84, 0x21, 0x10, 0x84, 0x31, 0x04, 0x21,
  0x08, 0x42, 0x10, 0x84, 0x21, 0x08, 0x42, 0x21, 0x08, 0x42, 0x10, 0x84, 0x21, 0x08, 0x42, 0x10, 0x84, 0x21, 0x0A, 0xA2, 0x10, 0xC6, 0x31, 0x8C,
  0x63, 0x1C, 0x46, 0x31, 0x8C, 0x84, 0x21, 0x08, 0x42, 0x10, 0x84, 0x21, 0x0A, 0x52, 0x94, 0xA5, 0x31, 0x8C, 0x63, 0x18, 0xC6, 0x31, 0x8E, 0x73,
  0x9C, 0xE7, 0x39, 0xCE, 0x84, 0x21, 0x08, 0x4A, 0x52, 0x94, 0xA9, 0x4A, 0x52, 0x94, 0xA5, 0x29, 0x6C, 0x5A, 0xD6, 0xC6, 0x31, 0x8C, 0x6B, 0x5A,
  0xD7, 0x39, 0xCE, 0x74, 0x21, 0x08, 0x42, 0x10, 0x84, 0x29, 0xDD, 0x52, 0x9E, 0xAD, 0x6B, 0x6B, 0x5A, 0xD6, 0xE7, 0xB1, 0x8C, 0x67, 0x39, 0xCE,
  0x77, 0xBD, 0xEF, 0x9C, 0xE7, 0x39, 0xDE, 0xFF, 0xFF, 0xFF, 0xFF, 0xFF, 0xFF, 0xFF, 0xFF, 0xFF, 0xFF, 0xFF, 0xFF, 0xFF, 0xFF, 0xFF, 0xFF, 0xFF,
  0xFF, 0xFF, 0xFF, 0xFF, 0xFF, 0xFF, 0xFF, 0xFF, 0xFF, 0xFF, 0xFF, 0xFF, 0xFF, 0xFF, 0xFF, 0xFF, 0xFF, 0xFE, 0xF7, 0x9C, 0xE7, 0x39, 0xBD, 0xEF,
  0x79, 0xCE, 0x73, 0x9C, 0x63, 0x18, 0xB5, 0xAD, 0x6B, 0x5A, 0xB5, 0xAD, 0x69, 0x4A, 0x52, 0x90, 0x84, 0x21, 0x08, 0x42, 0x10, 0x73, 0x9C, 0xE6,
  0xB5, 0xAD, 0x6B, 0x18, 0xC6, 0x4E, 0x6E, 0x5A, 0xD4, 0xA5, 0x29, 0x4A, 0x52, 0x94, 0xA5, 0x29, 0x29, 0x4A, 0x12, 0x84, 0x1C, 0xE7, 0x3C, 0xCE,
  0x73, 0x9C, 0xE7, 0x31, 0x8C, 0x63, 0x18, 0xC6, 0x31, 0x4A, 0x53, 0x14, 0xA5, 0x29, 0x4A, 0x42, 0x10, 0x84, 0x21, 0x08, 0x31, 0x8C, 0x63, 0x18,
  0xC6, 0x31, 0x8C, 0x62, 0x10, 0x84, 0x21, 0x08, 0x42, 0x10, 0x84, 0x21, 0x08, 0x42, 0x10, 0x84, 0x59, 0x4E, 0x94, 0x89, 0x04, 0x10, 0x84, 0x21,
  0x08, 0x42, 0x10, 0x84, 0x21, 0x08, 0x42, 0x10, 0x84, 0x21, 0x09, 0x96, 0x10, 0x84, 0x21, 0x08, 0x00, 0x00, 0x00, 0x00, 0x00, 0x00, 0x00, 0x00,
  0x00, 0x00, 0x00, 0x00, 0x00, 0x00, 0x00, 0x00, 0x00, 0x00, 0x00, 0x00, 0x42, 0x10, 0x84, 0x21, 0x08, 0x42, 0x10, 0x84, 0x20, 0x08, 0x42, 0x10,
  0x84, 0x21, 0x08, 0x42, 0x10, 0x84, 0x21, 0x08, 0x42, 0x20, 0x84, 0x21, 0x08, 0x42, 0x10, 0x84, 0x21, 0x08, 0x42, 0x11, 0x08, 0x42, 0x10, 0x84,
  0x21, 0x08, 0x42, 0x10, 0x84, 0x21, 0x0A, 0xA2, 0x10, 0x86, 0x31, 0x8C, 0x63, 0x3C, 0x46, 0x31, 0x8C, 0x84, 0x21, 0x08, 0x42, 0x10, 0x84, 0x21,
  0x0A, 0x52, 0x94, 0xA5, 0x31, 0x8C, 0x63, 0x18, 0xC6, 0x31, 0x8E, 0x73, 0x9C, 0xE7, 0x39, 0xCE, 0x74, 0x21, 0x08, 0x4A, 0x52, 0x94, 0xA9, 0x4A,
  0x52, 0x94, 0xA5, 0x29, 0x6B, 0x63, 0x16, 0xC6, 0x31, 0x8C, 0x6B, 0x5A, 0xD6, 0xB9, 0xCE, 0x74, 0x61, 0x08, 0x42, 0x10, 0x8C, 0x69, 0xEA, 0x52,
  0x9D, 0xAD, 0x6B, 0x6B, 0x5A, 0xDC, 0xF7, 0x31, 0x8C, 0x67, 0x39, 0xCE, 0x77, 0xBD, 0xEF, 0x9C, 0xE7, 0x39, 0xDE, 0xFF, 0xFF, 0xFF, 0xFF, 0xFF,
  0xFF, 0xFF, 0xFF, 0xFF, 0xFF, 0xFF, 0xFF, 0xFF, 0xFF, 0xFF, 0xFF, 0xFF, 0xFF, 0xFF, 0xFF, 0xFF, 0xFF, 0xFF, 0xFF, 0xFF, 0xFF, 0xFF, 0xFF, 0xFF,
  0xFF, 0xFF, 0xFF, 0xFF, 0xFF, 0xFE, 0xF7, 0x9C, 0xE7, 0x39, 0xBD, 0xEF, 0x79, 0xCF, 0x33, 0x8C, 0x63, 0x18, 0xB5, 0xAD, 0x6B, 0x5A, 0xB5, 0xAD,
  0x29, 0x4A, 0x52, 0x90, 0x84, 0x21, 0x08, 0x42, 0x0E, 0x73, 0x9C, 0xE6, 0xB5, 0xAD, 0x6B, 0x18, 0xC8, 0x4E, 0x0C, 0x5A, 0xD4, 0xA5, 0x29, 0x4A,
  0x52, 0x94, 0xA5, 0x29, 0x29, 0x42, 0x10, 0x84, 0x1C, 0xE7, 0x6C, 0x8E, 0x73, 0x9C, 0xE6, 0x31, 0x8C, 0x63, 0x18, 0xC6, 0x29, 0x4A, 0x53, 0x14,
  0xA5, 0x29, 0x4A, 0x42, 0x10, 0x84, 0x21, 0x06, 0x31, 0x8C, 0x63, 0x18, 0xC6, 0x31, 0x8C, 0x62, 0x10, 0x84, 0x21, 0x08, 0x42, 0x10, 0x84, 0x21,
  0x08, 0x42, 0x10, 0x8B, 0x2A, 0x52, 0x6D, 0x20, 0x82, 0x10, 0x84, 0x21, 0x08, 0x42, 0x10, 0x84, 0x21, 0x08, 0x42, 0x10, 0x84, 0x21, 0x1B, 0x82,
  0x10, 0x84, 0x20, 0x00, 0x00, 0x00, 0x00, 0x00, 0x00, 0x00, 0x00, 0x00, 0x00, 0x00, 0x00, 0x00, 0x00, 0x00, 0x00, 0x00, 0x00, 0x00, 0x00, 0x00,
  0x00, 0x00, 0x00, 0x21, 0x08, 0x42, 0x10, 0x80, 0x00, 0x00, 0x02, 0x10, 0x84, 0x21, 0x08, 0x42, 0x11, 0x04, 0x21, 0x08, 0x42, 0x10, 0x84, 0x21,
  0x08, 0x42, 0x10, 0x84, 0x21, 0x08, 0x42, 0x10, 0x88, 0x42, 0x10, 0x84, 0x21, 0x08, 0x42, 0x10, 0x84, 0x21, 0x0A, 0x66, 0x10, 0x86, 0x31, 0x8C,
  0x63, 0x3C, 0x46, 0x31, 0x8C, 0x64, 0x21, 0x08, 0x42, 0x10, 0x84, 0x21, 0x08, 0x52, 0x94, 0xA5, 0x29, 0x8C, 0x63, 0x18, 0xC6, 0x31, 0x8E, 0x73,
  0x9C, 0xE7, 0x41, 0xCE, 0x74, 0x21, 0x08, 0x42, 0x52, 0x94, 0xA9, 0x4A, 0x52, 0x94, 0xA5, 0xAD, 0x6B, 0x5B, 0x16, 0xB6, 0x31, 0x8C, 0x6B, 0x5A,
  0xD6, 0xB9, 0xCE, 0x73, 0xA1, 0x08, 0x42, 0x10, 0x8C, 0x7B, 0xDA, 0x52, 0x9A, 0xAD, 0x6B, 0x6B, 0x5A, 0xDE, 0xEE, 0x31, 0x8C, 0x63, 0x39, 0xCE,
  0x77, 0xBD, 0xEF, 0x9C, 0xE7, 0x39, 0xDE, 0xFF, 0xFF, 0xFF, 0xFF, 0xFF, 0xFF, 0xFF, 0xFF, 0xFF, 0xFF, 0xFF, 0xFF, 0xFF, 0xFF, 0xFF, 0xFF, 0xFF,
  0xFF, 0xFF, 0xFF, 0xFF, 0xFF, 0xFF, 0xFF, 0xFF, 0xFF, 0xFF, 0xFF, 0xFF, 0xFF, 0xFF, 0xFF, 0xFF, 0xFF, 0xDE, 0xF3, 0x9C, 0xE7, 0x39, 0xBD, 0xEF,
  0x79, 0xCF, 0x33, 0x9C, 0x63, 0x18, 0xB5, 0xAD, 0x6B, 0x5A, 0xB5, 0xAD, 0x29, 0x4A, 0x52, 0x10, 0x84, 0x21, 0x08, 0x42, 0x0E, 0x73, 0x9C, 0xE6,
  0xB5, 0xAD, 0x63, 0x18, 0xC9, 0xCD, 0x8C, 0x5A, 0xD4, 0xA5, 0x29, 0x4A, 0x52, 0x94, 0xA5, 0x29, 0x29, 0x42, 0x10, 0x84, 0x1C, 0xE7, 0xA1, 0xCE,
  0x73, 0x9C, 0xE6, 0x31, 0x8C, 0x63, 0x18, 0xC6, 0x29, 0x4C, 0x62, 0x94, 0xA5, 0x29, 0x48, 0x42, 0x10, 0x84, 0x20, 0xC6, 0x31, 0x8C, 0x63, 0x18,
  0xC6, 0x31, 0x8C, 0x42, 0x10, 0x84, 0x21, 0x08, 0x42, 0x10, 0x84, 0x21, 0x08, 0x42, 0x1B, 0xA7, 0x4A, 0x48, 0x82, 0x10, 0x42, 0x10, 0x84, 0x21,
  0x08, 0x42, 0x10, 0x84, 0x21, 0x08, 0x42, 0x10, 0x84, 0x25, 0x98, 0x42, 0x10, 0x80, 0x00, 0x00, 0x00, 0x00, 0x00, 0x00, 0x00, 0x00, 0x00, 0x00,
  0x00, 0x00, 0x00, 0x00, 0x00, 0x00, 0x00, 0x00, 0x00, 0x00, 0x00, 0x00, 0x00, 0x00, 0x00, 0x00, 0x00, 0x42, 0x10, 0x80, 0x00, 0x00, 0x00, 0x00,
  0x84, 0x21, 0x08, 0x42, 0x11, 0x84, 0x21, 0x08, 0x42, 0x10, 0x84, 0x21, 0x08, 0x42, 0x10, 0x84, 0x21, 0x08, 0x42, 0x10, 0x88, 0x42, 0x10, 0x84,
  0x21, 0x08, 0x42, 0x10, 0x84, 0x21, 0x08, 0xD3, 0x10, 0x84, 0x31, 0x8C, 0x63, 0x8C, 0x46, 0x31, 0x8C, 0x63, 0x21, 0x08, 0x42, 0x10, 0x84, 0x21,
  0x08, 0x52, 0x94, 0xA5, 0x29, 0x8C, 0x63, 0x18, 0xC6, 0x31, 0x8C, 0x73, 0x9C, 0xE7, 0x42, 0x0E, 0x74, 0x21, 0x08, 0x42, 0x52, 0x94, 0xA9, 0x4A,
  0x52, 0x94, 0xB5, 0xAD, 0x6B, 0x5A, 0xD6, 0xB6, 0x31, 0x8C, 0x63, 0x5A, 0xD6, 0xB9, 0xCE, 0x73, 0xA1, 0x08, 0x42, 0x10, 0x84, 0xE7, 0x7A, 0x52,
  0x9E, 0xAD, 0x6B, 0x6B, 0x5A, 0xDE, 0xC6, 0x31, 0x8C, 0x63, 0x39, 0xCE, 0x79, 0xBD, 0xEF, 0x9C, 0xE7, 0x3B, 0xDE, 0xF7, 0xFF, 0xFF, 0xFF, 0xFF,
  0xFF, 0xFF, 0xFF, 0xFF, 0xFF, 0xFF, 0xFF, 0xFF, 0xFF, 0xFF, 0xFF, 0xFF, 0xFF, 0xFF, 0xFF, 0xFF, 0xFF, 0xFF, 0xFF, 0xFF, 0xFF, 0xFF, 0xFF, 0xFF,
  0xFF, 0xFF, 0xFF, 0xFF, 0xFF, 0xDE, 0xF3, 0x9C, 0xE7, 0x37, 0xBD, 0xEF, 0x39, 0xCF, 0x33, 0x8C, 0x63, 0x18, 0xB5, 0xAD, 0x6B, 0x56, 0xB5, 0xAD,
  0x29, 0x4A, 0x52, 0x10, 0x84, 0x21, 0x08, 0x42, 0x0E, 0x73, 0x9C, 0xD6, 0xB5, 0xAD, 0x63, 0x19, 0x09, 0xCD, 0x8C, 0x5A, 0x94, 0xA5, 0x29, 0x4A,
  0x52, 0x94, 0xA5, 0x29, 0x29, 0x42, 0x10, 0x83, 0x9E, 0x73, 0x39, 0xCE, 0x73, 0x9C, 0xC6, 0x31, 0x8C, 0x63, 0x18, 0xC6, 0x29, 0x8C, 0x62, 0x94,
  0xA5, 0x29, 0x48, 0x42, 0x10, 0x84, 0x20, 0xC6, 0x31, 0x8C, 0x63, 0x18, 0xC6, 0x31, 0x88, 0x62, 0x10, 0x84, 0x21, 0x08, 0x42, 0x10, 0x84, 0x21,
  0x08, 0x43, 0x74, 0xE9, 0x39, 0x10, 0x42, 0x08, 0x42, 0x10, 0x84, 0x21, 0x08, 0x42, 0x10, 0x84, 0x21, 0x08, 0x42, 0x10, 0x84, 0xAB, 0x08, 0x42,
  0x10, 0x00, 0x00, 0x00, 0x00, 0x00, 0x00, 0x00, 0x00, 0x00, 0x00, 0x00, 0x00, 0x00, 0x00, 0x00, 0x00, 0x00, 0x00, 0x00, 0x00, 0x00, 0x00, 0x00,
  0x00, 0x00, 0x00, 0x00, 0x00, 0x00, 0x00, 0x80, 0x00, 0x00, 0x00, 0x00, 0x04, 0x21, 0x08, 0x42, 0x11, 0x88, 0x21, 0x08, 0x42, 0x10, 0x84, 0x21,
  0x08, 0x42, 0x10, 0x84, 0x21, 0x08, 0x42, 0x10, 0x84, 0x42, 0x10, 0x84, 0x21, 0x08, 0x42, 0x10, 0xC4, 0x21, 0x08, 0x55, 0x18, 0x84, 0x21, 0x8C,
  0x63, 0x5C, 0x46, 0x31, 0x8C, 0x63, 0x21, 0x08, 0x42, 0x10, 0x84, 0x21, 0x08, 0x52, 0x94, 0xA5, 0x29, 0x8C, 0x63, 0x18, 0xC6, 0x31, 0x8C, 0x73,
  0x9C, 0xE7, 0x3A, 0x0E, 0x73, 0xA1, 0x08, 0x42, 0x52, 0x95, 0x29, 0x4A, 0x52, 0x94, 0xA5, 0xAD, 0x6B, 0x5A, 0xD6, 0xB6, 0x31, 0x8C, 0x63, 0x5A,
  0xD6, 0xB5, 0xCE, 0x73, 0xA1, 0x08, 0x42, 0x10, 0x84, 0xE9, 0x4A, 0x53, 0xBA, 0xAD, 0x6B, 0x5B, 0x5A, 0xDE, 0xEE, 0x31, 0x8C, 0x63, 0x39, 0xCE,
  0x73, 0xBD, 0xEF, 0x7C, 0xE7, 0x3B, 0xDE, 0xF7, 0xFF, 0xFF, 0xFF, 0xFF, 0xFF, 0xFF, 0xFF, 0xFF, 0xFF, 0xFF, 0xFF, 0xFF, 0xFF, 0xFF, 0xFF, 0xFF,
  0xFF, 0xFF, 0xFF, 0xFF, 0xFF, 0xFF, 0xFF, 0xFF, 0xFF, 0xFF, 0xFF, 0xFF, 0xFF, 0xFF, 0xFF, 0xFF, 0xFF, 0xDE, 0xF3, 0x9C, 0xE7, 0x37, 0xBD, 0xEF,
  0x9C, 0xCE, 0x73, 0x8C, 0xE3, 0x16, 0xB5, 0xAD, 0x6B, 0x56, 0xB5, 0xAD, 0x29, 0x4A, 0x52, 0x10, 0x84, 0x21, 0x08, 0x41, 0xCE, 0x73, 0x9C, 0xD6,
  0xB5, 0xAD, 0x63, 0x19, 0x39, 0xB9, 0x8C, 0x5A, 0x94, 0xA5, 0x29, 0x4A, 0x52, 0x92, 0xA5, 0x29, 0x28, 0x42, 0x10, 0x83, 0xAA, 0x67, 0x39, 0xCE,
  0x73, 0x98, 0xC6, 0x31, 0x8C, 0x63, 0x18, 0xC5, 0x31, 0x8C, 0x52, 0x94, 0xA5, 0x29, 0x08, 0x42, 0x10, 0x84, 0x20, 0xC6, 0x31, 0x8C, 0x63, 0x18,
  0xC6, 0x31, 0x88, 0x62, 0x10, 0x84, 0x21, 0x08, 0x42, 0x10, 0x84, 0x21, 0x08, 0xB2, 0x9D, 0x26, 0xA2, 0x04, 0x41, 0x08, 0x42, 0x10, 0x84, 0x21,
  0x08, 0x42, 0x10, 0x84, 0x21, 0x08, 0x42, 0x10, 0x85, 0xC1, 0x08, 0x40, 0x00, 0x00, 0x00, 0x00, 0x00, 0x00, 0x00, 0x00, 0x00, 0x00, 0x00, 0x00,
  0x00, 0x00, 0x00, 0x00, 0x00, 0x00, 0x00, 0x00, 0x00, 0x00, 0x00, 0x00, 0x00, 0x00, 0x00, 0x00, 0x00, 0x00, 0x00, 0x00, 0x00, 0x00, 0x00, 0x00,
  0x00, 0x01, 0x08, 0x42, 0x11, 0x84, 0x21, 0x08, 0x42, 0x10, 0x84, 0x21, 0x08, 0x42, 0x10, 0x84, 0x21, 0x08, 0x42, 0x10, 0x84, 0x22, 0x10, 0x84,
  0x21, 0x08, 0x42, 0x10, 0x84, 0x21, 0x08, 0x51, 0x58, 0x84, 0x21, 0x8C, 0x63, 0x5C, 0x46, 0x31, 0x8C, 0x63, 0x21, 0x08, 0x42, 0x10, 0x84, 0x21,
  0x08, 0x42, 0x94, 0xA5, 0x29, 0x4C, 0x63, 0x18, 0xC6, 0x31, 0x8C, 0x63, 0x9C, 0xE7, 0x3A, 0x0E, 0x73, 0xA1, 0x08, 0x42, 0x12, 0x94, 0xA9, 0x4A,
  0x52, 0x94, 0xA5, 0xAD, 0x6B, 0x5A, 0xD6, 0xB5, 0xB1, 0x8C, 0x63, 0x5A, 0xD6, 0xB5, 0xCE, 0x73, 0x9D, 0x08, 0x42, 0x10, 0x84, 0x6B, 0xDA, 0x53,
  0xB5, 0xAD, 0x6B, 0x5B, 0x5B, 0x1E, 0xED, 0xB1, 0x8C, 0x63, 0x39, 0xE6, 0x73, 0xBD, 0xEF, 0x7C, 0xE7, 0x3B, 0xCE, 0xF7, 0xFF, 0xFF, 0xFF, 0xFF,
  0xFF, 0xFF, 0xFF, 0xFF, 0xFF, 0xFF, 0xFF, 0xFF, 0xFF, 0xFF, 0xFF, 0xFF, 0xFF, 0xFF, 0xFF, 0xFF, 0xFF, 0xFF, 0xFF, 0xFF, 0xFF, 0xFF, 0xFF, 0xFF,
  0xFF, 0xFF, 0xFF, 0xFF, 0xFF, 0xDE, 0xF3, 0x9C, 0xE7, 0x37, 0xBD, 0xEF, 0x9C, 0xCE, 0x71, 0x8C, 0xE7, 0x18, 0xB5, 0xB1, 0x6B, 0x56, 0xB5, 0xA5,
  0x29, 0x4A, 0x52, 0x10, 0x84, 0x21, 0x08, 0x41, 0xCE, 0x73, 0x9C, 0xD6, 0xB5, 0xAC, 0x63, 0x19, 0x39, 0xB1, 0x8C, 0x5A, 0x94, 0xA5, 0x29, 0x4A,
  0x52, 0x92, 0x95, 0x25, 0x28, 0x42, 0x10, 0x83, 0xD0, 0xE7, 0x39, 0xCE, 0x73, 0x98, 0xC6, 0x31, 0x8C, 0x63, 0x18, 0xC6, 0x31, 0x8A, 0x52, 0x94,
  0xA5, 0x29, 0x08, 0x42, 0x10, 0x84, 0x18, 0xC6, 0x31, 0x8C, 0x63, 0x18, 0xC6, 0x31, 0x8C, 0x62, 0x10, 0x84, 0x21, 0x08, 0x42, 0x10, 0x84, 0x21,
  0x12, 0x54, 0xA4, 0x50, 0x21, 0x04, 0x41, 0x08, 0x42, 0x10, 0x84, 0x21, 0x08, 0x42, 0x10, 0x84, 0x21, 0x08, 0x42, 0x10, 0x85, 0xC1, 0x08, 0x00,
  0x00, 0x00, 0x00, 0x00, 0x00, 0x00, 0x00, 0x00, 0x00, 0x00, 0x00, 0x00, 0x00, 0x00, 0x00, 0x00, 0x00, 0x00, 0x00, 0x00, 0x00, 0x00, 0x00, 0x00,
  0x00, 0x00, 0x00, 0x00, 0x00, 0x00, 0x00, 0x00, 0x00, 0x00, 0x00, 0x00, 0x00, 0x00, 0x08, 0x42, 0x30, 0x84, 0x21, 0x08, 0x42, 0x10, 0x84, 0x21,
  0x08, 0x42, 0x10, 0x84, 0x21, 0x08, 0x42, 0x10, 0x84, 0x21, 0x10, 0x84, 0x21, 0x08, 0x42, 0x10, 0x84, 0x21, 0x08, 0x4D, 0x98, 0x84, 0x21, 0x0C,
  0x63, 0x3C, 0x46, 0x41, 0x8C, 0x63, 0x19, 0x08, 0x42, 0x10, 0x84, 0x21, 0x08, 0x42, 0x94, 0xA5, 0x29, 0x4C, 0x63, 0x18, 0xC6, 0x31, 0x8E, 0x63,
  0x9C, 0xE7, 0x39, 0xCE, 0x73, 0xA1, 0x08, 0x42, 0x12, 0x95, 0x29, 0x4A, 0x52, 0x94, 0xA5, 0xAD, 0x6B, 0x5A, 0xD6, 0xB5, 0xB1, 0x8C, 0x63, 0x1A,
  0xD6, 0xB5, 0xCE, 0x73, 0x9D, 0x08, 0x42, 0x10, 0x84, 0x29, 0xDA, 0x53, 0xD5, 0xA5, 0x6B, 0x5B, 0x5A, 0xDE, 0xE5, 0xB1, 0x8C, 0x63, 0x19, 0xCE,
  0x73, 0xBD, 0xEF, 0x7C, 0xE7, 0x39, 0xCE, 0xF7, 0xFF, 0xFF, 0xFF, 0xFF, 0xFF, 0xFF, 0xFF, 0xFF, 0xFF, 0xFF, 0xFF, 0xFF, 0xFF, 0xFF, 0xFF, 0xFF,
  0xFF, 0xFF, 0xFF, 0xFF, 0xFF, 0xFF, 0xFF, 0xFF, 0xFF, 0xFF, 0xFF, 0xFF, 0xFF, 0xFF, 0xFF, 0xFF, 0xFB, 0xDE, 0x73, 0x9C, 0xE7, 0x37, 0xBD, 0xEF,
  0x3C, 0xCE, 0x71, 0x9C, 0xE7, 0x16, 0xC5, 0xAD, 0x6B, 0x56, 0xB5, 0xA5, 0x29, 0x4A, 0x42, 0x10, 0x84, 0x21, 0x08, 0x41, 0xCE, 0x73, 0x9C, 0xD6,
  0xB5, 0xAC, 0x63, 0x19, 0x39, 0xB1, 0x8C, 0x52, 0x94, 0xA5, 0x29, 0x4A, 0x52, 0x92, 0x95, 0x25, 0x28, 0x42, 0x10, 0x79, 0xA8, 0xE7, 0x39, 0xCE,
  0x73, 0x98, 0xC6, 0x31, 0x8C, 0x63, 0x18, 0xC6, 0x31, 0x8A, 0x52, 0x94, 0xA5, 0x21, 0x08, 0x42, 0x10, 0x84, 0x18, 0xC6, 0x31, 0x8C, 0x63, 0x18,
  0xC6, 0x31, 0x0C, 0x62, 0x10, 0x84, 0x21, 0x08, 0x42, 0x10, 0x84, 0x24, 0xCE, 0x94, 0x91, 0x04, 0x21, 0x08, 0x21, 0x08, 0x42, 0x10, 0x84, 0x21,
  0x08, 0x42, 0x10, 0x84, 0x21, 0x08, 0x42, 0x10, 0x85, 0x80, 0x00, 0x02, 0x00, 0x00, 0x00, 0x00, 0x00, 0x00, 0x00, 0x00, 0x00, 0x00, 0x00, 0x00,
  0x00, 0x00, 0x00, 0x00, 0x00, 0x00, 0x00, 0x00, 0x00, 0x00, 0x00, 0x00, 0x00, 0x00, 0x00, 0x00, 0x00, 0x00, 0x00, 0x00, 0x00, 0x00, 0x00, 0x00,
  0x00, 0x00, 0x00, 0x0C, 0x40, 0x84, 0x21, 0x08, 0x42, 0x10, 0x84, 0x21, 0x08, 0x42, 0x10, 0x84, 0x21, 0x08, 0x42, 0x10, 0x84, 0x21, 0x10, 0x84,
  0x21, 0x08, 0x42, 0x10, 0x84, 0x21, 0x08, 0x53, 0x58, 0x84, 0x21, 0x0C, 0x63, 0x3C, 0x46, 0x31, 0x8C, 0x63, 0x19, 0x08, 0x42, 0x10, 0x84, 0x21,
  0x08, 0x42, 0x14, 0xA5, 0x29, 0x4A, 0x63, 0x18, 0xC6, 0x31, 0x8C, 0x63, 0x9C, 0xE7, 0x39, 0xCE, 0x73, 0x9D, 0x08, 0x42, 0x12, 0xA5, 0x29, 0x4A,
  0x52, 0x94, 0xA5, 0x2D, 0x6A, 0x52, 0xD6, 0xB5, 0xB1, 0x8C, 0x63, 0x1A, 0xD6, 0xB5, 0xCE, 0x73, 0x9D, 0x08, 0x42, 0x10, 0x84, 0x29, 0x3A, 0x53,
  0xD4, 0xA5, 0x6B, 0x5B, 0x5B, 0xDE, 0xB5, 0xB1, 0x8C, 0x63, 0x19, 0xCE, 0x73, 0xBD, 0xEF, 0x7C, 0xE7, 0x39, 0xCE, 0x77, 0xBF, 0xFF, 0xFF, 0xFF,
  0xFF, 0xFF, 0xFF, 0xFF, 0xFF, 0xFF, 0xFF, 0xFF, 0xFF, 0xFF, 0xFF, 0xFF, 0xFF, 0xFF, 0xFF, 0xFF, 0xFF, 0xFF, 0xFF, 0xFF, 0xFF, 0xFF, 0xFF, 0xFF,
  0xFF, 0xFF, 0xFF, 0xFF, 0xFB, 0xDE, 0x73, 0x9C, 0xE7, 0x37, 0xBD, 0xE7, 0x39, 0xCE, 0x71, 0x9C, 0xE3, 0x16, 0xC5, 0xAD, 0x6A, 0xD6, 0xB5, 0xA5,
  0x29, 0x4A, 0x42, 0x10, 0x84, 0x21, 0x08, 0x41, 0xCE, 0x73, 0x9A, 0xD6, 0xB5, 0xAD, 0x63, 0x19, 0x38, 0xB1, 0x8B, 0x52, 0x94, 0xA5, 0x29, 0x4A,
  0x52, 0x92, 0x94, 0xA5, 0x08, 0x42, 0x10, 0x79, 0x9C, 0xE7, 0x39, 0xCE, 0x73, 0x1C, 0xC6, 0x31, 0xCC, 0x63, 0x18, 0xC6, 0x31, 0x8A, 0x52, 0x94,
  0xA5, 0x21, 0x08, 0x42, 0x10, 0x83, 0x18, 0xC6, 0x31, 0x8C, 0x63, 0x18, 0xC6, 0x21, 0x0C, 0x42, 0x10, 0x84, 0x21, 0x08, 0x42, 0x10, 0x84, 0x39,
  0xD2, 0x72, 0x20, 0x84, 0x21, 0x04, 0x21, 0x08, 0x42, 0x10, 0x84, 0x21, 0x08, 0x42, 0x10, 0x84, 0x21, 0x08, 0x42, 0x10, 0x88, 0x80, 0x00, 0x00,
  0x00, 0x00, 0x00, 0x00, 0x00, 0x00, 0x00, 0x00, 0x00, 0x00, 0x00, 0x00, 0x00, 0x00, 0x00, 0x00, 0x00, 0x00, 0x00, 0x00, 0x00, 0x00, 0x00, 0x00,
  0x00, 0x00, 0x00, 0x00, 0x00, 0x00, 0x00, 0x00, 0x00, 0x00, 0x00, 0x00, 0x00, 0x00, 0x00, 0x0C, 0x30, 0x84, 0x21, 0x08, 0x42, 0x10, 0x84, 0x21,
  0x08, 0x42, 0x10, 0x84, 0x21, 0x08, 0x42, 0x10, 0x84, 0x21, 0x08, 0x84, 0x21, 0x08, 0x42, 0x10, 0xC4, 0x21, 0x08, 0x93, 0x10, 0x84, 0x21, 0x08,
  0x63, 0x1C, 0x46, 0x31, 0x8C, 0x63, 0x18, 0xC8, 0x42, 0x10, 0x84, 0x21, 0x08, 0x42, 0x14, 0xA5, 0x29, 0x4A, 0x63, 0x18, 0xC6, 0x31, 0x8C, 0x63,
  0x1C, 0xE7, 0x39, 0xCE, 0x73, 0x9D, 0x08, 0x42, 0x10, 0x95, 0x29, 0x4A, 0x52, 0x94, 0xA5, 0x2D, 0x6A, 0x52, 0xD6, 0xB5, 0xB1, 0x8C, 0x63, 0x5A,
  0xD6, 0xB5, 0xAE, 0x73, 0x9D, 0x08, 0x42, 0x10, 0x84, 0x29, 0x1A, 0x53, 0xB5, 0xA5, 0x6B, 0x5A, 0xDB, 0xD6, 0xB5, 0xB1, 0x8C, 0x63, 0x39, 0xCE,
  0x73, 0x9D, 0xEF, 0x7C, 0xE7, 0x39, 0xCE, 0x77, 0xBF, 0xFF, 0xFF, 0xFF, 0xFF, 0xFF, 0xFF, 0xFF, 0xFF, 0xFF, 0xFF, 0xFF, 0xFF, 0xFF, 0xFF, 0xFF,
  0xFF, 0xFF, 0xFF, 0xFF, 0xFF, 0xFF, 0xFF, 0xFF, 0xFF, 0xFF, 0xFF, 0xFF, 0xFF, 0xFF, 0xFF, 0xFF, 0xFB, 0xDE, 0x73, 0x9C, 0xE6, 0xF7, 0xBD, 0xE7,
  0x39, 0xCE, 0x71, 0x8C, 0xE2, 0xD6, 0xC5, 0xAD, 0x6A, 0xD6, 0xB5, 0xAD, 0x2B, 0x4A, 0x42, 0x10, 0x84, 0x21, 0x08, 0x3A, 0x0E, 0x73, 0x9A, 0xE7,
  0x39, 0xAC, 0x63, 0x1B, 0x38, 0x31, 0x8B, 0x52, 0x94, 0xA5, 0x29, 0x4A, 0x52, 0x52, 0x94, 0xA5, 0x08, 0x42, 0x10, 0x75, 0x4C, 0xE7, 0x39, 0xCE,
  0x73, 0x1C, 0xC6, 0x31, 0x8C, 0x63, 0x18, 0xC6, 0x31, 0x8A, 0x52, 0x94, 0xA5, 0x21, 0x08, 0x42, 0x10, 0x83, 0x18, 0xC6, 0x31, 0x8C, 0x63, 0x18,
  0xC6, 0x21, 0x08, 0x42, 0x10, 0x84, 0x21, 0x08, 0x42, 0x10, 0x84, 0xEA, 0x4D, 0xC4, 0x10, 0x84, 0x20, 0x84, 0x21, 0x08, 0x42, 0x10, 0x84, 0x21,
  0x08, 0x42, 0x10, 0x84, 0x21, 0x08, 0x42, 0x10, 0x90, 0x60, 0x00, 0x00, 0x10, 0x00, 0x00, 0x00, 0x00, 0x00, 0x00, 0x00, 0x00, 0x00, 0x00, 0x00,
  0x00, 0x00, 0x00, 0x00, 0x00, 0x00, 0x00, 0x00, 0x00, 0x00, 0x00, 0x00, 0x00, 0x00, 0x00, 0x00, 0x00, 0x00, 0x20, 0x00, 0x00, 0x00, 0x00, 0x00,
  0x00, 0x00, 0x00, 0x4C, 0x30, 0x84, 0x21, 0x08, 0x42, 0x10, 0x84, 0x21, 0x08, 0x42, 0x10, 0x84, 0x21, 0x08, 0x42, 0x10, 0x84, 0x21, 0x08, 0x44,
  0x21, 0x08, 0x42, 0x10, 0x84, 0x21, 0x0A, 0x6B, 0x10, 0x84, 0x21, 0x08, 0x63, 0x1C, 0x46, 0x31, 0x8C, 0x63, 0x18, 0xC8, 0x42, 0x10, 0x84, 0x21,
  0x08, 0x42, 0x14, 0xA5, 0x29, 0x4A, 0x63, 0x18, 0xC6, 0x31, 0x8C, 0x63, 0x1C, 0xE7, 0x39, 0xD0, 0x73, 0x9D, 0x08, 0x42, 0x50, 0x95, 0x29, 0x4A,
  0x52, 0x94, 0xA5, 0x2D, 0x6A, 0x52, 0xD6, 0xB5, 0xAD, 0x8C, 0x63, 0x5A, 0xE6, 0xB5, 0xAE, 0x73, 0x9C, 0xE8, 0x42, 0x10, 0x84, 0x27, 0x0A, 0x52,
  0x9D, 0xA5, 0x6B, 0x5A, 0xDB, 0xD6, 0xB5, 0xAD, 0x8C, 0x63, 0x19, 0xCE, 0x73, 0x9D, 0xEF, 0x7B, 0xE7, 0x39, 0xCE, 0x77, 0xBF, 0xFF, 0xFF, 0xFF,
  0xFF, 0xFF, 0xFF, 0xFF, 0xFF, 0xFF, 0xFF, 0xFF, 0xFF, 0xFF, 0xFF, 0xFF, 0xFF, 0xFF, 0xFF, 0xFF, 0xFF, 0xFF, 0xFF, 0xFF, 0xFF, 0xFF, 0xFF, 0xFF,
  0xFF, 0xFF, 0xFF, 0xFF, 0xFB, 0xDE, 0x73, 0x9C, 0xE6, 0xF7, 0xBD, 0xE7, 0x39, 0xCE, 0x71, 0x8C, 0x62, 0xD8, 0xC6, 0x2D, 0x6A, 0xD6, 0xB4, 0xA5,
  0x29, 0x4A, 0x42, 0x10, 0x84, 0x21, 0x08, 0x39, 0xCE, 0x73, 0x9C, 0xE7, 0x35, 0xAD, 0x63, 0x21, 0x37, 0x31, 0x8B, 0x52, 0x94, 0xA5, 0x29, 0x4A,
  0x52, 0x52, 0x94, 0xA5, 0x08, 0x42, 0x0E, 0x73, 0xD0, 0xE7, 0x39, 0xCE, 0x73, 0x18, 0xC6, 0x31, 0x8C, 0x63, 0x18, 0xC6, 0x31, 0x4A, 0x52, 0x94,
  0xA4, 0x21, 0x08, 0x42, 0x10, 0x63, 0x18, 0xC6, 0x31, 0x8C, 0x63, 0x18, 0xC6, 0x31, 0x0C, 0x42, 0x10, 0x84, 0x21, 0x08, 0x42, 0x10, 0x87, 0x3A,
  0x4C, 0x82, 0x10, 0x84, 0x20, 0x84, 0x21, 0x08, 0x42, 0x10, 0x84, 0x21, 0x08, 0x42, 0x10, 0xFB, 0xDD, 0x20, 0x42, 0x10, 0x44, 0x80, 0x00, 0x00,
  0x00, 0x00, 0x00, 0x00, 0x00, 0x00, 0x00, 0x00, 0x00, 0x00, 0x00, 0x00, 0x00, 0x00, 0x00, 0x00, 0x00, 0x00, 0x00, 0x00, 0x00, 0x00, 0x00, 0x00,
  0x00, 0x00, 0x00, 0x00, 0x00, 0x12, 0xE0, 0x00, 0x00, 0x00, 0x00, 0x00, 0x00, 0x00, 0x09, 0x4C, 0x10, 0x04, 0x21, 0x08, 0x42, 0x10, 0x84, 0x21,
  0x08, 0x42, 0x10, 0x84, 0x21, 0x08, 0x42, 0x10, 0x84, 0x21, 0x08, 0x44, 0x21, 0x08, 0x42, 0x10, 0x84, 0x21, 0x0A, 0x65, 0x10, 0x84, 0x21, 0x88,
  0x43, 0x1C, 0x46, 0x31, 0x8C, 0x63, 0x18, 0xC6, 0x42, 0x10, 0x84, 0x21, 0x08, 0x42, 0x10, 0xA5, 0x29, 0x4A, 0x53, 0x18, 0xC6, 0x31, 0x8C, 0x63,
  0x1C, 0xE7, 0x39, 0xCE, 0x83, 0x9C, 0xE8, 0x42, 0x52, 0x95, 0x29, 0x4A, 0x52, 0x94, 0xA5, 0x29, 0x4B, 0x52, 0xD6, 0xB5, 0xAD, 0x8C, 0x63, 0x58,
  0xD6, 0xB5, 0xAE, 0x73, 0x9C, 0xE8, 0x42, 0x10, 0x84, 0x67, 0x0A, 0x52, 0x9E, 0xED, 0x2B, 0x5A, 0xDB, 0xD6, 0xB5, 0xAD, 0x8C, 0x63, 0x19, 0xCE,
  0x73, 0x9D, 0xEF, 0x7B, 0xE7, 0x39, 0xCE, 0x77, 0xBF, 0xFF, 0xFF, 0xFF, 0xFF, 0xFF, 0xFF, 0xFF, 0xFF, 0xFF, 0xFF, 0xFF, 0xFF, 0xFF, 0xFF, 0xFF,
  0xFF, 0xFF, 0xFF, 0xFF, 0xFF, 0xFF, 0xFF, 0xFF, 0xFF, 0xFF, 0xFF, 0xFF, 0xFF, 0xFF, 0xFF, 0xFF, 0xFB, 0xDE, 0x73, 0x9C, 0xE6, 0xF7, 0xBD, 0xE7,
  0x39, 0xCE, 0x31, 0x8C, 0x62, 0xD6, 0xB5, 0xAD, 0x6A, 0xD6, 0xB4, 0xA5, 0x29, 0x48, 0x42, 0x10, 0x84, 0x21, 0x08, 0x3A, 0x0E, 0x73, 0x9C, 0xE6,
  0xB5, 0x8C, 0x63, 0x27, 0x36, 0x31, 0x6B, 0x52, 0x96, 0xA5, 0x29, 0x4A, 0x52, 0x52, 0x94, 0xA1, 0x08, 0x42, 0x0E, 0x73, 0xD0, 0xE7, 0x39, 0xCE,
  0x63, 0x18, 0xC6, 0x31, 0x8C, 0x63, 0x18, 0xC6, 0x31, 0x4A, 0x52, 0x94, 0xA4, 0x21, 0x08, 0x42, 0x10, 0x63, 0x18, 0xC6, 0x31, 0x8C, 0x63, 0x18,
  0xC6, 0x31, 0x88, 0x42, 0x10, 0x84, 0x21, 0x08, 0x42, 0x10, 0xE5, 0x49, 0xA0, 0x42, 0x10, 0x84, 0x10, 0x84, 0x21, 0x08, 0x42, 0x10, 0x84, 0x21,
  0x08, 0x42, 0x12, 0xCC, 0x21, 0xF0, 0x42, 0x00, 0x00, 0x00, 0x00, 0x00, 0x00, 0x00, 0x00, 0x00, 0x00, 0x00, 0x00, 0x00, 0x00, 0x00, 0x00, 0x00,
  0x00, 0x00, 0x00, 0x00, 0x68, 0x00, 0x00, 0x00, 0x00, 0x00, 0x00, 0x00, 0x00, 0x00, 0x00, 0x00, 0x00, 0x26, 0x20, 0x00, 0x00, 0x00, 0x00, 0x00,
  0x00, 0x00, 0x21, 0x42, 0x00, 0x00, 0x21, 0x08, 0x42, 0x10, 0x84, 0x21, 0x08, 0x42, 0x10, 0x84, 0x21, 0x08, 0x42, 0x10, 0x84, 0x21, 0x08, 0x42,
  0x21, 0x08, 0x42, 0x10, 0x84, 0x21, 0x09, 0x53, 0x10, 0x84, 0x21, 0x08, 0x43, 0x1C, 0x46, 0x31, 0x8C, 0x63, 0x18, 0xC6, 0x42, 0x10, 0x84, 0x21,
  0x08, 0x42, 0x10, 0xA5, 0x29, 0x4A, 0x53, 0x18, 0xC6, 0x31, 0x8C, 0x63, 0x9C, 0xE7, 0x39, 0xCE, 0x84, 0x1C, 0xE8, 0x42, 0x52, 0x95, 0x29, 0x4A,
  0x52, 0x94, 0xA5, 0x29, 0x4A, 0x52, 0x96, 0xB5, 0xAD, 0x8C, 0x63, 0x58, 0xD6, 0xB5, 0xAE, 0x73, 0x9C, 0xE8, 0x42, 0x10, 0x84, 0xE9, 0x08, 0x52,
  0x9E, 0xEF, 0x7B, 0x5A, 0xDB, 0xDD, 0xB5, 0xAD, 0xDE, 0x63, 0x18, 0xCE, 0x73, 0x9D, 0xEF, 0x7B, 0xE7, 0x39, 0xCE, 0x77, 0xBF, 0xFF, 0xFF, 0xFF,
  0xFF, 0xFF, 0xFF, 0xFF, 0xFF, 0xFF, 0xFF, 0xFF, 0xFF, 0xFF, 0xFF, 0xFF, 0xFF, 0xFF, 0xFF, 0xFF, 0xFF, 0xFF, 0xFF, 0xFF, 0xFF, 0xFF, 0xFF, 0xFF,
  0xFF, 0xFF, 0xFF, 0xFF, 0xFB, 0xDE, 0x73, 0x9C, 0xE6, 0xF7, 0xBD, 0xE7, 0x39, 0xCE, 0x31, 0x8C, 0x62, 0xD6, 0xB5, 0xAD, 0x5A, 0xD6, 0xB4, 0xA5,
  0x29, 0x48, 0x42, 0x10, 0x84, 0x21, 0x08, 0x3A, 0x0E, 0x73, 0x9C, 0xD6, 0xB5, 0xAD, 0x6C, 0x27, 0x36, 0x31, 0x6B, 0x52, 0xD4, 0xA5, 0x29, 0x4A,
  0x4A, 0x92, 0x94, 0xA1, 0x08, 0x42, 0x0E, 0x73, 0xD4, 0xE7, 0x39, 0xCE, 0x63, 0x18, 0xC6, 0x31, 0x8C, 0x63, 0x18, 0xC6, 0x31, 0x4A, 0x52, 0x94,
  0xA4, 0x21, 0x08, 0x42, 0x0C, 0x63, 0x18, 0xC6, 0x31, 0x8C, 0x63, 0x18, 0xC6, 0x31, 0x8C, 0x42, 0x10, 0x84, 0x21, 0x08, 0x42, 0x3C, 0xE9, 0x49,
  0x90, 0x42, 0x10, 0x82, 0x10, 0x84, 0x21, 0x08, 0x42, 0x10, 0x84, 0x21, 0x08, 0x42, 0x19, 0x98, 0x21, 0xA8, 0x80, 0x0A, 0xE8, 0x13, 0x00, 0x1C,
  0x5E, 0x80, 0x13, 0xED, 0x40, 0x00, 0x00, 0x13, 0x17, 0x74, 0x00, 0x00, 0x7A, 0xA0, 0x1A, 0x0B, 0xFA, 0x80, 0x09, 0x00, 0x01, 0x8C, 0x00, 0x1C,
  0x6E, 0x00, 0x4F, 0xAD, 0x00, 0x3A, 0x00, 0x00, 0x00, 0x00, 0x00, 0x00, 0x00, 0x84, 0x28, 0x82, 0x00, 0x00, 0x01, 0x08, 0x42, 0x10, 0x84, 0x21,
  0x08, 0x42, 0x10, 0x84, 0x21, 0x08, 0x42, 0x10, 0x84, 0x21, 0x08, 0x44, 0x11, 0x08, 0x42, 0x10, 0x84, 0x21, 0x08, 0x54, 0x18, 0x84, 0x21, 0x08,
  0x42, 0x1C, 0x46, 0x31, 0x8C, 0x63, 0x18, 0xC6, 0x32, 0x10, 0x84, 0x21, 0x08, 0x42, 0x10, 0x85, 0x29, 0x4A, 0x53, 0x18, 0xC6, 0x31, 0x8C, 0x63,
  0x9C, 0xE7, 0x39, 0xCE, 0x84, 0x1C, 0xE8, 0x42, 0x52, 0x94, 0xA9, 0x4A, 0x52, 0x94, 0xA5, 0x29, 0x6A, 0x52, 0xD6, 0xB5, 0xAD, 0x8C, 0x63, 0x58,
  0xD6, 0xB5, 0xAD, 0x73, 0x9C, 0xE8, 0x42, 0x10, 0x84, 0xE7, 0x08, 0x53, 0xBE, 0xA5, 0x7B, 0x5A, 0xD6, 0xDE, 0xB5, 0xBB, 0xDF, 0x7B, 0x38, 0xCE,
  0x73, 0x9D, 0xEF, 0x7B, 0xE7, 0x39, 0xCE, 0x77, 0xBF, 0xFF, 0xFF, 0xFF, 0xFF, 0xFF, 0xFF, 0xFF, 0xFF, 0xFF, 0xFF, 0xFF, 0xFF, 0xFF, 0xFF, 0xFF,
  0xFF, 0xFF, 0xFF, 0xFF, 0xFF, 0xFF, 0xFF, 0xFF, 0xFF, 0xFF, 0xFF, 0xFF, 0xFF, 0xFF, 0xFF, 0xFF, 0x7B, 0xCE, 0x73, 0x9C, 0xE6, 0xF7, 0xBC, 0xE7,
  0x39, 0xCE, 0x31, 0x8C, 0x62, 0xD6, 0xB5, 0xAD, 0x5A, 0xD6, 0xB4, 0xA5, 0x29, 0x48, 0x42, 0x10, 0x84, 0x21, 0x07, 0x39, 0xCE, 0x73, 0x9C, 0xD6,
  0xB5, 0xAD, 0x84, 0xE6, 0xE6, 0x31, 0x6A, 0x52, 0xD6, 0xA5, 0x29, 0x4A, 0x4A, 0x92, 0x94, 0xA1, 0x08, 0x41, 0xCE, 0x73, 0xCC, 0xE7, 0x39, 0xCE,
  0x63, 0x18, 0xC6, 0x31, 0x8C, 0x63, 0x18, 0xC6, 0x29, 0x4A, 0x52, 0x94, 0x84, 0x21, 0x08, 0x42, 0x0C, 0x63, 0x18, 0xC6, 0x31, 0x8C, 0x63, 0x18,
  0x86, 0x31, 0x88, 0x42, 0x10, 0x84, 0x21, 0x08, 0x43, 0x9D, 0x27, 0x22, 0x08, 0x42, 0x10, 0x82, 0x10, 0x84, 0x21, 0x08, 0x42, 0x10, 0x84, 0x21,
  0x08, 0x42, 0x1E, 0x84, 0x21, 0xF0, 0x01, 0xE0, 0x03, 0x53, 0x01, 0x3A, 0x50, 0x03, 0x49, 0x00, 0x00, 0x00, 0x00, 0x3E, 0x68, 0x26, 0x90, 0x07,
  0xA0, 0x07, 0x52, 0x06, 0x20, 0x00, 0x98, 0xC0, 0x09, 0x84, 0x11, 0xE8, 0x40, 0x0E, 0x80, 0x1D, 0x00, 0x3A, 0x00, 0x00, 0x00, 0x00, 0x00, 0x01,
  0x94, 0xA5, 0x10, 0x00, 0x00, 0x00, 0x00, 0x08, 0x42, 0x10, 0x84, 0x21, 0x08, 0x42, 0x10, 0x84, 0x21, 0x08, 0x42, 0x10, 0x84, 0x21, 0x08, 0x42,
  0x11, 0x08, 0x42, 0x10, 0x84, 0x21, 0x08, 0x45, 0x98, 0x84, 0x21, 0x08, 0x42, 0x1C, 0x4E, 0x31, 0x8C, 0x63, 0x18, 0xC6, 0x32, 0x10, 0x84, 0x21,
  0x08, 0x42, 0x10, 0x85, 0x29, 0x4A, 0x52, 0x98, 0xC6, 0x31, 0x8C, 0x63, 0x9C, 0xE7, 0x39, 0xCE, 0x74, 0x21, 0x08, 0x4A, 0x52, 0x94, 0xA9, 0x2A,
  0x52, 0x94, 0xA5, 0x29, 0x4A, 0x52, 0xD6, 0xB5, 0xAD, 0x6C, 0x63, 0x58, 0xD6, 0xB9, 0xAD, 0x73, 0x9C, 0xE7, 0x42, 0x10, 0x85, 0x27, 0x08, 0x53,
  0xDE, 0xA5, 0x3B, 0x5A, 0xD6, 0xD6, 0xF7, 0xB9, 0x8E, 0xF7, 0xBD, 0xEE, 0x73, 0x9C, 0xEF, 0x7B, 0xE7, 0x39, 0xCE, 0x73, 0xBD, 0xFF, 0xFF, 0xFF,
  0xFF, 0xFF, 0xFF, 0xFF, 0xFF, 0xFF, 0xFF, 0xFF, 0xFF, 0xFF, 0xFF, 0xFF, 0xFF, 0xFF, 0xFF, 0xFF, 0xFF, 0xFF, 0xFF, 0xFF, 0xFF, 0xFF, 0xFF, 0xFF,
  0xFF, 0xFF, 0xFF, 0xFF, 0x7B, 0xCE, 0x73, 0x9C, 0xDE, 0xF7, 0xBC, 0xE7, 0x39, 0xCE, 0x31, 0x8C, 0x5A, 0xD6, 0xB5, 0xAD, 0x5A, 0xD6, 0xB4, 0xA5,
  0x29, 0x48, 0x42, 0x10, 0x84, 0x21, 0x07, 0x39, 0xCE, 0x73, 0x9A, 0xE6, 0xB5, 0xAD, 0x9C, 0xE0, 0xC5, 0xAD, 0x6A, 0x52, 0xD4, 0xA5, 0x29, 0x4A,
  0x4A, 0x52, 0x94, 0xA1, 0x08, 0x41, 0xCE, 0x73, 0xC5, 0x67, 0x39, 0xCC, 0x63, 0x1C, 0xC6, 0x31, 0x8C, 0x63, 0x18, 0xC6, 0x29, 0x4A, 0x52, 0x94,
  0x84, 0x21, 0x08, 0x42, 0x0C, 0x63, 0x18, 0xC6, 0x31, 0x8C, 0x63, 0x18, 0xC6, 0x31, 0x88, 0x42, 0x10, 0x84, 0x21, 0x08, 0x52, 0xA4, 0xDC, 0x41,
  0x08, 0x42, 0x10, 0x42, 0x10, 0x84, 0x21, 0x08, 0x42, 0x10, 0x84, 0x21, 0x08, 0x42, 0x1F, 0x4E, 0x9D, 0x10, 0x26, 0x50, 0x02, 0x6A, 0x03, 0xA6,
  0x00, 0x06, 0x80, 0x00, 0x00, 0x00, 0x01, 0xB4, 0x00, 0x26, 0x90, 0x5C, 0x20, 0x05, 0xC2, 0x0A, 0x00, 0x00, 0xE8, 0x00, 0x0E, 0x80, 0x15, 0x20,
  0x00, 0xD4, 0x80, 0x97, 0x00, 0xA6, 0x00, 0x00, 0x00, 0x00, 0x00, 0x02, 0x94, 0x40, 0x00, 0x00, 0x00, 0x00, 0x00, 0x00, 0x42, 0x10, 0x84, 0x21,
  0x08, 0x42, 0x10, 0x84, 0x21, 0x08, 0x42, 0x10, 0x84, 0x21, 0x08, 0x42, 0x10, 0x88, 0x42, 0x10, 0x84, 0x21, 0x08, 0x42, 0xA0, 0x84, 0x21, 0x08,
  0x42, 0x14, 0x54, 0x31, 0x8C, 0x63, 0x18, 0xC6, 0x32, 0x10, 0x84, 0x21, 0x08, 0x42, 0x10, 0x85, 0x29, 0x4A, 0x52, 0x98, 0xC6, 0x31, 0x8C, 0x73,
  0x9C, 0xE7, 0x39, 0xCE, 0x73, 0x9D, 0x08, 0x42, 0x52, 0x94, 0xA9, 0x29, 0x4A, 0x94, 0xA5, 0x29, 0x4A, 0x52, 0x96, 0xB5, 0xAD, 0x6C, 0x63, 0x18,
  0xC6, 0xB5, 0xAD, 0x73, 0x9C, 0xE7, 0x42, 0x10, 0x84, 0xE1, 0x08, 0xF7, 0xDE, 0xA5, 0x3B, 0xEE, 0xD6, 0xD6, 0xF7, 0xAD, 0x6C, 0x63, 0x18, 0xEF,
  0x7B, 0x9C, 0xEF, 0x7B, 0xDF, 0x39, 0xCE, 0x73, 0xBD, 0xFF, 0xFF, 0xFF, 0xFF, 0xFF, 0xFF, 0xFF, 0xFF, 0xFF, 0xFF, 0xFF, 0xFF, 0xFF, 0xFF, 0xFF,
  0xFF, 0xFF, 0xFF, 0xFF, 0xFF, 0xFF, 0xFF, 0xFF, 0xFF, 0xFF, 0xFF, 0xFF, 0xFF, 0xFF, 0xFF, 0xFF, 0x7B, 0xCE, 0x73, 0x9C, 0xDE, 0xF7, 0xBC, 0xE7,
  0x39, 0xCE, 0x31, 0x8C, 0x5A, 0xD6, 0xB5, 0xAD, 0x5A, 0xD6, 0x94, 0xA5, 0x29, 0x48, 0xC2, 0x10, 0x84, 0x21, 0x07, 0x39, 0xD0, 0x73, 0x9C, 0xE6,
  0xB5, 0xAD, 0x9C, 0xD8, 0xC6, 0x2D, 0x6A, 0x5A, 0xD4, 0xA5, 0x29, 0x4A, 0x4A, 0x52, 0x94, 0x21, 0x08, 0x41, 0xCE, 0x73, 0xD0, 0xE7, 0x39, 0xCC,
  0x63, 0x18, 0xC6, 0x31, 0x8C, 0x62, 0x98, 0xC6, 0x29, 0x4A, 0x52, 0x94, 0x84, 0x21, 0x08, 0x41, 0x8C, 0x63, 0x18, 0xC6, 0x31, 0x8C, 0x63, 0x18,
  0xC6, 0x31, 0x08, 0x42, 0x10, 0x84, 0x21, 0x08, 0x73, 0xA4, 0x8A, 0x21, 0x08, 0x42, 0x10, 0x42, 0x10, 0x84, 0x21, 0x08, 0x42, 0x10, 0x84, 0x21,
  0x08, 0x42, 0x1E, 0x84, 0x20, 0x00, 0x3A, 0x00, 0x03, 0xA0, 0x06, 0x80, 0x00, 0x38, 0x80, 0x00, 0x00, 0x00, 0x02, 0xA3, 0x00, 0x3A, 0x00, 0x78,
  0x00, 0x07, 0x80, 0x0F, 0x00, 0x00, 0xF0, 0x00, 0x0E, 0x80, 0x1D, 0x00, 0x01, 0x5E, 0xD5, 0x20, 0x03, 0x52, 0x00, 0x00, 0x00, 0x00, 0x00, 0x21,
  0x88, 0x00, 0x00, 0x00, 0x00, 0x00, 0x00, 0x00, 0x02, 0x10, 0x84, 0x21, 0x08, 0x42, 0x10, 0x84, 0x21, 0x08, 0x42, 0x10, 0x84, 0x21, 0x08, 0x42,
  0x10, 0x88, 0x42, 0x10, 0x84, 0x21, 0x08, 0x42, 0xA0, 0x84, 0x21, 0x08, 0x42, 0x14, 0x62, 0x31, 0x8C, 0x63, 0x18, 0xC6, 0x31, 0x90, 0x84, 0x21,
  0x08, 0x42, 0x10, 0x84, 0x29, 0x8C, 0x52, 0x98, 0xC6, 0x31, 0x8C, 0x73, 0x18, 0xC7, 0x39, 0xCE, 0x73, 0x9D, 0x08, 0x42, 0x50, 0x94, 0xA5, 0x29,
  0x52, 0x94, 0xA5, 0x29, 0x4A, 0x52, 0x94, 0xB5, 0xAD, 0x6C, 0x63, 0x18, 0xC6, 0xB5, 0xAD, 0x74, 0x1C, 0xE7, 0x42, 0x10, 0x84, 0xE1, 0x19, 0xD6,
  0xFD, 0xA5, 0x29, 0xDF, 0x76, 0xDD, 0xF7, 0xAD, 0x6C, 0x63, 0x18, 0xCE, 0x7B, 0xDC, 0xEF, 0x7B, 0xDF, 0x39, 0xCE, 0x73, 0xBD, 0xFF, 0xFF, 0xFF,
  0xFF, 0xFF, 0xFF, 0xFF, 0xFF, 0xFF, 0xFF, 0xFF, 0xFF, 0xFF, 0xFF, 0xFF, 0xFF, 0xFF, 0xFF, 0xFF, 0xFF, 0xFF, 0xFF, 0xFF, 0xFF, 0xFF, 0xFF, 0xFF,
  0xFF, 0xFF, 0xFF, 0xFF, 0x7B, 0xCE, 0x73, 0x9C, 0xDE, 0xF7, 0xBC, 0xE7, 0x39, 0xC6, 0x31, 0x8C, 0x62, 0xD6, 0xB5, 0xAD, 0x5A, 0xD6, 0x94, 0xA5,
  0x29, 0x08, 0x42, 0x10, 0x84, 0x21, 0x07, 0x39, 0xCE, 0x73, 0x9C, 0xE6, 0xB5, 0xB0, 0x9C, 0x18, 0xC6, 0x2D, 0x6A, 0x5A, 0xD4, 0xA5, 0x29, 0x49,
  0x4A, 0x52, 0x94, 0x21, 0x08, 0x41, 0xCE, 0x73, 0xF5, 0xA7, 0x39, 0xCC, 0x63, 0x18, 0xC6, 0x32, 0x4C, 0x52, 0x98, 0xC5, 0x29, 0x4A, 0x52, 0x90,
  0x84, 0x21, 0x08, 0x41, 0x8C, 0x63, 0x18, 0xC6, 0x31, 0x8C, 0x63, 0x18, 0x84, 0x21, 0x08, 0x42, 0x10, 0x84, 0x21, 0x08, 0xB3, 0xA4, 0xD4, 0x21,
  0x08, 0x42, 0x08, 0x42, 0x10, 0x84, 0x21, 0x08, 0x42, 0x10, 0x84, 0x21, 0x08, 0x42, 0xB9, 0x04, 0x00, 0x00, 0x3C, 0x00, 0x03, 0xC0, 0x07, 0x80,
  0x00, 0x4C, 0x60, 0x00, 0x00, 0x00, 0x03, 0xC0, 0x00, 0x3C, 0x00, 0x74, 0x00, 0x27, 0x40, 0x0E, 0x80, 0x00, 0xB8, 0x00, 0xC9, 0x80, 0x15, 0x00,
  0x01, 0xD0, 0x00, 0x00, 0x04, 0xC0, 0x00, 0x00, 0x00, 0x00, 0x00, 0x12, 0x8C, 0x00, 0x00, 0x00, 0x00, 0x00, 0x00, 0x00, 0x00, 0x10, 0x84, 0x21,
  0x08, 0x42, 0x10, 0x84, 0x21, 0x08, 0x42, 0x10, 0x84, 0x21, 0x08, 0x42, 0x10, 0x84, 0x42, 0x10, 0x84, 0x21, 0x08, 0x42, 0x98, 0xC4, 0x21, 0x08,
  0x42, 0x12, 0xA2, 0x31, 0x8C, 0x63, 0x18, 0xC6, 0x31, 0x90, 0x84, 0x21, 0x08, 0x42, 0x10, 0x84, 0x29, 0x4A, 0x62, 0x94, 0xC6, 0x31, 0x8C, 0x73,
  0x18, 0xC7, 0x39, 0xCE, 0x73, 0x9D, 0x08, 0x42, 0x10, 0x94, 0xA5, 0x4A, 0x52, 0x54, 0xA5, 0x29, 0x4A, 0x52, 0x94, 0xB5, 0xAD, 0x6C, 0x63, 0x18,
  0xC6, 0xB5, 0xAD, 0x6B, 0x9C, 0xE7, 0x42, 0x10, 0x84, 0xE7, 0x38, 0xC3, 0xB9, 0xA5, 0x29, 0x5A, 0xD7, 0x3D, 0xF7, 0xAD, 0x8C, 0x63, 0x18, 0xC6,
  0x7B, 0xDC, 0xEF, 0x7B, 0xDF, 0x39, 0xCE, 0x73, 0xBD, 0xFF, 0xFF, 0xFF, 0xFF, 0xFF, 0xFF, 0xFF, 0xFF, 0xFF, 0xFF, 0xFF, 0xFF, 0xFF, 0xFF, 0xFF,
  0xFF, 0xFF, 0xFF, 0xFF, 0xFF, 0xFF, 0xFF, 0xFF, 0xFF, 0xFF, 0xFF, 0xFF, 0xFF, 0xFF, 0xFF, 0xFF, 0x7B, 0xCE, 0x73, 0x9C, 0xDE, 0xF7, 0xBC, 0xE7,
  0x39, 0xC6, 0x31, 0x8C, 0x63, 0x18, 0xB5, 0xAD, 0x5A, 0xD6, 0x94, 0xA5, 0x29, 0x08, 0x42, 0x10, 0x84, 0x21, 0x07, 0x39, 0xCE, 0x6B, 0x9C, 0xE6,
  0xB5, 0xB3, 0x9B, 0x18, 0xB5, 0xAD, 0x6B, 0x5A, 0xD4, 0xA5, 0x29, 0x49, 0x4A, 0x52, 0x94, 0x21, 0x08, 0x39, 0xCE, 0x73, 0xA3, 0xA7, 0x39, 0xCC,
  0x63, 0x18, 0xC6, 0xA4, 0xE8, 0x92, 0x94, 0xC5, 0x29, 0x4A, 0x52, 0x90, 0x84, 0x21, 0x08, 0x41, 0x8C, 0x63, 0x18, 0xC6, 0x31, 0x8C, 0x62, 0x18,
  0x84, 0x21, 0x08, 0x42, 0x10, 0x84, 0x21, 0x08, 0x49, 0x9D, 0x26, 0xA1, 0x08, 0x42, 0x08, 0x42, 0x10, 0x84, 0x21, 0x08, 0x42, 0x10, 0x84, 0x21,
  0x08, 0x43, 0x41, 0x00, 0x00, 0x00, 0x3A, 0x20, 0x53, 0x40, 0x05, 0x40, 0x00, 0x0E, 0xA0, 0x00, 0x00, 0x00, 0x03, 0xA0, 0x00, 0x3A, 0x00, 0x78,
  0x01, 0xBC, 0xC0, 0x0E, 0x80, 0x00, 0xE8, 0x11, 0xD4, 0x01, 0x0C, 0x00, 0x01, 0x38, 0x80, 0x00, 0x07, 0x40, 0x00, 0x00, 0x00, 0x00, 0x00, 0x02,
  0x10, 0x40, 0x00, 0x00, 0x00, 0x00, 0x00, 0x00, 0x00, 0x00, 0x84, 0x21, 0x08, 0x42, 0x10, 0x84, 0x21, 0x08, 0x42, 0x10, 0x84, 0x21, 0x08, 0x42,
  0x10, 0x84, 0x42, 0x10, 0xC4, 0x21, 0x08, 0x42, 0xA0, 0x84, 0x21, 0x08, 0x42, 0x11, 0xA2, 0x31, 0x8C, 0x63, 0x18, 0xC6, 0x31, 0x90, 0x84, 0x21,
  0x08, 0x42, 0x10, 0x84, 0x29, 0x4C, 0x62, 0x94, 0xC6, 0x31, 0x8C, 0x63, 0x18, 0xC7, 0x39, 0xCE, 0x73, 0x9C, 0xE8, 0x42, 0x10, 0x94, 0xA5, 0x29,
  0x4A, 0x54, 0xA5, 0x29, 0x4A, 0x52, 0x94, 0xB5, 0xAD, 0x6B, 0x63, 0x18, 0xC6, 0xB5, 0xAE, 0x73, 0x9C, 0xE7, 0x42, 0x10, 0x84, 0x21, 0x08, 0x43,
  0xBD, 0xA5, 0x29, 0x5A, 0xD6, 0xD6, 0xF5, 0xAD, 0x6C, 0x63, 0x18, 0xC6, 0x73, 0xDE, 0xEF, 0x7B, 0xDF, 0x39, 0xCE, 0x73, 0xBD, 0xFF, 0xFF, 0xFF,
  0xFF, 0xFF, 0xFF, 0xFF, 0xFF, 0xFF, 0xFF, 0xFF, 0xFF, 0xFF, 0xFF, 0xFF, 0xFF, 0xFF, 0xFF, 0xFF, 0xFF, 0xFF, 0xFF, 0xFF, 0xFF, 0xFF, 0xFF, 0xFF,
  0xFF, 0xFF, 0xFF, 0xFF, 0x79, 0xCE, 0x73, 0x9C, 0xDE, 0xF7, 0xBC, 0xE7, 0x39, 0xC6, 0x31, 0x8C, 0x5A, 0xD8, 0xB5, 0xAB, 0x5A, 0xD6, 0x94, 0xA5,
  0x29, 0x08, 0x42, 0x10, 0x84, 0x20, 0xE7, 0x39, 0xCE, 0x6B, 0x5A, 0xE6, 0xB5, 0xB3, 0x9B, 0x18, 0xB5, 0xAD, 0x4B, 0x5A, 0x94, 0xA5, 0x29, 0x49,
  0x4A, 0x52, 0x94, 0x21, 0x08, 0x39, 0xCE, 0x73, 0x9D, 0xD4, 0x99, 0x8C, 0x63, 0x18, 0xD4, 0x39, 0x8D, 0x42, 0x94, 0xA5, 0x29, 0x4A, 0x52, 0x90,
  0x84, 0x21, 0x08, 0x31, 0x8C, 0x63, 0x18, 0xC6, 0x31, 0x8C, 0x63, 0x18, 0x84, 0x21, 0x08, 0x42, 0x10, 0x84, 0x21, 0x08, 0x42, 0x4C, 0xE9, 0x35,
  0x08, 0x41, 0x08, 0x42, 0x10, 0x84, 0x21, 0x08, 0x42, 0x10, 0x84, 0x21, 0x08, 0x43, 0x20, 0x00, 0x00, 0x00, 0x01, 0x47, 0x00, 0x60, 0x00, 0xC0,
  0x00, 0x00, 0x93, 0x98, 0x00, 0x00, 0x00, 0x80, 0x00, 0x06, 0x00, 0x0A, 0x68, 0x00, 0x00, 0x06, 0x4C, 0x00, 0x64, 0xC2, 0x20, 0x00, 0x60, 0x00,
  0x00, 0x06, 0x4D, 0x80, 0x03, 0x00, 0x00, 0x00, 0x00, 0x00, 0x00, 0x00, 0x0C, 0x82, 0x00, 0x00, 0x00, 0x00, 0x00, 0x00, 0x00, 0x00, 0x04, 0x21,
  0x08, 0x42, 0x10, 0x84, 0x21, 0x08, 0x42, 0x10, 0x84, 0x21, 0x08, 0x42, 0x10, 0x84, 0x22, 0x10, 0x84, 0x21, 0x08, 0x42, 0xA0, 0x84, 0x21, 0x1C,
  0x42, 0x10, 0xE2, 0x31, 0x8C, 0x63, 0x18, 0xC6, 0x31, 0x8C, 0x84, 0x21, 0x08, 0x42, 0x10, 0x84, 0x21, 0x4C, 0x52, 0x94, 0xC6, 0x31, 0x8C, 0x63,
  0x18, 0xC6, 0x39, 0xCE, 0x73, 0xA0, 0xE8, 0x42, 0x10, 0x84, 0xA5, 0x29, 0x4A, 0x54, 0xA5, 0x29, 0x4A, 0x52, 0x94, 0xB6, 0x31, 0x6B, 0x63, 0x18,
  0xC6, 0xB5, 0xAE, 0x6B, 0x9C, 0xE7, 0x3A, 0x10, 0x84, 0x21, 0x08, 0x42, 0x9D, 0xF5, 0x29, 0x5A, 0xE6, 0xB9, 0xF5, 0xAD, 0x6C, 0x63, 0x18, 0xC6,
  0x73, 0x9E, 0xEF, 0x7B, 0xDF, 0x39, 0xCE, 0x73, 0xBD, 0xFF, 0xFF, 0xFF, 0xFF, 0xFF, 0xFF, 0xFF, 0xFF, 0xFF, 0xFF, 0xFF, 0xFF, 0xFF, 0xFF, 0xFF,
  0xFF, 0xFF, 0xFF, 0xFF, 0xFF, 0xFF, 0xFF, 0xFF, 0xFF, 0xFF, 0xFF, 0xFF, 0xFF, 0xFF, 0xFF, 0xEF, 0x79, 0xCE, 0x73, 0x9C, 0xDE, 0xF7, 0x9C, 0xE7,
  0x99, 0xC6, 0x31, 0x8B, 0x5A, 0xD8, 0xB5, 0xAB, 0x5A, 0xD6, 0x95, 0xA5, 0x29, 0x08, 0x42, 0x10, 0x84, 0x20, 0xE7, 0x39, 0xCE, 0x73, 0x9A, 0xD6,
  0x32, 0x73, 0x83, 0x18, 0xB5, 0xAD, 0x4B, 0x5A, 0x94, 0xA5, 0x29, 0x49, 0x4A, 0x52, 0x84, 0x21, 0x08, 0x39, 0xCE, 0x73, 0x9C, 0xE7, 0x4D, 0x29,
  0x49, 0xD2, 0x88, 0x31, 0x8A, 0x5A, 0x14, 0xA5, 0x29, 0x4A, 0x52, 0x10, 0x84, 0x21, 0x08, 0x31, 0x8C, 0x63, 0x18, 0xC6, 0x31, 0x8C, 0x62, 0x10,
  0x84, 0x21, 0x08, 0x42, 0x10, 0x84, 0x21, 0x08, 0x42, 0x12, 0x27, 0x49, 0xA8, 0x41, 0x08, 0x42, 0x10, 0x84, 0x21, 0x08, 0x42, 0x10, 0x84, 0x21,
  0x08, 0x42, 0x10, 0x00, 0x00, 0x00, 0x00, 0x00, 0x00, 0x00, 0x00, 0x00, 0x00, 0x00, 0x00, 0x00, 0x00, 0x00, 0x00, 0x00, 0x00, 0x00, 0x00, 0x00,
  0x00, 0x00, 0x00, 0x00, 0x00, 0x00, 0x00, 0x00, 0x00, 0x00, 0x00, 0x00, 0x00, 0x00, 0x00, 0x00, 0x00, 0x00, 0x00, 0x00, 0x00, 0x00, 0x00, 0x00,
  0x00, 0x63, 0x00, 0x00, 0x00, 0x00, 0x00, 0x08, 0x42, 0x00, 0x04, 0x21, 0x08, 0x42, 0x10, 0x84, 0x21, 0x08, 0x42, 0x19, 0x84, 0x21, 0x0E, 0x82,
  0x10, 0x84, 0x22, 0x10, 0x84, 0x21, 0x08, 0x44, 0x98, 0x84, 0x21, 0xB4, 0x42, 0x10, 0xE2, 0x31, 0x8C, 0x63, 0x18, 0xC6, 0x31, 0x8C, 0x84, 0x21,
  0x08, 0x42, 0x10, 0x84, 0x21, 0x4A, 0x52, 0x94, 0xA6, 0x31, 0x8C, 0x63, 0x18, 0xC6, 0x39, 0xCE, 0x73, 0x9C, 0xE7, 0x42, 0x10, 0x84, 0x21, 0x29,
  0x4A, 0x54, 0xA5, 0x29, 0x4A, 0x5A, 0xD6, 0xB6, 0x31, 0x8B, 0x63, 0x18, 0xC6, 0x35, 0xAE, 0x6B, 0x9C, 0xE7, 0x3A, 0x10, 0x84, 0x21, 0x08, 0x42,
  0x94, 0xD7, 0x69, 0x5A, 0xD6, 0xBD, 0xF5, 0xAD, 0x8C, 0x63, 0x18, 0xC6, 0x73, 0x9E, 0xF7, 0x7B, 0xDF, 0x39, 0xCE, 0xF7, 0xDD, 0xEF, 0xFF, 0xFF,
  0xFF, 0xFF, 0xFF, 0xFF, 0xFF, 0xFF, 0xFF, 0xFF, 0xFF, 0xFF, 0xFF, 0xFF, 0xFF, 0xFF, 0xFF, 0xFF, 0xFF, 0xFF, 0xFF, 0xFF, 0xFF, 0xFF, 0xFF, 0xFF,
  0xFF, 0xFF, 0xFF, 0xEF, 0x79, 0xCE, 0x73, 0x9B, 0xDE, 0xFB, 0x9C, 0xE7, 0x39, 0xC6, 0x31, 0x8B, 0x5A, 0xD8, 0xB5, 0xAB, 0x5A, 0xD2, 0x94, 0xAD,
  0x29, 0x08, 0x42, 0x10, 0x84, 0x20, 0xE7, 0x39, 0xCE, 0x73, 0x9C, 0xD6, 0xC2, 0x73, 0x9B, 0x18, 0xC5, 0xAD, 0x6B, 0x5A, 0x94, 0xA5, 0x29, 0x29,
  0x4A, 0x52, 0x84, 0x21, 0x08, 0x39, 0xCE, 0x73, 0x9C, 0xE7, 0x39, 0x8C, 0x63, 0x18, 0xC6, 0x31, 0x8C, 0x54, 0x50, 0xA5, 0x21, 0x0A, 0x52, 0x10,
  0x84, 0x21, 0x08, 0x31, 0x8C, 0x63, 0x18, 0xC6, 0x31, 0x8C, 0x42, 0x10, 0x84, 0x21, 0x08, 0x42, 0x10, 0x84, 0x21, 0x08, 0x42, 0x10, 0x91, 0x3A,
  0x4D, 0x42, 0x08, 0x42, 0x10, 0x84, 0x21, 0x08, 0x42, 0x10, 0x84, 0x21, 0x08, 0x42, 0x00, 0x00, 0x00, 0x00, 0x00, 0x00, 0x00, 0x00, 0x00, 0x00,
  0x00, 0x00, 0x00, 0x00, 0x00, 0x00, 0x00, 0x00, 0x00, 0x00, 0x00, 0x00, 0x00, 0x00, 0x00, 0x00, 0x00, 0x00, 0x00, 0x00, 0x00, 0x00, 0x00, 0x00,
  0x00, 0x00, 0x00, 0x00, 0x00, 0x00, 0x00, 0x00, 0x00, 0x00, 0x00, 0x00, 0x00, 0x23, 0x00, 0x00, 0x00, 0x00, 0x00, 0x00, 0x42, 0x10, 0x00, 0x21,
  0x08, 0x42, 0x10, 0x84, 0x21, 0x08, 0x42, 0x19, 0x84, 0x21, 0x98, 0x42, 0x10, 0x84, 0x21, 0x10, 0x84, 0x21, 0x08, 0x42, 0x10, 0x84, 0x26, 0x08,
  0x42, 0x10, 0xA2, 0xA1, 0x8C, 0x63, 0x18, 0xC6, 0x31, 0x8C, 0x84, 0x21, 0x08, 0x42, 0x10, 0x84, 0x21, 0x4A, 0x52, 0x94, 0xA6, 0x31, 0x8C, 0x63,
  0x18, 0xC6, 0x39, 0xCE, 0x73, 0x9C, 0xE7, 0x42, 0x10, 0x84, 0x21, 0x29, 0x4A, 0x52, 0xA5, 0x29, 0x4A, 0x5A, 0xD6, 0xB5, 0xB1, 0x6B, 0x63, 0x18,
  0xC6, 0x35, 0xCE, 0x6B, 0x9C, 0xE7, 0x3A, 0x10, 0x84, 0x21, 0x08, 0x42, 0x94, 0xA7, 0x6B, 0x4A, 0xD6, 0xB6, 0xF5, 0xB1, 0x8C, 0x63, 0x18, 0xC6,
  0x73, 0x9C, 0xF7, 0xBE, 0xEE, 0xFB, 0xDE, 0xF3, 0xBD, 0xEF, 0xFF, 0xFF, 0xFF, 0xFF, 0xFF, 0xFF, 0xFF, 0xFF, 0xFF, 0xFF, 0xFF, 0xFF, 0xFF, 0xFF,
  0xFF, 0xFF, 0xFF, 0xFF, 0xFF, 0xFF, 0xFF, 0xFF, 0xFF, 0xFF, 0xFF, 0xFF, 0xFF, 0xFF, 0xFF, 0xEF, 0x79, 0xCE, 0x73, 0x9B, 0xDE, 0xF9, 0x9C, 0xE7,
  0x39, 0xC6, 0x31, 0x8B, 0x5A, 0xD6, 0xB5, 0xAB, 0x5A, 0xD2, 0x94, 0xA5, 0x21, 0x08, 0x42, 0x10, 0x84, 0x20, 0xE7, 0x39, 0xCE, 0x73, 0x9C, 0xD6,
  0xC2, 0x73, 0x9B, 0x98, 0xC5, 0xA9, 0x6B, 0x5A, 0x94, 0xA5, 0x29, 0x29, 0x4A, 0x52, 0x84, 0x21, 0x07, 0x39, 0xCE, 0x73, 0x9C, 0xE7, 0x39, 0x8C,
  0x63, 0x18, 0xC6, 0x31, 0x8C, 0x52, 0xAA, 0x65, 0x21, 0x08, 0x42, 0x10, 0x84, 0x21, 0x06, 0x31, 0x8C, 0x63, 0x18, 0xC6, 0x31, 0x8C, 0x42, 0x10,
  0x84, 0x21, 0x08, 0x42, 0x10, 0x84, 0x21, 0x08, 0x42, 0x10, 0x84, 0x89, 0xD2, 0x6A, 0x10, 0x42, 0x10, 0x84, 0x21, 0x08, 0x42, 0x10, 0x84, 0x21,
  0x08, 0x40, 0x00, 0x00, 0x00, 0x00, 0x00, 0x00, 0x00, 0x00, 0x00, 0x00, 0x00, 0x00, 0x00, 0x00, 0x00, 0x00, 0x00, 0x00, 0x00, 0x00, 0x00, 0x00,
  0x00, 0x00, 0x00, 0x00, 0x00, 0x00, 0x00, 0x00, 0x00, 0x00, 0x00, 0x00, 0x00, 0x00, 0x00, 0x00, 0x00, 0x00, 0x00, 0x00, 0x00, 0x00, 0x00, 0x00,
  0x00, 0x02, 0x00, 0x00, 0x00, 0x00, 0x00, 0x00, 0x42, 0x10, 0x00, 0x01, 0x08, 0x42, 0x10, 0x84, 0x21, 0x08, 0x42, 0x1D, 0x04, 0x21, 0x98, 0x43,
  0x39, 0xCC, 0x82, 0x14, 0xC4, 0x21, 0x50, 0x42, 0x1D, 0x28, 0xCA, 0x08, 0x42, 0x10, 0xA3, 0x11, 0x91, 0x6B, 0x18, 0xC6, 0x31, 0x8C, 0x64, 0x21,
  0x08, 0x42, 0x10, 0x84, 0x21, 0x4A, 0x52, 0x94, 0xA6, 0x31, 0x8C, 0x64, 0x18, 0xC6, 0x39, 0xCE, 0x73, 0x9C, 0xE7, 0x39, 0xD0, 0x84, 0x21, 0x29,
  0x52, 0x94, 0xA5, 0x29, 0x4A, 0x5A, 0xD6, 0xB5, 0xB1, 0x6B, 0x63, 0x18, 0xC6, 0x35, 0xAD, 0x6B, 0x5C, 0xE7, 0x3A, 0x10, 0x84, 0x21, 0x08, 0x42,
  0x14, 0xA7, 0x69, 0x4A, 0xD6, 0xB6, 0xF7, 0x71, 0x8C, 0x63, 0x18, 0xC6, 0x73, 0x9C, 0xFB, 0xBD, 0xEE, 0xFB, 0xDE, 0x73, 0xBD, 0xEF, 0xFF, 0xFF,
  0xFF, 0xFF, 0xFF, 0xFF, 0xFF, 0xFF, 0xFF, 0xFF, 0xFF, 0xFF, 0xFF, 0xFF, 0xFF, 0xFF, 0xFF, 0xFF, 0xFF, 0xFF, 0xFF, 0xFF, 0xFF, 0xFF, 0xFF, 0xFF,
  0xFF, 0xFF, 0xFF, 0xEF, 0x79, 0xCE, 0x73, 0x9B, 0xDE, 0xF7, 0x9C, 0xE7, 0x38, 0xE6, 0x31, 0x8B, 0x5A, 0xD6, 0xB5, 0xAB, 0x5A, 0xD2, 0x94, 0xA5,
  0x21, 0x08, 0x42, 0x10, 0x84, 0x20, 0xE7, 0x39, 0xCE, 0x73, 0x9C, 0xD6, 0xB5, 0xB0, 0x9C, 0x16, 0xB5, 0xAD, 0x6B, 0x5A, 0x94, 0xA5, 0x29, 0x29,
  0x4A, 0x52, 0x84, 0x21, 0x07, 0x39, 0xCE, 0x73, 0x9C, 0xE7, 0x31, 0x8C, 0x63, 0x18, 0xC6, 0x31, 0x8C, 0x63, 0x16, 0x0E, 0x21, 0x08, 0x42, 0x10,
  0x84, 0x21, 0x06, 0x31, 0x8C, 0x63, 0x18, 0xC6, 0x31, 0x8C, 0x42, 0x10, 0x84, 0x21, 0x08, 0x42, 0x10, 0x84, 0x21, 0x08, 0x42, 0x10, 0x84, 0x14,
  0x4E, 0x93, 0x60, 0x82, 0x10, 0x84, 0x21, 0x08, 0x42, 0x10, 0x84, 0x21, 0x08, 0x40, 0x00, 0x00, 0x00, 0x00, 0x00, 0x00, 0x00, 0x00, 0x00, 0x00,
  0x00, 0x00, 0x00, 0x00, 0x00, 0x00, 0x00, 0x00, 0x00, 0x00, 0x00, 0x00, 0x00, 0x00, 0x00, 0x00, 0x00, 0x00, 0x00, 0x00, 0x00, 0x00, 0x00, 0x00,
  0x00, 0x00, 0x00, 0x00, 0x00, 0x00, 0x00, 0x00, 0x00, 0x00, 0x00, 0x00, 0x00, 0x21, 0x00, 0x00, 0x00, 0x00, 0x00, 0x00, 0x02, 0x10, 0x00, 0x21,
  0x08, 0x42, 0x10, 0x84, 0x21, 0x08, 0x42, 0x1D, 0x04, 0x33, 0x08, 0x62, 0x40, 0x87, 0xA1, 0x17, 0x44, 0x21, 0x74, 0x42, 0xE8, 0x84, 0x6E, 0x88,
  0x42, 0x10, 0x8D, 0x15, 0x29, 0x6B, 0x8C, 0x62, 0x71, 0x8C, 0x64, 0x21, 0x08, 0x42, 0x10, 0x84, 0x21, 0x0A, 0x52, 0x94, 0xA6, 0x31, 0x8C, 0x63,
  0x18, 0xC7, 0x31, 0xCE, 0x73, 0x9D, 0x07, 0x39, 0xD0, 0x84, 0x21, 0x29, 0x52, 0x94, 0xA5, 0x29, 0x4A, 0x5A, 0x94, 0xB5, 0xAD, 0x6B, 0x5B, 0x18,
  0xC6, 0x35, 0xAD, 0x6B, 0x5C, 0xE7, 0x3A, 0x10, 0x84, 0x21, 0x08, 0x42, 0x14, 0xA7, 0xA9, 0x4A, 0xD6, 0xB6, 0xEF, 0xB1, 0x8C, 0x63, 0x18, 0xCE,
  0x33, 0x9C, 0xE7, 0x7B, 0xEF, 0x7D, 0xCE, 0x73, 0xBD, 0xEF, 0xFF, 0xFF, 0xFF, 0xFF, 0xFF, 0xFF, 0xFF, 0xFF, 0xFF, 0xFF, 0xFF, 0xFF, 0xFF, 0xFF,
  0xFF, 0xFF, 0xFF, 0xFF, 0xFF, 0xFF, 0xFF, 0xFF, 0xFF, 0xFF, 0xFF, 0xFF, 0xFF, 0xFF, 0xFF, 0xEF, 0x79, 0xCE, 0x73, 0x9B, 0xDE, 0xF7, 0x9C, 0xE7,
  0x38, 0xC6, 0x31, 0x8C, 0x63, 0x16, 0xB5, 0xAB, 0x5A, 0xD2, 0x94, 0xA5, 0x21, 0x08, 0x42, 0x10, 0x84, 0x21, 0x07, 0x39, 0xCE, 0x73, 0x9C, 0xD6,
  0xB5, 0xB3, 0x9B, 0x98, 0xB5, 0xA9, 0x4B, 0x52, 0x94, 0xA5, 0x29, 0x29, 0x4A, 0x50, 0x84, 0x21, 0x08, 0x39, 0xCE, 0x73, 0x9C, 0xE7, 0x31, 0xCE,
  0x73, 0x18, 0xC6, 0x31, 0x8C, 0x63, 0x14, 0xB3, 0x29, 0x08, 0x42, 0x10, 0x84, 0x21, 0x06, 0x31, 0x8C, 0x63, 0x18, 0xC6, 0x31, 0x88, 0x42, 0x10,
  0x86, 0x21, 0x08, 0x42, 0x10, 0x84, 0x21, 0x08, 0x42, 0x10, 0x84, 0x21, 0x1E, 0x74, 0x9B, 0x04, 0x10, 0x84, 0x21, 0x08, 0x42, 0x10, 0x84, 0x21,
  0x08, 0x00, 0x00, 0x00, 0x00, 0x00, 0x00, 0x00, 0x00, 0x00, 0x00, 0x00, 0x00, 0x00, 0x00, 0x00, 0x00, 0x00, 0x00, 0x00, 0x00, 0x00, 0x00, 0x00,
  0x00, 0x00, 0x00, 0x00, 0x00, 0x00, 0x00, 0x00, 0x00, 0x00, 0x00, 0x00, 0x00, 0x00, 0x00, 0x00, 0x00, 0x00, 0x00, 0x00, 0x00, 0x00, 0x00, 0x00,
  0x00, 0x60, 0x00, 0x00, 0x00, 0x00, 0x00, 0x00, 0x00, 0x10, 0x00, 0x00, 0x08, 0x42, 0x10, 0x84, 0x21, 0x08, 0x42, 0x19, 0x84, 0x33, 0x08, 0x74,
  0x10, 0x87, 0xA1, 0x0F, 0x44, 0x21, 0x50, 0x44, 0xA0, 0x84, 0x39, 0x88, 0x42, 0x10, 0x85, 0x15, 0x0C, 0x63, 0x1A, 0xA3, 0x19, 0xCE, 0x69, 0x21,
  0x08, 0x42, 0x10, 0x84, 0x21, 0x0A, 0x52, 0x94, 0xA5, 0x31, 0x8C, 0x63, 0x18, 0xC6, 0x31, 0xCE, 0x73, 0x9C, 0xE7, 0x39, 0xD0, 0x84, 0x21, 0x09,
  0x52, 0x52, 0xA5, 0x29, 0x4A, 0x52, 0xD6, 0xB5, 0xAD, 0x6B, 0x5B, 0x1A, 0xC6, 0x35, 0xCE, 0x73, 0x5C, 0xE7, 0x3A, 0x10, 0x84, 0x21, 0x08, 0x42,
  0x14, 0xA7, 0x7B, 0x4A, 0xD6, 0xB6, 0xB7, 0xBD, 0x8C, 0x63, 0x18, 0xC6, 0x33, 0x9C, 0xE7, 0x7B, 0xDF, 0x7B, 0xCE, 0x77, 0xBE, 0xEF, 0xFF, 0xFF,
  0xFF, 0xFF, 0xFF, 0xFF, 0xFF, 0xFF, 0xFF, 0xFF, 0xFF, 0xFF, 0xFF, 0xFF, 0xFF, 0xFF, 0xFF, 0xFF, 0xFF, 0xFF, 0xFF, 0xFF, 0xFF, 0xFF, 0xFF, 0xFF,
  0xFF, 0xFF, 0xFF, 0xEF, 0x79, 0xCE, 0x73, 0x9B, 0xDE, 0xFB, 0x9C, 0xE7, 0x38, 0xC6, 0x31, 0x8B, 0x5A, 0xD6, 0xB5, 0x6B, 0x5A, 0xD6, 0xB4, 0xA5,
  0x21, 0x08, 0x42, 0x10, 0x84, 0x20, 0xE7, 0x39, 0xCE, 0x73, 0x9C, 0xD6, 0xB6, 0x13, 0x9B, 0x16, 0xB5, 0xAD, 0x4A, 0x52, 0x94, 0xA5, 0x29, 0x29,
  0x4A, 0x50, 0x84, 0x21, 0x47, 0x39, 0xCE, 0x73, 0x9C, 0xE7, 0x31, 0xCE, 0x73, 0x18, 0xC6, 0x31, 0x8C, 0x63, 0x14, 0xA7, 0xA1, 0x08, 0x42, 0x10,
  0x84, 0x20, 0xC6, 0x31, 0x8C, 0x63, 0x18, 0xC6, 0x31, 0x88, 0x42, 0x10, 0x84, 0x21, 0x08, 0x42, 0x10, 0x84, 0x21, 0x08, 0x42, 0x10, 0x84, 0x20,
  0x84, 0xCB, 0x9C, 0xD8, 0x20, 0x84, 0x21, 0x08, 0x42, 0x10, 0x84, 0x21, 0x08, 0x40, 0x00, 0x00, 0x00, 0x00, 0x00, 0x00, 0x00, 0x00, 0x00, 0x00,
  0x00, 0x0A, 0x80, 0x00, 0x00, 0x00, 0x00, 0x00, 0x09, 0xC0, 0x00, 0x00, 0x00, 0x00, 0x00, 0x00, 0x00, 0x00, 0x00, 0x00, 0x00, 0x00, 0x00, 0xA8,
  0x00, 0x00, 0x00, 0x00, 0x00, 0x00, 0x00, 0x00, 0x00, 0x00, 0x00, 0x00, 0x00, 0x60, 0x00, 0x00, 0x00, 0x00, 0x00, 0x00, 0x00, 0x10, 0x00, 0x00,
  0x00, 0x42, 0x10, 0x84, 0x21, 0x08, 0x42, 0x18, 0x86, 0x61, 0x08, 0x64, 0x10, 0x8A, 0x61, 0x0C, 0x44, 0x22, 0xB0, 0x4C, 0x60, 0x84, 0xC6, 0x08,
  0x42, 0x10, 0x85, 0x18, 0x8C, 0x63, 0x18, 0xC6, 0x31, 0x9D, 0x93, 0x99, 0x08, 0x42, 0x10, 0x84, 0x21, 0x0A, 0x52, 0x94, 0xA5, 0x31, 0x8C, 0x63,
  0x18, 0xC6, 0x31, 0xCE, 0x73, 0x9C, 0xE7, 0x39, 0xD0, 0x84, 0x21, 0x09, 0x4A, 0x52, 0xA5, 0x29, 0x4A, 0x52, 0xD6, 0xA5, 0xAD, 0x6B, 0x5B, 0x18,
  0xC6, 0x31, 0xCE, 0x6B, 0x5C, 0xE7, 0x41, 0xD0, 0x84, 0x21, 0x08, 0x42, 0x14, 0xA7, 0x7B, 0x4A, 0xD6, 0xB5, 0xB5, 0xBD, 0xDC, 0x63, 0x18, 0xC6,
  0x33, 0x9C, 0xE7, 0x7B, 0xDE, 0xF9, 0xDF, 0x7B, 0xDE, 0xEF, 0xFF, 0xFF, 0xFF, 0xFF, 0xFF, 0xFF, 0xFF, 0xFF, 0xFF, 0xFF, 0xFF, 0xFF, 0xFF, 0xFF,
  0xFF, 0xFF, 0xFF, 0xFF, 0xFF, 0xFF, 0xFF, 0xFF, 0xFF, 0xFF, 0xFF, 0xFF, 0xFF, 0xFF, 0xFF, 0xEF, 0x79, 0xCE, 0x73, 0x9B, 0xDE, 0xF7, 0x9C, 0xE7,
  0x39, 0xC6, 0x71, 0x8B, 0x5A, 0xD6, 0xB5, 0x6B, 0x5A, 0xD6, 0xB5, 0xA5, 0x21, 0x08, 0x42, 0x10, 0x84, 0x20, 0xE7, 0x39, 0xCE, 0x73, 0x9A, 0xD6,
  0xB6, 0x73, 0x82, 0xD6, 0xC5, 0xAD, 0x6B, 0x52, 0x94, 0xA5, 0x29, 0x29, 0x4A, 0x50, 0x84, 0x21, 0x07, 0x39, 0xCE, 0x73, 0x9C, 0xE7, 0x39, 0xCE,
  0x73, 0x18, 0xC6, 0x31, 0x8C, 0x63, 0x14, 0xA5, 0x35, 0x08, 0x42, 0x10, 0x84, 0x20, 0xC6, 0x31, 0x8C, 0x63, 0x18, 0xC6, 0x31, 0x88, 0x42, 0x10,
  0x84, 0x21, 0x08, 0x42, 0x10, 0x84, 0x21, 0x08, 0x42, 0x10, 0x82, 0x10, 0x84, 0x23, 0x9C, 0xE6, 0xC1, 0x04, 0x21, 0x08, 0x42, 0x10, 0x84, 0x21,
  0x08, 0x00, 0x00, 0x00, 0x00, 0x00, 0x00, 0x00, 0x00, 0x00, 0x00, 0x00, 0x00, 0x30, 0x00, 0x00, 0x00, 0x00, 0x00, 0x00, 0x00, 0x00, 0x00, 0x00,
  0x00, 0x00, 0x00, 0x00, 0x00, 0x00, 0x00, 0x00, 0x00, 0x00, 0x00, 0xE8, 0x00, 0x00, 0x00, 0x00, 0x00, 0x00, 0x00, 0x00, 0x00, 0x00, 0x00, 0x00,
  0x00, 0x40, 0x00, 0x00, 0x00, 0x00, 0x00, 0x00, 0x00, 0x00, 0x00, 0x00, 0x00, 0x42, 0x10, 0x84, 0x21, 0x08, 0x42, 0x15, 0x2A, 0x21, 0x08, 0x96,
  0x10, 0xCD, 0x61, 0x29, 0x04, 0x29, 0x8C, 0x53, 0x28, 0x85, 0x41, 0x88, 0x42, 0x10, 0x84, 0x68, 0x8C, 0x63, 0x18, 0xC6, 0x31, 0x8C, 0x63, 0x9B,
  0x48, 0x42, 0x10, 0x84, 0x21, 0x0A, 0x52, 0x94, 0xA5, 0x31, 0x8C, 0x63, 0x18, 0xC6, 0x31, 0xCE, 0x73, 0x9C, 0xE7, 0x39, 0xD0, 0x94, 0xA1, 0x09,
  0x4A, 0x52, 0xA5, 0x29, 0x4A, 0x52, 0x94, 0xA5, 0x2D, 0x6B, 0x5B, 0x18, 0xC6, 0x31, 0xAE, 0x6B, 0x5C, 0xE7, 0x39, 0xD0, 0x84, 0x21, 0x08, 0x42,
  0x14, 0xA7, 0xA9, 0x4A, 0xF6, 0xBD, 0xF7, 0x6D, 0xEB, 0x63, 0x18, 0xC6, 0x33, 0x9C, 0xE7, 0x7B, 0xDE, 0xFD, 0xEF, 0x77, 0x9D, 0xEF, 0xFF, 0xFF,
  0xFF, 0xFF, 0xFF, 0xFF, 0xFF, 0xFF, 0xFF, 0xFF, 0xFF, 0xFF, 0xFF, 0xFF, 0xFF, 0xFF, 0xFF, 0xFF, 0xFF, 0xFF, 0xFF, 0xFF, 0xFF, 0xFF, 0xFF, 0xFF,
  0xFF, 0xFF, 0xFD, 0xEF, 0x39, 0xCE, 0x73, 0x9B, 0xDE, 0xF9, 0x9C, 0xE7, 0x38, 0xC6, 0x31, 0x6B, 0x62, 0xD6, 0xB5, 0x6B, 0x5A, 0xD6, 0xB4, 0xA5,
  0x21, 0x39, 0xC2, 0x10, 0x84, 0x21, 0x08, 0x41, 0xCE, 0x73, 0x9A, 0xD6, 0xCE, 0x70, 0x62, 0xD6, 0xB5, 0xAD, 0x6B, 0x52, 0x94, 0xA5, 0x25, 0x29,
  0x4A, 0x50, 0x84, 0x20, 0xE7, 0x39, 0xCE, 0x73, 0x9C, 0xE7, 0x39, 0xCE, 0x63, 0x18, 0xC6, 0x31, 0x8C, 0x63, 0x14, 0xA5, 0x2A, 0xA6, 0x42, 0x10,
  0x84, 0x20, 0xC6, 0x31, 0x8C, 0x63, 0x18, 0xC6, 0x31, 0x08, 0x43, 0x10, 0x84, 0x21, 0x08, 0x42, 0x10, 0x84, 0x21, 0x08, 0x42, 0x10, 0x84, 0x10,
  0x84, 0x21, 0x34, 0xA7, 0x36, 0x0C, 0x21, 0x08, 0x42, 0x10, 0x84, 0x21, 0x00, 0x00, 0x00, 0x00, 0x00, 0x00, 0x00, 0x00, 0x00, 0x00, 0x03, 0x40,
  0x02, 0x30, 0x00, 0x00, 0x08, 0x70, 0x08, 0x00, 0x18, 0x00, 0x01, 0x9C, 0x00, 0x00, 0x06, 0x06, 0x1C, 0x00, 0x00, 0x0E, 0x70, 0x08, 0x00, 0xA8,
  0x00, 0x00, 0x00, 0x00, 0x00, 0x00, 0x00, 0x00, 0x00, 0x00, 0x00, 0x00, 0x00, 0x40, 0x00, 0x00, 0x00, 0x00, 0x00, 0x00, 0x00, 0x00, 0x00, 0x00,
  0x00, 0x02, 0x10, 0x84, 0x21, 0x08, 0x42, 0x11, 0xDC, 0x21, 0x08, 0x66, 0x15, 0xCC, 0x21, 0x24, 0xC5, 0x39, 0x88, 0x47, 0x99, 0xE7, 0x41, 0x08,
  0x42, 0x10, 0x84, 0x28, 0xA8, 0x63, 0x18, 0xC6, 0x31, 0x8C, 0x63, 0x22, 0xC8, 0x42, 0x10, 0x84, 0x21, 0x08, 0x52, 0x94, 0xA5, 0x31, 0x8C, 0x63,
  0x18, 0xE6, 0x31, 0xCE, 0x73, 0x9C, 0xE7, 0x39, 0xCE, 0x84, 0x21, 0x09, 0x4A, 0x52, 0x95, 0x29, 0x4A, 0x52, 0x94, 0xA5, 0x2D, 0x6B, 0x5B, 0x18,
  0xC6, 0x31, 0xAE, 0x6B, 0x5C, 0xE7, 0x39, 0xD0, 0x84, 0x21, 0x08, 0x42, 0x14, 0xA5, 0x7D, 0xEF, 0x77, 0xBD, 0xB7, 0xBB, 0xEB, 0x5B, 0x18, 0xC6,
  0x33, 0x9C, 0xE7, 0x3B, 0xDF, 0x7D, 0xCE, 0x73, 0x9C, 0xEF, 0x7F, 0xFF, 0xFF, 0xFF, 0xFF, 0xFF, 0xFF, 0xFF, 0xFF, 0xFF, 0xFF, 0xFF, 0xFF, 0xFF,
  0xFF, 0xFF, 0xFF, 0xFF, 0xFF, 0xFF, 0xFF, 0xFF, 0xFF, 0xFF, 0xFF, 0xFF, 0xFF, 0xFF, 0xFD, 0xEF, 0x39, 0xCE, 0x73, 0x7B, 0xDE, 0xF3, 0x9E, 0x67,
  0x38, 0xCE, 0x31, 0x6B, 0x5B, 0x16, 0xB5, 0x6B, 0x5A, 0xD2, 0x94, 0xA5, 0x23, 0x39, 0xD2, 0x30, 0x84, 0x21, 0x08, 0x41, 0xCE, 0x73, 0x9A, 0xD9,
  0xCE, 0x6C, 0x5A, 0xD8, 0xB5, 0xAD, 0x6B, 0x52, 0x94, 0xA5, 0x25, 0x29, 0x4A, 0x50, 0x84, 0x20, 0xE7, 0x39, 0xCE, 0x73, 0x9C, 0xE7, 0x39, 0xCE,
  0x63, 0x18, 0xC6, 0x31, 0x8C, 0x62, 0x94, 0xA5, 0x29, 0x5A, 0x82, 0x10, 0x84, 0x20, 0xC6, 0x31, 0x8C, 0x63, 0x18, 0xC6, 0x31, 0x88, 0x62, 0x10,
  0x84, 0x21, 0x08, 0x42, 0x10, 0x84, 0x21, 0x08, 0x42, 0x10, 0x84, 0x10, 0x84, 0x21, 0x09, 0x65, 0x39, 0xB0, 0x61, 0x08, 0x42, 0x10, 0x84, 0x20,
  0x00, 0x00, 0x00, 0x00, 0x00, 0x00, 0x00, 0x00, 0x01, 0x35, 0x98, 0x81, 0x46, 0x0B, 0xC0, 0x05, 0x22, 0x19, 0xF4, 0x00, 0xF0, 0x01, 0x48, 0x8B,
  0x40, 0x00, 0x3B, 0x41, 0x5C, 0xE0, 0x07, 0x4E, 0x3B, 0xC4, 0x03, 0x38, 0x00, 0x00, 0x00, 0x00, 0x00, 0x00, 0x00, 0x00, 0x00, 0x00, 0x00, 0x00,
  0x10, 0x21, 0x00, 0x00, 0x00, 0x80, 0x00, 0x00, 0x00, 0x00, 0x00, 0x00, 0x00, 0x02, 0x10, 0x84, 0x21, 0x08, 0x42, 0x10, 0x84, 0x21, 0x08, 0x42,
  0x40, 0x84, 0x21, 0x09, 0x06, 0x21, 0x08, 0x42, 0x29, 0x44, 0x71, 0x08, 0x42, 0x10, 0x84, 0x24, 0x44, 0x63, 0x18, 0xC6, 0x31, 0x8C, 0x63, 0x21,
  0xD7, 0x39, 0xB8, 0x85, 0x21, 0x08, 0x52, 0x94, 0xA5, 0x31, 0x8C, 0x63, 0x18, 0xC6, 0x31, 0x8E, 0x73, 0x9C, 0xE7, 0x39, 0xCE, 0x84, 0x21, 0x09,
  0x4A, 0x52, 0x95, 0x29, 0x4A, 0x52, 0x94, 0xA5, 0x2D, 0x6B, 0x5B, 0x18, 0xC6, 0x31, 0xAD, 0x73, 0x5A, 0xE7, 0x39, 0xD0, 0x84, 0x21, 0x08, 0x42,
  0x14, 0xA5, 0x29, 0x5A, 0x56, 0xB5, 0xB7, 0x7D, 0xEB, 0x5B, 0x18, 0xC6, 0x33, 0x9C, 0xE7, 0x3B, 0xEF, 0xB7, 0xCE, 0x73, 0x9C, 0xEF, 0x7F, 0xFF,
  0xFF, 0xFF, 0xFF, 0xFF, 0xFF, 0xFF, 0xFF, 0xFF, 0xFF, 0xFF, 0xFF, 0xFF, 0xFF, 0xFF, 0xFF, 0xFF, 0xFF, 0xFF, 0xFF, 0xFF, 0xFF, 0xFF, 0xFF, 0xFF,
  0xFF, 0xFF, 0xFD, 0xEF, 0x39, 0xCE, 0x73, 0x7B, 0xDE, 0xF3, 0x9E, 0x67, 0x38, 0xC6, 0x31, 0x8B, 0x5A, 0xD6, 0xB5, 0x6B, 0x5A, 0xD6, 0x94, 0xA4,
  0x27, 0x49, 0xD2, 0x93, 0x84, 0x21, 0x08, 0x39, 0xCE, 0x73, 0x9B, 0x09, 0xCE, 0x0C, 0x5B, 0x18, 0xB5, 0xAD, 0x6A, 0x52, 0x94, 0xA5, 0x25, 0x29,
  0x52, 0x50, 0x84, 0xA0, 0xE7, 0x39, 0xCE, 0x73, 0x9C, 0xE7, 0x39, 0xCE, 0x63, 0x18, 0xC6, 0x31, 0x8C, 0x62, 0x94, 0xA5, 0x29, 0x09, 0x18, 0x90,
  0x84, 0x20, 0xC6, 0x31, 0x8C, 0x63, 0x18, 0xC6, 0x31, 0x08, 0x42, 0x10, 0x84, 0x21, 0x08, 0x42, 0x10, 0x84, 0x21, 0x08, 0x42, 0x10, 0x84, 0x10,
  0x84, 0x21, 0x08, 0x4B, 0x29, 0xCD, 0x23, 0x08, 0x42, 0x10, 0x84, 0x00, 0x00, 0x00, 0x00, 0x00, 0x00, 0x00, 0x00, 0x00, 0x02, 0x73, 0x00, 0x05,
  0x30, 0x03, 0xA0, 0x15, 0x00, 0x06, 0x4C, 0x00, 0xA0, 0x07, 0x30, 0x00, 0x51, 0x01, 0xFA, 0x00, 0x31, 0x80, 0x89, 0xC0, 0x0A, 0x04, 0x11, 0x00,
  0x00, 0x00, 0x00, 0x00, 0x00, 0x00, 0x00, 0x00, 0x00, 0x00, 0x00, 0x00, 0x00, 0x00, 0x10, 0x00, 0x00, 0x00, 0x00, 0x00, 0x00, 0x00, 0x00, 0x00,
  0x00, 0x00, 0x10, 0x84, 0x21, 0x08, 0x42, 0x10, 0x84, 0x21, 0x08, 0x42, 0x10, 0x84, 0x21, 0x08, 0x42, 0x21, 0x08, 0x42, 0x10, 0x84, 0x21, 0xC4,
  0x42, 0x10, 0x84, 0x21, 0x46, 0x23, 0x18, 0xC6, 0x31, 0x8C, 0x63, 0x21, 0x08, 0x97, 0x4E, 0x73, 0x9C, 0x18, 0x52, 0x94, 0xA5, 0x29, 0x8C, 0x63,
  0x18, 0xC6, 0x31, 0x8E, 0x73, 0x9C, 0xE7, 0x39, 0xCE, 0x84, 0x21, 0x09, 0x4A, 0x52, 0x95, 0x29, 0x4A, 0x52, 0x94, 0xA5, 0x2D, 0x6B, 0x5A, 0xD8,
  0xC6, 0x31, 0xAD, 0x6B, 0x5A, 0xE7, 0x39, 0xD0, 0x84, 0x21, 0x08, 0x42, 0x10, 0xA5, 0x29, 0x4A, 0x56, 0xB5, 0xB7, 0x7D, 0xDB, 0x5B, 0x18, 0xC6,
  0x33, 0x9C, 0xE7, 0x3D, 0xF6, 0xF7, 0xCE, 0x73, 0x9C, 0xEF, 0x7F, 0xFF, 0xFF, 0xFF, 0xFF, 0xFF, 0xFF, 0xFF, 0xFF, 0xFF, 0xFF, 0xFF, 0xFF, 0xFF,
  0xFF, 0xFF, 0xFF, 0xFF, 0xFF, 0xFF, 0xFF, 0xFF, 0xFF, 0xFF, 0xFF, 0xFF, 0xFF, 0xFF, 0xFD, 0xEF, 0x39, 0xCE, 0x73, 0x7B, 0xDE, 0xF9, 0x9C, 0xE7,
  0x38, 0xC6, 0x31, 0x6C, 0x62, 0xD6, 0xCD, 0x6B, 0x5A, 0xD6, 0x94, 0xA4, 0xE9, 0x38, 0x46, 0x74, 0x9C, 0x61, 0x08, 0x39, 0xCE, 0x73, 0x9B, 0x39,
  0xC1, 0x8B, 0x5B, 0x18, 0xB5, 0xAD, 0x4A, 0x52, 0x94, 0xA5, 0x25, 0x29, 0x4A, 0x50, 0x94, 0x20, 0xE7, 0x39, 0xCE, 0x73, 0x9C, 0xE7, 0x39, 0xCE,
  0x63, 0x18, 0xC6, 0x31, 0x8C, 0x62, 0x94, 0xA5, 0x29, 0x48, 0x49, 0x9C, 0x84, 0x18, 0xC6, 0x31, 0x8C, 0x63, 0x18, 0xC6, 0x31, 0x0C, 0x62, 0x10,
  0x84, 0x21, 0x08, 0x42, 0x10, 0x84, 0x21, 0x08, 0x42, 0x10, 0x84, 0x10, 0x84, 0x21, 0x08, 0x42, 0x59, 0x4E, 0x6C, 0x08, 0x42, 0x10, 0x84, 0x00,
  0x00, 0x00, 0x00, 0x00, 0x00, 0x00, 0x00, 0x00, 0x03, 0xA0, 0x00, 0x27, 0x7A, 0x5C, 0x00, 0x98, 0x80, 0x08, 0x8C, 0x03, 0x60, 0x26, 0x10, 0x00,
  0x71, 0x04, 0xCE, 0x00, 0x50, 0x40, 0xF0, 0x00, 0x0E, 0x80, 0x1D, 0x00, 0x00, 0x00, 0x00, 0x00, 0x00, 0x00, 0x00, 0x00, 0x00, 0x00, 0x00, 0x00,
  0x00, 0x00, 0x10, 0xC2, 0x00, 0x00, 0x00, 0x00, 0x00, 0x00, 0x00, 0x00, 0x00, 0x00, 0x10, 0x84, 0x21, 0x08, 0x42, 0x10, 0x84, 0x21, 0x08, 0x42,
  0x10, 0x84, 0x21, 0x08, 0x42, 0x21, 0x08, 0x42, 0x10, 0x84, 0x21, 0x46, 0x89, 0x10, 0x84, 0x21, 0x22, 0x23, 0x18, 0xC6, 0x31, 0x8C, 0x63, 0x19,
  0x08, 0x42, 0x10, 0x8C, 0x84, 0xE7, 0x32, 0x94, 0xA5, 0x29, 0x8C, 0x63, 0x18, 0xC6, 0x31, 0x8E, 0x73, 0x9C, 0xE7, 0x39, 0xCE, 0x85, 0x21, 0x08,
  0x4A, 0x52, 0x95, 0x29, 0x4A, 0x52, 0x94, 0xA5, 0x2D, 0x6B, 0x5A, 0xD8, 0xC6, 0x31, 0xAD, 0x6B, 0x5A, 0xE7, 0x39, 0xD0, 0x84, 0x21, 0x08, 0x46,
  0x10, 0xA5, 0x29, 0x4A, 0x56, 0xB5, 0xB5, 0xBD, 0xDB, 0x5B, 0x18, 0xC6, 0x33, 0x9C, 0xE7, 0x3E, 0xEE, 0xF7, 0xCE, 0x73, 0x9C, 0xEF, 0x7F, 0xFF,
  0xFF, 0xFF, 0xFF, 0xFF, 0xFF, 0xFF, 0xFF, 0xFF, 0xFF, 0xFF, 0xFF, 0xFF, 0xFF, 0xFF, 0xFF, 0xFF, 0xFF, 0xFF, 0xFF, 0xFF, 0xFF, 0xFF, 0xFF, 0xFF,
  0xFF, 0xFF, 0xFD, 0xEF, 0x39, 0xCE, 0x73, 0x7B, 0xDE, 0xF3, 0x9C, 0xE7, 0x38, 0xC6, 0x71, 0x6C, 0x62, 0xD6, 0xB5, 0x6B, 0x5A, 0x5E, 0xF4, 0xBD,
  0x27, 0x08, 0x42, 0x13, 0xA5, 0x27, 0x08, 0x39, 0xCE, 0x73, 0xA7, 0x39, 0xB5, 0x8B, 0x5B, 0x18, 0xB5, 0xAD, 0x4A, 0x52, 0x94, 0xA5, 0x25, 0x29,
  0x4A, 0x10, 0x84, 0x20, 0xE7, 0x39, 0xCE, 0x73, 0x9C, 0xE7, 0x39, 0xCE, 0x63, 0x18, 0xC6, 0x31, 0x8C, 0x62, 0x94, 0xA5, 0x29, 0x48, 0x42, 0x50,
  0x84, 0x18, 0xC6, 0x31, 0x8C, 0x63, 0x18, 0xC6, 0x21, 0x0C, 0x42, 0x10, 0x84, 0x21, 0x08, 0x42, 0x10, 0x84, 0x21, 0x08, 0x42, 0x10, 0x82, 0x10,
  0x84, 0x21, 0x08, 0x42, 0x11, 0x32, 0x71, 0x28, 0x42, 0x10, 0x84, 0x00, 0x00, 0x00, 0x00, 0x00, 0x00, 0x00, 0x00, 0x00, 0x03, 0xA0, 0x00, 0x3A,
  0x00, 0x00, 0x00, 0xD0, 0x00, 0x0E, 0x80, 0x13, 0x08, 0x34, 0x00, 0x02, 0x23, 0x07, 0x40, 0x00, 0x78, 0x00, 0xE8, 0x00, 0x0F, 0x00, 0x1D, 0x00,
  0x00, 0x00, 0x00, 0x00, 0x00, 0x00, 0x00, 0x00, 0x00, 0x00, 0x00, 0x00, 0x00, 0x00, 0x00, 0x88, 0x00, 0x00, 0x00, 0x00, 0x00, 0x00, 0x00, 0x00,
  0x00, 0x00, 0x10, 0x84, 0x21, 0x08, 0x42, 0x10, 0x84, 0x21, 0x08, 0x42, 0x10, 0x84, 0x21, 0x08, 0x82, 0x21, 0x08, 0x42, 0x10, 0x84, 0x21, 0x09,
  0x34, 0x98, 0x84, 0x21, 0x8A, 0x23, 0x18, 0xC6, 0x31, 0x8C, 0x63, 0x19, 0x08, 0x42, 0x10, 0x84, 0x21, 0x19, 0x39, 0xA0, 0xA5, 0x29, 0x8C, 0x63,
  0x18, 0xC6, 0x31, 0x8E, 0x73, 0x9C, 0xE7, 0x39, 0xCE, 0x84, 0x21, 0x08, 0x4A, 0x52, 0x95, 0x29, 0x4A, 0x52, 0x94, 0xA5, 0x2D, 0x6B, 0x5A, 0xD8,
  0xC6, 0x31, 0xAD, 0x6B, 0x5A, 0xE7, 0x39, 0xD0, 0x84, 0x21, 0x08, 0x42, 0x10, 0xA5, 0x29, 0x4A, 0x56, 0xB5, 0xB5, 0xBD, 0xEB, 0x5B, 0x18, 0xC6,
  0x33, 0x9C, 0xE7, 0xDE, 0xDE, 0xF7, 0xCE, 0x73, 0x9C, 0xEF, 0x7F, 0xFF, 0xFF, 0xFF, 0xFF, 0xFF, 0xFF, 0xFF, 0xFF, 0xFF, 0xFF, 0xFF, 0xFF, 0xFF,
  0xFF, 0xFF, 0xFF, 0xFF, 0xFF, 0xFF, 0xFF, 0xFF, 0xFF, 0xFF, 0xFF, 0xFF, 0xFF, 0xFF, 0xFD, 0xEF, 0x39, 0xCE, 0x73, 0x7B, 0xE7, 0x33, 0x9C, 0xE7,
  0x18, 0xC6, 0x31, 0x6C, 0x62, 0xD6, 0xB5, 0x6B, 0x5A, 0x77, 0xBD, 0xED, 0x23, 0x08, 0x42, 0x10, 0x84, 0xE9, 0x38, 0x39, 0xCE, 0x74, 0x67, 0x36,
  0xB5, 0x8B, 0x5B, 0x18, 0xB5, 0xAD, 0x4A, 0x52, 0x94, 0xA5, 0x25, 0x29, 0x4A, 0x10, 0x84, 0x20, 0xE7, 0x39, 0xCE, 0x73, 0x9C, 0xE7, 0x39, 0xCE,
  0x63, 0x18, 0xC6, 0x31, 0x8C, 0x62, 0x94, 0xA5, 0x29, 0x08, 0x42, 0x4C, 0x84, 0x18, 0xC6, 0x31, 0x8C, 0x63, 0x18, 0xC6, 0x21, 0x08, 0x42, 0x10,
  0x84, 0x21, 0x08, 0x42, 0x10, 0x84, 0x21, 0x08, 0x22, 0x10, 0x82, 0x10, 0x84, 0x21, 0x08, 0x42, 0x10, 0x8D, 0x93, 0x99, 0x42, 0x10, 0x80, 0x00,
  0x00, 0x00, 0x00, 0x00, 0x00, 0x00, 0x00, 0x00, 0x06, 0x60, 0x00, 0x28, 0x20, 0x00, 0x00, 0xD0, 0x00, 0xCF, 0x00, 0x1D, 0x00, 0x26, 0x30, 0x03,
  0xA0, 0x07, 0x80, 0x00, 0x74, 0x00, 0xF0, 0x01, 0x4A, 0x00, 0x13, 0x00, 0x00, 0x00, 0x00, 0x00, 0x00, 0x00, 0x00, 0x00, 0x00, 0x00, 0x00, 0x31,
  0x00, 0x00, 0x00, 0xC4, 0x00, 0x00, 0x00, 0x00, 0x00, 0x00, 0x00, 0x00, 0x00, 0x00, 0x00, 0x84, 0x21, 0x08, 0x42, 0x10, 0x84, 0x21, 0x08, 0x42,
  0x10, 0x84, 0x21, 0x08, 0x82, 0x21, 0x08, 0x42, 0x10, 0x84, 0x21, 0x08, 0x43, 0xA5, 0x54, 0x31, 0x12, 0x23, 0x18, 0xC6, 0x31, 0x8C, 0x63, 0x19,
  0x08, 0x42, 0x10, 0x84, 0x21, 0x08, 0x49, 0xCC, 0xA5, 0x29, 0x8C, 0x63, 0x18, 0xC6, 0x31, 0x8E, 0x73, 0x9C, 0xE7, 0x39, 0xCE, 0x84, 0x21, 0x08,
  0x4A, 0x52, 0x95, 0x29, 0x4A, 0x52, 0x94, 0xA5, 0x2D, 0x6B, 0x5A, 0xD8, 0xC6, 0x31, 0x8D, 0x83, 0x5A, 0xE7, 0x39, 0xCE, 0x84, 0x21, 0x08, 0x42,
  0x10, 0xA5, 0x29, 0x4A, 0x56, 0xB9, 0xB5, 0xBD, 0xDB, 0x5B, 0x18, 0xC6, 0x31, 0x9C, 0xFB, 0xDC, 0xDE, 0xF7, 0xCE, 0x73, 0x9C, 0xEF, 0x7F, 0xFF,
  0xFF, 0xFF, 0xFF, 0xFF, 0xFF, 0xFF, 0xFF, 0xFF, 0xFF, 0xFF, 0xFF, 0xFF, 0xFF, 0xFF, 0xFF, 0xFF, 0xFF, 0xFF, 0xFF, 0xFF, 0xFF, 0xFF, 0xFF, 0xFF,
  0xFF, 0xFF, 0xFD, 0xEF, 0x39, 0xCE, 0x73, 0x7C, 0xE6, 0xF3, 0x9C, 0xE7, 0x18, 0xC6, 0x31, 0x6B, 0x5A, 0xD6, 0xAD, 0x6B, 0x5B, 0xF7, 0xBD, 0xEC,
  0xE3, 0x08, 0x42, 0x10, 0x84, 0x27, 0x49, 0xB9, 0xCE, 0x84, 0xE6, 0xD6, 0xB5, 0x8B, 0x5B, 0x18, 0xB5, 0xA9, 0x4A, 0x52, 0x94, 0xA4, 0xA5, 0x29,
  0x4A, 0x10, 0x84, 0x1C, 0xE7, 0x39, 0xCE, 0x73, 0x9C, 0xE7, 0x39, 0xCC, 0x63, 0x18, 0xC6, 0x31, 0x8C, 0x62, 0x94, 0xA5, 0x29, 0x08, 0x42, 0x50,
  0x84, 0x18, 0xC6, 0x31, 0x8C, 0x63, 0x18, 0xC6, 0x21, 0x08, 0x42, 0x10, 0x84, 0x21, 0x08, 0x42, 0x10, 0x84, 0x21, 0x08, 0x42, 0x10, 0x82, 0x10,
  0x84, 0x21, 0x08, 0x42, 0x10, 0x84, 0xB3, 0x9B, 0x02, 0x10, 0x80, 0x00, 0x00, 0x00, 0x00, 0x00, 0x00, 0x00, 0x00, 0x00, 0x24, 0x80, 0x00, 0x01,
  0xDB, 0xF4, 0x00, 0x17, 0x68, 0x3B, 0x80, 0x1D, 0x00, 0x01, 0x7D, 0x5C, 0x00, 0x0D, 0x00, 0x01, 0x4C, 0x00, 0x8F, 0x68, 0x23, 0x80, 0x63, 0x00,
  0x00, 0x00, 0x00, 0x00, 0x00, 0x00, 0x00, 0x00, 0x00, 0x00, 0x06, 0x41, 0x8C, 0x00, 0x01, 0x04, 0x00, 0x00, 0x00, 0x00, 0x00, 0x00, 0x00, 0x00,
  0x00, 0x00, 0x00, 0x84, 0x21, 0x08, 0x42, 0x10, 0x84, 0x21, 0x08, 0x42, 0x10, 0x84, 0x21, 0x08, 0x42, 0x11, 0x08, 0x42, 0x10, 0x84, 0x21, 0x08,
  0x42, 0x14, 0xEB, 0x59, 0xC2, 0x23, 0x19, 0x06, 0x31, 0x8C, 0x63, 0x19, 0x08, 0x42, 0x10, 0x84, 0x21, 0x08, 0x42, 0xCE, 0x65, 0x29, 0x8C, 0x63,
  0x18, 0xC6, 0x31, 0x8E, 0x73, 0x9C, 0xE7, 0x39, 0xCE, 0x74, 0x21, 0x08, 0x4A, 0x52, 0x94, 0xA9, 0x4A, 0x52, 0x94, 0xA5, 0x29, 0x6B, 0x5A, 0xD8,
  0xC6, 0x31, 0x8D, 0x6B, 0x5A, 0xE7, 0x39, 0xCE, 0x84, 0x21, 0x08, 0x42, 0x10, 0xA5, 0x29, 0x4D, 0x56, 0xB5, 0xF7, 0xBD, 0x6B, 0x5B, 0x18, 0xC6,
  0x31, 0x9F, 0x7B, 0x3B, 0xDE, 0xF7, 0xCE, 0x73, 0x9C, 0xEF, 0x7F, 0xFF, 0xFF, 0xFF, 0xFF, 0xFF, 0xFF, 0xFF, 0xFF, 0xFF, 0xFF, 0xFF, 0xFF, 0xFF,
  0xFF, 0xFF, 0xFF, 0xFF, 0xFF, 0xFF, 0xFF, 0xFF, 0xFF, 0xFF, 0xFF, 0xFF, 0xFF, 0xFF, 0xFD, 0xEF, 0x39, 0xCE, 0x73, 0x7B, 0xDE, 0xF3, 0x9C, 0xE7,
  0x18, 0xC6, 0x31, 0x8C, 0x5A, 0xD6, 0xAD, 0x6B, 0x5E, 0xEA, 0xBA, 0xEC, 0x63, 0x08, 0x42, 0x10, 0x84, 0x21, 0x3A, 0x4E, 0x73, 0x9C, 0xE0, 0xD6,
  0xB5, 0x8B, 0x5B, 0x16, 0xB5, 0xA9, 0x4A, 0x52, 0x94, 0xA4, 0xA5, 0x29, 0x4A, 0x10, 0x84, 0x1C, 0xE7, 0x39, 0xCE, 0x73, 0x9C, 0xE7, 0x39, 0xCC,
  0x63, 0x18, 0xC6, 0x31, 0x8C, 0x52, 0x94, 0xA5, 0x29, 0x08, 0x42, 0x50, 0x84, 0x18, 0xC6, 0x31, 0x8C, 0x63, 0x18, 0xC6, 0x21, 0x08, 0x62, 0x10,
  0x84, 0x21, 0x08, 0x42, 0x10, 0x84, 0x21, 0x08, 0x42, 0x10, 0x42, 0x10, 0x84, 0x21, 0x08, 0x42, 0x10, 0x92, 0x73, 0x91, 0x42, 0x10, 0x00, 0x00,
  0x00, 0x00, 0x00, 0x00, 0x00, 0x00, 0x00, 0x00, 0x00, 0x00, 0x00, 0x00, 0x00, 0x00, 0x00, 0x00, 0x00, 0x36, 0x00, 0x00, 0x00, 0x00, 0x00, 0x00,
  0x00, 0x00, 0x00, 0x00, 0x00, 0x00, 0x00, 0x00, 0x00, 0x00, 0x00, 0x00, 0x00, 0x00, 0x00, 0x00, 0x00, 0x00, 0x00, 0x00, 0x00, 0x00, 0x46, 0x00,
  0x0C, 0x62, 0x11, 0x04, 0x00, 0x00, 0x00, 0x00, 0x00, 0x00, 0x00, 0x00, 0x00, 0x00, 0x00, 0x04, 0x21, 0x08, 0x42, 0x10, 0x84, 0x21, 0x08, 0x42,
  0x10, 0x84, 0x21, 0x08, 0x42, 0x11, 0x08, 0x42, 0x10, 0x84, 0x21, 0x08, 0x42, 0x11, 0x27, 0x5A, 0xD6, 0xB3, 0x18, 0xC6, 0x31, 0x8C, 0x63, 0x19,
  0x08, 0x42, 0x10, 0x84, 0x21, 0x08, 0x42, 0x96, 0x73, 0x9C, 0xE7, 0x39, 0x98, 0xC6, 0x31, 0x8C, 0x73, 0x9C, 0xE7, 0x39, 0xCE, 0x74, 0x21, 0x08,
  0x4A, 0x52, 0x94, 0xA9, 0x4A, 0x52, 0x94, 0xA5, 0x29, 0x6B, 0x5A, 0xD8, 0xC6, 0x31, 0x8D, 0x6B, 0x5A, 0xE7, 0x39, 0xD0, 0x84, 0x21, 0x08, 0x42,
  0x10, 0xA5, 0x29, 0x7E, 0xD6, 0xB5, 0xF7, 0x6D, 0x6C, 0x5B, 0x98, 0xC6, 0x31, 0xDE, 0xE7, 0x3B, 0xDE, 0xF7, 0xCE, 0x73, 0x9C, 0xEF, 0x7F, 0xFF,
  0xFF, 0xFF, 0xFF, 0xFF, 0xFF, 0xFF, 0xFF, 0xFF, 0xFF, 0xFF, 0xFF, 0xFF, 0xFF, 0xFF, 0xFF, 0xFF, 0xFF, 0xFF, 0xFF, 0xFF, 0xFF, 0xFF, 0xFF, 0xFF,
  0xFF, 0xFF, 0xFD, 0xEF, 0x39, 0xCE, 0x73, 0x7B, 0xDE, 0xF3, 0x9C, 0xE7, 0x18, 0xC6, 0x31, 0x8B, 0x5A, 0xD6, 0xAD, 0x6B, 0x5E, 0xDE, 0x94, 0xA4,
  0x63, 0x08, 0x42, 0x10, 0x84, 0x1D, 0x08, 0xD2, 0x73, 0x9C, 0xDA, 0xD6, 0xB5, 0x8B, 0x63, 0x16, 0xB5, 0x29, 0x4A, 0x52, 0x94, 0xA4, 0xA5, 0x29,
  0x4A, 0x10, 0x84, 0x1C, 0xE7, 0x41, 0xCE, 0x73, 0x9C, 0xE7, 0x39, 0xCC, 0x63, 0x18, 0xC6, 0x31, 0x8C, 0x52, 0x94, 0xA5, 0x29, 0x08, 0x42, 0x44,
  0x83, 0x18, 0xC6, 0x43, 0x8C, 0x63, 0x18, 0xC6, 0x21, 0x0C, 0x62, 0x10, 0x84, 0x21, 0x08, 0x42, 0x10, 0x84, 0x21, 0x08, 0x42, 0x10, 0x42, 0x10,
  0x84, 0x21, 0x08, 0x42, 0x11, 0x4E, 0x72, 0x28, 0x42, 0x10, 0x00, 0x00, 0x08, 0x00, 0x00, 0x00, 0x00, 0x00, 0x00, 0x00, 0x00, 0x00, 0x00, 0x00,
  0x00, 0x00, 0x00, 0x00, 0x01, 0xA0, 0x00, 0x00, 0x00, 0x00, 0x00, 0x00, 0x00, 0x00, 0x00, 0x00, 0x00, 0x00, 0x00, 0x00, 0x00, 0x00, 0x00, 0x00,
  0x00, 0x00, 0x00, 0x00, 0x00, 0x00, 0x00, 0x00, 0x00, 0x08, 0xC2, 0x00, 0x08, 0x84, 0x21, 0x00, 0x00, 0x00, 0x00, 0x00, 0x00, 0x00, 0x00, 0x00,
  0x00, 0x00, 0x00, 0x04, 0x21, 0x08, 0x42, 0x10, 0x84, 0x21, 0x08, 0x42, 0x10, 0x84, 0x21, 0x08, 0x42, 0x11, 0x08, 0x42, 0x10, 0x84, 0x21, 0x08,
  0x42, 0x12, 0x6B, 0x38, 0xC6, 0x75, 0xA9, 0x06, 0x31, 0x8C, 0x63, 0x18, 0xC8, 0x42, 0x10, 0x84, 0x21, 0x08, 0x42, 0x94, 0xAB, 0x82, 0xCC, 0x69,
  0xCE, 0x67, 0x31, 0x8C, 0x73, 0x9C, 0xE7, 0x39, 0xCE, 0x74, 0x21, 0x08, 0x4A, 0x52, 0x94, 0xB1, 0x4A, 0x52, 0x94, 0xA5, 0x29, 0x6B, 0x5A, 0xD8,
  0xC6, 0x31, 0x8D, 0x6B, 0x5A, 0xE7, 0x42, 0x0E, 0x84, 0x21, 0x08, 0x42, 0x10, 0xA5, 0x3B, 0xDE, 0xD6, 0xB5, 0xF5, 0xAD, 0x6E, 0xFB, 0xDD, 0xC6,
  0x3B, 0xDC, 0xE7, 0x3B, 0xDE, 0xF7, 0xCE, 0x73, 0x9C, 0xEF, 0x7F, 0xFF, 0xFF, 0xFF, 0xFF, 0xFF, 0xFF, 0xFF, 0xFF, 0xFF, 0xFF, 0xFF, 0xFF, 0xFF,
  0xFF, 0xFF, 0xFF, 0xFF, 0xFF, 0xFF, 0xFF, 0xFF, 0xFF, 0xFF, 0xFF, 0xFF, 0xFF, 0xFF, 0xFD, 0xEF, 0x39, 0xCE, 0x73, 0x7B, 0xDE, 0xF3, 0x9C, 0xE7,
  0x18, 0xC6, 0x31, 0x6C, 0x5A, 0xD6, 0xAD, 0x6B, 0xAE, 0xD2, 0xB4, 0xA4, 0x63, 0x08, 0x42, 0x10, 0x83, 0x9D, 0x08, 0x52, 0x73, 0x9B, 0x5A, 0xD6,
  0xB5, 0x8B, 0x63, 0x16, 0xB5, 0x29, 0x4A, 0x52, 0x94, 0xA4, 0xA5, 0x29, 0x4A, 0x12, 0x84, 0x1C, 0xE8, 0x41, 0xCE, 0x73, 0x9C, 0xE7, 0x39, 0xCC,
  0x63, 0x18, 0xC6, 0x31, 0x8C, 0x52, 0x94, 0xA4, 0x21, 0x08, 0x42, 0x1C, 0xE3, 0x19, 0xE7, 0x33, 0xCC, 0x63, 0x18, 0xC4, 0x21, 0x8C, 0x62, 0x10,
  0x84, 0x21, 0x08, 0x42, 0x10, 0x84, 0x21, 0x08, 0x42, 0x10, 0x42, 0x10, 0x84, 0x21, 0x08, 0x42, 0x12, 0xCE, 0x72, 0x10, 0x42, 0x10, 0x00, 0x01,
  0x00, 0x00, 0x00, 0x00, 0x00, 0x00, 0x00, 0x00, 0x00, 0x00, 0x00, 0x00, 0x00, 0x00, 0x00, 0x8D, 0x26, 0x00, 0x00, 0x00, 0x00, 0x00, 0x00, 0x00,
  0x00, 0x00, 0x00, 0x00, 0x00, 0x00, 0x00, 0x00, 0x00, 0x00, 0x00, 0x00, 0x00, 0x00, 0x00, 0x00, 0x00, 0x00, 0x00, 0x00, 0x01, 0x18, 0xC0, 0x00,
  0x00, 0x44, 0x21, 0x00, 0x00, 0x00, 0x00, 0x00, 0x00, 0x00, 0x00, 0x00, 0x00, 0x00, 0x00, 0x04, 0x21, 0x08, 0x42, 0x10, 0x84, 0x21, 0x08, 0x42,
  0x10, 0x84, 0x21, 0x08, 0x42, 0x11, 0x08, 0x42, 0x10, 0x84, 0x21, 0x08, 0x42, 0x25, 0x28, 0xA1, 0xAA, 0x28, 0xAD, 0x62, 0x31, 0x8C, 0x63, 0x18,
  0xC8, 0x42, 0x10, 0x84, 0x21, 0x08, 0x42, 0x94, 0xA5, 0x29, 0x4C, 0x63, 0x4A, 0x73, 0x61, 0x8C, 0x73, 0x9C, 0xE7, 0x39, 0xCE, 0x74, 0x21, 0x08,
  0x4A, 0x52, 0x94, 0xA9, 0x4A, 0x52, 0x94, 0xA5, 0x29, 0x6B, 0x5A, 0xD8, 0xC6, 0x31, 0x8D, 0x6B, 0x5A, 0xE7, 0x39, 0xCE, 0x84, 0x21, 0x08, 0x42,
  0x10, 0xA5, 0x3B, 0xDE, 0xD7, 0xBE, 0xF7, 0x3B, 0xEE, 0xF7, 0xBE, 0xC6, 0x3B, 0xDC, 0xE7, 0x3B, 0xDE, 0xF7, 0xCE, 0x73, 0x9C, 0xEF, 0x7F, 0xFF,
  0xFF, 0xFF, 0xFF, 0xFF, 0xFF, 0xFF, 0xFF, 0xFF, 0xFF, 0xFF, 0xFF, 0xFF, 0xFF, 0xFF, 0xFF, 0xFF, 0xFF, 0xFF, 0xFF, 0xFF, 0xFF, 0xFF, 0xFF, 0xFF,
  0xFF, 0xFF, 0xFD, 0xE7, 0x7B, 0xCE, 0x73, 0x7B, 0xDE, 0x73, 0x9C, 0xE7, 0x18, 0xC6, 0x2D, 0x6B, 0x5A, 0xD6, 0xAD, 0x6B, 0xDE, 0xD2, 0xB4, 0xA4,
  0x63, 0x08, 0x42, 0x10, 0x83, 0x9C, 0xE8, 0x45, 0xCE, 0x73, 0x5A, 0xD6, 0x31, 0x6C, 0x63, 0x16, 0xA5, 0x29, 0x4A, 0x52, 0x94, 0xA4, 0xA5, 0x29,
  0x42, 0x10, 0x84, 0x1C, 0xE8, 0x41, 0xCE, 0x73, 0x9C, 0xE7, 0x39, 0xCC, 0x63, 0x18, 0xC6, 0x31, 0x8C, 0x52, 0x94, 0x84, 0x21, 0x08, 0x42, 0x1E,
  0x23, 0x9C, 0xD6, 0x79, 0xCC, 0x63, 0x18, 0xC4, 0x31, 0x8C, 0x42, 0x10, 0x84, 0x21, 0x08, 0x42, 0x10, 0x84, 0x20, 0x88, 0x42, 0x08, 0x42, 0x10,
  0x84, 0x21, 0x08, 0x42, 0x11, 0x36, 0x73, 0x18, 0x42, 0x10, 0x00, 0x21, 0x00, 0x00, 0x00, 0x00, 0x00, 0x00, 0x00, 0x00, 0x00, 0x00, 0x00, 0x00,
  0x00, 0x00, 0x00, 0x00, 0x00, 0x00, 0x00, 0x00, 0x00, 0x00, 0x00, 0x00, 0x00, 0x00, 0x00, 0x00, 0x00, 0x00, 0x00, 0x00, 0x00, 0x00, 0x00, 0x00,
  0x00, 0x00, 0x00, 0x00, 0x00, 0x00, 0x00, 0x8C, 0x63, 0x18, 0x40, 0x00, 0x00, 0x00, 0x00, 0x00, 0x00, 0x00, 0x00, 0x00, 0x00, 0x00, 0x00, 0x00,
  0x00, 0x40, 0x00, 0x00, 0x21, 0x08, 0x42, 0x10, 0x84, 0x21, 0x08, 0x42, 0x10, 0x84, 0x21, 0x08, 0x42, 0x10, 0x88, 0x42, 0x10, 0x84, 0x21, 0x08,
  0x42, 0x9D, 0x08, 0x21, 0x09, 0x48, 0x1C, 0xEB, 0x31, 0x8C, 0x63, 0x18, 0xC8, 0x42, 0x10, 0x84, 0x21, 0x08, 0x42, 0x94, 0xA5, 0x29, 0x4C, 0x63,
  0x18, 0xCC, 0x9C, 0xE2, 0xD3, 0x9C, 0xE7, 0x39, 0xCE, 0x74, 0x21, 0x08, 0x42, 0x52, 0x94, 0xA9, 0x4A, 0x52, 0x94, 0xA5, 0x29, 0x6B, 0x5A, 0xD6,
  0xC6, 0x31, 0x8D, 0x6B, 0x5A, 0xD7, 0x39, 0xCE, 0x84, 0x21, 0x08, 0x42, 0x10, 0xA7, 0x7B, 0x4E, 0xF7, 0xBE, 0xF7, 0x77, 0xBB, 0x5A, 0xDE, 0xEF,
  0x7D, 0x9C, 0xE7, 0x39, 0xDE, 0xF7, 0xCE, 0x73, 0x9C, 0xE7, 0x7F, 0xFF, 0xFF, 0xFF, 0xFF, 0xFF, 0xFF, 0xFF, 0xFF, 0xFF, 0xFF, 0xFF, 0xFF, 0xFF,
  0xFF, 0xFF, 0xFF, 0xFF, 0xFF, 0xFF, 0xFF, 0xFF, 0xFF, 0xFF, 0xFF, 0xFF, 0xFF, 0xFF, 0xBD, 0xE7, 0x39, 0xCE, 0x73, 0x7B, 0xDE, 0x73, 0x9C, 0xE7,
  0x18, 0xC6, 0x2D, 0x6B, 0x5A, 0xD6, 0xAD, 0x73, 0xDE, 0xD2, 0xB4, 0xA4, 0x63, 0x08, 0x42, 0x10, 0x84, 0x21, 0x07, 0x39, 0xCE, 0x73, 0x58, 0xC6,
  0x31, 0x6C, 0x63, 0x16, 0xA5, 0x29, 0x4A, 0x52, 0x94, 0xA4, 0xA5, 0x29, 0x42, 0x10, 0x84, 0x1C, 0xE8, 0x41, 0xCE, 0x73, 0x9C, 0xE7, 0x39, 0xCC,
  0x63, 0x18, 0xC6, 0x31, 0x8C, 0x52, 0x90, 0x84, 0x21, 0x14, 0x82, 0x44, 0x91, 0x34, 0xC6, 0x31, 0x8C, 0x63, 0x18, 0xC4, 0x31, 0x8C, 0x42, 0x10,
  0x84, 0x21, 0x08, 0x42, 0x10, 0x84, 0x21, 0x08, 0x42, 0x08, 0x42, 0x10, 0x84, 0x21, 0x08, 0x42, 0x10, 0xB6, 0x73, 0x10, 0x42, 0x00, 0x80, 0x21,
  0x00, 0x00, 0x00, 0x00, 0x00, 0x00, 0x00, 0x00, 0x00, 0x00, 0x00, 0x00, 0x00, 0x00, 0x00, 0x00, 0x00, 0x00, 0x00, 0x00, 0x00, 0x00, 0x00, 0x00,
  0x00, 0x00, 0x00, 0x00, 0x00, 0x00, 0x00, 0x00, 0x00, 0x00, 0x00, 0x00, 0x00, 0x00, 0x00, 0x00, 0x00, 0x00, 0x00, 0x04, 0x63, 0x18, 0xC2, 0x00,
  0x00, 0x00, 0x00, 0x00, 0x00, 0x00, 0x00, 0x00, 0x00, 0x00, 0x00, 0x00, 0x00, 0x40, 0x00, 0x00, 0x21, 0x08, 0x42, 0x10, 0x84, 0x21, 0x08, 0x42,
  0x10, 0x84, 0x21, 0x08, 0x42, 0x10, 0x88, 0x42, 0x10, 0x84, 0x21, 0x08, 0x53, 0xA4, 0x44, 0x21, 0x08, 0x64, 0x18, 0xD7, 0x5A, 0x90, 0x63, 0x18,
  0xC8, 0x42, 0x10, 0x84, 0x21, 0x08, 0x42, 0x94, 0xA5, 0x29, 0x4C, 0x63, 0x18, 0xC6, 0x34, 0x67, 0x39, 0xCC, 0xE7, 0x39, 0xCE, 0x74, 0x21, 0x08,
  0x42, 0x52, 0x94, 0xA9, 0x4A, 0x52, 0x94, 0xA5, 0x29, 0x6B, 0x5A, 0xD6, 0xC6, 0x31, 0x90, 0x6B, 0x5A, 0xD7, 0x39, 0xCE, 0x84, 0x21, 0x08, 0x42,
  0x10, 0xA7, 0x69, 0x4A, 0x53, 0xDE, 0xAD, 0xAD, 0x6B, 0x5A, 0xDD, 0xF7, 0x7B, 0x9C, 0xE7, 0x39, 0xDE, 0xF7, 0xCE, 0x73, 0x9C, 0xE7, 0x7B, 0xFF,
  0xFF, 0xFF, 0xFF, 0xFF, 0xFF, 0xFF, 0xFF, 0xFF, 0xFF, 0xFF, 0xFF, 0xFF, 0xFF, 0xFF, 0xFF, 0xFF, 0xFF, 0xFF, 0xFF, 0xFF, 0xFF, 0xFF, 0xFF, 0xFF,
  0xFF, 0xFF, 0xBD, 0xE7, 0x39, 0xCE, 0x73, 0x7B, 0xDE, 0x73, 0x9C, 0xE7, 0x38, 0xC6, 0x2D, 0x6B, 0x62, 0xD6, 0xAD, 0x7B, 0xDA, 0x52, 0xB4, 0x8C,
  0x63, 0x08, 0x42, 0x10, 0x84, 0x21, 0x07, 0x35, 0xAE, 0x73, 0x5A, 0xC6, 0x31, 0x8C, 0x63, 0x16, 0xA5, 0x29, 0x4A, 0x52, 0x94, 0xA4, 0xA5, 0x29,
  0x42, 0x10, 0x84, 0x1D, 0x08, 0x41, 0xCE, 0x73, 0x9C, 0xE7, 0x39, 0xCC, 0x63, 0x18, 0xC6, 0x31, 0x8C, 0x52, 0x10, 0xD0, 0x9D, 0x1C, 0xEA, 0x46,
  0x30, 0x81, 0x86, 0x31, 0x8C, 0x63, 0x18, 0xC6, 0x31, 0x8C, 0x42, 0x10, 0x84, 0x21, 0x08, 0x42, 0x10, 0x84, 0x21, 0x08, 0x41, 0x08, 0x42, 0x10,
  0x84, 0x21, 0x08, 0x88, 0x16, 0x4E, 0x65, 0x08, 0x42, 0x10, 0x84, 0x00, 0x00, 0x00, 0x00, 0x00, 0x00, 0x00, 0x00, 0x00, 0x00, 0x00, 0x00, 0x00,
  0x00, 0x00, 0x00, 0x00, 0x00, 0x00, 0x00, 0x00, 0x00, 0x00, 0x00, 0x00, 0x00, 0x00, 0x00, 0x00, 0x00, 0x00, 0x00, 0x00, 0x09, 0x80, 0x00, 0x00,
  0x00, 0x00, 0x00, 0x60, 0x00, 0x00, 0x00, 0x00, 0x00, 0x00, 0xC2, 0x00, 0x00, 0x00, 0x00, 0x00, 0x00, 0x00, 0x00, 0x00, 0x00, 0x00, 0x00, 0x00,
  0x00, 0x00, 0x00, 0x00, 0x21, 0x08, 0x42, 0x10, 0x84, 0x21, 0x08, 0x42, 0x10, 0x84, 0x21, 0x08, 0x42, 0x10, 0x88, 0x42, 0x10, 0x84, 0x21, 0x0A,
  0x94, 0x38, 0x84, 0x21, 0x08, 0x43, 0x38, 0xC6, 0x3A, 0xD6, 0x23, 0x18, 0xC8, 0x42, 0x10, 0x84, 0x21, 0x08, 0x42, 0x14, 0xA5, 0x29, 0x4C, 0x63,
  0x18, 0xC6, 0x31, 0x8C, 0xA9, 0x4D, 0xC7, 0x39, 0xCE, 0x74, 0x21, 0x08, 0x42, 0x52, 0x94, 0xA9, 0x4A, 0x52, 0x94, 0xA5, 0x39, 0x6B, 0x5B, 0x96,
  0xC6, 0x31, 0x90, 0x6B, 0x5A, 0xD7, 0x39, 0xCE, 0x84, 0x21, 0x08, 0x42, 0x10, 0x9F, 0x69, 0x4E, 0xFB, 0xB5, 0xAD, 0xAD, 0x6B, 0x5A, 0xD8, 0xF7,
  0x73, 0x9C, 0xE7, 0x39, 0xDE, 0xF7, 0xCE, 0x73, 0x9C, 0xE7, 0x7B, 0xFF, 0xFF, 0xFF, 0xFF, 0xFF, 0xFF, 0xFF, 0xFF, 0xFF, 0xFF, 0xFF, 0xFF, 0xFF,
  0xFF, 0xFF, 0xFF, 0xFF, 0xFF, 0xFF, 0xFF, 0xFF, 0xFF, 0xFF, 0xFF, 0xFF, 0xFF, 0xFF, 0xBD, 0xE7, 0x39, 0xCE, 0x6F, 0x7B, 0xDE, 0x73, 0x9C, 0xE7,
  0x98, 0xC6, 0x2D, 0x8B, 0x62, 0xD6, 0xAE, 0x7B, 0xDA, 0x52, 0xB4, 0x8C, 0x63, 0x08, 0x42, 0x10, 0x84, 0x21, 0x07, 0x39, 0xCE, 0x6B, 0x58, 0xC6,
  0x31, 0x8C, 0x63, 0x16, 0xA5, 0x29, 0x4A, 0x52, 0x94, 0xA4, 0xA5, 0x29, 0x42, 0x10, 0x84, 0x21, 0x08, 0x39, 0xCE, 0x73, 0x9C, 0xE7, 0x39, 0xCC,
  0x63, 0x18, 0xC6, 0x31, 0x4A, 0x52, 0x26, 0x69, 0x29, 0x08, 0x42, 0x36, 0x71, 0x98, 0xC6, 0x31, 0x8C, 0x63, 0x18, 0xC6, 0x31, 0x8C, 0x42, 0x10,
  0x84, 0x21, 0x08, 0x42, 0x10, 0x84, 0x21, 0x08, 0x21, 0x08, 0x42, 0x10, 0x84, 0x21, 0x54, 0xE4, 0xC9, 0xCD, 0x81, 0x08, 0x42, 0x10, 0x84, 0x20,
  0x00, 0x00, 0x0D, 0x04, 0x00, 0x00, 0x00, 0x00, 0x00, 0x00, 0x00, 0x00, 0x00, 0x00, 0x00, 0x00, 0x00, 0x00, 0x00, 0x00, 0x00, 0x00, 0x00, 0x00,
  0x00, 0x00, 0x00, 0x00, 0x00, 0x00, 0x00, 0x00, 0x0E, 0x80, 0x00, 0x00, 0x00, 0x00, 0x02, 0x20, 0x00, 0x00, 0x00, 0x00, 0x00, 0x00, 0xC6, 0x10,
  0x00, 0x00, 0x00, 0x00, 0x00, 0x00, 0x00, 0x00, 0x00, 0x00, 0x00, 0x00, 0x00, 0x00, 0x00, 0x00, 0x21, 0x08, 0x42, 0x10, 0x84, 0x21, 0x08, 0x42,
  0x10, 0x84, 0x21, 0x08, 0x42, 0x10, 0x88, 0x42, 0x10, 0x84, 0x21, 0x52, 0x82, 0x10, 0x84, 0x21, 0x08, 0x48, 0x88, 0xC6, 0x31, 0xCE, 0xB7, 0x60,
  0xC8, 0x42, 0x10, 0x84, 0x21, 0x08, 0x42, 0x14, 0xA5, 0x29, 0x4C, 0x63, 0x18, 0xC6, 0x31, 0x8C, 0x73, 0xC6, 0x67, 0x39, 0xCE, 0x74, 0x21, 0x08,
  0x4A, 0x52, 0x94, 0xA9, 0x4A, 0x52, 0x94, 0xA5, 0x29, 0x6B, 0x5A, 0xD6, 0xC6, 0x31, 0x8D, 0x6B, 0x5A, 0xD7, 0x42, 0x0E, 0x84, 0x21, 0x08, 0x42,
  0x10, 0x9E, 0x75, 0xEF, 0x52, 0xB5, 0xAD, 0xAD, 0x6B, 0x5A, 0xD8, 0xF7, 0xB3, 0x9C, 0xE7, 0x39, 0xDE, 0xF7, 0xBE, 0x73, 0x9C, 0xE7, 0x7B, 0xFF,
  0xFF, 0xFF, 0xFF, 0xFF, 0xFF, 0xFF, 0xFF, 0xFF, 0xFF, 0xFF, 0xFF, 0xFF, 0xFF, 0xFF, 0xFF, 0xFF, 0xFF, 0xFF, 0xFF, 0xFF, 0xFF, 0xFF, 0xFF, 0xFF,
  0xFF, 0xFF, 0xBD, 0xEF, 0x39, 0xCE, 0x6F, 0x7B, 0xDE, 0x73, 0x9C, 0xE7, 0x18, 0xC6, 0x2D, 0x6C, 0x62, 0xD6, 0xAF, 0x75, 0x5A, 0x56, 0x94, 0x8C,
  0x63, 0x08, 0x42, 0x10, 0x84, 0x21, 0x07, 0x39, 0xCE, 0x6B, 0x58, 0xC6, 0x31, 0x8C, 0x63, 0x16, 0xA5, 0x29, 0x4A, 0x52, 0x94, 0xA4, 0xA5, 0x29,
  0x42, 0x10, 0x94, 0x1D, 0x08, 0x39, 0xCE, 0x73, 0x9C, 0xE7, 0x39, 0x8C, 0x63, 0x18, 0xC6, 0x29, 0x4A, 0x52, 0x4C, 0xA4, 0x21, 0x88, 0x42, 0x10,
  0x93, 0x38, 0xC6, 0x31, 0x8C, 0x63, 0x18, 0xC4, 0x31, 0x8C, 0x42, 0x10, 0x84, 0x21, 0x08, 0x42, 0x10, 0x84, 0x21, 0x04, 0x22, 0x08, 0x42, 0x10,
  0x84, 0x24, 0x9C, 0xE7, 0x39, 0xC8, 0x41, 0x08, 0x42, 0x10, 0x84, 0x20, 0x00, 0x00, 0x0F, 0x00, 0x00, 0x00, 0x00, 0x00, 0x00, 0x00, 0x00, 0x00,
  0x00, 0x00, 0x00, 0x00, 0x00, 0x00, 0x00, 0x00, 0x00, 0x00, 0x00, 0x00, 0x00, 0x00, 0x00, 0x00, 0x00, 0x00, 0x00, 0x00, 0x0A, 0x00, 0x00, 0x00,
  0x00, 0x00, 0x00, 0x00, 0x00, 0x00, 0x00, 0x00, 0x00, 0x00, 0x46, 0x30, 0x80, 0x00, 0x00, 0x00, 0x00, 0x00, 0x00, 0x00, 0x00, 0x00, 0x00, 0x00,
  0x08, 0x00, 0x00, 0x00, 0x01, 0x08, 0x42, 0x10, 0x84, 0x21, 0x08, 0x42, 0x10, 0x84, 0x21, 0x08, 0x42, 0x10, 0x88, 0x42, 0x10, 0x89, 0x3A, 0x50,
  0x42, 0x10, 0x84, 0x2E, 0x88, 0x43, 0x8C, 0x46, 0x31, 0x8C, 0x97, 0xBD, 0x26, 0x42, 0x10, 0x84, 0x21, 0x08, 0x42, 0x14, 0xA5, 0x29, 0x4C, 0x63,
  0x18, 0xC6, 0x31, 0x8C, 0x73, 0x9E, 0x27, 0x39, 0xCE, 0x84, 0x21, 0x08, 0x4A, 0x54, 0x94, 0xA9, 0x4A, 0x52, 0x94, 0xA5, 0x29, 0x6B, 0x5A, 0xD6,
  0xC6, 0x31, 0x8D, 0x6B, 0x5A, 0xD7, 0x39, 0xCE, 0x84, 0x21, 0x08, 0x42, 0x10, 0xEF, 0xBD, 0xDA, 0x52, 0xB5, 0xAD, 0xAD, 0x6B, 0x5A, 0xD8, 0xE6,
  0x31, 0x9C, 0xE7, 0x39, 0xDE, 0xF7, 0xBE, 0x73, 0x9C, 0xE7, 0x7B, 0xFF, 0xFF, 0xFF, 0xFF, 0xFF, 0xFF, 0xFF, 0xFF, 0xFF, 0xFF, 0xFF, 0xFF, 0xFF,
  0xFF, 0xFF, 0xFF, 0xFF, 0xFF, 0xFF, 0xFF, 0xFF, 0xFF, 0xFF, 0xFF, 0xFF, 0xFF, 0xFF, 0xBD, 0xE7, 0x39, 0xCE, 0x6F, 0x7B, 0xDE, 0x73, 0x9C, 0xE7,
  0x18, 0xC6, 0x31, 0x8C, 0x62, 0xD6, 0xCF, 0x6B, 0x4A, 0x52, 0x94, 0x84, 0x61, 0x08, 0x42, 0x10, 0x84, 0x21, 0x07, 0x39, 0xCD, 0x6B, 0x58, 0xC6,
  0x31, 0x8C, 0x62, 0xD6, 0xA5, 0x29, 0x4A, 0x52, 0x94, 0xA4, 0xA5, 0x29, 0x42, 0x12, 0x94, 0x1C, 0xE8, 0x39, 0xCE, 0x73, 0x9C, 0xE7, 0x39, 0x8C,
  0x63, 0x18, 0xC5, 0x29, 0x4A, 0x57, 0x28, 0x85, 0x21, 0x08, 0x42, 0x10, 0x73, 0x80, 0xC6, 0x31, 0x8C, 0x63, 0x18, 0xC4, 0x31, 0x08, 0x42, 0x10,
  0x84, 0x21, 0x08, 0x42, 0x10, 0x84, 0x20, 0x84, 0x22, 0x08, 0x42, 0x10, 0x84, 0x92, 0x9C, 0xA5, 0x39, 0x94, 0x21, 0x08, 0x42, 0x10, 0x84, 0x20,
  0x00, 0x00, 0x0E, 0x80, 0x1D, 0x00, 0x01, 0x40, 0x02, 0x93, 0x98, 0x01, 0xD9, 0xD2, 0x60, 0x00, 0x00, 0xC1, 0x80, 0x0C, 0x60, 0x23, 0x79, 0xB2,
  0x80, 0x0C, 0xC0, 0x01, 0xB0, 0x00, 0xBD, 0x29, 0x13, 0x80, 0x15, 0x9D, 0x4E, 0x00, 0x44, 0x20, 0xAC, 0xE7, 0x10, 0x00, 0x00, 0x00, 0x00, 0x11,
  0x80, 0x00, 0x00, 0x00, 0x00, 0x00, 0x00, 0x00, 0x00, 0x00, 0x00, 0x00, 0x00, 0x00, 0x00, 0x00, 0x01, 0x08, 0x42, 0x10, 0x84, 0x21, 0x08, 0x42,
  0x10, 0x84, 0x21, 0x08, 0x42, 0x10, 0x88, 0x42, 0x8D, 0x29, 0x46, 0x08, 0x42, 0x10, 0x84, 0x2F, 0x08, 0x43, 0x21, 0xC6, 0x31, 0x8C, 0x63, 0x18,
  0xCF, 0x32, 0x10, 0x84, 0x21, 0x08, 0x42, 0x14, 0xA5, 0x29, 0x4C, 0x63, 0x18, 0xC6, 0x31, 0x8C, 0x73, 0x9C, 0xE7, 0x39, 0xCE, 0x74, 0x21, 0x08,
  0x42, 0x54, 0x94, 0xA9, 0x4A, 0x52, 0x94, 0xA5, 0x29, 0x6B, 0x5A, 0xD6, 0xC6, 0x31, 0x8D, 0x6B, 0x5A, 0xD7, 0x39, 0xCE, 0x84, 0x21, 0x08, 0x42,
  0x13, 0xF7, 0x69, 0x4A, 0x52, 0xB5, 0xAD, 0xAD, 0x6B, 0x5A, 0xD8, 0xC6, 0x31, 0x9C, 0xE7, 0x39, 0xDE, 0xF7, 0xBE, 0x73, 0x9C, 0xE7, 0x7B, 0xFF,
  0xFF, 0xFF, 0xFF, 0xFF, 0xFF, 0xFF, 0xFF, 0xFF, 0xFF, 0xFF, 0xFF, 0xFF, 0xFF, 0xFF, 0xFF, 0xFF, 0xFF, 0xFF, 0xFF, 0xFF, 0xFF, 0xFF, 0xFF, 0xFF,
  0xFF, 0xFF, 0xBD, 0xEF, 0x39, 0xCE, 0x6F, 0x7B, 0xDE, 0x73, 0x9C, 0xE7, 0x18, 0xCE, 0x31, 0x8C, 0x5A, 0xD6, 0xEF, 0x6B, 0x4A, 0x52, 0x94, 0x8C,
  0x61, 0x08, 0x42, 0x10, 0x84, 0x21, 0x07, 0x39, 0xCD, 0x6B, 0x58, 0xC6, 0x31, 0x8C, 0x62, 0xD6, 0xA5, 0x29, 0x4A, 0x52, 0x94, 0x94, 0xA5, 0x29,
  0x42, 0x52, 0x93, 0x9C, 0xE7, 0x39, 0xCE, 0x73, 0x9C, 0xE7, 0x39, 0x8C, 0x63, 0x18, 0xA5, 0x29, 0x4A, 0x59, 0x90, 0x84, 0x21, 0x08, 0x42, 0x10,
  0x66, 0x58, 0xC6, 0x31, 0x8C, 0x63, 0x18, 0x86, 0x31, 0x08, 0x42, 0x10, 0x84, 0x21, 0x08, 0x42, 0x10, 0x84, 0x21, 0x08, 0x22, 0x08, 0x42, 0x10,
  0x8A, 0x73, 0x39, 0x46, 0x51, 0x84, 0x21, 0x08, 0x42, 0x10, 0x84, 0x20, 0x00, 0x00, 0x59, 0x80, 0x73, 0x00, 0x08, 0xC0, 0x0B, 0xC0, 0x00, 0x3A,
  0x00, 0x03, 0xC0, 0x00, 0x00, 0x76, 0x00, 0x1D, 0x00, 0x68, 0x00, 0x51, 0x80, 0x61, 0xC0, 0x08, 0x84, 0x11, 0x60, 0x01, 0xE0, 0x82, 0x61, 0x00,
  0x3A, 0x00, 0x54, 0x00, 0xA8, 0x00, 0x00, 0x00, 0x00, 0x00, 0x00, 0x00, 0x04, 0x20, 0x00, 0x00, 0x00, 0x00, 0x00, 0x00, 0x00, 0x00, 0x00, 0x00,
  0x00, 0x00, 0x00, 0x00, 0x01, 0x08, 0x42, 0x10, 0x84, 0x21, 0x08, 0x42, 0x10, 0x84, 0x21, 0x08, 0x42, 0x10, 0x92, 0x94, 0xA2, 0xC4, 0x21, 0x08,
  0x42, 0x10, 0x84, 0x2F, 0x08, 0x42, 0x18, 0xC9, 0xAF, 0x4C, 0x63, 0x1B, 0x06, 0x92, 0x74, 0x84, 0x67, 0xBD, 0x42, 0x16, 0x1D, 0xF5, 0x0A, 0x65,
  0xAE, 0x7E, 0xE9, 0x8C, 0x6E, 0x9F, 0xBE, 0x61, 0xCE, 0x76, 0xFB, 0xA8, 0x42, 0x52, 0x94, 0xA5, 0x4A, 0x52, 0x94, 0xA5, 0x29, 0x6B, 0x5A, 0xD6,
  0xC6, 0x31, 0x8D, 0x6B, 0x5A, 0xD7, 0x39, 0xCE, 0x84, 0x21, 0x08, 0x42, 0x9D, 0xED, 0x29, 0x4A, 0x52, 0xB5, 0xAD, 0xAD, 0x6B, 0x5A, 0xD8, 0xC6,
  0x31, 0x9C, 0xE7, 0x39, 0xDE, 0xF7, 0xBE, 0x73, 0x9C, 0xE7, 0x7B, 0xFF, 0xFF, 0xFF, 0xFF, 0xFF, 0xFF, 0xFF, 0xFF, 0xFF, 0xFF, 0xFF, 0xFF, 0xFF,
  0xFF, 0xFF, 0xFF, 0xFF, 0xFF, 0xFF, 0xFF, 0xFF, 0xFF, 0xFF, 0xFF, 0xFF, 0xFF, 0xFF, 0xBD, 0xF7, 0x79, 0xCE, 0x6F, 0x7B, 0xDE, 0x73, 0x9C, 0xF3,
  0x19, 0xCE, 0x31, 0x8C, 0x5A, 0xD9, 0xED, 0xEB, 0x4A, 0x52, 0x94, 0x8C, 0x61, 0x08, 0x42, 0x10, 0x84, 0x21, 0x07, 0x39, 0xCE, 0x6B, 0x18, 0xC6,
  0x31, 0x8C, 0x5A, 0xD4, 0xA5, 0x29, 0x4A, 0x52, 0x94, 0x94, 0xA5, 0x49, 0x42, 0x52, 0x94, 0x1C, 0xE7, 0x39, 0xCE, 0x73, 0x9C, 0xE7, 0x39, 0x8C,
  0x63, 0x18, 0xA6, 0x29, 0x4B, 0x35, 0x10, 0x84, 0x21, 0x08, 0x42, 0x10, 0x63, 0x18, 0xC6, 0x31, 0x8C, 0x63, 0x18, 0xC6, 0x31, 0x08, 0x42, 0x10,
  0x84, 0x21, 0x08, 0x42, 0x10, 0x84, 0x21, 0x08, 0x21, 0x08, 0x42, 0x11, 0x4A, 0x73, 0x28, 0x42, 0x10, 0x84, 0x21, 0x08, 0x42, 0x10, 0x84, 0x00,
  0x00, 0x01, 0x32, 0x01, 0xA4, 0x00, 0x26, 0x20, 0x31, 0x80, 0x00, 0x68, 0x00, 0x03, 0x40, 0x00, 0x00, 0x28, 0x82, 0x27, 0x05, 0x00, 0x00, 0x4C,
  0x20, 0xA0, 0x00, 0x0D, 0x00, 0x1E, 0x00, 0x01, 0xE0, 0x03, 0xA0, 0x00, 0x2A, 0x00, 0x74, 0x00, 0xE9, 0xC0, 0x00, 0x00, 0x00, 0x00, 0x00, 0x00,
  0x00, 0x00, 0x00, 0x00, 0x00, 0x00, 0x00, 0x00, 0x00, 0x00, 0x00, 0x00, 0x00, 0x00, 0x00, 0x00, 0x01, 0x08, 0x42, 0x10, 0x84, 0x21, 0x08, 0x42,
  0x10, 0x84, 0x21, 0x08, 0x42, 0x29, 0xD2, 0x62, 0x10, 0x84, 0x21, 0x08, 0x42, 0x10, 0x84, 0x2F, 0x08, 0x42, 0x18, 0xD4, 0x91, 0xFA, 0x63, 0x9F,
  0x86, 0x42, 0x78, 0x84, 0xF1, 0x89, 0x32, 0x16, 0x07, 0x2F, 0xA0, 0x69, 0xFA, 0x66, 0xEF, 0x8C, 0x6F, 0x79, 0x53, 0xF1, 0xCF, 0x3F, 0x21, 0xDE,
  0x42, 0x52, 0x94, 0xA5, 0x4A, 0x52, 0x94, 0xA5, 0x29, 0x4C, 0x5A, 0xD6, 0xC6, 0x31, 0x8C, 0x6B, 0x5A, 0xD7, 0x39, 0xCE, 0x84, 0x21, 0x08, 0x42,
  0xBE, 0x8D, 0x29, 0x4A, 0x52, 0xB5, 0xAD, 0xAD, 0x6B, 0x5A, 0xD8, 0xC6, 0x31, 0x9C, 0xE7, 0x39, 0xDE, 0xF7, 0xBE, 0x73, 0x9C, 0xE7, 0x7B, 0xFF,
  0xFF, 0xFF, 0xFF, 0xFF, 0xFF, 0xFF, 0xFF, 0xFF, 0xFF, 0xFF, 0xFF, 0xFF, 0xFF, 0xFF, 0xFF, 0xFF, 0xFF, 0xFF, 0xFF, 0xFF, 0xFF, 0xFF, 0xFF, 0xFF,
  0xFF, 0xFF, 0xBD, 0xEF, 0xBB, 0xCE, 0x6F, 0x7C, 0xDE, 0x73, 0x9C, 0xE7, 0x19, 0xCE, 0x31, 0x8C, 0x5A, 0xDD, 0xED, 0x6B, 0x4A, 0xD2, 0x94, 0x8C,
  0x61, 0x08, 0x42, 0x10, 0x84, 0x21, 0x07, 0x39, 0xCD, 0x6B, 0x18, 0xC6, 0x31, 0x8B, 0x5A, 0xD4, 0xA5, 0x29, 0x4A, 0x52, 0x94, 0x94, 0xA5, 0x29,
  0x4A, 0x52, 0x94, 0x1C, 0xE7, 0x39, 0xCE, 0x73, 0x9C, 0xE7, 0x39, 0x8C, 0x63, 0x18, 0xC5, 0x2C, 0x68, 0x62, 0x10, 0xC4, 0x21, 0x08, 0x42, 0x10,
  0x63, 0x18, 0xC6, 0x31, 0x8C, 0x63, 0x18, 0x86, 0x31, 0x88, 0x42, 0x10, 0x84, 0x21, 0x08, 0x42, 0x10, 0x84, 0x21, 0x08, 0x21, 0x08, 0x42, 0x16,
  0x4E, 0x66, 0x08, 0x42, 0x10, 0x84, 0x21, 0x08, 0x42, 0x10, 0x84, 0x00, 0x00, 0x01, 0xD0, 0x03, 0x40, 0x00, 0x3C, 0x00, 0x50, 0x00, 0x01, 0xCE,
  0x00, 0x1E, 0x20, 0x00, 0x00, 0x0A, 0x03, 0xA0, 0x07, 0x80, 0x00, 0x74, 0x00, 0xF0, 0x00, 0x0E, 0x80, 0x17, 0x00, 0x01, 0xD0, 0x02, 0x60, 0x00,
  0x3A, 0x00, 0x54, 0x00, 0x04, 0x6A, 0x00, 0x00, 0x00, 0x00, 0x00, 0x00, 0x00, 0x00, 0x00, 0x00, 0x00, 0x00, 0x00, 0x00, 0x00, 0x00, 0x00, 0x00,
  0x00, 0x00, 0x00, 0x00, 0x01, 0x08, 0x42, 0x10, 0x84, 0x21, 0x08, 0x42, 0x10, 0x84, 0x21, 0x08, 0x63, 0x4A, 0x04, 0x42, 0x10, 0x84, 0x21, 0x08,
  0x42, 0x10, 0x84, 0x2F, 0x08, 0x42, 0x18, 0xC6, 0x31, 0xC7, 0xC3, 0x9F, 0x86, 0x42, 0x78, 0x86, 0xF1, 0x88, 0x42, 0x14, 0xA5, 0x2D, 0x3A, 0x69,
  0xF8, 0xC6, 0x37, 0x8C, 0x6F, 0x1C, 0xE7, 0xF4, 0x4F, 0xE6, 0xA1, 0x1E, 0xA2, 0x52, 0x94, 0xA5, 0x4A, 0x52, 0x94, 0xA5, 0x29, 0x4B, 0x5A, 0xD6,
  0xC6, 0x31, 0x8C, 0x6B, 0x5A, 0xD7, 0x39, 0xCE, 0x74, 0x21, 0x08, 0x43, 0xD4, 0xAD, 0x29, 0x4A, 0x52, 0xB5, 0xAD, 0xAD, 0x6B, 0x5A, 0xD8, 0xC6,
  0x31, 0x9C, 0xE7, 0x39, 0xDE, 0xF7, 0xBE, 0x73, 0x9C, 0xE7, 0x7B, 0xFF, 0xFF, 0xFF, 0xFF, 0xFF, 0xFF, 0xFF, 0xFF, 0xFF, 0xFF, 0xFF, 0xFF, 0xFF,
  0xFF, 0xFF, 0xFF, 0xFF, 0xFF, 0xFF, 0xFF, 0xFF, 0xFF, 0xFF, 0xFF, 0xFF, 0xFF, 0xFF, 0xBD, 0xEF, 0x7D, 0xEE, 0x6F, 0x7C, 0xDE, 0x73, 0x9C, 0xE7,
  0x18, 0xCE, 0x31, 0x8C, 0x5B, 0x3D, 0xBD, 0x6B, 0x5A, 0x52, 0x94, 0x8C, 0x61, 0x08, 0x42, 0x10, 0x84, 0x21, 0x07, 0x39, 0xAD, 0x6B, 0x18, 0xC6,
  0x31, 0x8B, 0x5A, 0xD4, 0xA5, 0x29, 0x4A, 0x52, 0x94, 0x94, 0xA9, 0x29, 0x4A, 0x52, 0x94, 0x1C, 0xE7, 0x39, 0xCE, 0x73, 0x9C, 0xE7, 0x39, 0x8C,
  0x63, 0x18, 0xA5, 0x3C, 0xCA, 0x52, 0x90, 0x84, 0x21, 0x08, 0x42, 0x10, 0x63, 0x18, 0xC6, 0x31, 0x8C, 0x63, 0x18, 0xC6, 0x31, 0x88, 0x42, 0x10,
  0x84, 0x21, 0x08, 0x42, 0x10, 0x84, 0x21, 0x04, 0x21, 0x08, 0x42, 0xA9, 0xCD, 0x81, 0x08, 0x42, 0x10, 0x84, 0x21, 0x08, 0x42, 0x10, 0x84, 0x00,
  0x00, 0x01, 0xE0, 0x03, 0xC0, 0x02, 0x7A, 0x00, 0x78, 0x00, 0x03, 0x0E, 0x00, 0x74, 0x60, 0x00, 0x00, 0x0B, 0xC4, 0x60, 0x07, 0x80, 0x06, 0x74,
  0x00, 0xE8, 0x01, 0x19, 0x80, 0x14, 0x00, 0x27, 0x10, 0x02, 0x80, 0x00, 0xE2, 0x03, 0x9C, 0x00, 0x00, 0x3A, 0x00, 0x00, 0x00, 0x00, 0x00, 0x00,
  0x00, 0x00, 0x00, 0x00, 0x00, 0x00, 0x00, 0x00, 0x00, 0x00, 0x00, 0x00, 0x00, 0x00, 0x00, 0x00, 0x01, 0x08, 0x42, 0x10, 0x84, 0x21, 0x08, 0x42,
  0x10, 0x84, 0x21, 0x24, 0xE8, 0x50, 0x88, 0x42, 0x10, 0x84, 0x21, 0x08, 0x42, 0x10, 0x84, 0x2F, 0x08, 0x42, 0x18, 0xE9, 0xEF, 0x7B, 0xC3, 0x9F,
  0x86, 0x42, 0x78, 0x84, 0x9F, 0xBC, 0x92, 0x17, 0xBE, 0xF7, 0xB4, 0x69, 0xF4, 0xC6, 0x37, 0x8C, 0x6F, 0x1C, 0xE7, 0xF4, 0xCF, 0xEF, 0x7B, 0xDE,
  0xA2, 0x52, 0x94, 0xA5, 0x4A, 0x52, 0x94, 0xA5, 0x29, 0x4B, 0x5A, 0xD6, 0xC6, 0x31, 0x8C, 0x6B, 0x5A, 0xD7, 0x39, 0xCE, 0x74, 0x21, 0x08, 0x57,
  0x31, 0xAF, 0x69, 0x4A, 0x52, 0xB5, 0xAD, 0xAD, 0x6B, 0x5A, 0xD8, 0xC6, 0x31, 0x9C, 0xE7, 0x39, 0xDF, 0x37, 0xBE, 0x7B, 0xDC, 0xE7, 0x7B, 0xFF,
  0xFF, 0xFF, 0xFF, 0xFF, 0xFF, 0xFF, 0xFF, 0xFF, 0xFF, 0xFF, 0xFF, 0xFF, 0xFF, 0xFF, 0xFF, 0xFF, 0xFF, 0xFF, 0xFF, 0xFF, 0xFF, 0xFF, 0xFF, 0xFF,
  0xFF, 0xFF, 0xBD, 0xEF, 0x7B, 0xEE, 0xEF, 0x7B, 0xDE, 0x73, 0x9C, 0xE3, 0x38, 0xCE, 0x31, 0x8C, 0x5B, 0xBD, 0xAD, 0x6B, 0x4A, 0x56, 0x94, 0x84,
  0x21, 0x08, 0x42, 0x10, 0x84, 0x21, 0x07, 0x35, 0xAD, 0x6B, 0x18, 0xC6, 0x31, 0x6B, 0x5A, 0xD4, 0xA5, 0x29, 0x4A, 0x52, 0x94, 0x95, 0x25, 0x29,
  0x4A, 0x52, 0x94, 0x1C, 0xE7, 0x39, 0xCE, 0x73, 0x9C, 0xE7, 0x39, 0x8C, 0x63, 0x1A, 0x31, 0xA1, 0x8A, 0x52, 0x10, 0x84, 0x21, 0x08, 0x42, 0x10,
  0x63, 0x18, 0xC6, 0x31, 0x8C, 0x63, 0x18, 0xC6, 0x31, 0x88, 0x42, 0x10, 0x84, 0x21, 0x08, 0x42, 0x10, 0x84, 0x20, 0x84, 0x21, 0x08, 0x55, 0x39,
  0xA8, 0x21, 0x08, 0x42, 0x10, 0x84, 0x21, 0x08, 0x42, 0x10, 0x80, 0x00, 0x00, 0x03, 0x50, 0x03, 0x53, 0x9B, 0x66, 0x00, 0x5C, 0x00, 0x00, 0x3A,
  0x79, 0xD0, 0x00, 0x00, 0x00, 0x0E, 0xDC, 0x00, 0x05, 0x27, 0x16, 0x50, 0x00, 0xEB, 0x23, 0x13, 0x80, 0x1D, 0x3C, 0x62, 0x70, 0x02, 0x91, 0x8D,
  0x40, 0x09, 0x84, 0x13, 0x3C, 0x6A, 0x00, 0x00, 0x00, 0x00, 0x00, 0x00, 0x00, 0x00, 0x00, 0x00, 0x00, 0x00, 0x00, 0x00, 0x00, 0x00, 0x00, 0x00,
  0x00, 0x00, 0x00, 0x00, 0x01, 0x08, 0x42, 0x10, 0x84, 0x21, 0x08, 0x42, 0x10, 0x84, 0x32, 0xA4, 0xC2, 0x10, 0x84, 0x42, 0x10, 0x84, 0x21, 0x08,
  0x42, 0x10, 0x84, 0x2F, 0x08, 0x42, 0x1C, 0x7C, 0x31, 0xC7, 0xA3, 0x8F, 0x86, 0x42, 0x78, 0x84, 0x21, 0x27, 0xE2, 0x53, 0xC5, 0x2D, 0x34, 0x69,
  0xF4, 0xC6, 0x37, 0x8C, 0x6F, 0x1C, 0xE7, 0xF4, 0xCF, 0xE5, 0xA1, 0x08, 0x42, 0x52, 0x94, 0xA5, 0x4A, 0x52, 0x94, 0xA5, 0x29, 0x4B, 0x5A, 0xD6,
  0xC6, 0x31, 0x8C, 0x6B, 0x5A, 0xD7, 0x39, 0xCE, 0x74, 0x21, 0x08, 0x7A, 0x11, 0xA7, 0x69, 0x4A, 0x52, 0xB5, 0xAD, 0xAD, 0x6B, 0x5A, 0xD8, 0xC6,
  0x31, 0x8C, 0xE7, 0x39, 0xDE, 0xF7, 0xBE, 0xFB, 0xDD, 0xE7, 0x7D, 0xFF, 0xFF, 0xFF, 0xFF, 0xFF, 0xFF, 0xFF, 0xFF, 0xFF, 0xFF, 0xFF, 0xFF, 0xFF,
  0xFF, 0xFF, 0xFF, 0xFF, 0xFF, 0xFF, 0xFF, 0xFF, 0xFF, 0xFF, 0xFF, 0xFF, 0xFF, 0xFF, 0xBD, 0xEF, 0x7B, 0xEF, 0x73, 0x9B, 0xDE, 0x73, 0x9C, 0xE3,
  0x18, 0xC6, 0x31, 0x8C, 0x77, 0xBD, 0xAD, 0x73, 0x4A, 0x52, 0x94, 0x84, 0x61, 0x08, 0x42, 0x10, 0x84, 0x21, 0x07, 0x35, 0xAD, 0x6B, 0x18, 0xC6,
  0xB1, 0x6B, 0x5A, 0xD4, 0xA5, 0x29, 0x4A, 0x52, 0x94, 0xA4, 0xA5, 0x29, 0x4A, 0x52, 0x84, 0x1C, 0xE7, 0x39, 0xCE, 0x73, 0x9C, 0xE7, 0x31, 0x8C,
  0x63, 0x4E, 0x10, 0x31, 0x4A, 0x52, 0x10, 0x84, 0x21, 0x08, 0x42, 0x10, 0x63, 0x18, 0xC6, 0x31, 0x8C, 0x63, 0x18, 0xC6, 0x31, 0x88, 0x42, 0x10,
  0x84, 0x21, 0x08, 0x42, 0x10, 0x84, 0x10, 0x84, 0x21, 0x09, 0x27, 0x37, 0x04, 0x21, 0x08, 0x42, 0x10, 0x84, 0x21, 0x08, 0x42, 0x00, 0x00, 0x00,
  0x00, 0x1C, 0xE0, 0x00, 0x01, 0x00, 0x00, 0x00, 0x00, 0x00, 0x00, 0x00, 0x10, 0x00, 0x00, 0x00, 0x00, 0x00, 0x00, 0x00, 0x00, 0x02, 0x00, 0x00,
  0x00, 0x00, 0x00, 0x00, 0x00, 0x00, 0x00, 0x00, 0x00, 0x00, 0x00, 0x00, 0x00, 0x00, 0x00, 0x00, 0x08, 0x40, 0x00, 0x00, 0x00, 0x00, 0x00, 0x00,
  0x00, 0x00, 0x00, 0x00, 0x00, 0x00, 0x00, 0x00, 0x00, 0x00, 0x00, 0x00, 0x00, 0x00, 0x00, 0x00, 0x01, 0x08, 0x42, 0x10, 0x84, 0x21, 0x08, 0x42,
  0x10, 0xA6, 0x74, 0x48, 0x42, 0x10, 0x84, 0x42, 0x10, 0x84, 0x21, 0x08, 0x42, 0x10, 0x84, 0x2F, 0x08, 0x42, 0x1C, 0x7C, 0x31, 0xFB, 0xC3, 0x1F,
  0x86, 0x4C, 0xF8, 0x84, 0x21, 0x09, 0xE2, 0x6B, 0xC5, 0x2F, 0xBA, 0x69, 0xF4, 0xC6, 0x37, 0x8C, 0x6F, 0x1C, 0xE7, 0xEC, 0xCF, 0xDF, 0x21, 0x08,
  0x42, 0x52, 0x94, 0xA5, 0x4A, 0x52, 0x94, 0xA5, 0x29, 0x4B, 0x5B, 0x16, 0xC6, 0x31, 0x8C, 0x83, 0x5A, 0xD7, 0x39, 0xCE, 0x9D, 0xF3, 0xDE, 0xC2,
  0x10, 0x87, 0x75, 0x4A, 0x52, 0xB5, 0xAD, 0xAD, 0x6B, 0x5A, 0xD8, 0xC6, 0x31, 0x8C, 0xE7, 0x39, 0xDE, 0xFB, 0xDE, 0xF7, 0xBC, 0xE7, 0x7D, 0xFF,
  0xFF, 0xFF, 0xFF, 0xFF, 0xFF, 0xFF, 0xFF, 0xFF, 0xFF, 0xFF, 0xFF, 0xFF, 0xFF, 0xFF, 0xFF, 0xFF, 0xFF, 0xFF, 0xFF, 0xFF, 0xFF, 0xFF, 0xFF, 0xFF,
  0xFF, 0xFF, 0xBD, 0xEF, 0x7B, 0xDF, 0x77, 0x9C, 0xE6, 0x73, 0x9C, 0xE3, 0x39, 0xCE, 0x31, 0x8E, 0x77, 0xB6, 0xAD, 0x6B, 0x4A, 0x52, 0x94, 0x84,
  0x61, 0x08, 0x42, 0x10, 0x84, 0x21, 0x07, 0x35, 0xAD, 0x6B, 0x18, 0xD6, 0xB1, 0x8B, 0x5A, 0xD4, 0xA5, 0x29, 0x4A, 0x52, 0x94, 0x94, 0xA5, 0x29,
  0x4A, 0x50, 0x83, 0x9C, 0xE7, 0x39, 0xCE, 0x73, 0x9C, 0xC6, 0x31, 0x8D, 0x1A, 0x28, 0xA5, 0x29, 0x4A, 0x52, 0x10, 0x85, 0x21, 0x08, 0x42, 0x10,
  0x63, 0x18, 0xC6, 0x31, 0x8C, 0x63, 0x18, 0xC6, 0x31, 0x88, 0x42, 0x10, 0x84, 0x21, 0x08, 0x42, 0x10, 0x84, 0x10, 0x84, 0x21, 0x14, 0xE7, 0x31,
  0x84, 0x21, 0x08, 0x42, 0x10, 0x84, 0x21, 0x08, 0x42, 0x00, 0x00, 0x00, 0x12, 0xBA, 0x00, 0x00, 0x00, 0x00, 0x00, 0x00, 0x00, 0x00, 0x00, 0x00,
  0x00, 0x00, 0x00, 0x00, 0x00, 0x00, 0x00, 0x00, 0x00, 0x00, 0x00, 0x00, 0x00, 0x00, 0x00, 0x00, 0x00, 0x00, 0x00, 0x00, 0x00, 0x00, 0x00, 0x00,
  0x00, 0x00, 0x00, 0x00, 0x00, 0x00, 0x00, 0x00, 0x00, 0x00, 0x00, 0x00, 0x00, 0x00, 0x00, 0x00, 0x00, 0x00, 0x00, 0x00, 0x00, 0x00, 0x00, 0x00,
  0x00, 0x00, 0x00, 0x00, 0x00, 0x08, 0x42, 0x10, 0x84, 0x21, 0x08, 0x42, 0x19, 0xD1, 0x81, 0x08, 0x42, 0x10, 0x84, 0x42, 0x10, 0x84, 0x21, 0x08,
  0x42, 0x10, 0x84, 0x2F, 0x7B, 0xDE, 0x98, 0xFD, 0xEF, 0x1E, 0xE3, 0x1D, 0x3D, 0xE9, 0xF8, 0x84, 0xF7, 0xBD, 0x32, 0x17, 0xDE, 0xF4, 0xF4, 0x69,
  0xF4, 0xCB, 0x37, 0x8C, 0x6F, 0x1C, 0xE7, 0xEC, 0x4E, 0x7B, 0xFB, 0xDE, 0x42, 0x52, 0x94, 0xA5, 0x4A, 0x52, 0x94, 0xA5, 0x29, 0x6B, 0x5B, 0x16,
  0xC6, 0x31, 0x8C, 0x6B, 0x5A, 0xD7, 0x39, 0xDD, 0xBC, 0xE7, 0x38, 0x42, 0x10, 0x85, 0x3B, 0xAA, 0x52, 0xB5, 0xAD, 0xAD, 0x6B, 0x5A, 0xD8, 0xC6,
  0x31, 0x8C, 0xE7, 0x39, 0xDF, 0x7B, 0xBE, 0x77, 0xDD, 0xEF, 0x7D, 0xFF, 0xFF, 0xFF, 0xFF, 0xFF, 0xFF, 0xFF, 0xFF, 0xFF, 0xFF, 0xFF, 0xFF, 0xFF,
  0xFF, 0xFF, 0xFF, 0xFF, 0xFF, 0xFF, 0xFF, 0xFF, 0xFF, 0xFF, 0xFF, 0xFF, 0xFF, 0xFF, 0xBD, 0xE7, 0x3B, 0xCE, 0xFB, 0xBC, 0xE6, 0x73, 0x9C, 0xE3,
  0x39, 0xCE, 0x31, 0x8E, 0xF6, 0xD6, 0xAD, 0x6B, 0x4A, 0x52, 0x94, 0x84, 0x61, 0x08, 0x42, 0x10, 0x84, 0x20, 0xE7, 0x35, 0xAD, 0x6B, 0x18, 0xD6,
  0xB1, 0x6B, 0x5A, 0xD4, 0xA5, 0x29, 0x4A, 0x52, 0x94, 0x94, 0xA5, 0x29, 0x4A, 0x50, 0x83, 0x9D, 0x08, 0x39, 0xCE, 0x73, 0x98, 0xC6, 0x31, 0xA8,
  0xB3, 0x18, 0xA6, 0x29, 0x4A, 0x52, 0x10, 0x85, 0x21, 0x08, 0x42, 0x10, 0x63, 0x18, 0xC6, 0x31, 0x8C, 0x63, 0x18, 0xC6, 0x31, 0x88, 0x42, 0x10,
  0x84, 0x21, 0x08, 0x42, 0x10, 0x84, 0x10, 0x84, 0x21, 0x6C, 0xE6, 0x70, 0x84, 0x21, 0x08, 0x42, 0x10, 0x84, 0x21, 0x08, 0x40, 0x00, 0x00, 0x00,
  0x2A, 0x80, 0x00, 0x00, 0x00, 0x00, 0x00, 0x00, 0x00, 0x00, 0x00, 0x00, 0x00, 0x00, 0x00, 0x00, 0x00, 0x00, 0x00, 0x00, 0x00, 0x00, 0x00, 0x00,
  0x00, 0x00, 0x00, 0x00, 0x00, 0x00, 0x00, 0x00, 0x00, 0x00, 0x00, 0x00, 0x00, 0x00, 0x00, 0x00, 0x00, 0x00, 0x00, 0x00, 0x00, 0x00, 0x00, 0x00,
  0x00, 0x00, 0x00, 0x00, 0x00, 0x00, 0x00, 0x00, 0x00, 0x00, 0x00, 0x00, 0x00, 0x00, 0x00, 0x00, 0x00, 0x08, 0x42, 0x10, 0x84, 0x21, 0x08, 0x49,
  0x3A, 0x0C, 0x21, 0x08, 0x42, 0x10, 0x84, 0x42, 0x10, 0x84, 0x21, 0x08, 0x42, 0x10, 0x84, 0x21, 0x08, 0x42, 0x18, 0xC6, 0x31, 0x8C, 0x63, 0x18,
  0xC6, 0x42, 0x10, 0x84, 0x21, 0x08, 0x42, 0x14, 0xA5, 0x29, 0x4A, 0x63, 0x18, 0xC6, 0x31, 0x8C, 0x63, 0x9E, 0x67, 0x39, 0xD4, 0xA3, 0xA1, 0x08,
  0x42, 0x52, 0x94, 0xA5, 0x4A, 0x52, 0x94, 0xA5, 0x29, 0x6B, 0x63, 0x16, 0xC6, 0x31, 0x8C, 0x6B, 0x5A, 0xD7, 0x3B, 0xAE, 0x74, 0x21, 0x08, 0x42,
  0x10, 0x85, 0x29, 0xDE, 0xF7, 0x35, 0xAD, 0xAD, 0x6E, 0x5A, 0xD8, 0xC6, 0x31, 0x9C, 0xE7, 0x39, 0xEF, 0x77, 0xBE, 0x77, 0xDE, 0xEF, 0xBD, 0xFF,
  0xFF, 0xFF, 0xFF, 0xFF, 0xFF, 0xFF, 0xFF, 0xFF, 0xFF, 0xFF, 0xFF, 0xFF, 0xFF, 0xFF, 0xFF, 0xFF, 0xFF, 0xFF, 0xFF, 0xFF, 0xFF, 0xFF, 0xFF, 0xFF,
  0xFF, 0xFF, 0xBD, 0xE7, 0x3B, 0xCE, 0x77, 0xDD, 0xEF, 0x33, 0x9C, 0xE3, 0x39, 0xCE, 0x31, 0xCE, 0xF6, 0xD6, 0xAD, 0x6B, 0x5A, 0x52, 0x94, 0x84,
  0x21, 0x08, 0x42, 0x10, 0x84, 0x20, 0xE7, 0x35, 0xAD, 0x6B, 0x1A, 0xD6, 0xB1, 0x6B, 0x5A, 0xD4, 0xA5, 0x29, 0x4A, 0x52, 0x94, 0x94, 0xA5, 0x29,
  0x42, 0x52, 0x83, 0x9D, 0x08, 0x39, 0xCE, 0x73, 0x98, 0xC6, 0x8C, 0xE4, 0x63, 0x18, 0xC5, 0x29, 0x8A, 0x52, 0x10, 0x85, 0x21, 0x08, 0x42, 0x10,
  0x63, 0x18, 0xC6, 0x31, 0x8C, 0x63, 0x18, 0xC6, 0x31, 0x88, 0x42, 0x10, 0x84, 0x21, 0x08, 0x42, 0x10, 0x84, 0x10, 0x84, 0x2A, 0x9C, 0xD6, 0x10,
  0x84, 0x21, 0x08, 0x42, 0x10, 0x84, 0x21, 0x08, 0x00, 0x00, 0x00, 0x00, 0x00, 0x00, 0x00, 0x00, 0x00, 0x00, 0x00, 0x00, 0x00, 0x00, 0x00, 0x00,
  0x00, 0x00, 0x00, 0x00, 0x00, 0x00, 0x00, 0x00, 0x00, 0x00, 0x00, 0x00, 0x00, 0x00, 0x00, 0x00, 0x00, 0x00, 0x00, 0x00, 0x00, 0x00, 0x00, 0x00,
  0x00, 0x00, 0x00, 0x00, 0x00, 0x00, 0x00, 0x00, 0x00, 0x00, 0x00, 0x00, 0x00, 0x00, 0x00, 0x00, 0x00, 0x00, 0x00, 0x00, 0x00, 0x00, 0x00, 0x00,
  0x00, 0x00, 0x00, 0x00, 0x01, 0x08, 0x42, 0x10, 0x84, 0x21, 0x08, 0x67, 0x40, 0x84, 0x21, 0x08, 0x42, 0x10, 0x84, 0x42, 0x10, 0x84, 0x21, 0x08,
  0x42, 0x10, 0x84, 0x21, 0x08, 0x42, 0x18, 0xC6, 0x31, 0x8C, 0x63, 0x18, 0xC6, 0x42, 0x10, 0x84, 0x21, 0x08, 0x42, 0x14, 0xA5, 0x29, 0x4B, 0x39,
  0xCA, 0x94, 0xA4, 0xA4, 0x63, 0x9C, 0xF4, 0x9C, 0xE7, 0x39, 0xCD, 0x13, 0x9A, 0x52, 0x94, 0xA5, 0x4A, 0x52, 0x94, 0xA5, 0x29, 0x4B, 0x5A, 0xD6,
  0xC6, 0x31, 0x90, 0x6B, 0x5A, 0xD7, 0x4E, 0xAE, 0x74, 0x21, 0x08, 0x42, 0x10, 0x8D, 0x29, 0x4A, 0x77, 0xB5, 0xAD, 0xAD, 0x6B, 0x5A, 0xD8, 0xC6,
  0x31, 0x9C, 0xE7, 0x3D, 0xEE, 0xF7, 0xBE, 0x7B, 0xDE, 0xE7, 0xBB, 0xFF, 0xFF, 0xFF, 0xFF, 0xFF, 0xFF, 0xFF, 0xFF, 0xFF, 0xFF, 0xFF, 0xFF, 0xFF,
  0xFF, 0xFF, 0xFF, 0xFF, 0xFF, 0xFF, 0xFF, 0xFF, 0xFF, 0xFF, 0xFF, 0xFF, 0xFF, 0xFF, 0xBD, 0xE7, 0x3B, 0xCE, 0x73, 0xBE, 0xF6, 0x73, 0xCC, 0xE3,
  0x39, 0xCE, 0x31, 0xDE, 0xDA, 0xD6, 0xAD, 0x6B, 0x4A, 0x52, 0x94, 0x84, 0x21, 0x08, 0x42, 0x10, 0x84, 0x20, 0xE7, 0x35, 0xAD, 0x6B, 0x5A, 0xD6,
  0xB1, 0x6B, 0x5A, 0xD4, 0xA5, 0x29, 0x4A, 0x52, 0x94, 0xA4, 0xA5, 0x29, 0x4A, 0x10, 0x83, 0xA1, 0x08, 0x39, 0xCE, 0x73, 0x98, 0xD3, 0x99, 0x8C,
  0x63, 0x18, 0xA5, 0x29, 0x4A, 0x52, 0x94, 0xA5, 0x21, 0x08, 0x42, 0x10, 0x63, 0x18, 0xC6, 0x31, 0x8C, 0x63, 0x18, 0xC6, 0x31, 0x88, 0x42, 0x10,
  0x84, 0x21, 0x08, 0x42, 0x10, 0x84, 0x10, 0x84, 0x51, 0x9B, 0x42, 0x10, 0x84, 0x21, 0x08, 0x42, 0x10, 0x84, 0x21, 0x08, 0x00, 0x00, 0x04, 0x00,
  0x00, 0x00, 0x00, 0x00, 0x00, 0x00, 0x00, 0x00, 0x00, 0x00, 0x00, 0x00, 0x00, 0x00, 0x00, 0x00, 0x00, 0x00, 0x00, 0x00, 0x00, 0x00, 0x00, 0x00,
  0x00, 0x00, 0x00, 0x00, 0x00, 0x00, 0x00, 0x00, 0x00, 0x00, 0x00, 0x00, 0x00, 0x00, 0x00, 0x00, 0x00, 0x00, 0x00, 0x00, 0x00, 0x00, 0x00, 0x00,
  0x00, 0x00, 0x00, 0x00, 0x00, 0x00, 0x00, 0x00, 0x00, 0x00, 0x00, 0x00, 0x00, 0x00, 0x00, 0x00, 0x00, 0x08, 0x42, 0x10, 0x84, 0x21, 0x0C, 0xE6,
  0x10, 0x84, 0x21, 0x08, 0x42, 0x10, 0x84, 0x42, 0x10, 0x84, 0x21, 0x08, 0x42, 0x10, 0x84, 0x21, 0x88, 0x42, 0x18, 0xC6, 0x31, 0x8C, 0x63, 0x18,
  0xC6, 0x42, 0x10, 0x84, 0x21, 0x08, 0x42, 0x14, 0xA5, 0x29, 0x4A, 0x63, 0x18, 0xC6, 0x34, 0x69, 0x5A, 0x1C, 0xE7, 0x39, 0xCE, 0x73, 0xAB, 0xB1,
  0xA5, 0x12, 0x94, 0xA5, 0x4A, 0x52, 0x94, 0xA5, 0x29, 0x4B, 0x5A, 0xD6, 0xC6, 0x35, 0x8C, 0x6B, 0x5A, 0xD7, 0x75, 0xCE, 0x74, 0x21, 0x08, 0x42,
  0x10, 0x85, 0x29, 0x4A, 0x53, 0xB5, 0xAD, 0xAD, 0x6B, 0x5A, 0xD8, 0xC6, 0x31, 0x9C, 0xE7, 0xBD, 0xDE, 0xF7, 0xBE, 0x7B, 0xDC, 0xF7, 0xBB, 0xFF,
  0xFF, 0xFF, 0xFF, 0xFF, 0xFF, 0xFF, 0xFF, 0xFF, 0xFF, 0xFF, 0xFF, 0xFF, 0xFF, 0xFF, 0xFF, 0xFF, 0xFF, 0xFF, 0xFF, 0xFF, 0xFF, 0xFF, 0xFF, 0xFF,
  0xFF, 0xFF, 0xBD, 0xE7, 0x39, 0xCE, 0x6F, 0x9D, 0xEF, 0x7B, 0x9C, 0xE7, 0x39, 0xCE, 0x39, 0xDE, 0xDA, 0xD6, 0xAD, 0x6B, 0x4A, 0x52, 0x94, 0x84,
  0x21, 0x08, 0x42, 0x10, 0x84, 0x20, 0xE7, 0x35, 0xAD, 0x6B, 0x5A, 0xD6, 0x31, 0x6B, 0x5A, 0xD4, 0xA5, 0x2D, 0x4A, 0x52, 0x94, 0xA4, 0xA5, 0x49,
  0x42, 0x10, 0x83, 0xA1, 0x08, 0x39, 0xCE, 0x73, 0x9A, 0x73, 0x31, 0x8C, 0x63, 0x18, 0xA5, 0x29, 0x4A, 0x52, 0x94, 0xA5, 0x21, 0x08, 0x42, 0x10,
  0x63, 0x18, 0xC6, 0x31, 0x8C, 0x63, 0x18, 0xC6, 0x31, 0x88, 0x42, 0x10, 0x84, 0x21, 0x08, 0x42, 0x10, 0x84, 0x10, 0x85, 0x11, 0x99, 0x82, 0x10,
  0x84, 0x21, 0x08, 0x42, 0x10, 0x84, 0x21, 0x08, 0x00, 0x00, 0x04, 0x00, 0x00, 0x00, 0x00, 0x00, 0x00, 0x00, 0x00, 0x00, 0x00, 0x00, 0x00, 0x00,
  0x00, 0x00, 0x00, 0x00, 0x00, 0x00, 0x00, 0x00, 0x00, 0x00, 0x00, 0x00, 0x00, 0x00, 0x00, 0x00, 0x00, 0x00, 0x00, 0x00, 0x00, 0x00, 0x00, 0x00,
  0x00, 0x00, 0x00, 0x00, 0x00, 0x00, 0x00, 0x00, 0x00, 0x00, 0x00, 0x00, 0x00, 0x00, 0x00, 0x00, 0x00, 0x00, 0x00, 0x00, 0x00, 0x00, 0x00, 0x00,
  0x00, 0x00, 0x00, 0x00, 0x00, 0x08, 0x42, 0x10, 0x84, 0x21, 0x25, 0x02, 0x10, 0x84, 0x21, 0x18, 0x82, 0x10, 0x84, 0x42, 0x10, 0x84, 0x21, 0x08,
  0x42, 0x10, 0x84, 0x81, 0x88, 0x42, 0x29, 0x48, 0x31, 0x8C, 0x63, 0x18, 0xC6, 0x42, 0x10, 0x84, 0x21, 0x08, 0x42, 0x14, 0xA5, 0x29, 0x4A, 0x63,
  0x18, 0xC6, 0x31, 0x8C, 0x69, 0xF6, 0x73, 0x9A, 0x8E, 0x73, 0xA2, 0x74, 0x4D, 0x14, 0x94, 0xA5, 0x4A, 0x52, 0x94, 0xA5, 0x29, 0x4B, 0x5A, 0xD6,
  0xC6, 0x35, 0x90, 0x6B, 0x5A, 0xD7, 0x75, 0xCE, 0x74, 0x21, 0x08, 0x42, 0x10, 0x85, 0x29, 0x4A, 0x53, 0xBD, 0xAD, 0xAD, 0x6B, 0x5A, 0xD8, 0xC6,
  0x31, 0x9C, 0xF7, 0xB9, 0xDE, 0xF7, 0xBE, 0x77, 0x9E, 0xF7, 0x7B, 0xFF, 0xFF, 0xFF, 0xFF, 0xFF, 0xFF, 0xFF, 0xFF, 0xFF, 0xFF, 0xFF, 0xFF, 0xFF,
  0xFF, 0xFF, 0xFF, 0xFF, 0xFF, 0xFF, 0xFF, 0xFF, 0xFF, 0xFF, 0xFF, 0xFF, 0xFF, 0xFF, 0xBD, 0xE7, 0x39, 0xCE, 0x6F, 0x7B, 0xDF, 0xBB, 0xDC, 0xE7,
  0x19, 0xCE, 0x39, 0xDE, 0xDA, 0xD6, 0xAD, 0x6B, 0x4A, 0x52, 0x94, 0x84, 0x21, 0x08, 0x42, 0x10, 0x84, 0x1C, 0xE7, 0x35, 0xAD, 0x6B, 0x5A, 0xD6,
  0x31, 0x6B, 0x5A, 0xD4, 0xB5, 0xAD, 0x4A, 0x52, 0x94, 0x94, 0xA5, 0x29, 0x42, 0x10, 0x84, 0x21, 0x07, 0x39, 0xD2, 0x93, 0xCE, 0x26, 0x31, 0x8C,
  0x63, 0x18, 0xA5, 0x29, 0x4A, 0x52, 0x94, 0xA5, 0x21, 0x08, 0x42, 0x10, 0x63, 0x18, 0xC6, 0x31, 0x8C, 0x63, 0x18, 0x86, 0x31, 0x88, 0x42, 0x10,
  0x84, 0x21, 0x08, 0x42, 0x10, 0x84, 0x10, 0x84, 0xF3, 0x88, 0xC2, 0x10, 0x84, 0x21, 0x08, 0x42, 0x10, 0x84, 0x21, 0x08, 0x40, 0x00, 0x84, 0x00,
  0x00, 0x00, 0x00, 0x00, 0x00, 0x00, 0x00, 0x00, 0x00, 0x00, 0x00, 0x00, 0x00, 0x00, 0x00, 0x00, 0x00, 0x00, 0x00, 0x00, 0x00, 0x00, 0x00, 0x00,
  0x00, 0x00, 0x00, 0x00, 0x00, 0x00, 0x00, 0x00, 0x00, 0x00, 0x00, 0x00, 0x00, 0x00, 0x00, 0x00, 0x00, 0x00, 0x00, 0x00, 0x00, 0x00, 0x00, 0x00,
  0x00, 0x00, 0x00, 0x00, 0x00, 0x00, 0x00, 0x00, 0x00, 0x00, 0x00, 0x00, 0x00, 0x00, 0x00, 0x00, 0x00, 0x08, 0x42, 0x10, 0x84, 0xAC, 0x89, 0xC2,
  0x10, 0x88, 0x21, 0x09, 0x90, 0x81, 0x08, 0x42, 0x10, 0x84, 0x21, 0x08, 0x42, 0x10, 0x94, 0x41, 0x08, 0x42, 0x18, 0xCA, 0x92, 0x0C, 0x63, 0x21,
  0x06, 0x42, 0x10, 0x84, 0x21, 0x08, 0x42, 0x14, 0xA5, 0x29, 0x4A, 0x63, 0x18, 0xC6, 0x31, 0x8C, 0x63, 0x9E, 0x74, 0xA5, 0xEA, 0x73, 0xA1, 0x17,
  0x45, 0x28, 0x94, 0xA5, 0x4A, 0x52, 0x94, 0xA5, 0x29, 0x4B, 0x5A, 0xD6, 0xC6, 0x35, 0x8C, 0x6B, 0x5A, 0xD9, 0xD1, 0xCE, 0x74, 0x21, 0x08, 0x42,
  0x11, 0x8D, 0x29, 0x4A, 0x53, 0xBD, 0xAD, 0xAD, 0x6B, 0x5A, 0xD8, 0xC6, 0x33, 0x9E, 0xF7, 0x39, 0xDE, 0xF7, 0xBE, 0x73, 0xBE, 0xE7, 0x7B, 0xFF,
  0xFF, 0xFF, 0xFF, 0xFF, 0xFF, 0xFF, 0xFF, 0xFF, 0xFF, 0xFF, 0xFF, 0xFF, 0xFF, 0xFF, 0xFF, 0xFF, 0xFF, 0xFF, 0xFF, 0xFF, 0xFF, 0xFF, 0xFF, 0xFF,
  0xFF, 0xFF, 0xBD, 0xE7, 0x39, 0xCE, 0x6F, 0x7D, 0xDE, 0x7B, 0xDE, 0xE7, 0x19, 0xCE, 0x3B, 0xDE, 0xDA, 0xD6, 0xAD, 0x6B, 0x4A, 0x52, 0x94, 0x84,
  0x61, 0x08, 0x42, 0x10, 0x84, 0x1C, 0xE7, 0x35, 0xAE, 0x6B, 0x5A, 0xC6, 0x31, 0x6B, 0x5A, 0xD6, 0xB5, 0xAD, 0x4A, 0x52, 0x94, 0x94, 0xA5, 0x29,
  0x42, 0x12, 0x84, 0x1C, 0xE7, 0x39, 0xCE, 0x79, 0xB4, 0xC6, 0x39, 0x8C, 0x63, 0x18, 0xA5, 0x29, 0x4A, 0x52, 0x94, 0xA5, 0x21, 0x08, 0x42, 0x10,
  0x63, 0x18, 0xC6, 0x31, 0x8C, 0x63, 0x18, 0xC4, 0x31, 0x88, 0x42, 0x10, 0x84, 0x21, 0x08, 0x42, 0x10, 0x84, 0x10, 0x8A, 0x33, 0x90, 0x82, 0x10,
  0x84, 0x21, 0x08, 0x42, 0x10, 0x84, 0x21, 0x08, 0x00, 0x10, 0x84, 0x00, 0x00, 0x00, 0x00, 0x00, 0x00, 0x00, 0x00, 0x00, 0x00, 0x00, 0x00, 0x00,
  0x00, 0x00, 0x00, 0x00, 0x00, 0x00, 0x00, 0x00, 0x00, 0x00, 0x00, 0x00, 0x00, 0x00, 0x00, 0x00, 0x00, 0x00, 0x00, 0x00, 0x00, 0x00, 0x00, 0x00,
  0x00, 0x00, 0x00, 0x00, 0x00, 0x00, 0x00, 0x00, 0x00, 0x00, 0x00, 0x00, 0x00, 0x00, 0x00, 0x00, 0x00, 0x00, 0x00, 0x00, 0x00, 0x00, 0x00, 0x00,
  0x00, 0x00, 0x00, 0x00, 0x00, 0x08, 0x42, 0x10, 0x95, 0x84, 0x98, 0x42, 0x10, 0x94, 0x21, 0x08, 0x42, 0x10, 0x84, 0x42, 0x4A, 0x52, 0x91, 0x88,
  0x42, 0x19, 0x06, 0x21, 0x08, 0x42, 0x18, 0xC6, 0x31, 0x8C, 0x63, 0x19, 0xD4, 0xE3, 0x10, 0x84, 0x44, 0x20, 0x93, 0xB4, 0xE5, 0x29, 0x4A, 0x63,
  0xCA, 0x48, 0x41, 0x8C, 0x63, 0x9C, 0xE7, 0x39, 0xE7, 0x5A, 0x21, 0x13, 0xBA, 0xE9, 0x45, 0x25, 0x4A, 0x52, 0x94, 0xA5, 0x29, 0x4B, 0x5A, 0xD6,
  0xC6, 0x31, 0x8C, 0x6B, 0x5A, 0xDE, 0xB9, 0xCE, 0x74, 0x21, 0x08, 0x42, 0x11, 0x8D, 0x29, 0x4A, 0x57, 0xBE, 0xCD, 0xAD, 0x6B, 0x5A, 0xD8, 0xC6,
  0x33, 0xDE, 0xF7, 0x39, 0xDE, 0xF7, 0xBE, 0x73, 0xDE, 0xE7, 0x7B, 0xFF, 0xFF, 0xFF, 0xFF, 0xFF, 0xFF, 0xFF, 0xFF, 0xFF, 0xFF, 0xFF, 0xFF, 0xFF,
  0xFF, 0xFF, 0xFF, 0xFF, 0xFF, 0xFF, 0xFF, 0xFF, 0xFF, 0xFF, 0xFF, 0xFF, 0xFF, 0xFF, 0xBD, 0xE7, 0x39, 0xCE, 0x6F, 0x7B, 0xDF, 0x3B, 0xEF, 0x77,
  0x19, 0xCF, 0x7B, 0xDE, 0x5A, 0xD6, 0xAD, 0x6B, 0x7A, 0x52, 0x94, 0x84, 0x21, 0x08, 0x42, 0x10, 0x83, 0x9C, 0xE7, 0x35, 0xAE, 0x6B, 0x5A, 0xC6,
  0x31, 0x6B, 0x5A, 0xD6, 0xB5, 0x2D, 0x4A, 0x52, 0x94, 0x94, 0xA5, 0x69, 0x4A, 0x10, 0x84, 0x1D, 0x07, 0x39, 0xD3, 0x49, 0x98, 0xC7, 0x39, 0x8C,
  0x63, 0x18, 0xA5, 0x29, 0x4A, 0x52, 0x94, 0xA5, 0x21, 0x08, 0x42, 0x10, 0x63, 0x18, 0xC6, 0x31, 0x8C, 0x63, 0x18, 0xC4, 0x31, 0x88, 0x42, 0x10,
  0x84, 0x21, 0x08, 0x42, 0x10, 0x84, 0x11, 0x16, 0x73, 0x30, 0x42, 0x10, 0x84, 0x21, 0x08, 0x42, 0x10, 0x84, 0x21, 0x08, 0x42, 0x10, 0x84, 0x00,
  0x00, 0x00, 0x00, 0x00, 0x00, 0x00, 0x00, 0x00, 0x00, 0x00, 0x00, 0x00, 0x00, 0x00, 0x00, 0x00, 0x00, 0x00, 0x00, 0x00, 0x00, 0x00, 0x00, 0x00,
  0x00, 0x00, 0x00, 0x00, 0x00, 0x00, 0x00, 0x00, 0x00, 0x00, 0x00, 0x00, 0x00, 0x00, 0x00, 0x00, 0x00, 0x00, 0x00, 0x00, 0x00, 0x00, 0x00, 0x00,
  0x00, 0x00, 0x00, 0x00, 0x00, 0x00, 0x00, 0x00, 0x00, 0x00, 0x00, 0x00, 0x00, 0x00, 0x00, 0x00, 0x01, 0x08, 0x42, 0x16, 0x30, 0x31, 0x58, 0x42,
  0x11, 0x84, 0x21, 0x08, 0x42, 0x10, 0x84, 0x42, 0x10, 0x84, 0x21, 0x08, 0x42, 0x19, 0x08, 0x41, 0x08, 0x42, 0x5A, 0xD6, 0x91, 0x8C, 0x63, 0x52,
  0x8E, 0x72, 0x10, 0x84, 0x31, 0x4C, 0x93, 0x94, 0xEE, 0x51, 0x4A, 0x63, 0x18, 0xC6, 0x31, 0x8C, 0x63, 0xA4, 0xE7, 0x39, 0xCE, 0x78, 0xF6, 0x48,
  0x9D, 0xEF, 0x3A, 0x29, 0x4A, 0x54, 0xA4, 0xB5, 0x29, 0x4B, 0x5A, 0xD6, 0xC6, 0x31, 0x8C, 0xA4, 0xFB, 0xD7, 0x39, 0xCE, 0x74, 0x21, 0x08, 0x42,
  0x10, 0x8D, 0x29, 0x4A, 0x52, 0xBD, 0xED, 0xAD, 0x6B, 0x5A, 0xD8, 0xC6, 0x3B, 0xDE, 0xE7, 0x39, 0xDE, 0xF7, 0xBE, 0x7B, 0xDC, 0xE7, 0x7B, 0xFF,
  0xFF, 0xFF, 0xFF, 0xFF, 0xFF, 0xFF, 0xFF, 0xFF, 0xFF, 0xFF, 0xFF, 0xFF, 0xFF, 0xFF, 0xFF, 0xFF, 0xFF, 0xFF, 0xFF, 0xFF, 0xFF, 0xFF, 0xFF, 0xFF,
  0xFF, 0xFF, 0xBD, 0xE7, 0x39, 0xCE, 0x6F, 0x7C, 0xE7, 0x39, 0xDE, 0xFB, 0xB9, 0xEF, 0x7B, 0x8C, 0x5A, 0xD6, 0xAD, 0x6B, 0x4A, 0x52, 0x94, 0x8F,
  0xBB, 0xD8, 0x42, 0x10, 0x83, 0x9C, 0xE7, 0x35, 0xCE, 0x6B, 0x58, 0xC6, 0x31, 0x6B, 0x62, 0xD6, 0xA5, 0x29, 0x4A, 0x52, 0x94, 0x95, 0x25, 0x29,
  0x42, 0x10, 0x83, 0xA0, 0xE7, 0x3D, 0x26, 0xB3, 0x9C, 0xE7, 0x31, 0x8C, 0x63, 0x1A, 0xAD, 0x29, 0x4A, 0x52, 0x94, 0xA5, 0x21, 0x08, 0x42, 0x10,
  0x63, 0x18, 0xC6, 0x31, 0x8C, 0x63, 0x18, 0xC6, 0x21, 0x88, 0x42, 0x10, 0x84, 0x21, 0x08, 0x42, 0x10, 0x84, 0x10, 0xCA, 0x71, 0x20, 0x42, 0x10,
  0x84, 0x21, 0x08, 0x42, 0x10, 0x84, 0x21, 0x08, 0x42, 0x10, 0x00, 0x00, 0x00, 0x00, 0x00, 0x00, 0x00, 0x00, 0x00, 0x00, 0x00, 0x00, 0x00, 0x00,
  0x00, 0x00, 0x00, 0x00, 0x00, 0x00, 0x00, 0x00, 0x00, 0x00, 0x00, 0x00, 0x00, 0x00, 0x00, 0x00, 0x00, 0x00, 0x00, 0x00, 0x00, 0x00, 0x00, 0x00,
  0x00, 0x00, 0x00, 0x00, 0x00, 0x00, 0x00, 0x00, 0x00, 0x00, 0x00, 0x00, 0x00, 0x03, 0x08, 0x00, 0x00, 0x00, 0x00, 0x00, 0x00, 0x00, 0x00, 0x00,
  0x00, 0x00, 0x00, 0x00, 0x01, 0x08, 0x4A, 0xC2, 0x8A, 0x91, 0x08, 0x42, 0x10, 0x84, 0x21, 0x08, 0x42, 0x10, 0x84, 0x42, 0x10, 0x84, 0x21, 0x08,
  0x42, 0x10, 0x84, 0x21, 0x08, 0x42, 0x18, 0xC6, 0x31, 0x8C, 0x63, 0x18, 0xC6, 0x42, 0x10, 0x84, 0x21, 0x12, 0x68, 0x14, 0xA7, 0x3C, 0x20, 0xA3,
  0x18, 0xC6, 0x31, 0x8C, 0x63, 0xA5, 0x87, 0x39, 0xCE, 0x73, 0xA3, 0xB2, 0x42, 0x67, 0x79, 0xD2, 0x94, 0xA6, 0xBB, 0xD9, 0xA9, 0x4B, 0x5A, 0xD6,
  0xC6, 0x31, 0x9D, 0xAC, 0xE6, 0xD7, 0x39, 0xCE, 0x74, 0x21, 0x08, 0x42, 0x10, 0x85, 0x29, 0x5A, 0x52, 0xB5, 0xF7, 0x6D, 0x6B, 0x5A, 0xD8, 0xC7,
  0x3D, 0x8C, 0xE7, 0x39, 0xDE, 0xF7, 0xBE, 0xFB, 0x9C, 0xE7, 0x7B, 0xFF, 0xFF, 0xFF, 0xFF, 0xFF, 0xFF, 0xFF, 0xFF, 0xFF, 0xFF, 0xFF, 0xFF, 0xFF,
  0xFF, 0xFF, 0xFF, 0xFF, 0xFF, 0xFF, 0xFF, 0xFF, 0xFF, 0xFF, 0xFF, 0xFF, 0xFF, 0xFF, 0xBD, 0xE7, 0x39, 0xCE, 0x6F, 0x7B, 0xE7, 0x39, 0xCC, 0xFB,
  0xDD, 0xEF, 0x6D, 0x8C, 0x5A, 0xD6, 0xAD, 0x6B, 0x4A, 0x52, 0x94, 0xEF, 0x63, 0xDF, 0x42, 0x10, 0x73, 0x9C, 0xE7, 0x35, 0xAD, 0x6B, 0x18, 0xC6,
  0x31, 0x6C, 0x62, 0xD4, 0xA5, 0x29, 0x4A, 0x52, 0x94, 0x94, 0xA5, 0x29, 0x47, 0x50, 0x83, 0x9C, 0xE7, 0x61, 0xCE, 0x73, 0x98, 0xC6, 0x31, 0x8C,
  0x63, 0x1B, 0xC5, 0x29, 0x8A, 0x52, 0x94, 0xA5, 0x21, 0x08, 0x42, 0x10, 0x63, 0x18, 0xC6, 0x31, 0x8C, 0x63, 0x18, 0x84, 0x21, 0x88, 0x42, 0x10,
  0x84, 0x21, 0x08, 0x42, 0x10, 0x84, 0x12, 0xCE, 0x6B, 0x08, 0x42, 0x10, 0x84, 0x21, 0x08, 0x42, 0x10, 0x84, 0x21, 0x08, 0x40, 0x00, 0x00, 0x00,
  0x00, 0x00, 0x00, 0x00, 0x00, 0x00, 0x00, 0x00, 0x00, 0x00, 0x00, 0x00, 0x00, 0x00, 0x00, 0x00, 0x00, 0x00, 0x00, 0x00, 0x00, 0x00, 0x00, 0x00,
  0x00, 0x00, 0x00, 0x00, 0x00, 0x00, 0x00, 0x00, 0x00, 0x00, 0x00, 0x00, 0x00, 0x00, 0x00, 0x00, 0x00, 0x00, 0x00, 0x00, 0x00, 0x00, 0x00, 0x00,
  0x00, 0x03, 0x18, 0x00, 0x00, 0x00, 0x00, 0x00, 0x00, 0x00, 0x00, 0x00, 0x00, 0x00, 0x00, 0x00, 0x01, 0x23, 0x18, 0x19, 0xCC, 0x61, 0x08, 0x42,
  0x10, 0x84, 0x21, 0x08, 0x42, 0x10, 0x84, 0x42, 0x10, 0x84, 0x21, 0x08, 0x42, 0x10, 0x84, 0x21, 0x08, 0x42, 0x18, 0xC6, 0x31, 0x8C, 0x63, 0x18,
  0xC6, 0x42, 0x10, 0x84, 0x21, 0x0A, 0x42, 0x94, 0xA5, 0x29, 0x4A, 0x78, 0x18, 0xC6, 0x31, 0x8C, 0x63, 0x9C, 0xE7, 0x3B, 0x0E, 0x73, 0xA1, 0x1D,
  0x9A, 0x53, 0x7A, 0x53, 0x5A, 0xD5, 0x1B, 0x3E, 0xF7, 0xB4, 0x5A, 0xD6, 0xC6, 0x32, 0x75, 0x6B, 0x5A, 0xD7, 0x39, 0xCE, 0x74, 0x21, 0x08, 0x42,
  0x10, 0x85, 0x29, 0x4A, 0x52, 0xB5, 0xAF, 0xBB, 0xBB, 0x5A, 0xD8, 0xC7, 0x7B, 0x9C, 0xE7, 0x39, 0xDE, 0xF7, 0xBF, 0x7B, 0x9C, 0xE7, 0x7B, 0xFF,
  0xFF, 0xFF, 0xFF, 0xFF, 0xFF, 0xFF, 0xFF, 0xFF, 0xFF, 0xFF, 0xFF, 0xFF, 0xFF, 0xFF, 0xFF, 0xFF, 0xFF, 0xFF, 0xFF, 0xFF, 0xFF, 0xFF, 0xFF, 0xFF,
  0xFF, 0xFF, 0xBD, 0xE7, 0x39, 0xCE, 0x6F, 0x7B, 0xE6, 0x79, 0xCC, 0xF3, 0xBD, 0xEE, 0x2D, 0x8C, 0x5A, 0xD6, 0xAD, 0x6B, 0x4A, 0x52, 0x94, 0xF4,
  0x61, 0x0F, 0x42, 0x10, 0xD5, 0x1D, 0x37, 0x35, 0xD3, 0xEB, 0x19, 0x4E, 0xD1, 0x6C, 0x5A, 0xD5, 0x16, 0xF6, 0x6A, 0x52, 0x99, 0x58, 0xA5, 0x29,
  0xEF, 0xA8, 0x86, 0x1C, 0xEA, 0x91, 0xCF, 0x23, 0xCE, 0x66, 0x35, 0x28, 0x63, 0x1B, 0xC5, 0x29, 0x8A, 0x52, 0x94, 0xA5, 0x21, 0x08, 0x42, 0x10,
  0x63, 0x18, 0xC6, 0x31, 0x8C, 0x63, 0x18, 0x84, 0x21, 0x08, 0x42, 0x10, 0x84, 0x21, 0x08, 0x42, 0x10, 0x84, 0x19, 0x4E, 0x64, 0x08, 0x42, 0x10,
  0x84, 0x21, 0x08, 0x42, 0x10, 0x84, 0x21, 0x08, 0x40, 0x00, 0x00, 0x00, 0x00, 0x00, 0x00, 0x00, 0x00, 0x00, 0x00, 0x00, 0x00, 0x00, 0x00, 0x00,
  0x00, 0x00, 0x00, 0x00, 0x00, 0x00, 0x00, 0x00, 0x00, 0x00, 0x00, 0x00, 0x00, 0x00, 0x00, 0x00, 0x00, 0x00, 0x00, 0x00, 0x00, 0x00, 0x00, 0x00,
  0x00, 0x10, 0x00, 0x00, 0x00, 0x00, 0x00, 0x00, 0x00, 0x00, 0x00, 0x00, 0x00, 0x61, 0x08, 0x00, 0x00, 0x00, 0x00, 0x00, 0x00, 0x00, 0x00, 0x00,
  0x00, 0x00, 0x00, 0x05, 0x6C, 0x60, 0xC3, 0x36, 0x04, 0x21, 0x08, 0x42, 0x10, 0x84, 0x21, 0x08, 0x42, 0x10, 0x84, 0x42, 0x10, 0x84, 0x21, 0x08,
  0x42, 0x10, 0x84, 0x21, 0x08, 0x42, 0x18, 0xC6, 0x31, 0x8C, 0x63, 0x18, 0xC6, 0x42, 0x10, 0x84, 0x21, 0x08, 0x42, 0x14, 0xA5, 0x29, 0x4A, 0x63,
  0x19, 0x46, 0x44, 0x8E, 0x63, 0x9C, 0xE7, 0x3B, 0x22, 0x73, 0xA1, 0x08, 0xBE, 0x52, 0x99, 0xD2, 0x2A, 0x52, 0x94, 0xA5, 0x42, 0x9D, 0xEA, 0xD6,
  0xC6, 0x33, 0xB3, 0x6B, 0x5A, 0xD7, 0x39, 0xCE, 0x74, 0x21, 0x08, 0x42, 0x10, 0x85, 0x29, 0x4A, 0x52, 0xB5, 0xAD, 0xBB, 0xDE, 0x5A, 0xD8, 0xC7,
  0x79, 0x9C, 0xE7, 0x39, 0xDE, 0xF7, 0xDF, 0x73, 0x9C, 0xE7, 0x7B, 0xFF, 0xFF, 0xFF, 0xFF, 0xFF, 0xFF, 0xFF, 0xFF, 0xFF, 0xFF, 0xFF, 0xFF, 0xFF,
  0xFF, 0xFF, 0xFF, 0xFF, 0xFF, 0xFF, 0xFF, 0xFF, 0xFF, 0xFF, 0xFF, 0xFF, 0xFF, 0xFF, 0xBD, 0xE7, 0x39, 0xCE, 0x6F, 0x7B, 0xE7, 0x33, 0xCC, 0xE7,
  0x3D, 0xE6, 0x2D, 0x8C, 0x5A, 0xD6, 0xAD, 0x6B, 0x4A, 0x52, 0x94, 0xF4, 0x21, 0x0F, 0x42, 0x1E, 0x9C, 0xFD, 0x47, 0x6B, 0xD9, 0x83, 0x3D, 0x78,
  0x4D, 0x6B, 0x5A, 0xE9, 0xEA, 0xB7, 0xCA, 0x54, 0xBC, 0xCA, 0xF9, 0xC9, 0xF4, 0xD4, 0x8F, 0x1E, 0x67, 0xF1, 0xCF, 0xDE, 0xCC, 0xC6, 0xF4, 0xA7,
  0xD3, 0x1F, 0xA5, 0x31, 0x8A, 0x52, 0x94, 0xA5, 0x21, 0x08, 0x42, 0x10, 0x63, 0x18, 0xC6, 0x31, 0x8C, 0x63, 0x18, 0x84, 0x21, 0x08, 0x42, 0x10,
  0x84, 0x21, 0x08, 0x42, 0x10, 0x84, 0x39, 0xCD, 0xA2, 0x08, 0x42, 0x10, 0x84, 0x21, 0x08, 0x42, 0x10, 0x84, 0x21, 0x08, 0x40, 0x10, 0x00, 0x00,
  0x00, 0x00, 0x00, 0x00, 0x00, 0x00, 0x00, 0x00, 0x00, 0x00, 0x00, 0x00, 0x00, 0x00, 0x00, 0x00, 0x00, 0x00, 0x00, 0x00, 0x00, 0x00, 0x00, 0x00,
  0x00, 0x00, 0x00, 0x00, 0x00, 0x00, 0x00, 0x00, 0x00, 0x00, 0x00, 0x00, 0x00, 0x10, 0x80, 0x00, 0x00, 0x00, 0x00, 0x00, 0x00, 0x00, 0x00, 0x00,
  0x0C, 0x60, 0x00, 0x00, 0x00, 0x00, 0x00, 0x00, 0x00, 0x00, 0x00, 0x00, 0x00, 0x00, 0x02, 0x2D, 0x61, 0x08, 0x66, 0x70, 0x84, 0x21, 0x08, 0x4E,
  0x10, 0x84, 0x21, 0x08, 0x42, 0x10, 0x84, 0x42, 0x10, 0x84, 0x21, 0x08, 0x42, 0x10, 0x84, 0x21, 0x08, 0x42, 0x18, 0xC6, 0x31, 0x8C, 0x63, 0x18,
  0xC6, 0x42, 0x10, 0xD0, 0x21, 0x08, 0x42, 0x14, 0xA5, 0x29, 0x4A, 0x63, 0x18, 0xC6, 0x31, 0xE5, 0x14, 0x9C, 0xE7, 0x39, 0xDB, 0x34, 0x21, 0x08,
  0x45, 0x72, 0x94, 0xA5, 0x4A, 0x52, 0x94, 0xA5, 0x29, 0x4B, 0xEF, 0x67, 0x36, 0x47, 0xAC, 0x6B, 0x5A, 0xD7, 0x39, 0xCE, 0x84, 0x21, 0x08, 0x42,
  0x10, 0x85, 0x29, 0x4A, 0x52, 0xB5, 0xAD, 0xAD, 0xDE, 0xFB, 0xBD, 0xEF, 0x71, 0x9C, 0xE7, 0x39, 0xDE, 0xF7, 0xEF, 0x73, 0x9C, 0xE7, 0x7B, 0xFF,
  0xFF, 0xFF, 0xFF, 0xFF, 0xFF, 0xFF, 0xFF, 0xFF, 0xFF, 0xFF, 0xFF, 0xFF, 0xFF, 0xFF, 0xFF, 0xFF, 0xFF, 0xFF, 0xFF, 0xFF, 0xFF, 0xFF, 0xFF, 0xFF,
  0xFF, 0xFF, 0xBD, 0xE7, 0x39, 0xCE, 0x6F, 0x7B, 0xDF, 0x39, 0xCC, 0xE7, 0x38, 0xCE, 0x2D, 0x6C, 0x5A, 0xD6, 0xAD, 0x6B, 0x4A, 0x52, 0x97, 0xF4,
  0xEB, 0xE9, 0xC3, 0xD3, 0x83, 0xBD, 0x07, 0x7B, 0x4D, 0x6C, 0xFA, 0xC6, 0x31, 0x6B, 0x5A, 0xFD, 0xD5, 0x2B, 0xCA, 0x57, 0x94, 0x94, 0xF9, 0x29,
  0xF2, 0x10, 0x8F, 0x1D, 0x07, 0xF1, 0xCF, 0xE6, 0x98, 0xDD, 0x91, 0xA5, 0xD3, 0x4E, 0x85, 0x31, 0x8A, 0x52, 0x94, 0xA4, 0x21, 0x08, 0x42, 0x10,
  0x63, 0x18, 0xC6, 0x31, 0x8C, 0x63, 0x18, 0x86, 0x21, 0x08, 0x42, 0x10, 0x84, 0x21, 0x08, 0x42, 0x10, 0x84, 0x79, 0xCC, 0xE2, 0x08, 0x42, 0x10,
  0x84, 0x21, 0x08, 0x42, 0x10, 0x84, 0x21, 0x08, 0x40, 0x10, 0x80, 0x00, 0x00, 0x00, 0x00, 0x00, 0x00, 0x00, 0x00, 0x00, 0x00, 0x00, 0x00, 0x00,
  0x00, 0x00, 0x00, 0x00, 0x00, 0x00, 0x00, 0x00, 0x00, 0x00, 0x00, 0x00, 0x00, 0x00, 0x04, 0x00, 0x00, 0x00, 0x00, 0x00, 0x00, 0x00, 0x00, 0x00,
  0x00, 0x00, 0x00, 0x00, 0x00, 0x00, 0x00, 0x00, 0x00, 0x00, 0x00, 0x00, 0x00, 0x00, 0x00, 0x00, 0x00, 0x00, 0x00, 0x00, 0x00, 0x00, 0x00, 0x00,
  0x00, 0x08, 0xB5, 0x84, 0x01, 0x0C, 0xCE, 0x10, 0x84, 0x21, 0x09, 0xC2, 0x10, 0x84, 0x21, 0x08, 0x42, 0x10, 0x84, 0x42, 0x10, 0x84, 0x21, 0x08,
  0x42, 0x10, 0x84, 0x21, 0x08, 0x42, 0x18, 0xC6, 0x31, 0x8C, 0x63, 0x18, 0xC6, 0x42, 0x31, 0x04, 0x21, 0x08, 0x42, 0x14, 0xA6, 0x29, 0x4A, 0x63,
  0x18, 0xC6, 0x31, 0x8C, 0x63, 0xA4, 0xE7, 0x51, 0xCE, 0x74, 0x21, 0x08, 0x42, 0x69, 0xD4, 0xA5, 0x4A, 0x52, 0xA7, 0x35, 0x29, 0x6B, 0x5D, 0xFB,
  0x4A, 0xF6, 0x2D, 0x6B, 0x5A, 0xD7, 0x39, 0xCE, 0x84, 0x21, 0x08, 0x42, 0x10, 0x85, 0x29, 0x4A, 0x56, 0xB5, 0xAD, 0xAD, 0x6B, 0x5B, 0xB8, 0xC6,
  0x31, 0x9C, 0xE7, 0x39, 0xDE, 0xF7, 0xEE, 0xF3, 0x9D, 0xEF, 0x7B, 0xFF, 0xFF, 0xFF, 0xFF, 0xFF, 0xFF, 0xFF, 0xFF, 0xFF, 0xFF, 0xFF, 0xFF, 0xFF,
  0xFF, 0xFF, 0xFF, 0xFF, 0xFF, 0xFF, 0xFF, 0xFF, 0xFF, 0xFF, 0xFF, 0xFF, 0xFF, 0xFF, 0xBD, 0xE7, 0x39, 0xCE, 0x6F, 0x7B, 0xDF, 0x39, 0xCC, 0xE7,
  0x38, 0xCE, 0x2D, 0x6B, 0x5A, 0xD6, 0xAD, 0x6B, 0x4A, 0x52, 0x9E, 0xF5, 0x69, 0x08, 0x43, 0xD0, 0x83, 0xBC, 0xE7, 0x79, 0xAD, 0x6F, 0xA0, 0xC6,
  0x31, 0x6B, 0x5A, 0xFC, 0xA5, 0x2B, 0xCA, 0x57, 0x94, 0xA4, 0xF9, 0x29, 0xF2, 0x10, 0x8F, 0x1C, 0xF2, 0xE9, 0xCF, 0xE3, 0x9C, 0xDE, 0xF7, 0xBA,
  0x63, 0x75, 0x45, 0x31, 0x8A, 0x52, 0x10, 0x84, 0x21, 0x08, 0x42, 0x10, 0x63, 0x18, 0xC6, 0x31, 0x8C, 0x63, 0x18, 0xC4, 0x21, 0x08, 0x42, 0x10,
  0x84, 0x21, 0x08, 0x42, 0x18, 0x85, 0x29, 0xC4, 0x82, 0x08, 0x42, 0x10, 0x84, 0x21, 0x08, 0x42, 0x10, 0x84, 0x21, 0x08, 0x40, 0x00, 0x00, 0x00,
  0x00, 0x00, 0x00, 0x00, 0x00, 0x00, 0x00, 0x00, 0x00, 0x00, 0x00, 0x00, 0x00, 0x00, 0x00, 0x00, 0x00, 0x00, 0x00, 0x00, 0x00, 0x00, 0x01, 0x00,
  0x00, 0x08, 0x46, 0x10, 0x00, 0x00, 0x00, 0x00, 0x00, 0x00, 0x00, 0x00, 0x00, 0x00, 0x00, 0x00, 0x00, 0x00, 0x00, 0x00, 0x00, 0x00, 0x00, 0x00,
  0x00, 0x00, 0x00, 0x00, 0x00, 0x00, 0x00, 0x00, 0x00, 0x00, 0x00, 0x00, 0x02, 0xD6, 0x20, 0x00, 0x01, 0x99, 0x82, 0x10, 0x84, 0x21, 0x20, 0xC2,
  0x10, 0x84, 0x21, 0x08, 0x42, 0x10, 0x88, 0x42, 0x10, 0x84, 0x21, 0x08, 0x42, 0x10, 0x84, 0x21, 0x08, 0x43, 0x18, 0xC6, 0x31, 0x8C, 0x63, 0x18,
  0xC6, 0x42, 0x18, 0x84, 0x22, 0x4A, 0x42, 0x14, 0xB1, 0x29, 0x4C, 0x63, 0x18, 0xC6, 0x31, 0x8C, 0x73, 0x9C, 0xEA, 0x64, 0xE6, 0xD4, 0x21, 0x08,
  0x42, 0x53, 0x0E, 0xCD, 0x4A, 0x9F, 0x6F, 0xAD, 0x77, 0xB3, 0x5A, 0xE9, 0xDE, 0xF6, 0x93, 0x6B, 0x5A, 0xD7, 0x39, 0xCE, 0x84, 0x21, 0x08, 0x42,
  0x10, 0x85, 0x29, 0x4A, 0x56, 0xB5, 0xAD, 0xAD, 0x6B, 0x5A, 0xD8, 0xC6, 0x31, 0x9C, 0xE7, 0x39, 0xDE, 0xFB, 0xEE, 0x73, 0x9C, 0xEF, 0x7B, 0xFF,
  0xFF, 0xFF, 0xFF, 0xFF, 0xFF, 0xFF, 0xFF, 0xFF, 0xFF, 0xFF, 0xFF, 0xFF, 0xFF, 0xFF, 0xFF, 0xFF, 0xFF, 0xFF, 0xFF, 0xFF, 0xFF, 0xFF, 0xFF, 0xFF,
  0xFF, 0xFF, 0xBD, 0xE7, 0x39, 0xCE, 0x6F, 0x7B, 0xDF, 0x39, 0x9C, 0xE7, 0x19, 0xC6, 0x2D, 0x6B, 0x5A, 0xD6, 0xAD, 0x6B, 0x4A, 0x52, 0x9E, 0x9C,
  0x21, 0x08, 0x43, 0xD0, 0x84, 0xFC, 0xE7, 0x79, 0xAE, 0x6F, 0x98, 0xC6, 0x31, 0x6B, 0x5A, 0xFC, 0xA5, 0x2B, 0xCA, 0x9F, 0x54, 0xAA, 0xF5, 0x32,
  0xEA, 0x11, 0x3D, 0x1C, 0xFD, 0x99, 0xE7, 0x43, 0x9C, 0xDE, 0x31, 0x8C, 0x63, 0x78, 0xC5, 0x29, 0x4A, 0x52, 0x10, 0x84, 0x21, 0x08, 0x42, 0x10,
  0x83, 0x18, 0xC6, 0x31, 0x8C, 0x63, 0x18, 0xC4, 0x21, 0x08, 0x42, 0x10, 0x86, 0x21, 0x08, 0x42, 0x10, 0x87, 0x19, 0xB0, 0x22, 0x08, 0x42, 0x10,
  0x84, 0x21, 0x08, 0x42, 0x10, 0x84, 0x21, 0x08, 0x40, 0x00, 0x00, 0x20, 0x00, 0x00, 0x00, 0x00, 0x00, 0x00, 0x00, 0x00, 0x00, 0x00, 0x00, 0x00,
  0x00, 0x00, 0x00, 0x00, 0x00, 0x00, 0x00, 0x00, 0x00, 0x00, 0x11, 0x84, 0x03, 0x18, 0xC4, 0x00, 0x00, 0x00, 0x00, 0x00, 0x00, 0x00, 0x00, 0x00,
  0x00, 0x00, 0x00, 0x00, 0x00, 0x06, 0x00, 0x00, 0x01, 0x08, 0x00, 0x00, 0x00, 0x00, 0x00, 0x00, 0x00, 0x00, 0x00, 0x00, 0x00, 0x00, 0x00, 0x00,
  0x5A, 0xC0, 0x00, 0x00, 0x13, 0x30, 0x42, 0x10, 0x84, 0x21, 0x08, 0x42, 0x10, 0x84, 0x21, 0x08, 0x42, 0x10, 0x88, 0x42, 0x10, 0x84, 0x21, 0x08,
  0x42, 0x10, 0x84, 0x21, 0x08, 0x43, 0x18, 0xC6, 0x31, 0x8C, 0x63, 0x18, 0xC8, 0x42, 0x10, 0x84, 0x24, 0x08, 0x42, 0x14, 0xA6, 0x81, 0x4C, 0x63,
  0x18, 0xC6, 0x31, 0x8C, 0x73, 0x9C, 0xE7, 0x39, 0xCE, 0xA4, 0x21, 0x09, 0x9B, 0x92, 0x94, 0xEB, 0x5D, 0xD2, 0x94, 0xA5, 0x29, 0x7D, 0xEA, 0xD6,
  0xC6, 0x52, 0x94, 0x9B, 0x5A, 0xD7, 0x39, 0xCE, 0x84, 0x21, 0x08, 0x42, 0x10, 0x85, 0x29, 0x4A, 0x52, 0xB5, 0xAD, 0xAD, 0x6B, 0x5A, 0xD8, 0xC6,
  0x31, 0x9C, 0xE7, 0x39, 0xDE, 0xFD, 0xEE, 0x73, 0x9C, 0xE7, 0x7B, 0xFF, 0xFF, 0xFF, 0xFF, 0xFF, 0xFF, 0xFF, 0xFF, 0xFF, 0xFF, 0xFF, 0xFF, 0xFF,
  0xFF, 0xFF, 0xFF, 0xFF, 0xFF, 0xFF, 0xFF, 0xFF, 0xFF, 0xFF, 0xFF, 0xFF, 0xFF, 0xFF, 0xBD, 0xE7, 0x39, 0xCE, 0x73, 0x7B, 0xE7, 0x39, 0x9E, 0x67,
  0x39, 0xC6, 0x31, 0x6C, 0x5A, 0xD6, 0xAD, 0x6B, 0x4A, 0x52, 0x9E, 0x84, 0x23, 0x08, 0x43, 0xD0, 0x87, 0xBA, 0xEA, 0x75, 0xAE, 0x6F, 0xA6, 0xC6,
  0x31, 0x6B, 0x5C, 0x7C, 0xA5, 0x4F, 0xAA, 0x87, 0x94, 0xCF, 0x51, 0x33, 0xA2, 0x11, 0x4A, 0x1E, 0x7E, 0x51, 0xF5, 0x23, 0x9C, 0xDE, 0x31, 0x8C,
  0x63, 0x78, 0xC6, 0x29, 0x4A, 0x52, 0x10, 0x84, 0x21, 0x08, 0x42, 0x10, 0x83, 0x18, 0xC6, 0x31, 0x8C, 0x63, 0x18, 0xC4, 0x21, 0x08, 0x42, 0x10,
  0x84, 0x21, 0x08, 0x42, 0x10, 0x8F, 0x39, 0x8C, 0x21, 0x08, 0x42, 0x10, 0x84, 0x21, 0x08, 0x42, 0x10, 0x84, 0x21, 0x08, 0x42, 0x00, 0x00, 0x20,
  0x00, 0x00, 0x00, 0x00, 0x00, 0x00, 0x00, 0x00, 0x00, 0x00, 0x00, 0x00, 0x00, 0x00, 0x00, 0x00, 0x00, 0x00, 0x00, 0x00, 0x00, 0x02, 0x21, 0x0C,
  0x63, 0x00, 0x40, 0x00, 0x00, 0x00, 0x00, 0x00, 0x00, 0x00, 0x00, 0x00, 0x00, 0x00, 0x00, 0x20, 0x00, 0x40, 0x00, 0x00, 0x20, 0x00, 0x00, 0x00,
  0x00, 0x00, 0x00, 0x00, 0x00, 0x00, 0x00, 0x00, 0x00, 0x00, 0x00, 0x0A, 0x58, 0x00, 0x00, 0x02, 0x64, 0x08, 0x42, 0x10, 0x84, 0x21, 0x08, 0x42,
  0x10, 0x84, 0x21, 0x08, 0x42, 0x10, 0x88, 0x42, 0x10, 0x84, 0x21, 0x08, 0x42, 0x10, 0x84, 0x21, 0x08, 0x43, 0x18, 0xC6, 0x31, 0x8C, 0x63, 0x18,
  0xC8, 0x42, 0x10, 0x84, 0x24, 0x08, 0x42, 0x14, 0xA5, 0x3A, 0x8C, 0x63, 0x18, 0xC6, 0x31, 0x8C, 0x73, 0x9C, 0xE7, 0x39, 0xCE, 0x74, 0x29, 0x49,
  0x9B, 0xA2, 0xA4, 0xA9, 0x4A, 0x52, 0xA6, 0xA5, 0x29, 0x6B, 0xA7, 0x56, 0xC6, 0x32, 0x7A, 0xAD, 0x2A, 0xD7, 0x39, 0xCE, 0x84, 0x21, 0x08, 0x42,
  0x10, 0x85, 0x29, 0x4A, 0x52, 0xB5, 0xAD, 0xAD, 0x6B, 0x5A, 0xD8, 0xC6, 0x31, 0x9C, 0xE7, 0x39, 0xDF, 0x3D, 0xBE, 0x73, 0x9C, 0xE7, 0x7B, 0xFF,
  0xFF, 0xFF, 0xFF, 0xFF, 0xFF, 0xFF, 0xFF, 0xFF, 0xFF, 0xFF, 0xFF, 0xFF, 0xFF, 0xFF, 0xFF, 0xFF, 0xFF, 0xFF, 0xFF, 0xFF, 0xFF, 0xFF, 0xFF, 0xFF,
  0xFF, 0xFF, 0xBD, 0xE7, 0x39, 0xCE, 0x73, 0x9C, 0xE6, 0x73, 0x9C, 0xE7, 0x38, 0xCE, 0x31, 0x6B, 0x62, 0xD6, 0xAD, 0x6B, 0x4A, 0x52, 0x9E, 0x84,
  0x63, 0x08, 0x43, 0xBE, 0xEC, 0xE6, 0xED, 0x4D, 0xAE, 0x6B, 0x7D, 0xEF, 0x31, 0x6B, 0x5D, 0x26, 0xA5, 0x56, 0x6A, 0x57, 0x7D, 0x5A, 0x2D, 0x29,
  0xF7, 0x90, 0x8F, 0x7A, 0x3D, 0x39, 0xFA, 0x73, 0x9C, 0xCA, 0xF7, 0xBA, 0x65, 0x54, 0xC5, 0x29, 0x4A, 0x52, 0x10, 0x85, 0x21, 0x08, 0x42, 0x10,
  0x83, 0x18, 0xC6, 0x31, 0x8C, 0x63, 0x18, 0xC4, 0x21, 0x08, 0x42, 0x10, 0x84, 0x21, 0x08, 0x42, 0x10, 0xA5, 0x38, 0x90, 0x21, 0x08, 0x42, 0x10,
  0x84, 0x21, 0x08, 0x42, 0x10, 0x84, 0x21, 0x08, 0x42, 0x00, 0x00, 0x00, 0x00, 0x00, 0x00, 0x00, 0x00, 0x00, 0x00, 0x00, 0x00, 0x00, 0x00, 0x00,
  0x00, 0x00, 0x00, 0x00, 0x00, 0x00, 0x00, 0x00, 0x00, 0x04, 0x10, 0x0C, 0x40, 0x00, 0x00, 0x00, 0x00, 0x00, 0x00, 0x00, 0x00, 0x00, 0x00, 0x00,
  0x00, 0x00, 0x00, 0x00, 0x08, 0x40, 0x00, 0x00, 0x00, 0x00, 0x00, 0x00, 0x00, 0x00, 0x00, 0x00, 0x00, 0x00, 0x00, 0x00, 0x00, 0x00, 0x01, 0x4A,
  0x00, 0x00, 0x00, 0x0E, 0x41, 0x08, 0x42, 0x10, 0x84, 0x21, 0x08, 0x42, 0x10, 0x84, 0x21, 0x08, 0x42, 0x10, 0x88, 0x42, 0x10, 0x84, 0x21, 0x08,
  0x42, 0x10, 0x84, 0x21, 0x08, 0x43, 0x18, 0xC6, 0x31, 0x8C, 0x63, 0x51, 0xC8, 0x42, 0x10, 0x84, 0x24, 0x08, 0x42, 0x14, 0xA5, 0x29, 0x4C, 0x63,
  0x18, 0xC6, 0x31, 0x8C, 0x73, 0x9C, 0xE7, 0x39, 0xCE, 0x74, 0x21, 0x08, 0x43, 0xA7, 0x04, 0xA9, 0x4A, 0x9C, 0x21, 0x35, 0x29, 0x6B, 0x5C, 0xFB,
  0x16, 0x31, 0x8D, 0xA5, 0x2B, 0x59, 0xB9, 0xCE, 0x84, 0x21, 0x08, 0x42, 0x10, 0x85, 0x29, 0x4A, 0x56, 0xB5, 0xAD, 0xAD, 0x6B, 0x5A, 0xD8, 0xC6,
  0x31, 0x9C, 0xE7, 0x39, 0xDF, 0xBD, 0xCE, 0x73, 0x9D, 0xEF, 0x7B, 0xFF, 0xFF, 0xFF, 0xFF, 0xFF, 0xFF, 0xFF, 0xFF, 0xFF, 0xFF, 0xFF, 0xFF, 0xFF,
  0xFF, 0xFF, 0xFF, 0xFF, 0xFF, 0xFF, 0xFF, 0xFF, 0xFF, 0xFF, 0xFF, 0xFF, 0xFF, 0xFF, 0xBD, 0xE7, 0x39, 0xCE, 0x73, 0x9C, 0xE7, 0x39, 0xCE, 0x67,
  0x18, 0xC6, 0x2D, 0x6B, 0x62, 0xD6, 0xAD, 0x6B, 0x4A, 0x52, 0x94, 0xA4, 0x63, 0x08, 0x42, 0x10, 0x83, 0x9C, 0xE7, 0x35, 0xAD, 0x6B, 0x58, 0xC6,
  0x31, 0x6B, 0x5A, 0xD6, 0xA5, 0x29, 0x4A, 0x52, 0x94, 0xA4, 0xA5, 0x29, 0x42, 0x10, 0x84, 0x1C, 0xE7, 0x39, 0xCE, 0x73, 0x9C, 0xC6, 0x31, 0x8C,
  0x63, 0x18, 0xC5, 0x29, 0x8C, 0x52, 0x90, 0xA5, 0x21, 0x08, 0x42, 0x10, 0x83, 0x18, 0xC6, 0x31, 0x8C, 0x63, 0x18, 0xC4, 0x21, 0x08, 0x42, 0x10,
  0x84, 0x21, 0x08, 0x42, 0x11, 0xE7, 0x36, 0x08, 0x21, 0x08, 0x42, 0x10, 0x84, 0x21, 0x08, 0x42, 0x10, 0x84, 0x21, 0x08, 0x42, 0x00, 0x00, 0x00,
  0x00, 0x00, 0x00, 0x00, 0x00, 0x00, 0x00, 0x00, 0x00, 0x00, 0x00, 0x00, 0x00, 0x00, 0x00, 0x00, 0x00, 0x00, 0x00, 0x00, 0x08, 0x46, 0x10, 0x00,
  0x00, 0x00, 0x00, 0x00, 0x00, 0x00, 0x00, 0x00, 0x00, 0x00, 0x00, 0x00, 0x00, 0x00, 0x00, 0x00, 0x00, 0x00, 0x00, 0x00, 0x00, 0x00, 0x00, 0x00,
  0x00, 0x00, 0x00, 0x00, 0x00, 0x00, 0x00, 0x00, 0x00, 0x00, 0x29, 0x40, 0x00, 0x00, 0x00, 0x4C, 0x21, 0x08, 0x42, 0x62, 0x04, 0x21, 0x08, 0x42,
  0x10, 0x84, 0x21, 0x08, 0x42, 0x10, 0x88, 0x42, 0x10, 0x84, 0x21, 0x08, 0x42, 0x10, 0x84, 0x21, 0x08, 0x43, 0x18, 0xC6, 0x31, 0x8C, 0x6E, 0x20,
  0xC8, 0x42, 0x10, 0x84, 0x21, 0x48, 0x42, 0x94, 0xA5, 0x29, 0x4C, 0x63, 0x18, 0xC6, 0x31, 0x8C, 0x73, 0x9C, 0xE7, 0x39, 0xCE, 0x74, 0x21, 0x08,
  0x42, 0x52, 0xA6, 0x29, 0x4A, 0x52, 0x95, 0x39, 0xA9, 0x6B, 0x5A, 0xE3, 0xD6, 0x31, 0x8D, 0x6D, 0x61, 0x4A, 0xD6, 0xB3, 0x84, 0x21, 0x08, 0x42,
  0x10, 0xA5, 0x29, 0x4A, 0x52, 0xB5, 0xAD, 0xAD, 0x6B, 0x5A, 0xD8, 0xC6, 0x31, 0x9F, 0x7B, 0xD9, 0xDF, 0xBD, 0xCE, 0x73, 0x9D, 0xEF, 0x7B, 0xFF,
  0xFF, 0xFF, 0xFF, 0xFF, 0xFF, 0xFF, 0xFF, 0xFF, 0xFF, 0xFF, 0xFF, 0xFF, 0xFF, 0xFF, 0xFF, 0xFF, 0xFF, 0xFF, 0xFF, 0xFF, 0xFF, 0xFF, 0xFF, 0xFF,
  0xFF, 0xFF, 0xFD, 0xE7, 0x39, 0xCE, 0x73, 0x9C, 0xE6, 0x73, 0xCE, 0x67, 0x39, 0xCE, 0x2D, 0x6B, 0x62, 0xD6, 0xAD, 0x6B, 0x4B, 0xD2, 0xB4, 0xA4,
  0x61, 0x08, 0x42, 0x10, 0x83, 0x9D, 0x07, 0x35, 0xCD, 0x6B, 0x58, 0xD6, 0x31, 0x6B, 0x5A, 0xD6, 0xA5, 0x29, 0x6A, 0x52, 0x94, 0xA4, 0xA5, 0x33,
  0x9A, 0x10, 0x84, 0x21, 0x08, 0x39, 0xCE, 0x73, 0x9C, 0xC6, 0x31, 0x8C, 0x63, 0x18, 0xC5, 0x29, 0x8A, 0x52, 0x94, 0xA4, 0x29, 0x08, 0x42, 0x10,
  0x83, 0x18, 0xC6, 0x31, 0x8C, 0x63, 0x18, 0xC4, 0x21, 0x08, 0x42, 0x10, 0x84, 0x21, 0x08, 0x43, 0x34, 0xE7, 0x31, 0x84, 0x21, 0x08, 0x42, 0x10,
  0x84, 0x21, 0x08, 0x42, 0x10, 0x84, 0x21, 0x08, 0x42, 0x00, 0x00, 0x00, 0x00, 0x00, 0x00, 0x00, 0x00, 0x00, 0x00, 0x00, 0x00, 0x00, 0x00, 0x00,
  0x00, 0x00, 0x00, 0x00, 0x00, 0x00, 0x04, 0x21, 0x18, 0x82, 0x00, 0x00, 0x00, 0x00, 0x00, 0x00, 0x00, 0x00, 0x00, 0x00, 0x00, 0x00, 0x00, 0x00,
  0x00, 0x00, 0x00, 0x00, 0x00, 0x00, 0x00, 0x00, 0x00, 0x00, 0x00, 0x00, 0x00, 0x00, 0x00, 0x00, 0x00, 0x00, 0x00, 0x00, 0x00, 0x05, 0x28, 0x00,
  0x00, 0x00, 0x49, 0x98, 0x21, 0x08, 0x48, 0x10, 0x84, 0x21, 0x08, 0x42, 0x10, 0x84, 0x21, 0x08, 0x42, 0x10, 0x88, 0x42, 0x10, 0x84, 0x21, 0x08,
  0x42, 0x10, 0x84, 0x21, 0x08, 0x43, 0x18, 0xC6, 0x31, 0x8C, 0x83, 0x18, 0xC8, 0x42, 0x10, 0x84, 0x21, 0x08, 0x42, 0x94, 0xA5, 0x29, 0x4C, 0x65,
  0x18, 0xC6, 0x31, 0x8C, 0x73, 0x9C, 0xE7, 0x39, 0xCE, 0x74, 0x21, 0x08, 0x42, 0x52, 0x94, 0xA9, 0x90, 0x9C, 0xD6, 0xA5, 0xC5, 0x6B, 0x5A, 0xD7,
  0x3E, 0xCD, 0x8D, 0x6B, 0xA7, 0x3A, 0x52, 0x95, 0xAC, 0x21, 0x08, 0x42, 0x10, 0xA5, 0x29, 0x4A, 0x52, 0xB5, 0xAD, 0xAD, 0x6B, 0x5A, 0xD8, 0xC6,
  0x31, 0xEE, 0xE7, 0xDE, 0xE7, 0xBD, 0xCE, 0x73, 0x9D, 0xEF, 0x7F, 0xFF, 0xFF, 0xFF, 0xFF, 0xFF, 0xFF, 0xFF, 0xFF, 0xFF, 0xFF, 0xFF, 0xFF, 0xFF,
  0xFF, 0xFF, 0xFF, 0xFF, 0xFF, 0xFF, 0xFF, 0xFF, 0xFF, 0xFF, 0xFF, 0xFF, 0xFF, 0xFF, 0xFD, 0xEF, 0x39, 0xCE, 0x73, 0x9C, 0xDE, 0xF3, 0xCE, 0x67,
  0x39, 0xCE, 0x31, 0x6B, 0x62, 0xD6, 0xAD, 0x6B, 0x5A, 0x52, 0xB4, 0xA4, 0x21, 0x08, 0x42, 0x10, 0x84, 0x1D, 0x07, 0x39, 0xAD, 0x6B, 0x5A, 0xC6,
  0x31, 0x8B, 0x5A, 0xD6, 0xA5, 0x2D, 0x6A, 0x52, 0x94, 0xA4, 0xA5, 0x37, 0x4A, 0x10, 0x94, 0x20, 0xE7, 0x39, 0xCE, 0x73, 0x9C, 0xC6, 0x31, 0x8C,
  0x63, 0x18, 0xC6, 0x29, 0x4A, 0x52, 0x90, 0xA5, 0x21, 0x08, 0x42, 0x10, 0x83, 0x18, 0xC6, 0x31, 0x8C, 0x63, 0x18, 0xC4, 0x21, 0x08, 0x42, 0x10,
  0x84, 0x21, 0x08, 0x48, 0x9C, 0xE6, 0x81, 0x04, 0x21, 0x08, 0x42, 0x10, 0x84, 0x21, 0x08, 0x42, 0x10, 0x84, 0x21, 0x08, 0x42, 0x10, 0x00, 0x20,
  0x00, 0x00, 0x00, 0x00, 0x00, 0x00, 0x00, 0x00, 0x00, 0x00, 0x00, 0x00, 0x00, 0x00, 0x00, 0x00, 0x00, 0x00, 0x00, 0x00, 0x00, 0x00, 0x00, 0x00,
  0x00, 0x00, 0x00, 0x00, 0x00, 0x00, 0x00, 0x00, 0x00, 0x00, 0x00, 0x00, 0x00, 0x00, 0x00, 0x00, 0x00, 0x00, 0x00, 0x00, 0x00, 0x00, 0x00, 0x00,
  0x00, 0x02, 0x4A, 0x52, 0x91, 0x88, 0x00, 0x01, 0x08, 0xA2, 0x00, 0x00, 0x03, 0x27, 0x30, 0x04, 0x21, 0x08, 0x42, 0x10, 0x84, 0x21, 0x08, 0x42,
  0x10, 0x84, 0x21, 0x08, 0x42, 0x11, 0x08, 0x42, 0x10, 0x84, 0x21, 0x08, 0x42, 0x10, 0x84, 0x21, 0x08, 0x43, 0x18, 0xC6, 0x31, 0x8C, 0x63, 0x18,
  0xC8, 0x42, 0x10, 0x84, 0x21, 0x08, 0x42, 0x94, 0xA5, 0x29, 0x4C, 0x65, 0x48, 0xC6, 0x31, 0x8C, 0x73, 0x9C, 0xE7, 0x39, 0xCE, 0x74, 0x21, 0x08,
  0x4A, 0x52, 0x94, 0xA9, 0x4A, 0x52, 0xA6, 0xB5, 0x29, 0x6B, 0x5A, 0xD8, 0xC6, 0x77, 0xB3, 0x6B, 0x5A, 0xE7, 0x4F, 0xB4, 0xAD, 0x61, 0x08, 0x42,
  0x10, 0xA5, 0x29, 0x4A, 0x56, 0xB5, 0xAD, 0xAD, 0x6B, 0x5B, 0x18, 0xC6, 0x3D, 0xEC, 0xE7, 0x3E, 0xF7, 0xB7, 0xCE, 0x73, 0x9D, 0xEF, 0x7F, 0xFF,
  0xFF, 0xFF, 0xFF, 0xFF, 0xFF, 0xFF, 0xFF, 0xFF, 0xFF, 0xFF, 0xFF, 0xFF, 0xFF, 0xFF, 0xFF, 0xFF, 0xFF, 0xFF, 0xFF, 0xFF, 0xFF, 0xFF, 0xFF, 0xFF,
  0xFF, 0xFF, 0xFD, 0xEF, 0x39, 0xCE, 0x73, 0x9C, 0xDE, 0xF3, 0xCE, 0x67, 0x39, 0xCE, 0x31, 0x6B, 0x62, 0xD6, 0xAD, 0x6B, 0x5A, 0x52, 0xB4, 0xA4,
  0x23, 0x08, 0x42, 0x10, 0x84, 0x1D, 0x07, 0x39, 0xAD, 0x73, 0x58, 0xC6, 0x31, 0x8B, 0x5A, 0xD6, 0xB5, 0xAD, 0x4A, 0x52, 0x94, 0xA4, 0xA6, 0x92,
  0x4A, 0x12, 0x94, 0x20, 0xE7, 0x39, 0xCE, 0x93, 0x9C, 0xC6, 0x31, 0x8C, 0x63, 0x18, 0xC5, 0x29, 0x4A, 0x52, 0x94, 0xA4, 0x21, 0x08, 0x42, 0x10,
  0x83, 0x18, 0xC6, 0x31, 0x8C, 0x63, 0x18, 0xC6, 0x21, 0x08, 0x42, 0x10, 0x84, 0x21, 0x09, 0x93, 0x9C, 0xC6, 0x21, 0x04, 0x21, 0x08, 0x42, 0x10,
  0x84, 0x21, 0x08, 0x42, 0x10, 0x84, 0x21, 0x08, 0x42, 0x10, 0x00, 0x00, 0x00, 0x00, 0x00, 0x00, 0x00, 0x00, 0x00, 0x00, 0x00, 0x00, 0x00, 0x00,
  0x00, 0x00, 0x00, 0x00, 0x00, 0x00, 0x00, 0x00, 0x00, 0x00, 0x00, 0x00, 0x00, 0x00, 0x00, 0x00, 0x00, 0x00, 0x00, 0x00, 0x00, 0x00, 0x00, 0x00,
  0x00, 0x00, 0x00, 0x00, 0x00, 0x00, 0x00, 0x00, 0x00, 0x00, 0x50, 0x84, 0xA5, 0x23, 0x54, 0x67, 0x19, 0xCE, 0x73, 0x9C, 0xD8, 0x00, 0x00, 0x13,
  0x9B, 0x00, 0x00, 0x04, 0x24, 0x20, 0x42, 0x10, 0x84, 0x21, 0x08, 0x42, 0x10, 0x84, 0x21, 0x08, 0x42, 0x11, 0x08, 0x42, 0x10, 0x84, 0x21, 0x08,
  0x42, 0x10, 0x84, 0x21, 0x08, 0x63, 0x18, 0xC6, 0x31, 0x8C, 0x63, 0x18, 0xC8, 0x42, 0x10, 0x84, 0x21, 0x08, 0x42, 0x94, 0xA5, 0x29, 0x4C, 0x63,
  0x22, 0x46, 0x31, 0x8C, 0x73, 0x9C, 0xE7, 0x39, 0xCE, 0x74, 0x21, 0x08, 0x4A, 0x52, 0x94, 0xA9, 0x4A, 0x52, 0x94, 0xB8, 0xAD, 0x71, 0x9C, 0x66,
  0xC6, 0x32, 0x1D, 0xEC, 0xDA, 0xE7, 0x39, 0xD3, 0xEE, 0x6B, 0x5A, 0x4E, 0x33, 0xED, 0x29, 0x4A, 0x56, 0xB5, 0xAD, 0xB1, 0xDF, 0x7B, 0xDE, 0xF7,
  0xBB, 0x9C, 0xE7, 0x3B, 0xDE, 0xF7, 0xCE, 0x73, 0x9C, 0xEF, 0x7F, 0xFF, 0xFF, 0xFF, 0xFF, 0xFF, 0xFF, 0xFF, 0xFF, 0xFF, 0xFF, 0xFF, 0xFF, 0xFF,
  0xFF, 0xFF, 0xFF, 0xFF, 0xFF, 0xFF, 0xFF, 0xFF, 0xFF, 0xFF, 0xFF, 0xFF, 0xFF, 0xFF, 0xFD, 0xEF, 0x39, 0xCE, 0x73, 0x9C, 0xDE, 0xF9, 0x9C, 0xE7,
  0x39, 0xCE, 0x31, 0x8C, 0x5A, 0xD6, 0xAD, 0x6B, 0x5A, 0xD2, 0xB4, 0xA4, 0x61, 0x08, 0x42, 0x10, 0x83, 0x9C, 0xE7, 0x39, 0xAE, 0x6B, 0x58, 0xC6,
  0x31, 0x8B, 0x5A, 0xD6, 0xA5, 0x29, 0x4A, 0x52, 0x94, 0xA5, 0xDE, 0x49, 0x4A, 0x12, 0x94, 0x9C, 0xE7, 0x39, 0xCE, 0x73, 0x9C, 0xC6, 0x31, 0x8C,
  0x63, 0x18, 0xC5, 0x29, 0x4A, 0x52, 0x94, 0x84, 0x21, 0x08, 0x42, 0x10, 0x84, 0x18, 0xC6, 0x31, 0x8C, 0x63, 0x18, 0xC6, 0x21, 0x08, 0x42, 0x10,
  0x84, 0x21, 0x32, 0x73, 0x99, 0x04, 0x21, 0x04, 0x21, 0x08, 0x42, 0x10, 0x84, 0x21, 0x08, 0x42, 0x10, 0x84, 0x21, 0x08, 0x42, 0x10, 0x00, 0x00,
  0x00, 0x00, 0x00, 0x00, 0x00, 0x00, 0x00, 0x00, 0x00, 0x00, 0x00, 0x00, 0x00, 0x00, 0x00, 0x00, 0x00, 0x00, 0x00, 0x00, 0x00, 0x00, 0x00, 0x00,
  0x00, 0x00, 0x00, 0x00, 0x00, 0x00, 0x00, 0x00, 0x00, 0x00, 0x00, 0x00, 0x00, 0x00, 0x00, 0x00, 0x00, 0x02, 0x11, 0x8D, 0x08, 0x42, 0x10, 0x30,
  0x09, 0x53, 0x90, 0x80, 0x00, 0x00, 0x02, 0x24, 0xA7, 0x39, 0xCE, 0x64, 0x00, 0x00, 0x00, 0x04, 0x81, 0x10, 0x42, 0x10, 0x84, 0x21, 0x08, 0x42,
  0x10, 0x84, 0x21, 0x08, 0x42, 0x11, 0x08, 0x42, 0x10, 0x84, 0x21, 0x08, 0x42, 0x10, 0x84, 0x21, 0x08, 0x63, 0x18, 0xDA, 0x31, 0x8C, 0x63, 0x19,
  0x08, 0x42, 0x10, 0x84, 0x69, 0x08, 0x42, 0x94, 0xA5, 0x29, 0x4C, 0x63, 0x19, 0x07, 0x31, 0x8C, 0x73, 0x9C, 0xE7, 0x39, 0xCE, 0x74, 0x21, 0x08,
  0x4A, 0x52, 0x94, 0xA9, 0x4A, 0x52, 0x94, 0xA5, 0x29, 0x6C, 0x9C, 0xE7, 0x08, 0xB5, 0x8D, 0x6F, 0x7B, 0xAD, 0x77, 0xBD, 0xA6, 0x75, 0xDC, 0xDE,
  0xF7, 0xF7, 0xBD, 0xDF, 0x7B, 0xB5, 0xF7, 0xBD, 0xEE, 0xE3, 0x19, 0xEF, 0xBB, 0x9C, 0xE7, 0x3B, 0xDE, 0xF7, 0xCE, 0x73, 0x9C, 0xEF, 0x7F, 0xFF,
  0xFF, 0xFF, 0xFF, 0xFF, 0xFF, 0xFF, 0xFF, 0xFF, 0xFF, 0xFF, 0xFF, 0xFF, 0xFF, 0xFF, 0xFF, 0xFF, 0xFF, 0xFF, 0xFF, 0xFF, 0xFF, 0xFF, 0xFF, 0xFF,
  0xFF, 0xFF, 0xFD, 0xEF, 0x39, 0xCE, 0x73, 0x9C, 0xDE, 0xF9, 0x9C, 0xE7, 0x39, 0xCE, 0x31, 0x8B, 0x5A, 0xD6, 0xAD, 0x6B, 0x5A, 0x52, 0x94, 0xA4,
  0x21, 0x08, 0x42, 0x10, 0x83, 0x9C, 0xE7, 0x39, 0xAE, 0x6C, 0xFC, 0xC6, 0x31, 0x8B, 0x5B, 0x18, 0xA8, 0xA9, 0x4A, 0x52, 0x94, 0xAA, 0x29, 0x29,
  0x4A, 0x52, 0x94, 0x1C, 0xE7, 0x39, 0xCE, 0x7F, 0x1C, 0xE6, 0x31, 0x8C, 0x63, 0x18, 0xC6, 0x29, 0x4A, 0x62, 0x94, 0x84, 0x21, 0x08, 0x42, 0x10,
  0x84, 0x18, 0xC6, 0x31, 0x8C, 0x63, 0x18, 0xC6, 0x21, 0x08, 0x42, 0x10, 0x84, 0x26, 0x4E, 0x73, 0x20, 0x84, 0x21, 0x04, 0x21, 0x08, 0x42, 0x10,
  0x84, 0x21, 0x08, 0x42, 0x10, 0x84, 0x21, 0x08, 0x42, 0x10, 0x80, 0x00, 0x00, 0x00, 0x00, 0x00, 0x00, 0x00, 0x00, 0x00, 0x00, 0x00, 0x00, 0x00,
  0x00, 0x00, 0x00, 0x00, 0x00, 0x00, 0x00, 0x00, 0x00, 0x00, 0x00, 0x00, 0x00, 0x00, 0x00, 0x00, 0x00, 0x00, 0x00, 0x00, 0x00, 0x00, 0x00, 0x00,
  0x00, 0x00, 0x00, 0x00, 0x12, 0x10, 0x84, 0x9C, 0x80, 0x00, 0x00, 0xA9, 0x48, 0x20, 0x00, 0x00, 0x00, 0x00, 0x00, 0x00, 0x00, 0x00, 0x00, 0x00,
  0x00, 0x00, 0x00, 0x84, 0x81, 0x10, 0x42, 0x10, 0x84, 0x21, 0x08, 0x42, 0x10, 0x84, 0x21, 0x08, 0x42, 0x11, 0x08, 0x42, 0x10, 0x84, 0x21, 0x08,
  0x42, 0x10, 0x84, 0x21, 0x08, 0x63, 0x23, 0x46, 0x31, 0x8C, 0x63, 0x19, 0x08, 0x42, 0x10, 0x88, 0x31, 0x08, 0x42, 0x94, 0xA5, 0x29, 0x8C, 0x63,
  0x18, 0xC6, 0x31, 0x8E, 0x73, 0x9C, 0xE7, 0x39, 0xCE, 0x74, 0x21, 0x08, 0x4A, 0x52, 0x94, 0xA9, 0x4A, 0x52, 0x94, 0xA5, 0x29, 0x6B, 0x5A, 0xD8,
  0xC6, 0x31, 0x8D, 0x6B, 0x5B, 0x3A, 0x4D, 0xD3, 0xEF, 0x7B, 0x5C, 0xF7, 0x34, 0xEF, 0xBD, 0xDE, 0xF6, 0xB5, 0xEF, 0x7B, 0x6B, 0x5B, 0x18, 0xC7,
  0x7D, 0x9C, 0xE7, 0x3B, 0xDE, 0xF7, 0xCE, 0x73, 0x9C, 0xEF, 0x7F, 0xFF, 0xFF, 0xFF, 0xFF, 0xFF, 0xFF, 0xFF, 0xFF, 0xFF, 0xFF, 0xFF, 0xFF, 0xFF,
  0xFF, 0xFF, 0xFF, 0xFF, 0xFF, 0xFF, 0xFF, 0xFF, 0xFF, 0xFF, 0xFF, 0xFF, 0xFF, 0xFF, 0xFD, 0xEF, 0x39, 0xCE, 0x73, 0x7C, 0xDE, 0xF3, 0x9E, 0x67,
  0x39, 0xCE, 0x31, 0x8C, 0x5A, 0xD6, 0xB5, 0x6B, 0x5A, 0x52, 0x94, 0xA4, 0x23, 0x08, 0x42, 0x10, 0x84, 0x1C, 0xE7, 0x39, 0xAD, 0x6F, 0x58, 0xC6,
  0x31, 0x8B, 0x5A, 0xD8, 0xBA, 0x29, 0x4A, 0x52, 0x95, 0x75, 0x25, 0x29, 0x4A, 0x12, 0x94, 0x20, 0xE7, 0x39, 0xCE, 0x7F, 0x1C, 0xE6, 0x31, 0x8C,
  0x63, 0x18, 0xC6, 0x31, 0x8C, 0x62, 0x90, 0xA4, 0x21, 0x08, 0x42, 0x10, 0x84, 0x18, 0xC6, 0x31, 0x8C, 0x63, 0x18, 0xC6, 0x21, 0x08, 0x42, 0x10,
  0x84, 0xC9, 0xCE, 0x64, 0x10, 0x84, 0x21, 0x08, 0x21, 0x08, 0x42, 0x10, 0x84, 0x21, 0x08, 0x42, 0x10, 0x84, 0x21, 0x08, 0x42, 0x10, 0x84, 0x00,
  0x00, 0x40, 0x00, 0x00, 0x00, 0x00, 0x00, 0x00, 0x00, 0x00, 0x00, 0x00, 0x00, 0x00, 0x00, 0x00, 0x80, 0x00, 0x00, 0x00, 0x00, 0x00, 0x00, 0x00,
  0x00, 0x00, 0x00, 0x00, 0x00, 0x00, 0x00, 0x00, 0x00, 0x00, 0x00, 0x00, 0x00, 0x00, 0x00, 0x68, 0x4C, 0xE6, 0xF7, 0xA5, 0x93, 0x9C, 0xD4, 0x20,
  0x00, 0x00, 0x00, 0x00, 0x00, 0x00, 0x00, 0x00, 0x00, 0x00, 0x00, 0x00, 0x00, 0x00, 0x00, 0x84, 0x21, 0x08, 0x42, 0x10, 0x84, 0x21, 0x08, 0x42,
  0x10, 0x84, 0x21, 0x08, 0x42, 0x21, 0x08, 0x42, 0x10, 0x84, 0x21, 0x08, 0x42, 0x10, 0x84, 0x21, 0x08, 0x63, 0x28, 0xC6, 0x31, 0x8C, 0x63, 0x19,
  0x08, 0x42, 0x10, 0x90, 0x21, 0x08, 0x42, 0x94, 0xA5, 0x29, 0x8C, 0x63, 0x18, 0xC6, 0x31, 0x8E, 0x73, 0x9C, 0xE7, 0x39, 0xCE, 0x84, 0x21, 0x08,
  0x4A, 0x52, 0x95, 0x29, 0x4A, 0x52, 0x94, 0xA5, 0x2D, 0x6B, 0x5A, 0xD8, 0xC6, 0xC2, 0x13, 0x9C, 0xDA, 0xE7, 0x39, 0xD1, 0x84, 0x27, 0xDE, 0xFB,
  0xDE, 0xF7, 0xBD, 0xEA, 0x56, 0xB5, 0xB5, 0xAD, 0x6B, 0x5B, 0x18, 0xC6, 0x3D, 0xDC, 0xE7, 0x3B, 0xDE, 0xF7, 0xCE, 0x73, 0x9C, 0xEF, 0x7F, 0xFF,
  0xFF, 0xFF, 0xFF, 0xFF, 0xFF, 0xFF, 0xFF, 0xFF, 0xFF, 0xFF, 0xFF, 0xFF, 0xFF, 0xFF, 0xFF, 0xFF, 0xFF, 0xFF, 0xFF, 0xFF, 0xFF, 0xFF, 0xFF, 0xFF,
  0xFF, 0xFF, 0xFD, 0xEF, 0x39, 0xCE, 0x73, 0x7C, 0xDE, 0xF9, 0x9C, 0xE7, 0x39, 0xC6, 0x71, 0x6C, 0x62, 0xD6, 0xB5, 0x6B, 0x5A, 0x52, 0x94, 0xA4,
  0x63, 0x08, 0x42, 0x10, 0x84, 0x1C, 0xE7, 0x39, 0xAD, 0x6B, 0x5A, 0xC6, 0x31, 0x8B, 0x5A, 0xD6, 0xB5, 0x29, 0x4A, 0x52, 0x94, 0xA5, 0x25, 0x29,
  0x6A, 0x10, 0x84, 0x21, 0x07, 0x39, 0xCF, 0x2A, 0x1C, 0xE6, 0x31, 0x8C, 0x63, 0x18, 0xC6, 0x31, 0x8C, 0x62, 0x94, 0xA4, 0x21, 0x08, 0x42, 0x10,
  0x84, 0x18, 0xC6, 0x31, 0x8C, 0x63, 0x18, 0xC6, 0x21, 0x08, 0x42, 0x10, 0x95, 0x39, 0xCC, 0x82, 0x10, 0x84, 0x21, 0x08, 0x21, 0x08, 0x42, 0x10,
  0x84, 0x21, 0x08, 0x42, 0x10, 0x84, 0x21, 0x08, 0x42, 0x10, 0x84, 0x00, 0x00, 0x40, 0x00, 0x00, 0x00, 0x00, 0x00, 0x00, 0x00, 0x00, 0x00, 0x00,
  0x00, 0x00, 0x00, 0x00, 0xC0, 0x00, 0x00, 0x00, 0x00, 0x00, 0x00, 0x00, 0x00, 0x00, 0x00, 0x00, 0x00, 0x00, 0x00, 0x00, 0x00, 0x00, 0x00, 0x00,
  0x00, 0x21, 0xA1, 0x13, 0x98, 0x40, 0x00, 0x00, 0x00, 0x00, 0x00, 0x00, 0x00, 0x00, 0x00, 0x00, 0x00, 0x00, 0x00, 0x00, 0x00, 0x00, 0x00, 0x00,
  0x00, 0x00, 0x10, 0x84, 0x21, 0x08, 0x42, 0x10, 0x84, 0x21, 0x08, 0x42, 0x10, 0x84, 0x21, 0x08, 0x42, 0x21, 0x08, 0x42, 0x10, 0x84, 0x21, 0x08,
  0x42, 0x10, 0x84, 0x21, 0x08, 0x63, 0x18, 0xC6, 0x31, 0x8C, 0x63, 0x19, 0x08, 0x42, 0x10, 0x90, 0x21, 0x08, 0x52, 0x94, 0xA5, 0x29, 0x8C, 0x63,
  0x18, 0xC6, 0x31, 0xA6, 0x73, 0x9C, 0xE7, 0x39, 0xCE, 0x84, 0x21, 0x08, 0x4A, 0x52, 0x95, 0x29, 0x4A, 0x52, 0x94, 0xA5, 0x2D, 0x6B, 0x5A, 0xD8,
  0xC6, 0x31, 0xAD, 0x84, 0xE6, 0xE7, 0x39, 0xD0, 0x84, 0xE1, 0x08, 0x42, 0x10, 0xBD, 0x35, 0xEF, 0x7B, 0xDE, 0xB5, 0xAD, 0x6B, 0x5B, 0x18, 0xC6,
  0x33, 0x9E, 0xE7, 0x3B, 0xDE, 0xF7, 0xCE, 0x73, 0x9C, 0xEF, 0x7F, 0xFF, 0xFF, 0xFF, 0xFF, 0xFF, 0xFF, 0xFF, 0xFF, 0xFF, 0xFF, 0xFF, 0xFF, 0xFF,
  0xFF, 0xFF, 0xFF, 0xFF, 0xFF, 0xFF, 0xFF, 0xFF, 0xFF, 0xFF, 0xFF, 0xFF, 0xFF, 0xFF, 0xFD, 0xEF, 0x39, 0xCE, 0x73, 0x7B, 0xDE, 0xF3, 0xCC, 0xE7,
  0x39, 0xCE, 0x31, 0x6B, 0x5A, 0xD6, 0xB5, 0x6B, 0x5A, 0xD2, 0x94, 0xA4, 0x61, 0x18, 0x42, 0x10, 0x84, 0x3D, 0xAF, 0x51, 0xBE, 0xEF, 0xBA, 0xC6,
  0x7B, 0xDD, 0xBF, 0x56, 0xBF, 0x29, 0x5D, 0xEF, 0x7C, 0xA5, 0x4F, 0xBE, 0xD7, 0x90, 0x84, 0x7B, 0x5D, 0xD4, 0xCF, 0xA9, 0x1C, 0xE6, 0x31, 0x8C,
  0x63, 0x18, 0xC6, 0x31, 0x8C, 0x52, 0x94, 0x84, 0x21, 0x08, 0x42, 0x10, 0x84, 0x18, 0xC6, 0x31, 0x8C, 0x63, 0x18, 0xC6, 0x31, 0x08, 0x42, 0x13,
  0xA9, 0x49, 0x90, 0x42, 0x10, 0x84, 0x21, 0x08, 0x21, 0x08, 0x44, 0x10, 0x84, 0x21, 0x08, 0x42, 0x10, 0x84, 0x21, 0x08, 0x42, 0x10, 0x84, 0x00,
  0x00, 0x42, 0x00, 0x00, 0x00, 0x00, 0x00, 0x00, 0x00, 0x00, 0x00, 0x00, 0x00, 0x00, 0x00, 0x00, 0x04, 0x00, 0x00, 0x00, 0x00, 0x00, 0x00, 0x00,
  0x00, 0x00, 0x00, 0x00, 0x00, 0x00, 0x00, 0x00, 0x00, 0x00, 0x00, 0x00, 0x90, 0x84, 0x1E, 0x63, 0x00, 0x00, 0x00, 0x00, 0x00, 0x00, 0x00, 0x00,
  0x00, 0x00, 0x00, 0x00, 0x00, 0x00, 0x00, 0x00, 0x00, 0x00, 0x00, 0x00, 0x00, 0x04, 0x10, 0x84, 0x21, 0x08, 0x42, 0x10, 0x84, 0x21, 0x08, 0x42,
  0x10, 0x84, 0x21, 0x08, 0x42, 0x21, 0x08, 0x42, 0x10, 0x84, 0x21, 0x08, 0x42, 0x10, 0x84, 0x21, 0x8C, 0x63, 0x18, 0xC6, 0x31, 0x8C, 0x63, 0x19,
  0x08, 0x42, 0x10, 0x84, 0x21, 0x08, 0x52, 0x94, 0xA5, 0x29, 0x8C, 0x63, 0x18, 0xC6, 0x31, 0x8F, 0x34, 0x9C, 0xE7, 0x39, 0xCE, 0x84, 0x21, 0x08,
  0x4A, 0x52, 0x95, 0x29, 0x4A, 0x52, 0x94, 0xA5, 0x2D, 0x6B, 0x5A, 0xD8, 0xC6, 0x31, 0xAD, 0x6B, 0x5D, 0x08, 0x3A, 0x34, 0x8C, 0x21, 0x08, 0x42,
  0x10, 0xA5, 0x29, 0x4A, 0x56, 0xBE, 0xF5, 0xAD, 0x6B, 0x5B, 0x18, 0xC6, 0x33, 0x9E, 0xFB, 0x9B, 0xDE, 0xF7, 0xCE, 0x73, 0x9C, 0xEF, 0x7F, 0xFF,
  0xFF, 0xFF, 0xFF, 0xFF, 0xFF, 0xFF, 0xFF, 0xFF, 0xFF, 0xFF, 0xFF, 0xFF, 0xFF, 0xFF, 0xFF, 0xFF, 0xFF, 0xFF, 0xFF, 0xFF, 0xFF, 0xFF, 0xFF, 0xFF,
  0xFF, 0xFF, 0xFD, 0xEF, 0x39, 0xCE, 0x73, 0x7B, 0xDE, 0xF3, 0x9E, 0x73, 0x39, 0xC6, 0x71, 0x6B, 0x5B, 0x16, 0xB5, 0x6B, 0x5A, 0x52, 0x94, 0xA4,
  0x21, 0x18, 0x42, 0x10, 0x84, 0x3D, 0xD7, 0x3A, 0x9A, 0x6B, 0x7C, 0xCA, 0x75, 0x8B, 0xF5, 0x17, 0x3A, 0xAA, 0x9D, 0x52, 0xBB, 0x15, 0x77, 0xC9,
  0x4F, 0x96, 0x8E, 0xCC, 0xE7, 0xF1, 0xCF, 0xE3, 0x9C, 0xE6, 0x31, 0x8C, 0x63, 0x18, 0xC6, 0x31, 0x8C, 0x52, 0x94, 0x84, 0x21, 0x08, 0x42, 0x10,
  0x84, 0x20, 0xC6, 0x31, 0x8C, 0x63, 0x18, 0xC6, 0x31, 0x08, 0x42, 0x24, 0xEB, 0x13, 0x88, 0x42, 0x10, 0x84, 0x21, 0x08, 0x41, 0x08, 0x42, 0x10,
  0x84, 0x21, 0x08, 0x42, 0x10, 0x84, 0x21, 0x08, 0x42, 0x10, 0x84, 0x01, 0x00, 0x02, 0x00, 0x00, 0x00, 0x00, 0x00, 0x00, 0x00, 0x00, 0x00, 0x00,
  0x00, 0x00, 0x00, 0x00, 0x06, 0x00, 0x00, 0x00, 0x00, 0x00, 0x00, 0x00, 0x00, 0x00, 0x00, 0x00, 0x00, 0x00, 0x00, 0x00, 0x00, 0x00, 0x04, 0x42,
  0x06, 0x79, 0xB0, 0x00, 0x00, 0x00, 0x00, 0x00, 0x00, 0x00, 0x00, 0x00, 0x00, 0x00, 0x00, 0x00, 0x00, 0x00, 0x00, 0x00, 0x00, 0x00, 0x00, 0x00,
  0x01, 0x04, 0x10, 0x84, 0x21, 0x08, 0x42, 0x10, 0x84, 0x21, 0x08, 0x42, 0x10, 0x84, 0x21, 0x08, 0x42, 0x21, 0x08, 0x42, 0x10, 0x84, 0x21, 0x08,
  0x42, 0x10, 0x84, 0x35, 0x8C, 0x63, 0x18, 0xC6, 0x31, 0x8C, 0x63, 0x21, 0x08, 0x42, 0x10, 0x84, 0x21, 0x08, 0x52, 0x94, 0xA5, 0x29, 0x8C, 0x63,
  0x18, 0xC6, 0x31, 0x8E, 0x79, 0x1C, 0xE7, 0x39, 0xCE, 0x84, 0x21, 0x09, 0x4A, 0x52, 0x95, 0x29, 0x4A, 0x52, 0x94, 0xA5, 0x2D, 0x6B, 0x5A, 0xD8,
  0xC6, 0x31, 0xAD, 0x6B, 0x5A, 0xE7, 0x39, 0xD3, 0xA5, 0x23, 0x08, 0x7A, 0x10, 0xA7, 0xBD, 0x4A, 0x56, 0xB5, 0xB7, 0x6D, 0x6B, 0x5B, 0x18, 0xC6,
  0x33, 0x9C, 0xF7, 0x3B, 0xDE, 0xF7, 0xCE, 0x73, 0x9C, 0xEF, 0x7F, 0xFF, 0xFF, 0xFF, 0xFF, 0xFF, 0xFF, 0xFF, 0xFF, 0xFF, 0xFF, 0xFF, 0xFF, 0xFF,
  0xFF, 0xFF, 0xFF, 0xFF, 0xFF, 0xFF, 0xFF, 0xFF, 0xFF, 0xFF, 0xFF, 0xFF, 0xFF, 0xFF, 0xFD, 0xEF, 0x39, 0xCE, 0x73, 0x7B, 0xDE, 0xF9, 0x9E, 0x73,
  0x39, 0xC6, 0x71, 0x6B, 0x5B, 0x16, 0xB5, 0x6B, 0x5A, 0x52, 0x94, 0xA5, 0x21, 0x08, 0x42, 0x10, 0x84, 0x3C, 0xE7, 0x3B, 0xDA, 0xCF, 0xA0, 0xCF,
  0x31, 0x8C, 0xF3, 0x97, 0xD9, 0xAB, 0xCA, 0x8A, 0xAB, 0x35, 0x7A, 0x49, 0x4F, 0x90, 0x8F, 0x20, 0xE7, 0xF1, 0xCF, 0xE3, 0x9C, 0xE6, 0x31, 0x8C,
  0x63, 0x18, 0xC6, 0x31, 0x8C, 0x52, 0x94, 0x84, 0x29, 0x48, 0x42, 0x10, 0x84, 0x20, 0xC6, 0x31, 0x8C, 0x63, 0x18, 0xC6, 0x31, 0x08, 0x42, 0x14,
  0xEA, 0xD1, 0x08, 0x42, 0x10, 0x84, 0x21, 0x08, 0x42, 0x08, 0x42, 0x10, 0x84, 0x21, 0x08, 0x42, 0x10, 0x84, 0x21, 0x08, 0x42, 0x10, 0x84, 0x21,
  0x08, 0x02, 0x10, 0x00, 0x00, 0x00, 0x02, 0x00, 0x00, 0x00, 0x00, 0x00, 0x00, 0x00, 0x00, 0x00, 0x06, 0x00, 0x00, 0x00, 0x00, 0x00, 0x00, 0x00,
  0x00, 0x00, 0x00, 0x00, 0x00, 0x00, 0x00, 0x00, 0x00, 0x00, 0x68, 0x18, 0xDE, 0xF0, 0x00, 0x00, 0x00, 0x00, 0x00, 0x00, 0x00, 0x00, 0x00, 0x00,
  0x00, 0x00, 0x00, 0x00, 0x00, 0x00, 0x00, 0x00, 0x00, 0x00, 0x00, 0x00, 0x20, 0x82, 0x10, 0x98, 0x21, 0x08, 0x42, 0x10, 0x84, 0x21, 0x08, 0x42,
  0x10, 0x84, 0x21, 0x08, 0x44, 0x21, 0x08, 0x42, 0x10, 0x84, 0x21, 0x08, 0x42, 0x10, 0x86, 0xB1, 0x0C, 0x63, 0x18, 0xC6, 0x31, 0x8C, 0x63, 0x21,
  0x08, 0x42, 0x10, 0x84, 0x21, 0x08, 0x52, 0x94, 0xA5, 0x31, 0x8C, 0x63, 0x18, 0xC6, 0x31, 0x8E, 0x73, 0x9C, 0xE7, 0x39, 0xCE, 0x84, 0x21, 0x09,
  0x4A, 0x52, 0x95, 0x29, 0x4A, 0x52, 0x94, 0xA5, 0x2D, 0x6B, 0x5B, 0x18, 0xC6, 0x31, 0xAD, 0x6B, 0x5A, 0xE7, 0x39, 0xD0, 0x84, 0x21, 0x08, 0x7A,
  0x14, 0xA7, 0xA9, 0x4E, 0xFA, 0xB5, 0xED, 0xAD, 0x6E, 0xDB, 0x1E, 0xEE, 0x33, 0x9C, 0xE7, 0xBC, 0xDE, 0xF7, 0xCE, 0x73, 0x9C, 0xEF, 0x7F, 0xFF,
  0xFF, 0xFF, 0xFF, 0xFF, 0xFF, 0xFF, 0xFF, 0xFF, 0xFF, 0xFF, 0xFF, 0xFF, 0xFF, 0xFF, 0xFF, 0xFF, 0xFF, 0xFF, 0xFF, 0xFF, 0xFF, 0xFF, 0xFF, 0xFF,
  0xFF, 0xFF, 0xFD, 0xEF, 0x39, 0xCE, 0x73, 0x9B, 0xDF, 0x39, 0xCE, 0x73, 0x39, 0xC6, 0x71, 0x8B, 0x63, 0x16, 0xB5, 0x6B, 0x5A, 0xD2, 0x94, 0xA5,
  0x21, 0x18, 0x42, 0x10, 0x84, 0xFC, 0xE7, 0x3B, 0xD3, 0x83, 0x5A, 0xCF, 0x31, 0x8C, 0xF2, 0xD7, 0xE5, 0x2B, 0xCA, 0x52, 0xBA, 0xC5, 0x79, 0x29,
  0x4F, 0x90, 0xAE, 0xA0, 0xEC, 0xF1, 0xCF, 0xD3, 0x9C, 0xE7, 0x31, 0x8C, 0x63, 0x18, 0xC6, 0x31, 0x8A, 0x52, 0x94, 0x84, 0x29, 0x08, 0x42, 0x10,
  0x84, 0x20, 0xC6, 0x31, 0x8C, 0x63, 0x18, 0xC6, 0x31, 0x08, 0x42, 0x14, 0x68, 0xC1, 0x08, 0x42, 0x10, 0x84, 0x21, 0x08, 0x41, 0x08, 0x44, 0x10,
  0x84, 0x21, 0x08, 0x42, 0x10, 0x84, 0x21, 0x08, 0x42, 0x10, 0x84, 0x20, 0x00, 0x00, 0x00, 0x00, 0x00, 0x00, 0x02, 0x00, 0x00, 0x00, 0x00, 0x00,
  0x00, 0x00, 0x00, 0x00, 0x48, 0x00, 0x00, 0x00, 0x00, 0x00, 0x00, 0x00, 0x00, 0x00, 0x00, 0x00, 0x00, 0x00, 0x00, 0x00, 0x00, 0xA0, 0x60, 0x0B,
  0xC2, 0x00, 0x00, 0x00, 0x00, 0x00, 0x00, 0x00, 0x00, 0x00, 0x00, 0x00, 0x00, 0x00, 0x00, 0x00, 0x00, 0x00, 0x00, 0x00, 0x00, 0x00, 0x00, 0x00,
  0x08, 0x02, 0x13, 0x84, 0x21, 0x08, 0x42, 0x10, 0x84, 0x21, 0x08, 0x42, 0x10, 0x84, 0x21, 0x08, 0x44, 0x21, 0x08, 0x42, 0x10, 0x84, 0x21, 0x08,
  0x42, 0x10, 0x88, 0x21, 0x0C, 0x63, 0x18, 0xC6, 0x31, 0x8C, 0x63, 0x21, 0x08, 0x42, 0x10, 0x84, 0x21, 0x08, 0x52, 0x94, 0xA5, 0x31, 0x8C, 0x63,
  0x18, 0xC6, 0x31, 0xCE, 0x73, 0x9C, 0xE7, 0x39, 0xCE, 0x84, 0x21, 0x09, 0x4A, 0x52, 0x95, 0x29, 0x4A, 0x52, 0x94, 0xA5, 0x2D, 0x6B, 0x5B, 0x18,
  0xC6, 0x31, 0xAD, 0x6B, 0x5C, 0xE7, 0x39, 0xD0, 0x84, 0x27, 0x48, 0x6B, 0xB4, 0xEF, 0xA9, 0xEF, 0x77, 0xD5, 0xF5, 0xAD, 0xEF, 0x5B, 0xDD, 0xF7,
  0xB3, 0xEC, 0xE7, 0xDD, 0xDE, 0xF9, 0xCE, 0xF3, 0x9C, 0xEF, 0x7F, 0xFF, 0xFF, 0xFF, 0xFF, 0xFF, 0xFF, 0xFF, 0xFF, 0xFF, 0xFF, 0xFF, 0xFF, 0xFF,
  0xFF, 0xFF, 0xFF, 0xFF, 0xFF, 0xFF, 0xFF, 0xFF, 0xFF, 0xFF, 0xFF, 0xFF, 0xFF, 0xFF, 0xFF, 0xEF, 0x79, 0xCE, 0x73, 0x9B, 0xDF, 0x39, 0xCE, 0x73,
  0x38, 0xC6, 0x71, 0x8C, 0x63, 0x16, 0xB5, 0x6B, 0x5A, 0xD2, 0x94, 0xA5, 0x23, 0x08, 0x42, 0x10, 0x86, 0xAA, 0xE7, 0x3B, 0xCD, 0x6B, 0x5A, 0xCF,
  0x31, 0x9D, 0xF2, 0xD7, 0xE5, 0x2B, 0xCA, 0x52, 0xBC, 0xA6, 0x79, 0x29, 0x97, 0x51, 0x2E, 0xA1, 0x1E, 0xA1, 0xE7, 0x43, 0x9C, 0xE7, 0x31, 0x8C,
  0x63, 0x18, 0xC6, 0x31, 0x4A, 0x52, 0x94, 0xA5, 0x21, 0x08, 0x42, 0x10, 0x84, 0x20, 0xC6, 0x31, 0x8C, 0x63, 0x18, 0xC6, 0x31, 0x88, 0x42, 0x14,
  0xF5, 0x33, 0x88, 0x42, 0x10, 0x84, 0x21, 0x08, 0x41, 0x08, 0x44, 0x20, 0x84, 0x21, 0x08, 0x42, 0x10, 0x84, 0x21, 0x08, 0x42, 0x10, 0x84, 0x21,
  0x00, 0x00, 0x00, 0x00, 0x00, 0x00, 0x02, 0x00, 0x00, 0x00, 0x00, 0x00, 0x00, 0x00, 0x00, 0x00, 0x44, 0x00, 0x00, 0x00, 0x00, 0x00, 0x00, 0x00,
  0x00, 0x00, 0x00, 0x00, 0x00, 0x00, 0x00, 0x00, 0x04, 0x20, 0x01, 0x78, 0x00, 0x00, 0x00, 0x00, 0x00, 0x00, 0x00, 0x00, 0x00, 0x00, 0x00, 0x00,
  0x00, 0x00, 0x00, 0x00, 0x00, 0x00, 0x00, 0x00, 0x00, 0x00, 0x00, 0x00, 0x00, 0x42, 0x40, 0x84, 0x21, 0x08, 0x42, 0x10, 0x84, 0x21, 0x08, 0x42,
  0x10, 0x84, 0x21, 0x08, 0x44, 0x22, 0x10, 0x84, 0x21, 0x08, 0x42, 0x10, 0xA2, 0x28, 0xC6, 0x31, 0x8C, 0x63, 0x18, 0xC6, 0x31, 0x8C, 0x63, 0x21,
  0x08, 0x42, 0x12, 0x04, 0x21, 0x0A, 0x52, 0x94, 0xA5, 0x31, 0x8C, 0x63, 0x18, 0xC6, 0x31, 0xCE, 0x73, 0x9C, 0xE7, 0x99, 0xD0, 0x84, 0x21, 0x09,
  0x4A, 0x52, 0xA5, 0x29, 0x4A, 0x52, 0x94, 0xA5, 0x2D, 0x6B, 0x5B, 0x18, 0xC6, 0x31, 0xAD, 0x6B, 0x5C, 0xE7, 0x39, 0xD0, 0x84, 0x21, 0x08, 0x43,
  0xD4, 0xF7, 0x69, 0xFA, 0xF7, 0xDE, 0xF7, 0xAD, 0xEB, 0x7B, 0xD8, 0xC7, 0xF3, 0xEC, 0xE7, 0xDB, 0xEE, 0xF9, 0xCE, 0x73, 0xBD, 0xEF, 0xFF, 0xFF,
  0xFF, 0xFF, 0xFF, 0xFF, 0xFF, 0xFF, 0xFF, 0xFF, 0xFF, 0xFF, 0xFF, 0xFF, 0xFF, 0xFF, 0xFF, 0xFF, 0xFF, 0xFF, 0xFF, 0xFF, 0xFF, 0xFF, 0xFF, 0xFF,
  0xFF, 0xFF, 0xFF, 0xEF, 0x79, 0xCE, 0x73, 0x9B, 0xDF, 0x39, 0x9E, 0x73, 0x38, 0xC6, 0x31, 0x8B, 0x63, 0x16, 0xB5, 0x6B, 0x5A, 0xD2, 0x94, 0xA5,
  0x21, 0x08, 0x42, 0x10, 0x87, 0xA2, 0xE7, 0x3B, 0x5E, 0xD7, 0x9A, 0xCF, 0x77, 0xBD, 0xEA, 0xDD, 0xE5, 0xAA, 0xBE, 0xAF, 0x94, 0xAA, 0x55, 0x29,
  0xA5, 0x10, 0x8F, 0x53, 0xBA, 0x71, 0xFA, 0xA3, 0x9C, 0xE7, 0x31, 0x8C, 0x63, 0x18, 0xC6, 0x31, 0x4A, 0x53, 0x14, 0xA5, 0x21, 0x08, 0x42, 0x10,
  0x84, 0x20, 0xC6, 0x31, 0x8C, 0x63, 0x18, 0xC6, 0x31, 0x88, 0x42, 0x1B, 0x27, 0x58, 0x88, 0x42, 0x10, 0x84, 0x21, 0x08, 0x42, 0x08, 0x84, 0x10,
  0x84, 0x21, 0x08, 0x42, 0x10, 0x84, 0x21, 0x08, 0x42, 0x10, 0x84, 0x21, 0x00, 0x00, 0x00, 0x00, 0x01, 0x00, 0x00, 0x00, 0x00, 0x00, 0x00, 0x00,
  0x00, 0x00, 0x00, 0x01, 0x02, 0x00, 0x00, 0x00, 0x00, 0x00, 0x00, 0x00, 0x00, 0x00, 0x00, 0x00, 0x00, 0x00, 0x00, 0x00, 0x84, 0x00, 0x33, 0x00,
  0x00, 0x00, 0x00, 0x00, 0x00, 0x00, 0x00, 0x00, 0x00, 0x00, 0x00, 0x00, 0x00, 0x00, 0x00, 0x00, 0x00, 0x00, 0x00, 0x00, 0x00, 0x11, 0x00, 0x00,
  0x00, 0x42, 0x10, 0x84, 0x21, 0x08, 0x42, 0x10, 0x84, 0x21, 0x08, 0x42, 0x10, 0x84, 0x21, 0x08, 0x88, 0xC6, 0x31, 0x8C, 0x63, 0x1A, 0xD6, 0xB5,
  0xAE, 0x73, 0x9C, 0xE7, 0x42, 0x10, 0x84, 0x21, 0x08, 0x42, 0x10, 0x8C, 0x63, 0x18, 0xCE, 0x70, 0x84, 0x21, 0x08, 0x42, 0x10, 0x84, 0x16, 0xB5,
  0xAD, 0x8C, 0x63, 0x18, 0xD6, 0xB5, 0xAD, 0x44, 0xD0, 0x84, 0x21, 0x09, 0x4A, 0x52, 0xA5, 0x29, 0x4A, 0x52, 0x94, 0xA5, 0xAD, 0x6B, 0x5B, 0x18,
  0xC6, 0x31, 0xAD, 0x6B, 0x5C, 0xE7, 0x39, 0xD0, 0x84, 0x21, 0x08, 0x43, 0xD4, 0xF5, 0x29, 0xFF, 0x7B, 0xDD, 0xB7, 0xAD, 0xEB, 0x7B, 0xDE, 0xF7,
  0xB3, 0xEF, 0x7B, 0xBB, 0xF7, 0xBD, 0xDE, 0x73, 0x9D, 0xEF, 0xFF, 0xFF, 0xFF, 0xFF, 0xFF, 0xFF, 0xFF, 0xFF, 0xFF, 0xFF, 0xFF, 0xFF, 0xFF, 0xFF,
  0xFF, 0xFF, 0xFF, 0xFF, 0xFF, 0xFF, 0xFF, 0xFF, 0xFF, 0xFF, 0xFF, 0xFF, 0xFF, 0xFF, 0xFF, 0xEF, 0x7B, 0xCE, 0x73, 0x9B, 0xDE, 0xF9, 0xCE, 0x73,
  0x38, 0xC6, 0x33, 0x8C, 0x63, 0x16, 0xB5, 0xAB, 0x5A, 0xD2, 0x95, 0xA5, 0x23, 0x08, 0x42, 0x10, 0x84, 0x20, 0xE7, 0x39, 0xCD, 0x83, 0x5A, 0xD6,
  0x41, 0x97, 0x9A, 0xD6, 0xC5, 0xA9, 0x4A, 0x52, 0x94, 0xA5, 0x29, 0x29, 0x4A, 0x50, 0x84, 0x29, 0x07, 0x39, 0xCE, 0x73, 0x9C, 0xE7, 0x31, 0x8C,
  0x63, 0x18, 0xC6, 0x31, 0x4C, 0x63, 0x14, 0xA4, 0x29, 0x4A, 0x42, 0x10, 0x84, 0x21, 0x06, 0x31, 0x8C, 0x63, 0x18, 0xC6, 0x31, 0x88, 0x42, 0x13,
  0x27, 0x36, 0x08, 0x42, 0x10, 0x84, 0x21, 0x08, 0x42, 0x08, 0x42, 0x11, 0x04, 0x21, 0x08, 0x42, 0x10, 0x84, 0x21, 0x08, 0x42, 0x10, 0x84, 0x21,
  0x08, 0x02, 0x10, 0x80, 0x00, 0x00, 0x00, 0x00, 0x00, 0x00, 0x00, 0x00, 0x00, 0x00, 0x00, 0x09, 0x00, 0x00, 0x00, 0x00, 0x00, 0x00, 0x00, 0x00,
  0x00, 0x00, 0x00, 0x00, 0x00, 0x00, 0x00, 0x10, 0x80, 0x01, 0xE0, 0x00, 0x00, 0x00, 0x00, 0x00, 0x00, 0x00, 0x00, 0x00, 0x00, 0x00, 0x00, 0x00,
  0x00, 0x00, 0x00, 0x00, 0x00, 0x00, 0x00, 0x00, 0x06, 0x30, 0x00, 0x00, 0x08, 0x42, 0x10, 0x84, 0x21, 0x08, 0x42, 0x10, 0x84, 0x21, 0x08, 0x42,
  0x10, 0x84, 0x21, 0x12, 0x18, 0xD9, 0xCE, 0x73, 0x9C, 0xE7, 0x39, 0xCE, 0x73, 0x9C, 0xE7, 0x39, 0xCE, 0x73, 0x9C, 0xE7, 0x39, 0xCE, 0x73, 0x9C,
  0xE7, 0x39, 0xCE, 0x93, 0x9C, 0xE7, 0x39, 0xCE, 0x73, 0x9C, 0xE7, 0x39, 0xCE, 0x73, 0x9C, 0xE7, 0x39, 0xCE, 0x73, 0x9C, 0xE6, 0xE4, 0xA1, 0x09,
  0x4A, 0x52, 0xA5, 0x29, 0x4A, 0x52, 0x94, 0xA5, 0xAD, 0x6B, 0x5B, 0x18, 0xC6, 0x35, 0xAD, 0x6B, 0x5C, 0xE7, 0x3A, 0x10, 0x84, 0x21, 0x08, 0x42,
  0x9E, 0xF5, 0x29, 0xEA, 0xD6, 0xB6, 0xB7, 0xBD, 0xEB, 0x77, 0xD8, 0xC6, 0x33, 0x9F, 0x7B, 0x7B, 0xDF, 0x3D, 0xEF, 0x77, 0x9D, 0xEF, 0xFF, 0xFF,
  0xFF, 0xFF, 0xFF, 0xFF, 0xFF, 0xFF, 0xFF, 0xFF, 0xFF, 0xFF, 0xFF, 0xFF, 0xFF, 0xFF, 0xFF, 0xFF, 0xFF, 0xFF, 0xFF, 0xFF, 0xFF, 0xFF, 0xFF, 0xFF,
  0xFF, 0xFF, 0xFF, 0xEF, 0x79, 0xCE, 0x73, 0x9B, 0xDF, 0x39, 0xCE, 0x67, 0x38, 0xC6, 0x33, 0x8C, 0x63, 0x16, 0xB5, 0xAB, 0x5A, 0xD2, 0x94, 0xA5,
  0x23, 0x18, 0xC2, 0x10, 0x84, 0x20, 0xE7, 0x39, 0xCD, 0x6B, 0x5A, 0xD6, 0x31, 0x9E, 0x5A, 0xE7, 0x35, 0xA9, 0x4A, 0x52, 0x94, 0xA5, 0x29, 0x29,
  0x4A, 0x52, 0x84, 0x21, 0x07, 0x39, 0xCE, 0x73, 0x9C, 0xE7, 0x39, 0x8C, 0x63, 0x18, 0xC6, 0x31, 0x8C, 0x63, 0x18, 0xA4, 0x29, 0x4A, 0x42, 0x10,
  0x84, 0x21, 0x06, 0x31, 0x8C, 0x63, 0x18, 0xC6, 0x31, 0x8C, 0x42, 0x14, 0x69, 0x38, 0x88, 0x42, 0x10, 0x84, 0x21, 0x08, 0x42, 0x10, 0x42, 0x10,
  0x84, 0x21, 0x08, 0x42, 0x10, 0x84, 0x21, 0x08, 0x42, 0x10, 0x84, 0x21, 0x08, 0x40, 0x00, 0x00, 0x00, 0x00, 0x00, 0x00, 0x00, 0x00, 0x00, 0x00,
  0x00, 0x00, 0x00, 0x20, 0x00, 0x00, 0x00, 0x00, 0x00, 0x00, 0x00, 0x00, 0x00, 0x00, 0x00, 0x00, 0x00, 0x00, 0x02, 0x10, 0x00, 0xCC, 0x00, 0x00,
  0x00, 0x11, 0x84, 0x00, 0x00, 0x00, 0x00, 0x00, 0x00, 0x00, 0x00, 0x00, 0x00, 0x00, 0x00, 0x00, 0x00, 0x00, 0x00, 0x00, 0xC2, 0x00, 0x00, 0x01,
  0x08, 0x42, 0x10, 0x84, 0x21, 0x08, 0x42, 0x10, 0x84, 0x21, 0x08, 0x42, 0x10, 0x84, 0x44, 0x63, 0x26, 0xC6, 0x31, 0x8C, 0x63, 0x5A, 0xD6, 0xCE,
  0x6E, 0x73, 0x9C, 0xE8, 0x42, 0x10, 0x84, 0x21, 0x08, 0x42, 0x11, 0x8C, 0x63, 0x18, 0xCE, 0x73, 0x9C, 0xE7, 0x39, 0xCE, 0x73, 0x9C, 0xE7, 0x39,
  0xCE, 0x73, 0x9C, 0xE7, 0x3A, 0x52, 0x94, 0xA5, 0x27, 0x39, 0xCE, 0x4A, 0x4A, 0x52, 0xA5, 0x29, 0x4A, 0x52, 0x94, 0xA5, 0xAD, 0x6B, 0x5B, 0x18,
  0xC6, 0x35, 0xAD, 0x6B, 0x5C, 0xE7, 0x3A, 0x10, 0x84, 0x21, 0x08, 0x42, 0x1F, 0xED, 0x29, 0xDF, 0x7B, 0xD9, 0xB7, 0x7F, 0x6B, 0x63, 0xDE, 0xF7,
  0xB3, 0x9F, 0x7B, 0x7B, 0xDE, 0xF9, 0xCF, 0x7B, 0xBD, 0xEF, 0xFF, 0xFF, 0xFF, 0xFF, 0xFF, 0xFF, 0xFF, 0xFF, 0xFF, 0xFF, 0xFF, 0xFF, 0xFF, 0xFF,
  0xFF, 0xFF, 0xFF, 0xFF, 0xFF, 0xFF, 0xFF, 0xFF, 0xFF, 0xFF, 0xFF, 0xFF, 0xFF, 0xFF, 0xFF, 0xEF, 0x79, 0xCE, 0x73, 0x9C, 0xE7, 0x39, 0xCC, 0xE7,
  0x39, 0xCE, 0x73, 0x8C, 0x63, 0x18, 0xB5, 0xAB, 0x5A, 0xD6, 0x94, 0xA5, 0x23, 0x18, 0xC2, 0x10, 0x84, 0x20, 0xE7, 0x39, 0xCD, 0x6B, 0x5B, 0x3F,
  0x7B, 0xD0, 0x64, 0xEA, 0xB5, 0xA9, 0x4A, 0x52, 0x94, 0xA5, 0x29, 0x29, 0x4A, 0x52, 0x84, 0x21, 0x07, 0x39, 0xCE, 0x73, 0x9C, 0xE7, 0x39, 0xCE,
  0x63, 0x18, 0xC6, 0x31, 0x8C, 0x63, 0x18, 0xA5, 0x29, 0x4A, 0x52, 0x10, 0x84, 0x21, 0x06, 0x31, 0x8C, 0x63, 0x18, 0xC6, 0x31, 0x8C, 0x42, 0x13,
  0x27, 0x49, 0xA4, 0x42, 0x10, 0x84, 0x21, 0x08, 0x42, 0x10, 0x42, 0x10, 0x84, 0x21, 0x08, 0x42, 0x10, 0x84, 0x21, 0x08, 0x42, 0x10, 0x84, 0x21,
  0x08, 0x40, 0x00, 0x00, 0x01, 0x00, 0x02, 0x00, 0x00, 0x00, 0x00, 0x00, 0x00, 0x00, 0x00, 0x18, 0x00, 0x00, 0x00, 0x00, 0x00, 0x00, 0x00, 0x00,
  0x00, 0x00, 0x00, 0x00, 0x00, 0x00, 0x42, 0x00, 0x77, 0x80, 0x00, 0x00, 0x00, 0x20, 0x00, 0x00, 0x00, 0x06, 0x30, 0x80, 0x00, 0x00, 0x00, 0x00,
  0x00, 0x00, 0x00, 0x00, 0x00, 0x84, 0x00, 0x00, 0x00, 0x00, 0x00, 0x01, 0x20, 0x42, 0x10, 0x84, 0x21, 0x08, 0x42, 0x10, 0x84, 0x21, 0x08, 0x42,
  0x10, 0x8D, 0x8C, 0x9B, 0x58, 0x81, 0x08, 0x42, 0x10, 0x84, 0x22, 0x10, 0x43, 0x18, 0xC6, 0x31, 0x8C, 0x63, 0x18, 0xC6, 0x73, 0x9C, 0xE8, 0x42,
  0x12, 0x94, 0xA5, 0x2A, 0x52, 0x94, 0xA5, 0x29, 0x50, 0x84, 0xA5, 0x29, 0x46, 0x31, 0x8C, 0xE7, 0x39, 0xCE, 0x73, 0x9C, 0xE7, 0x4A, 0x4E, 0x73,
  0x9C, 0xE4, 0xA5, 0x29, 0x4A, 0x52, 0x94, 0xA5, 0xAD, 0x6B, 0x63, 0x18, 0xC6, 0x35, 0xAD, 0x6B, 0x5C, 0xE7, 0x3A, 0x10, 0x84, 0x21, 0x08, 0x42,
  0x14, 0xA5, 0x29, 0x4A, 0xD6, 0xB6, 0xB5, 0xAD, 0x6B, 0x63, 0x18, 0xC6, 0x73, 0x9F, 0x77, 0x7B, 0xDE, 0xF9, 0xCE, 0x77, 0xDD, 0xEF, 0xFF, 0xFF,
  0xFF, 0xFF, 0xFF, 0xFF, 0xFF, 0xFF, 0xFF, 0xFF, 0xFF, 0xFF, 0xFF, 0xFF, 0xFF, 0xFF, 0xFF, 0xFF, 0xFF, 0xFF, 0xFF, 0xFF, 0xFF, 0xFF, 0xFF, 0xFF,
  0xFF, 0xFF, 0xFF, 0xEF, 0x79, 0xCE, 0x73, 0x9C, 0xE6, 0xF9, 0x9C, 0xE7, 0x39, 0xC6, 0x71, 0x8C, 0x63, 0x18, 0xB5, 0xAB, 0x5A, 0xD6, 0x94, 0xBD,
  0x29, 0x18, 0xC2, 0x10, 0x84, 0x20, 0xE7, 0x3A, 0x0E, 0x6B, 0x5A, 0xD6, 0x31, 0x8C, 0x85, 0x56, 0xB5, 0xA9, 0x4A, 0x5A, 0x94, 0xA5, 0x29, 0x49,
  0x4A, 0x92, 0x84, 0x21, 0x08, 0x39, 0xD0, 0x83, 0x9C, 0xE7, 0x39, 0xCE, 0x63, 0x18, 0xC6, 0x31, 0x8C, 0x63, 0x18, 0xA5, 0x29, 0x4A, 0x52, 0x10,
  0x84, 0x21, 0x08, 0x31, 0x8C, 0x63, 0x18, 0xC6, 0x31, 0x8C, 0x42, 0x10, 0x99, 0x3A, 0x4D, 0xA3, 0x10, 0x84, 0x21, 0x08, 0x42, 0x10, 0x44, 0x10,
  0x84, 0x21, 0x08, 0x42, 0x10, 0x84, 0x21, 0x08, 0x42, 0x10, 0x84, 0x21, 0x08, 0x42, 0x00, 0x00, 0x01, 0x00, 0x00, 0x00, 0x00, 0x00, 0x00, 0x00,
  0x00, 0x00, 0x03, 0x18, 0x00, 0x00, 0x00, 0x00, 0x00, 0x00, 0x00, 0x00, 0x00, 0x00, 0x00, 0x00, 0x00, 0x68, 0x18, 0x1E, 0xA0, 0x00, 0x00, 0x00,
  0x00, 0x30, 0x00, 0x00, 0x00, 0x00, 0x00, 0x04, 0x00, 0x00, 0x46, 0x31, 0x88, 0x00, 0x00, 0x48, 0x41, 0x00, 0x00, 0x00, 0x00, 0x00, 0x00, 0x25,
  0x08, 0x42, 0x10, 0x84, 0x21, 0x08, 0x42, 0x10, 0x84, 0x21, 0x08, 0x42, 0x23, 0xB1, 0x93, 0x63, 0x08, 0x21, 0x08, 0x42, 0x10, 0x84, 0x21, 0x08,
  0x42, 0x10, 0x84, 0x31, 0x8C, 0x63, 0x18, 0xC6, 0x31, 0x8C, 0x84, 0x21, 0x08, 0x42, 0x10, 0x84, 0x21, 0x4A, 0x52, 0x94, 0xA6, 0x31, 0x8C, 0x63,
  0x18, 0xC6, 0x39, 0xCE, 0x73, 0x9C, 0xE7, 0x43, 0xA7, 0x39, 0xCE, 0xF4, 0xAC, 0xE7, 0x39, 0xCA, 0x4A, 0x52, 0x94, 0xA5, 0xAD, 0x6B, 0x63, 0x18,
  0xC6, 0x35, 0xAD, 0x6B, 0x9C, 0xE7, 0x3A, 0x10, 0x84, 0x21, 0x08, 0x42, 0x94, 0xA5, 0x29, 0x4A, 0xD6, 0xB6, 0xB5, 0xAD, 0xDC, 0x73, 0x18, 0xC6,
  0x73, 0xEF, 0x67, 0x7B, 0xDE, 0xF9, 0xCE, 0x73, 0xDD, 0xEF, 0xFF, 0xFF, 0xFF, 0xFF, 0xFF, 0xFF, 0xFF, 0xFF, 0xFF, 0xFF, 0xFF, 0xFF, 0xFF, 0xFF,
  0xFF, 0xFF, 0xFF, 0xFF, 0xFF, 0xFF, 0xFF, 0xFF, 0xFF, 0xFF, 0xFF, 0xFF, 0xFF, 0xFF, 0xFF, 0xEF, 0x79, 0xDE, 0xF7, 0x9C, 0xE6, 0xF7, 0x9C, 0xE7,
  0x39, 0xCE, 0x31, 0x8C, 0x63, 0x18, 0xB5, 0xAB, 0x5A, 0xD6, 0x94, 0xBD, 0x29, 0x18, 0xC2, 0x10, 0x84, 0x20, 0xE7, 0x39, 0xCE, 0x6B, 0x5A, 0xD6,
  0x31, 0x8C, 0xAC, 0x16, 0xB5, 0xAD, 0x4B, 0x5A, 0x94, 0xA5, 0x29, 0x49, 0x4A, 0x52, 0x94, 0x21, 0x08, 0x39, 0xD0, 0x73, 0x9C, 0xE7, 0x39, 0xCC,
  0x63, 0x18, 0xC6, 0x31, 0x8C, 0x63, 0x18, 0xA5, 0x29, 0x48, 0x52, 0x10, 0x84, 0x21, 0x08, 0x31, 0x8C, 0x63, 0x18, 0xC6, 0x31, 0x8C, 0x62, 0x10,
  0x84, 0xD9, 0xD2, 0x69, 0x10, 0x84, 0x21, 0x08, 0x42, 0x10, 0x82, 0x10, 0x84, 0x21, 0x08, 0x42, 0x10, 0x84, 0x21, 0x08, 0x42, 0x10, 0x84, 0x21,
  0x08, 0x42, 0x10, 0x00, 0x21, 0x08, 0x00, 0x00, 0x00, 0x00, 0x00, 0x00, 0x00, 0x00, 0x64, 0x00, 0x00, 0x00, 0x00, 0x00, 0x00, 0x00, 0x00, 0x00,
  0x00, 0x00, 0x00, 0x00, 0x21, 0x00, 0x1C, 0xC2, 0x00, 0x00, 0x00, 0x00, 0x00, 0x30, 0x00, 0x00, 0x00, 0x00, 0x00, 0x00, 0x00, 0x00, 0x00, 0x00,
  0x00, 0x00, 0x00, 0x00, 0x00, 0x00, 0x00, 0x00, 0x00, 0x00, 0x04, 0xA1, 0x08, 0x42, 0x10, 0x84, 0x21, 0x08, 0x42, 0x10, 0x84, 0x21, 0x08, 0x46,
  0xB6, 0x4D, 0xAC, 0x40, 0x84, 0x21, 0x08, 0x42, 0x10, 0x84, 0x21, 0x08, 0x42, 0x10, 0x86, 0x31, 0x8C, 0x63, 0x18, 0xC6, 0x31, 0x8C, 0x84, 0x21,
  0x08, 0x42, 0x10, 0x84, 0x21, 0x4A, 0x52, 0x94, 0xA6, 0x31, 0x8C, 0x63, 0x18, 0xC6, 0x39, 0xCE, 0x73, 0x9C, 0xE7, 0x3A, 0x10, 0x99, 0x4E, 0x75,
  0x9D, 0x2B, 0x5A, 0x4E, 0x73, 0x9C, 0x96, 0xB5, 0xAD, 0x6B, 0x63, 0x18, 0xC6, 0x35, 0xAD, 0x6B, 0x9C, 0xE7, 0x3A, 0x10, 0x84, 0x21, 0x08, 0x42,
  0x94, 0xA5, 0x29, 0x5A, 0xD6, 0xB6, 0xEF, 0x6D, 0x6E, 0xE3, 0xB8, 0xC6, 0x73, 0xDC, 0xE7, 0xDE, 0xEF, 0x39, 0xCE, 0x73, 0x9D, 0xEF, 0xFF, 0xFF,
  0xFF, 0xFF, 0xFF, 0xFF, 0xFF, 0xFF, 0xFF, 0xFF, 0xFF, 0xFF, 0xFF, 0xFF, 0xFF, 0xFF, 0xFF, 0xFF, 0xFF, 0xFF, 0xFF, 0xFF, 0xFF, 0xFF, 0xFF, 0xFF,
  0xFF, 0xFF, 0xFF, 0xFF, 0x79, 0xDE, 0xF7, 0x9C, 0xE6, 0xF7, 0xBC, 0xE7, 0x99, 0xCE, 0x71, 0x8C, 0x63, 0x18, 0xB5, 0xAB, 0x5A, 0xD6, 0xB4, 0xA5,
  0x29, 0x18, 0xC2, 0x10, 0x84, 0x21, 0x07, 0x46, 0x6E, 0x6B, 0x5A, 0xD6, 0xB1, 0x8D, 0xBA, 0xD6, 0xB5, 0xAD, 0x4A, 0x52, 0x94, 0xA5, 0x29, 0x49,
  0x4A, 0x54, 0x94, 0x21, 0x08, 0x39, 0xD0, 0x83, 0x9C, 0xE7, 0x39, 0xCC, 0x63, 0x18, 0xC6, 0x31, 0x8C, 0x63, 0x18, 0xC5, 0x29, 0x08, 0x42, 0x10,
  0x84, 0x21, 0x08, 0x31, 0x8C, 0x63, 0x18, 0xC6, 0x31, 0x8C, 0x62, 0x18, 0x84, 0x22, 0x3A, 0x91, 0x10, 0x84, 0x21, 0x08, 0x42, 0x10, 0x82, 0x11,
  0x08, 0x21, 0x08, 0x42, 0x10, 0x84, 0x21, 0x08, 0x42, 0x10, 0x84, 0x21, 0x08, 0x42, 0x10, 0x84, 0x21, 0x08, 0x40, 0x00, 0x00, 0x00, 0x00, 0x00,
  0x12, 0x10, 0x20, 0x00, 0x00, 0x00, 0x00, 0x00, 0x00, 0x00, 0x00, 0x00, 0x00, 0x00, 0x00, 0x94, 0x8C, 0x12, 0x90, 0x00, 0x00, 0x00, 0x00, 0x00,
  0x00, 0x00, 0x00, 0x00, 0x00, 0x00, 0x00, 0x00, 0x00, 0x00, 0x00, 0x00, 0x00, 0x00, 0x00, 0x00, 0x00, 0x00, 0x00, 0x00, 0x00, 0x00, 0x04, 0x21,
  0x08, 0x42, 0x10, 0x84, 0x21, 0x08, 0x42, 0x10, 0x84, 0x21, 0x09, 0xD6, 0xC9, 0xB1, 0x84, 0x10, 0x84, 0x21, 0x08, 0x42, 0x10, 0xC4, 0x21, 0x08,
  0x42, 0x10, 0x86, 0x31, 0x8C, 0x63, 0x18, 0xC6, 0x31, 0x8C, 0x84, 0x21, 0x08, 0x42, 0x90, 0x84, 0x21, 0x4A, 0x52, 0x94, 0xC6, 0x31, 0x8C, 0x63,
  0x18, 0xC6, 0x39, 0xCE, 0x73, 0x9C, 0xE7, 0x3A, 0x10, 0x84, 0x25, 0x2A, 0xA4, 0xE7, 0x39, 0xD2, 0xB5, 0x9D, 0x29, 0x48, 0xC5, 0x8B, 0x63, 0x18,
  0xC6, 0xB5, 0xAD, 0x6B, 0x9C, 0xE7, 0x3A, 0x10, 0x84, 0x21, 0x08, 0x42, 0x94, 0xA5, 0x29, 0x5A, 0xD6, 0xB6, 0xB7, 0x2D, 0xCC, 0x63, 0x1D, 0xC6,
  0x73, 0x9C, 0xEF, 0x7D, 0xF7, 0xB9, 0xCE, 0x73, 0x9D, 0xFF, 0xFF, 0xFF, 0xFF, 0xFF, 0xFF, 0xFF, 0xFF, 0xFF, 0xFF, 0xFF, 0xFF, 0xFF, 0xFF, 0xFF,
  0xFF, 0xFF, 0xFF, 0xFF, 0xFF, 0xFF, 0xFF, 0xFF, 0xFF, 0xFF, 0xFF, 0xFF, 0xFF, 0xFF, 0xFF, 0xFF, 0x7B, 0xDE, 0xF7, 0x9C, 0xDE, 0xF7, 0xBC, 0xE7,
  0x99, 0xCE, 0x71, 0x9C, 0x63, 0x18, 0xB5, 0xAD, 0x5A, 0xD6, 0xB4, 0xA5, 0x29, 0x18, 0x42, 0x10, 0x84, 0x21, 0x07, 0x76, 0x8E, 0x6B, 0x5A, 0xD6,
  0xB1, 0xB7, 0x9A, 0xDD, 0xE5, 0xAD, 0x53, 0xEA, 0x94, 0xA5, 0x29, 0x49, 0x4A, 0x92, 0x94, 0x21, 0x28, 0x39, 0xCE, 0x83, 0x9C, 0xE7, 0x39, 0xCC,
  0x63, 0x18, 0xC6, 0x31, 0x8C, 0x63, 0x14, 0xA5, 0x29, 0x08, 0x42, 0x90, 0x84, 0x21, 0x08, 0x41, 0x8C, 0x63, 0x18, 0xC6, 0x31, 0x8C, 0x62, 0x10,
  0x84, 0x21, 0x32, 0x73, 0x20, 0x84, 0x21, 0x08, 0x42, 0x10, 0x84, 0x11, 0x08, 0x41, 0x08, 0x42, 0x10, 0x84, 0x21, 0x08, 0x42, 0x10, 0x84, 0x21,
  0x08, 0x42, 0x10, 0x84, 0x21, 0x08, 0x42, 0x00, 0x00, 0x00, 0x00, 0x00, 0x40, 0x90, 0x20, 0x00, 0x00, 0x00, 0x00, 0x00, 0x00, 0x00, 0x00, 0x00,
  0x00, 0x00, 0xD2, 0x90, 0x0E, 0x43, 0x00, 0x00, 0x00, 0x00, 0x00, 0x00, 0x00, 0x00, 0x00, 0x00, 0x00, 0x00, 0x00, 0x00, 0x00, 0x00, 0x00, 0x00,
  0x00, 0x00, 0x00, 0x00, 0x00, 0x00, 0x00, 0x00, 0x00, 0x00, 0x84, 0x21, 0x08, 0x42, 0x10, 0x84, 0x21, 0x08, 0x42, 0x10, 0x84, 0x23, 0x5A, 0xE6,
  0xC6, 0x10, 0x42, 0x10, 0x84, 0x21, 0x08, 0x42, 0x48, 0xC4, 0x21, 0x08, 0x42, 0x10, 0x86, 0x31, 0x8C, 0x63, 0x18, 0xC6, 0x31, 0x90, 0x84, 0x21,
  0x08, 0x48, 0x10, 0x84, 0x29, 0x4A, 0x52, 0x94, 0xC6, 0x31, 0x8C, 0x63, 0x18, 0xC7, 0x39, 0xCE, 0x73, 0x9C, 0xE7, 0x3A, 0x10, 0x84, 0x25, 0x29,
  0x4A, 0x55, 0x29, 0x4E, 0x73, 0x9D, 0x6B, 0x4A, 0x52, 0x93, 0x8B, 0x58, 0xC6, 0xB5, 0xAD, 0x6B, 0x9C, 0xE7, 0x42, 0x10, 0x84, 0x21, 0x08, 0x42,
  0x94, 0xA5, 0x29, 0x5A, 0xD6, 0xD6, 0xB5, 0xAD, 0x8C, 0x77, 0x18, 0xC6, 0x73, 0x9C, 0xEF, 0x7B, 0xDF, 0xBD, 0xEF, 0x77, 0xBD, 0xFF, 0xFF, 0xFF,
  0xFF, 0xFF, 0xFF, 0xFF, 0xFF, 0xFF, 0xFF, 0xFF, 0xFF, 0xFF, 0xFF, 0xFF, 0xFF, 0xFF, 0xFF, 0xFF, 0xFF, 0xFF, 0xFF, 0xFF, 0xFF, 0xFF, 0xFF, 0xFF,
  0xFF, 0xFF, 0xFF, 0xFF, 0x7B, 0xDE, 0xF7, 0x9C, 0xDE, 0xF7, 0xBC, 0xF3, 0x99, 0xC6, 0x31, 0x8C, 0x63, 0x16, 0xB5, 0xAD, 0x5A, 0xD6, 0x94, 0xA5,
  0x29, 0x08, 0xC2, 0x10, 0x84, 0x21, 0x07, 0x79, 0xCE, 0x6B, 0x5A, 0xD6, 0xB2, 0xB3, 0x63, 0x29, 0x75, 0xAD, 0x5D, 0x9A, 0x94, 0xA5, 0x29, 0x49,
  0x4A, 0x52, 0x94, 0x21, 0x08, 0xD3, 0x0E, 0x74, 0x1C, 0xE7, 0x39, 0xCC, 0x63, 0x98, 0xC6, 0x31, 0x8C, 0x62, 0x94, 0xC5, 0x29, 0x08, 0x52, 0x90,
  0x84, 0x21, 0x08, 0x41, 0x8C, 0x63, 0x18, 0xC6, 0x31, 0x8C, 0x63, 0x10, 0x84, 0x21, 0x32, 0x73, 0x18, 0x84, 0x21, 0x08, 0x42, 0x10, 0x84, 0x21,
  0x08, 0x21, 0x08, 0x42, 0x10, 0x84, 0x21, 0x08, 0x42, 0x10, 0x84, 0x21, 0x08, 0x42, 0x10, 0x84, 0x21, 0x08, 0x42, 0x00, 0x00, 0x00, 0x00, 0x00,
  0x00, 0x84, 0x20, 0x00, 0x00, 0x00, 0x00, 0x00, 0x00, 0x00, 0x00, 0x00, 0x00, 0x4A, 0x40, 0x39, 0xB0, 0x00, 0x00, 0x00, 0x00, 0x00, 0x00, 0x00,
  0x00, 0x00, 0x00, 0x00, 0x00, 0x00, 0x00, 0x00, 0x00, 0x00, 0x00, 0x00, 0x00, 0x00, 0x00, 0x00, 0x00, 0x00, 0x00, 0x00, 0x08, 0x10, 0x84, 0x21,
  0x08, 0x42, 0x10, 0x84, 0x21, 0x08, 0x42, 0x10, 0x8D, 0x6B, 0x9C, 0xD6, 0x71, 0x04, 0x42, 0x10, 0x84, 0x21, 0x08, 0x49, 0x10, 0x84, 0x21, 0x08,
  0x42, 0x10, 0xC6, 0x31, 0x8C, 0x63, 0x18, 0xC6, 0x31, 0x90, 0x84, 0x21, 0x08, 0x48, 0x10, 0x84, 0x29, 0x4A, 0x52, 0x94, 0xC6, 0x31, 0x8C, 0x63,
  0x18, 0xC7, 0x39, 0xCE, 0x73, 0x9C, 0xE7, 0x42, 0x10, 0x84, 0x25, 0x29, 0x4A, 0x54, 0xA5, 0x29, 0x52, 0x9D, 0x29, 0x4A, 0x5E, 0xF4, 0xA5, 0x29,
  0x39, 0xB9, 0xAD, 0x6B, 0x9C, 0xE7, 0x42, 0x10, 0x84, 0x21, 0x08, 0x42, 0x94, 0xA5, 0x29, 0x5A, 0xD7, 0xB6, 0xB5, 0xBB, 0x6C, 0x63, 0xBD, 0xEE,
  0x73, 0xCC, 0xEF, 0x7B, 0xDF, 0x3B, 0xEF, 0x7B, 0xDE, 0xFF, 0xFF, 0xFF, 0xFF, 0xFF, 0xFF, 0xFF, 0xFF, 0xFF, 0xFF, 0xFF, 0xFF, 0xFF, 0xFF, 0xFF,
  0xFF, 0xFF, 0xFF, 0xFF, 0xFF, 0xFF, 0xFF, 0xFF, 0xFF, 0xFF, 0xFF, 0xFF, 0xFF, 0xFF, 0xFF, 0xFF, 0x7B, 0xCE, 0x73, 0x9C, 0xDE, 0xF7, 0xBE, 0x73,
  0x99, 0xCE, 0x71, 0x8C, 0x5A, 0xD6, 0xC5, 0xAD, 0x5A, 0xD6, 0x95, 0xA5, 0x2F, 0x48, 0x42, 0x10, 0x84, 0xFD, 0xE9, 0xF9, 0xCE, 0xF3, 0x5A, 0xDF,
  0x32, 0x6C, 0x63, 0x3B, 0x15, 0xAD, 0x5E, 0x52, 0x95, 0xEF, 0x53, 0xAA, 0x4F, 0x92, 0x94, 0x79, 0x1D, 0xF7, 0xA8, 0x74, 0x1C, 0xE7, 0x39, 0xCC,
  0x63, 0x18, 0xC6, 0x31, 0x8C, 0x62, 0x98, 0xC5, 0x29, 0x0A, 0x52, 0x94, 0x84, 0x21, 0x08, 0x41, 0x8C, 0x63, 0x18, 0xC6, 0x31, 0x8C, 0x63, 0x18,
  0xC4, 0x22, 0x4E, 0xB1, 0x10, 0x84, 0x21, 0x08, 0x42, 0x10, 0x84, 0x21, 0x08, 0x41, 0x08, 0x42, 0x10, 0x84, 0x21, 0x08, 0x42, 0x20, 0x84, 0x21,
  0x08, 0x42, 0x10, 0x84, 0x21, 0x00, 0x00, 0x00, 0x00, 0x00, 0x00, 0x00, 0x00, 0x08, 0x60, 0x00, 0x00, 0x00, 0x00, 0x00, 0x00, 0x00, 0x00, 0x01,
  0x29, 0x10, 0xE6, 0x90, 0x00, 0x00, 0x00, 0x00, 0x00, 0x00, 0x00, 0x00, 0x00, 0x00, 0x00, 0x00, 0x00, 0x00, 0x00, 0x00, 0x00, 0x00, 0x00, 0x00,
  0x00, 0x00, 0x00, 0x00, 0x00, 0x00, 0x00, 0x01, 0x02, 0x10, 0x84, 0x21, 0x08, 0x42, 0x10, 0x84, 0x21, 0x08, 0x42, 0x13, 0xAD, 0x71, 0x5A, 0xC6,
  0x10, 0x88, 0x42, 0x10, 0x84, 0x21, 0x08, 0x63, 0x10, 0x84, 0x21, 0x08, 0x42, 0x10, 0xC6, 0x31, 0x8C, 0x63, 0x18, 0xC6, 0x31, 0x90, 0x84, 0x21,
  0x08, 0x48, 0x10, 0x84, 0x29, 0x4A, 0x52, 0x98, 0xC6, 0x31, 0x8C, 0x63, 0x18, 0xC7, 0x39, 0xCE, 0x73, 0x9C, 0xE7, 0x42, 0x10, 0x84, 0x25, 0x29,
  0x4A, 0x94, 0xA8, 0x29, 0x4A, 0x52, 0xE3, 0x1A, 0x52, 0x94, 0xBD, 0xE9, 0x4A, 0x52, 0x73, 0x73, 0x9C, 0xE7, 0x42, 0x10, 0x84, 0x21, 0x08, 0x52,
  0x94, 0xA5, 0x29, 0x5A, 0xF6, 0xD6, 0xB5, 0xBB, 0x6C, 0x63, 0x18, 0xCF, 0x7B, 0x9C, 0xEF, 0x7B, 0xDF, 0x39, 0xCE, 0x73, 0xBE, 0xFF, 0xFF, 0xFF,
  0xFF, 0xFF, 0xFF, 0xFF, 0xFF, 0xFF, 0xFF, 0xFF, 0xFF, 0xFF, 0xFF, 0xFF, 0xFF, 0xFF, 0xFF, 0xFF, 0xFF, 0xFF, 0xFF, 0xFF, 0xFF, 0xFF, 0xFF, 0xFF,
  0xFF, 0xFF, 0xFF, 0xFF, 0x7B, 0xCE, 0x73, 0x9C, 0xDE, 0xF9, 0xCE, 0x73, 0x9C, 0xCE, 0x73, 0x8C, 0x5A, 0xD8, 0xC5, 0xAD, 0x5A, 0xD6, 0xB4, 0xA5,
  0x29, 0x48, 0x42, 0x10, 0x87, 0xA1, 0x0F, 0x79, 0xCE, 0xF3, 0x5B, 0x0F, 0x31, 0x8C, 0x63, 0x3D, 0x49, 0xCE, 0x7E, 0x52, 0xBD, 0x05, 0x57, 0xCA,
  0x4F, 0x92, 0x94, 0xF5, 0x08, 0xF1, 0xCE, 0x73, 0x9C, 0xE7, 0x39, 0xCC, 0x63, 0x18, 0xC6, 0x31, 0x8C, 0x63, 0x18, 0xA5, 0x29, 0x4A, 0x52, 0x94,
  0x84, 0x21, 0x08, 0x42, 0x0C, 0x63, 0x18, 0xC6, 0x31, 0x8C, 0x63, 0x18, 0xC4, 0x48, 0xD2, 0x69, 0x10, 0x84, 0x21, 0x08, 0x42, 0x10, 0x84, 0x20,
  0x84, 0x41, 0x08, 0x42, 0x10, 0x84, 0x21, 0x08, 0x42, 0x21, 0x04, 0x21, 0x08, 0x42, 0x10, 0x84, 0x21, 0x00, 0x00, 0x00, 0x00, 0x00, 0x00, 0x00,
  0x00, 0x00, 0xA2, 0x00, 0x00, 0x00, 0x00, 0x00, 0x00, 0x00, 0x00, 0x25, 0x20, 0x44, 0x80, 0x00, 0x00, 0x00, 0x00, 0x00, 0x00, 0x00, 0x00, 0x00,
  0x02, 0x10, 0x00, 0x00, 0x00, 0x00, 0x00, 0x00, 0x00, 0x00, 0x00, 0x00, 0x00, 0x00, 0x00, 0x00, 0x00, 0x00, 0x00, 0x28, 0x42, 0x10, 0x84, 0x21,
  0x08, 0x42, 0x10, 0x84, 0x21, 0x08, 0x46, 0xA5, 0xC5, 0x8B, 0x38, 0x82, 0x10, 0x88, 0x42, 0x10, 0x84, 0x21, 0x08, 0x42, 0x10, 0x84, 0x21, 0x08,
  0x42, 0x10, 0xC6, 0x31, 0x8C, 0x63, 0x18, 0xC6, 0x32, 0x10, 0x84, 0x21, 0x08, 0x44, 0x90, 0x85, 0x29, 0x4A, 0x52, 0x98, 0xC6, 0x31, 0x8C, 0x63,
  0x18, 0xC7, 0x39, 0xCE, 0x73, 0x9C, 0xE7, 0x42, 0x10, 0x84, 0xA5, 0x29, 0x4A, 0x94, 0xA5, 0x4D, 0xAA, 0x52, 0x96, 0xB5, 0xB2, 0x33, 0xA5, 0x29,
  0x4C, 0xE6, 0x94, 0xA5, 0x27, 0x38, 0x42, 0x10, 0x84, 0x21, 0x08, 0x52, 0x94, 0xA5, 0x2B, 0x5A, 0xF6, 0xD6, 0xB5, 0xBB, 0xCC, 0x63, 0x18, 0xCE,
  0x73, 0x9C, 0xEF, 0x7B, 0xDF, 0x39, 0xCE, 0x73, 0xBD, 0xFF, 0xFF, 0xFF, 0xFF, 0xFF, 0xFF, 0xFF, 0xFF, 0xFF, 0xFF, 0xFF, 0xFF, 0xFF, 0xFF, 0xFF,
  0xFF, 0xFF, 0xFF, 0xFF, 0xFF, 0xFF, 0xFF, 0xFF, 0xFF, 0xFF, 0xFF, 0xFF, 0xFF, 0xFF, 0xFF, 0xFF, 0x7B, 0xCE, 0x73, 0x9C, 0xE7, 0x39, 0xCE, 0x73,
  0x9C, 0xCE, 0x73, 0x9C, 0x62, 0xD6, 0xB5, 0xAD, 0x5A, 0xD6, 0xB4, 0xA5, 0x69, 0x48, 0x42, 0x10, 0xEE, 0xA1, 0x0D, 0x69, 0xD4, 0xEB, 0x5B, 0x4C,
  0xB5, 0x8C, 0x63, 0x3D, 0x7B, 0xDF, 0xBE, 0x54, 0xBA, 0xA5, 0x4F, 0xAA, 0x8F, 0x52, 0x9A, 0x51, 0x11, 0xE9, 0xCE, 0x73, 0x9C, 0xE7, 0x39, 0xCE,
  0x63, 0x98, 0xC6, 0x31, 0x8C, 0x63, 0x14, 0xA5, 0x29, 0x4A, 0x52, 0x90, 0x84, 0x21, 0x08, 0x42, 0x0C, 0x63, 0x18, 0xC6, 0x31, 0x8C, 0x63, 0x18,
  0x85, 0x09, 0xCD, 0x22, 0x10, 0x84, 0x21, 0x08, 0x42, 0x10, 0x84, 0x21, 0x04, 0x21, 0x10, 0x82, 0x10, 0x84, 0x21, 0x08, 0x44, 0x21, 0x04, 0x21,
  0x08, 0x42, 0x10, 0x84, 0x21, 0x08, 0x00, 0x00, 0x00, 0x00, 0x00, 0x00, 0x00, 0x00, 0x43, 0x00, 0x00, 0x00, 0x00, 0x00, 0x00, 0x00, 0x24, 0xA4,
  0x0A, 0x60, 0x00, 0x00, 0x00, 0x00, 0x00, 0x00, 0x00, 0x00, 0x00, 0x00, 0x02, 0x10, 0x00, 0x00, 0x00, 0x00, 0x00, 0x00, 0x00, 0x00, 0x00, 0x00,
  0x00, 0x00, 0x00, 0x00, 0x00, 0x00, 0x00, 0x08, 0x42, 0x10, 0x84, 0x21, 0x08, 0x42, 0x10, 0x84, 0x21, 0x09, 0xD4, 0xC8, 0xAD, 0x63, 0x08, 0x42,
  0x11, 0x08, 0x42, 0x10, 0x84, 0x21, 0x08, 0x42, 0x10, 0x84, 0x21, 0x08, 0x42, 0x18, 0xC6, 0x31, 0x8C, 0x63, 0x18, 0xC6, 0x32, 0x10, 0x84, 0x21,
  0x08, 0x42, 0x10, 0x85, 0x29, 0x4A, 0x52, 0x98, 0xC6, 0x31, 0x8C, 0x63, 0x18, 0xE7, 0x39, 0xCE, 0x73, 0x9C, 0xE7, 0x42, 0x10, 0x84, 0xA5, 0x29,
  0x4A, 0x94, 0xA5, 0x2A, 0x70, 0x52, 0x96, 0xB5, 0xAD, 0x6C, 0x6C, 0x63, 0x4A, 0x52, 0x9A, 0xD5, 0x29, 0x4A, 0x4E, 0x70, 0x84, 0x21, 0x08, 0x52,
  0x94, 0xA5, 0x2B, 0x5C, 0xE6, 0xD6, 0xB5, 0xB1, 0xDC, 0x63, 0xFE, 0xCE, 0x73, 0xEF, 0xEF, 0x7B, 0xE7, 0x39, 0xDE, 0x73, 0xBD, 0xFF, 0xFF, 0xFF,
  0xFF, 0xFF, 0xFF, 0xFF, 0xFF, 0xFF, 0xFF, 0xFF, 0xFF, 0xFF, 0xFF, 0xFF, 0xFF, 0xFF, 0xFF, 0xFF, 0xFF, 0xFF, 0xFF, 0xFF, 0xFF, 0xFF, 0xFF, 0xFF,
  0xFF, 0xFF, 0xFF, 0xFF, 0xFB, 0xDE, 0x73, 0x9C, 0xE7, 0x39, 0xCE, 0x73, 0x9C, 0xCE, 0x73, 0x9C, 0x62, 0xD6, 0xB5, 0xAD, 0x5A, 0xD6, 0xB4, 0xA5,
  0x69, 0x48, 0x46, 0x10, 0xF4, 0x61, 0x0F, 0x4D, 0xDD, 0xA3, 0x5B, 0xE8, 0xCD, 0x8C, 0x64, 0xFA, 0xB5, 0xAE, 0x94, 0x57, 0x66, 0xA5, 0x56, 0x8A,
  0xEC, 0xD2, 0x9E, 0xC9, 0x14, 0x9A, 0x0F, 0xEF, 0x4C, 0xE7, 0x39, 0xCE, 0x63, 0x9C, 0xE6, 0x31, 0x8C, 0x63, 0x18, 0xA6, 0x31, 0x4A, 0x52, 0x94,
  0xA4, 0x21, 0x88, 0x42, 0x0C, 0x63, 0x18, 0xC6, 0x31, 0x8C, 0x63, 0x18, 0x9B, 0x39, 0xA4, 0x42, 0x10, 0x84, 0x21, 0x08, 0x42, 0x10, 0x84, 0x21,
  0x08, 0x42, 0x08, 0x82, 0x10, 0x84, 0x21, 0x08, 0x42, 0x10, 0x88, 0x41, 0x08, 0x42, 0x10, 0x84, 0x21, 0x08, 0x40, 0x00, 0x00, 0x00, 0x00, 0x00,
  0x00, 0x08, 0xA2, 0x00, 0x00, 0x00, 0x00, 0x00, 0x00, 0x06, 0x91, 0x00, 0x32, 0x00, 0x00, 0x00, 0x00, 0x00, 0x00, 0x00, 0x00, 0x00, 0x00, 0x00,
  0x02, 0x10, 0x00, 0x00, 0x00, 0x00, 0x00, 0x00, 0x00, 0x00, 0x00, 0x00, 0x00, 0x00, 0x00, 0x00, 0x00, 0x00, 0x01, 0x08, 0x42, 0x10, 0x84, 0x21,
  0x08, 0x42, 0x10, 0x84, 0x23, 0x52, 0xA2, 0xB5, 0x9C, 0x21, 0x08, 0x42, 0x11, 0x08, 0x42, 0x10, 0x84, 0x21, 0x08, 0x42, 0x10, 0x84, 0x21, 0x08,
  0x42, 0x18, 0xC6, 0x31, 0x8C, 0x63, 0x18, 0xC6, 0x32, 0x10, 0x84, 0x21, 0x08, 0x42, 0x10, 0x85, 0x29, 0x4A, 0x53, 0x18, 0xC6, 0x31, 0x8C, 0x63,
  0x18, 0xE7, 0x39, 0xCE, 0x73, 0x9C, 0xE8, 0x42, 0x10, 0x84, 0xA5, 0x29, 0x4A, 0x94, 0xA5, 0x29, 0x4A, 0x52, 0x96, 0xB5, 0xAD, 0x8C, 0x63, 0x18,
  0xD7, 0x4E, 0x74, 0xA5, 0x29, 0xAD, 0x52, 0x94, 0xA4, 0xE7, 0x18, 0x52, 0x94, 0xA5, 0x2B, 0x5A, 0xD6, 0xD6, 0xB5, 0xAD, 0x8C, 0x63, 0xDE, 0xCE,
  0x73, 0xEF, 0x6F, 0x7B, 0xEF, 0xB9, 0xCE, 0x77, 0xBF, 0xFF, 0xFF, 0xFF, 0xFF, 0xFF, 0xFF, 0xFF, 0xFF, 0xFF, 0xFF, 0xFF, 0xFF, 0xFF, 0xFF, 0xFF,
  0xFF, 0xFF, 0xFF, 0xFF, 0xFF, 0xFF, 0xFF, 0xFF, 0xFF, 0xFF, 0xFF, 0xFF, 0xFF, 0xFF, 0xFF, 0xFF, 0xFB, 0xDE, 0x73, 0x9C, 0xE7, 0x39, 0xCE, 0x73,
  0x9C, 0xCE, 0x73, 0x9C, 0x62, 0xD6, 0xB5, 0xAD, 0x6A, 0xD6, 0xB4, 0xA5, 0x29, 0x48, 0x46, 0x10, 0xF4, 0x21, 0x0F, 0x39, 0xDE, 0x73, 0x9B, 0xE6,
  0xCD, 0x8C, 0x65, 0xE8, 0xB5, 0xAF, 0xAE, 0x57, 0x5A, 0xA5, 0x79, 0x8A, 0xF2, 0x92, 0x9F, 0x21, 0x1E, 0x42, 0x0E, 0x73, 0x9C, 0xE7, 0x39, 0xCE,
  0x63, 0x9C, 0xE6, 0x31, 0x8C, 0x63, 0x14, 0xC6, 0x31, 0x4A, 0x52, 0x94, 0xA4, 0x21, 0x08, 0x42, 0x10, 0x63, 0x18, 0xC6, 0x31, 0x8C, 0x63, 0x1A,
  0x27, 0x47, 0x0C, 0x42, 0x10, 0x84, 0x21, 0x08, 0x42, 0x10, 0x84, 0x21, 0x08, 0x21, 0x08, 0x44, 0x10, 0x84, 0x21, 0x08, 0x42, 0x11, 0x08, 0x41,
  0x08, 0x42, 0x10, 0x84, 0x21, 0x08, 0x42, 0x00, 0x00, 0x00, 0x00, 0x00, 0x00, 0x00, 0x00, 0x00, 0x00, 0x00, 0x00, 0x00, 0x02, 0x52, 0x00, 0x02,
  0x60, 0x00, 0x00, 0x00, 0x00, 0x00, 0x00, 0x00, 0x00, 0x00, 0x00, 0x00, 0x02, 0x00, 0x00, 0x00, 0x00, 0x00, 0x00, 0x00, 0x00, 0x00, 0x00, 0x00,
  0x00, 0x00, 0x00, 0x00, 0x00, 0x80, 0x21, 0x08, 0x42, 0x10, 0x84, 0x21, 0x08, 0x42, 0x10, 0x84, 0xCA, 0x8C, 0x56, 0xB1, 0x84, 0x21, 0x08, 0x42,
  0x21, 0x08, 0x42, 0x10, 0x84, 0xC1, 0x08, 0x42, 0x10, 0x84, 0x21, 0x08, 0x43, 0x18, 0xC6, 0x31, 0x8C, 0x63, 0x18, 0xC6, 0x42, 0x10, 0x84, 0x21,
  0x08, 0x42, 0x10, 0xA5, 0x29, 0x4A, 0x53, 0x18, 0xC6, 0x31, 0x8C, 0x63, 0x18, 0xE7, 0x39, 0xCE, 0x73, 0x9C, 0xE8, 0x42, 0x10, 0x84, 0xA5, 0x29,
  0x52, 0x94, 0xA5, 0x29, 0x4A, 0x52, 0x96, 0xB5, 0xAD, 0x8C, 0x63, 0x18, 0xD6, 0xB5, 0xAE, 0x9C, 0xE9, 0x4A, 0x53, 0x5A, 0xAD, 0x29, 0x4A, 0x72,
  0xB4, 0xA5, 0x2B, 0x5A, 0xDA, 0xD6, 0xB5, 0xAD, 0x8C, 0x63, 0xDE, 0xCE, 0x73, 0xEF, 0x6F, 0x7E, 0xF7, 0xBD, 0xCE, 0x7F, 0xDF, 0xFF, 0xFF, 0xFF,
  0xFF, 0xFF, 0xFF, 0xFF, 0xFF, 0xFF, 0xFF, 0xFF, 0xFF, 0xFF, 0xFF, 0xFF, 0xFF, 0xFF, 0xFF, 0xFF, 0xFF, 0xFF, 0xFF, 0xFF, 0xFF, 0xFF, 0xFF, 0xFF,
  0xFF, 0xFF, 0xFF, 0xFF, 0xFB, 0xDE, 0x73, 0x9C, 0xE7, 0x39, 0xCE, 0x73, 0x9C, 0xCE, 0x71, 0x8C, 0x62, 0xD6, 0xB5, 0xAD, 0x6A, 0xD6, 0xB4, 0xA5,
  0x29, 0x4A, 0x46, 0x30, 0xF7, 0x63, 0xDF, 0x39, 0xDE, 0xA4, 0xFB, 0xE6, 0xCD, 0x8D, 0x67, 0xA0, 0xB5, 0xAF, 0xCB, 0x55, 0x7A, 0xDE, 0xF9, 0x4A,
  0xF5, 0x5D, 0xDF, 0x25, 0x1E, 0x9A, 0x0E, 0x84, 0x20, 0xE7, 0x39, 0xCE, 0x73, 0x9C, 0xE7, 0x31, 0x8C, 0x63, 0x18, 0xA5, 0x31, 0x4A, 0x52, 0x94,
  0x84, 0x21, 0x08, 0x42, 0x10, 0x63, 0x18, 0xC6, 0x31, 0x8C, 0x63, 0x1C, 0x69, 0x31, 0x88, 0x42, 0x10, 0x84, 0x21, 0x08, 0x42, 0x10, 0x84, 0x21,
  0x08, 0x41, 0x08, 0x84, 0x10, 0x84, 0x21, 0x08, 0x42, 0x10, 0x84, 0x21, 0x10, 0x42, 0x10, 0x84, 0x21, 0x08, 0x42, 0x10, 0x00, 0x00, 0x00, 0x00,
  0x00, 0x00, 0x00, 0x00, 0x00, 0x00, 0x00, 0x00, 0x52, 0x40, 0x00, 0x4C, 0x40, 0x00, 0x00, 0x00, 0x80, 0x00, 0x00, 0x00, 0x00, 0x00, 0x00, 0x00,
  0x00, 0x00, 0x00, 0x00, 0x00, 0x00, 0x00, 0x00, 0x00, 0x00, 0x00, 0x00, 0x00, 0x00, 0x00, 0x00, 0x12, 0x84, 0x21, 0x08, 0x42, 0x10, 0x84, 0x21,
  0x08, 0x42, 0x13, 0x29, 0x51, 0x52, 0xC6, 0x10, 0x84, 0x21, 0x08, 0x44, 0x21, 0x08, 0x42, 0x10, 0x96, 0x21, 0x08, 0x42, 0x10, 0x84, 0x21, 0x08,
  0x43, 0x18, 0xC6, 0x31, 0x8C, 0x63, 0x18, 0xC6, 0x42, 0x10, 0x84, 0x21, 0x08, 0x62, 0x10, 0xA5, 0x29, 0x4A, 0x53, 0x18, 0xC6, 0x31, 0x8C, 0x63,
  0x1C, 0xE7, 0x39, 0xCE, 0x73, 0x9C, 0xE8, 0x42, 0x10, 0x94, 0xA5, 0x29, 0x52, 0x94, 0xA5, 0x29, 0x4A, 0x52, 0xDC, 0xE5, 0xAD, 0x8C, 0x63, 0x18,
  0xD6, 0xB5, 0xAE, 0x73, 0x9D, 0x09, 0xCE, 0x94, 0xA5, 0x7B, 0xDF, 0x77, 0xDE, 0xEF, 0x6B, 0x5A, 0xDA, 0xD6, 0xB5, 0xAD, 0x8C, 0x63, 0xDD, 0xF6,
  0x7D, 0x9F, 0x6F, 0xBE, 0xE7, 0x3D, 0xEE, 0x7F, 0xBF, 0xFF, 0xFF, 0xFF, 0xFF, 0xFF, 0xFF, 0xFF, 0xFF, 0xFF, 0xFF, 0xFF, 0xFF, 0xFF, 0xFF, 0xFF,
  0xFF, 0xFF, 0xFF, 0xFF, 0xFF, 0xFF, 0xFF, 0xFF, 0xFF, 0xFF, 0xFF, 0xFF, 0xFF, 0xFF, 0xFF, 0xFF, 0xFB, 0xDE, 0x73, 0x9C, 0xE7, 0x39, 0xCE, 0x73,
  0x9C, 0xE6, 0x71, 0x8C, 0x62, 0xD6, 0xC5, 0xAD, 0x6A, 0xD6, 0xB5, 0xA5, 0x2B, 0x4A, 0x46, 0x10, 0x87, 0x6B, 0x0A, 0x39, 0xCE, 0xED, 0x1B, 0x36,
  0xCD, 0xAD, 0x65, 0x18, 0xB5, 0xAE, 0x8B, 0x52, 0xAB, 0x55, 0x4D, 0x4A, 0x57, 0x66, 0x99, 0xA5, 0x08, 0xD4, 0x90, 0x84, 0x21, 0x07, 0x39, 0xCE,
  0x73, 0x9C, 0xE7, 0x31, 0x8C, 0x63, 0x18, 0xC5, 0x31, 0x8A, 0x52, 0x94, 0x84, 0x21, 0x08, 0x42, 0x10, 0x83, 0x18, 0xC6, 0x31, 0x8C, 0x63, 0x1C,
  0x6A, 0xE1, 0x08, 0x42, 0x10, 0x84, 0x21, 0x08, 0x42, 0x10, 0x84, 0x21, 0x08, 0x41, 0x10, 0x84, 0x20, 0x84, 0x21, 0x08, 0x42, 0x10, 0x84, 0x21,
  0x10, 0x42, 0x10, 0x84, 0x21, 0x08, 0x42, 0x10, 0x80, 0x00, 0x00, 0xC0, 0x09, 0xFB, 0xDE, 0x50, 0x26, 0x20, 0x00, 0x00, 0x10, 0x00, 0x00, 0x04,
  0x00, 0x00, 0x00, 0x0B, 0x84, 0x00, 0x00, 0x00, 0x00, 0x00, 0x00, 0x00, 0x00, 0x00, 0x00, 0x00, 0x00, 0x00, 0x00, 0x00, 0x00, 0x00, 0x00, 0x00,
  0x00, 0x00, 0x00, 0x04, 0x40, 0x84, 0x21, 0x08, 0x42, 0x10, 0x84, 0x21, 0x08, 0x46, 0xA5, 0x45, 0x8A, 0x38, 0x42, 0x10, 0x84, 0x21, 0x08, 0x44,
  0x21, 0x08, 0x42, 0x11, 0x04, 0x21, 0x08, 0x42, 0x10, 0x84, 0x21, 0x08, 0x63, 0x18, 0xC6, 0x31, 0x8C, 0x63, 0x18, 0xC8, 0x42, 0x10, 0x84, 0x21,
  0x0C, 0x92, 0x14, 0xA5, 0x29, 0x4A, 0x63, 0x18, 0xC6, 0x31, 0x8C, 0x63, 0x1C, 0xE7, 0x39, 0xCE, 0x73, 0x9D, 0x08, 0x42, 0x10, 0x94, 0xA5, 0x29,
  0x52, 0x94, 0xA5, 0x29, 0x4A, 0x52, 0xD7, 0x38, 0xAD, 0x8C, 0x63, 0x1A, 0xD6, 0xB5, 0xAE, 0x73, 0x9C, 0xE8, 0x42, 0x13, 0x9D, 0x29, 0x4E, 0xFB,
  0xDE, 0xF7, 0xBD, 0xDA, 0xDA, 0xD6, 0xB5, 0xAD, 0x8C, 0x63, 0xD9, 0xF6, 0x7D, 0x9F, 0x6F, 0xDE, 0xE7, 0x3D, 0xEE, 0x7F, 0xBF, 0xFF, 0xFF, 0xFF,
  0xFF, 0xFF, 0xFF, 0xFF, 0xFF, 0xFF, 0xFF, 0xFF, 0xFF, 0xFF, 0xFF, 0xFF, 0xFF, 0xFF, 0xFF, 0xFF, 0xFF, 0xFF, 0xFF, 0xFF, 0xFF, 0xFF, 0xFF, 0xFF,
  0xFF, 0xFF, 0xFF, 0xFF, 0xFB, 0xDE, 0x73, 0x9D, 0xE7, 0x39, 0xCE, 0x73, 0x9C, 0xE6, 0x71, 0x8C, 0x63, 0x16, 0xC5, 0xAD, 0x6A, 0xD6, 0xB5, 0xA5,
  0x69, 0x4A, 0x46, 0x10, 0x84, 0x21, 0x08, 0x42, 0x0E, 0x73, 0x9A, 0xD9, 0xB9, 0xAD, 0x63, 0x18, 0xC5, 0xAD, 0x6B, 0x52, 0x94, 0xA5, 0x29, 0x4A,
  0x52, 0x92, 0x94, 0xA5, 0x28, 0x42, 0x10, 0x84, 0x20, 0xE7, 0x39, 0xCE, 0x73, 0x9C, 0xE7, 0x31, 0x8C, 0x63, 0x18, 0xC5, 0x31, 0x8A, 0x52, 0x10,
  0x84, 0x21, 0x08, 0x42, 0x10, 0x83, 0x18, 0xC6, 0x31, 0x8C, 0x63, 0x64, 0xE6, 0xA1, 0x08, 0x42, 0x10, 0x84, 0x21, 0x08, 0x42, 0x10, 0x84, 0x21,
  0x08, 0x42, 0x10, 0x84, 0x21, 0x04, 0x21, 0x08, 0x42, 0x10, 0x84, 0x21, 0x10, 0x42, 0x10, 0x84, 0x21, 0x08, 0x42, 0x10, 0x84, 0x00, 0x10, 0x81,
  0x3E, 0x80, 0x00, 0x00, 0x26, 0x40, 0x00, 0x21, 0x00, 0x00, 0x00, 0x80, 0x00, 0x00, 0x00, 0x0A, 0x80, 0x00, 0x00, 0x00, 0x00, 0x00, 0x00, 0x00,
  0x00, 0x00, 0x00, 0x00, 0x00, 0x00, 0x00, 0x00, 0x00, 0x00, 0x00, 0x00, 0x00, 0x00, 0x00, 0x04, 0x10, 0x84, 0x21, 0x08, 0x42, 0x10, 0x84, 0x21,
  0x09, 0x94, 0xC8, 0xA9, 0x43, 0x08, 0x42, 0x10, 0x84, 0x21, 0x08, 0x84, 0x21, 0x08, 0x42, 0x10, 0x84, 0x21, 0x08, 0x42, 0x10, 0x84, 0x21, 0x08,
  0x63, 0x18, 0xC6, 0x31, 0x8C, 0x63, 0x18, 0xC8, 0x42, 0x10, 0x84, 0x21, 0x1A, 0x42, 0x14, 0xA5, 0x29, 0x4A, 0x63, 0x18, 0xC6, 0x31, 0x8C, 0x63,
  0x1C, 0xE7, 0x39, 0xCE, 0x73, 0x9D, 0x08, 0x42, 0x10, 0x94, 0xA5, 0x2A, 0x52, 0x94, 0xA5, 0x29, 0x4A, 0x52, 0xD6, 0xB7, 0x4D, 0x8C, 0x63, 0x1A,
  0xD6, 0xB5, 0xAE, 0x73, 0x9D, 0x08, 0x42, 0x10, 0x84, 0x23, 0x3E, 0xF7, 0xDE, 0xF7, 0xBD, 0xEA, 0xDA, 0xD6, 0xB5, 0xB1, 0xDC, 0x63, 0xD9, 0xF7,
  0xBD, 0x9F, 0x6F, 0x7E, 0xE7, 0x3D, 0xEE, 0x7F, 0xBF, 0xFF, 0xFF, 0xFF, 0xFF, 0xFF, 0xFF, 0xFF, 0xFF, 0xFF, 0xFF, 0xFF, 0xFF, 0xFF, 0xFF, 0xFF,
  0xFF, 0xFF, 0xFF, 0xFF, 0xFF, 0xFF, 0xFF, 0xFF, 0xFF, 0xFF, 0xFF, 0xFF, 0xFF, 0xFF, 0xFF, 0xFF, 0xFB, 0xDE, 0x73, 0x9D, 0xE7, 0x39, 0xCE, 0x73,
  0x9C, 0xCE, 0x71, 0x8C, 0x63, 0x16, 0xB6, 0x2D, 0x6B, 0x56, 0xB5, 0xA5, 0x29, 0x4A, 0x42, 0x10, 0x84, 0x21, 0x08, 0x42, 0x10, 0x84, 0x1C, 0xEE,
  0xB5, 0xAD, 0x6B, 0x18, 0xC8, 0x2D, 0x6C, 0x52, 0xD6, 0xB5, 0x29, 0x4A, 0x52, 0x94, 0xA5, 0x29, 0x29, 0x4A, 0x50, 0x84, 0x1C, 0xE7, 0x39, 0xCE,
  0x73, 0x98, 0xC6, 0x39, 0x8C, 0x63, 0x18, 0xA5, 0x31, 0x8A, 0x52, 0x14, 0x84, 0x21, 0x08, 0x42, 0x10, 0x84, 0x18, 0xC6, 0x31, 0x8C, 0x66, 0x9D,
  0x22, 0x51, 0x08, 0x63, 0x10, 0x84, 0x21, 0x08, 0x42, 0x10, 0x84, 0x21, 0x08, 0x42, 0x10, 0x84, 0x10, 0x88, 0x21, 0x08, 0x42, 0x10, 0x84, 0x21,
  0x08, 0x42, 0x10, 0x84, 0x21, 0x08, 0x42, 0x10, 0x84, 0x20, 0x10, 0x01, 0xE0, 0x00, 0x00, 0x00, 0x26, 0x30, 0x4E, 0x94, 0xB8, 0x0F, 0xEA, 0x4F,
  0xC0, 0x07, 0xA7, 0x4F, 0x00, 0x00, 0x00, 0x00, 0x00, 0x00, 0x00, 0x00, 0x00, 0x00, 0x00, 0x00, 0x00, 0x00, 0x00, 0x00, 0x00, 0x00, 0x00, 0x00,
  0x00, 0x00, 0x00, 0x02, 0x10, 0x84, 0x21, 0x08, 0x42, 0x10, 0x84, 0x23, 0x52, 0xA2, 0xA5, 0x1C, 0x21, 0x08, 0x42, 0x10, 0x84, 0x21, 0x10, 0x84,
  0x21, 0x08, 0x42, 0x10, 0x84, 0x21, 0x08, 0x42, 0x10, 0x84, 0x21, 0x0C, 0x63, 0x18, 0xC6, 0x31, 0x8C, 0x63, 0x19, 0x08, 0x42, 0x10, 0x84, 0x21,
  0x20, 0x42, 0x14, 0xA5, 0x29, 0x4A, 0x63, 0x18, 0xC6, 0x31, 0x8C, 0x63, 0x9C, 0xE7, 0x39, 0xCE, 0x73, 0x9D, 0x08, 0x42, 0x12, 0x94, 0xA5, 0x2A,
  0x52, 0x94, 0xA5, 0x29, 0x4A, 0x52, 0xD6, 0xB5, 0xB1, 0x8C, 0x63, 0x1A, 0xD6, 0xB5, 0xCE, 0x73, 0x9D, 0x08, 0x42, 0x10, 0x84, 0x21, 0x0A, 0x52,
  0xBD, 0xF7, 0xBD, 0xEE, 0xDA, 0xD6, 0xB5, 0xB1, 0xDC, 0x63, 0xD9, 0xCF, 0xF3, 0xBF, 0x6F, 0x7E, 0xF7, 0xBD, 0xCE, 0x7B, 0xBF, 0xFF, 0xFF, 0xFF,
  0xFF, 0xFF, 0xFF, 0xFF, 0xFF, 0xFF, 0xFF, 0xFF, 0xFF, 0xFF, 0xFF, 0xFF, 0xFF, 0xFF, 0xFF, 0xFF, 0xFF, 0xFF, 0xFF, 0xFF, 0xFF, 0xFF, 0xFF, 0xFF,
  0xFF, 0xFF, 0xFF, 0xFF, 0xFF, 0xDE, 0xF3, 0xBD, 0xE7, 0x39, 0xCE, 0x73, 0x9C, 0xCE, 0x71, 0x8C, 0xE7, 0x16, 0xB5, 0xAD, 0x6B, 0x56, 0xB5, 0xA5,
  0x29, 0x4A, 0x52, 0x11, 0x84, 0x21, 0x08, 0x41, 0xD0, 0x84, 0x1C, 0xDE, 0xB5, 0xAD, 0x63, 0x21, 0x08, 0x2D, 0x6B, 0x5A, 0xD6, 0xB5, 0xA9, 0x4A,
  0x52, 0x94, 0xA4, 0xA9, 0x29, 0x4A, 0x52, 0x83, 0x9C, 0xE7, 0x39, 0xCE, 0x73, 0x98, 0xC6, 0x31, 0x8C, 0x63, 0x18, 0xC6, 0x31, 0x4A, 0x52, 0x90,
  0x84, 0x21, 0x08, 0x42, 0x10, 0x84, 0x18, 0xC6, 0x31, 0x8C, 0x71, 0xAC, 0xCA, 0x31, 0x08, 0x43, 0x18, 0x84, 0x21, 0x08, 0x42, 0x10, 0x84, 0x21,
  0x08, 0x42, 0x10, 0x84, 0x21, 0x08, 0x41, 0x08, 0x42, 0x10, 0x84, 0x21, 0x08, 0x42, 0x10, 0x84, 0x21, 0x08, 0x42, 0x10, 0x84, 0x21, 0x10, 0x01,
  0xE0, 0x00, 0x93, 0x98, 0x26, 0x50, 0x00, 0x00, 0xF0, 0x17, 0x70, 0x03, 0xC0, 0x1C, 0xC0, 0x0F, 0x08, 0x00, 0x00, 0x00, 0x00, 0x00, 0x00, 0x00,
  0x08, 0x00, 0x00, 0x00, 0x00, 0x00, 0x00, 0x00, 0x00, 0x00, 0x00, 0x00, 0x00, 0x00, 0x08, 0x42, 0x10, 0x84, 0x21, 0x08, 0x42, 0x10, 0x84, 0xCA,
  0x8C, 0x54, 0xA1, 0x84, 0x21, 0x08, 0x42, 0x10, 0x84, 0x21, 0x10, 0x84, 0x21, 0x08, 0x42, 0x10, 0x84, 0x21, 0x08, 0x42, 0x10, 0x84, 0x21, 0x0C,
  0x63, 0x18, 0xC6, 0x31, 0x8C, 0x63, 0x19, 0x08, 0x42, 0x10, 0x84, 0x21, 0x0C, 0x42, 0x94, 0xA5, 0x29, 0x4C, 0x63, 0x18, 0xC6, 0x31, 0x8C, 0x63,
  0x9C, 0xE7, 0x39, 0xCE, 0x73, 0xA1, 0x08, 0x42, 0x12, 0x94, 0xA5, 0x2A, 0x52, 0x94, 0xA5, 0x29, 0x4A, 0x5A, 0xD6, 0xB5, 0xB1, 0x8C, 0x63, 0x1A,
  0xD6, 0xB5, 0xCE, 0x73, 0x9D, 0x08, 0x42, 0x10, 0x84, 0x21, 0x4A, 0x52, 0x94, 0xF7, 0xBD, 0xDF, 0x5A, 0xD6, 0xB5, 0xB1, 0xDC, 0x63, 0x19, 0xCE,
  0x73, 0xBD, 0xEF, 0x7C, 0xE7, 0x39, 0xCE, 0xF7, 0xFF, 0xFF, 0xFF, 0xFF, 0xFF, 0xFF, 0xFF, 0xFF, 0xFF, 0xFF, 0xFF, 0xFF, 0xFF, 0xFF, 0xFF, 0xFF,
  0xFF, 0xFF, 0xFF, 0xFF, 0xFF, 0xFF, 0xFF, 0xFF, 0xFF, 0xFF, 0xFF, 0xFF, 0xFF, 0xFF, 0xFF, 0xFF, 0xFF, 0xDE, 0xF3, 0x9C, 0xE7, 0x39, 0xCE, 0x73,
  0x9C, 0xE6, 0x73, 0x9C, 0xE7, 0x18, 0xC5, 0xAD, 0x6B, 0x56, 0xB5, 0xAD, 0x29, 0x4A, 0x52, 0x31, 0x84, 0x21, 0x08, 0x42, 0x10, 0x84, 0x1C, 0xDA,
  0xB9, 0xAD, 0x63, 0x21, 0x08, 0x2D, 0x6B, 0x5A, 0xD6, 0xB5, 0xA9, 0x4A, 0x52, 0x94, 0xA4, 0xA5, 0x29, 0x4A, 0x50, 0x83, 0x9C, 0xE7, 0x39, 0xCE,
  0x73, 0x98, 0xC6, 0x31, 0x8C, 0x63, 0x18, 0xC6, 0x29, 0x4A, 0x52, 0x90, 0x84, 0x21, 0x08, 0x42, 0x10, 0x84, 0x20, 0xC6, 0x31, 0x8C, 0x93, 0xA2,
  0xC6, 0x31, 0x88, 0x42, 0x10, 0x84, 0x21, 0x08, 0x42, 0x10, 0x84, 0x21, 0x08, 0x42, 0x10, 0x84, 0x11, 0x08, 0x41, 0x08, 0x42, 0x10, 0x84, 0x21,
  0x08, 0x42, 0x10, 0x84, 0x21, 0x08, 0x42, 0x10, 0x84, 0x21, 0x08, 0x41, 0xE0, 0x00, 0x01, 0xF0, 0x28, 0x30, 0x4F, 0x54, 0xF0, 0x17, 0x10, 0x03,
  0xA0, 0x92, 0x80, 0x0B, 0x88, 0x00, 0x00, 0x00, 0x00, 0x00, 0x00, 0x00, 0x06, 0x00, 0x00, 0x00, 0x00, 0x00, 0x00, 0x00, 0x00, 0x00, 0x00, 0x00,
  0x04, 0xE1, 0x08, 0x42, 0x10, 0x84, 0x21, 0x08, 0x42, 0x11, 0xA5, 0x51, 0x52, 0x86, 0x10, 0x84, 0x21, 0x08, 0x42, 0x10, 0x84, 0x22, 0x10, 0x84,
  0x21, 0x09, 0x62, 0x10, 0x84, 0x21, 0x08, 0x42, 0x10, 0x84, 0x21, 0x8C, 0x63, 0x18, 0xC6, 0x31, 0x8C, 0x63, 0x21, 0x08, 0x42, 0x10, 0x84, 0x21,
  0x08, 0x42, 0x94, 0xA5, 0x29, 0x4C, 0x63, 0x18, 0xC6, 0x31, 0x8C, 0x63, 0x9C, 0xE7, 0x39, 0xCE, 0x73, 0xA1, 0x08, 0x42, 0x12, 0x94, 0xA5, 0x2A,
  0x52, 0x94, 0xA5, 0x29, 0x4A, 0x5A, 0xD6, 0xB5, 0xB1, 0x8C, 0x64, 0xDA, 0xD6, 0xB5, 0xCE, 0x73, 0x9D, 0x08, 0x42, 0x10, 0x84, 0x21, 0x4A, 0x52,
  0x95, 0xF7, 0xBD, 0xDE, 0xF7, 0x16, 0xB5, 0xB1, 0xCE, 0x63, 0x39, 0xCE, 0x73, 0xBD, 0xEF, 0x7C, 0xE7, 0x39, 0xCE, 0xF7, 0xFF, 0xFF, 0xFF, 0xFF,
  0xFF, 0xFF, 0xFF, 0xFF, 0xFF, 0xFF, 0xFF, 0xFF, 0xFF, 0xFF, 0xFF, 0xFF, 0xFF, 0xFF, 0xFF, 0xFF, 0xFF, 0xFF, 0xFF, 0xFF, 0xFF, 0xFF, 0xFF, 0xFF,
  0xFF, 0xFF, 0xFF, 0xFF, 0xFF, 0xDE, 0xF7, 0x9C, 0xE7, 0x37, 0xBE, 0x73, 0x9C, 0xE7, 0x33, 0x9C, 0xE7, 0x18, 0xC5, 0xAD, 0x6B, 0x56, 0xB5, 0xAD,
  0x29, 0x4A, 0x52, 0x31, 0x84, 0x21, 0x08, 0x42, 0x10, 0x84, 0x1C, 0xD9, 0xD1, 0xAD, 0x63, 0x18, 0xC6, 0x2D, 0x6B, 0x5A, 0x94, 0xB5, 0xA9, 0x4A,
  0x52, 0x94, 0xA4, 0xA5, 0x49, 0x4A, 0x10, 0x83, 0x9C, 0xE7, 0x39, 0xCE, 0x73, 0x9C, 0xC6, 0x39, 0xCC, 0x63, 0x18, 0xC6, 0x29, 0x4A, 0x52, 0x94,
  0x85, 0x29, 0x48, 0x42, 0x10, 0x84, 0x20, 0xC6, 0x32, 0x0E, 0x35, 0x99, 0xC6, 0x31, 0x88, 0x42, 0x10, 0x84, 0x21, 0x08, 0x42, 0x10, 0x84, 0x21,
  0x08, 0x42, 0x10, 0x84, 0x20, 0x88, 0x42, 0x08, 0x42, 0x10, 0x84, 0x21, 0x08, 0x42, 0x10, 0x84, 0x21, 0x08, 0x42, 0x10, 0x84, 0x61, 0x08, 0x43,
  0xD2, 0x00, 0x00, 0xF0, 0x28, 0x21, 0x50, 0x00, 0xF0, 0x15, 0x10, 0x03, 0xA0, 0x24, 0xC0, 0x0F, 0x08, 0x00, 0x00, 0x00, 0x00, 0x00, 0x00, 0x00,
  0x44, 0x00, 0x00, 0x00, 0x00, 0x00, 0x00, 0x00, 0x00, 0x00, 0x00, 0x00, 0x94, 0x21, 0x08, 0x42, 0x10, 0x84, 0x21, 0x08, 0x46, 0x94, 0xC5, 0x8A,
  0x30, 0x42, 0x10, 0x84, 0x21, 0x08, 0x42, 0x10, 0x84, 0x42, 0x10, 0x84, 0x21, 0x2C, 0x42, 0x10, 0x84, 0x21, 0x08, 0x42, 0x10, 0x84, 0x21, 0x8C,
  0x63, 0x18, 0xC6, 0x31, 0x8C, 0x63, 0x21, 0x08, 0x42, 0x10, 0x84, 0x21, 0x08, 0x52, 0x94, 0xA5, 0x29, 0x8C, 0x63, 0x18, 0xC6, 0x31, 0x8C, 0x73,
  0x9C, 0xE7, 0x39, 0xCE, 0x73, 0xA1, 0x08, 0x42, 0x52, 0x94, 0xA5, 0x4A, 0x52, 0x94, 0xA5, 0x29, 0x4A, 0x5A, 0xD6, 0xB6, 0x31, 0x8C, 0x64, 0x26,
  0xD6, 0xB5, 0xCE, 0x73, 0xA1, 0x08, 0x42, 0x10, 0x84, 0x21, 0x4A, 0x52, 0x9D, 0xF7, 0xBD, 0x5B, 0x7B, 0xB6, 0xB6, 0x31, 0x8C, 0x63, 0x39, 0xCE,
  0x73, 0xBE, 0xF3, 0x7C, 0xE7, 0x39, 0xCE, 0xF7, 0xFF, 0xFF, 0xFF, 0xFF, 0xFF, 0xFF, 0xFF, 0xFF, 0xFF, 0xFF, 0xFF, 0xFF, 0xFF, 0xFF, 0xFF, 0xFF,
  0xFF, 0xFF, 0xFF, 0xFF, 0xFF, 0xFF, 0xFF, 0xFF, 0xFF, 0xFF, 0xFF, 0xFF, 0xFF, 0xFF, 0xFF, 0xFF, 0xFF, 0xDE, 0xF3, 0x9C, 0xE7, 0x39, 0xCE, 0x73,
  0x9C, 0xE7, 0x33, 0x9C, 0xE7, 0x38, 0xB5, 0xAD, 0x6B, 0x5A, 0xB5, 0xAD, 0x29, 0x4A, 0x52, 0x30, 0x84, 0x21, 0x08, 0x42, 0x10, 0x83, 0x9C, 0xE6,
  0xB6, 0x8D, 0x63, 0x18, 0xC6, 0x2D, 0x8C, 0x5A, 0xD4, 0xA5, 0xAD, 0x4A, 0x52, 0x94, 0xA5, 0x29, 0x49, 0x42, 0x10, 0x84, 0x1C, 0xE7, 0x39, 0xCE,
  0x73, 0x9C, 0xC7, 0x39, 0xCC, 0x63, 0x18, 0xC6, 0x29, 0x4A, 0x62, 0x94, 0xA5, 0x29, 0x48, 0x42, 0x10, 0x84, 0x20, 0xC6, 0xA9, 0xB2, 0x74, 0x81,
  0x86, 0x31, 0x8C, 0x42, 0x10, 0x84, 0x21, 0x08, 0x42, 0x10, 0x84, 0x21, 0x08, 0x42, 0x10, 0x84, 0x21, 0x08, 0x42, 0x10, 0x42, 0x10, 0x84, 0x21,
  0x08, 0x42, 0x10, 0x84, 0x21, 0x08, 0x42, 0x11, 0x94, 0x61, 0x08, 0x42, 0x1F, 0x6A, 0x97, 0xF0, 0x28, 0x20, 0x79, 0x94, 0xF0, 0x11, 0x10, 0x03,
  0xA0, 0x07, 0xA7, 0x4F, 0x08, 0x00, 0x00, 0x00, 0x00, 0x00, 0x00, 0x00, 0x80, 0x00, 0x00, 0x00, 0x00, 0x00, 0x00, 0x00, 0x00, 0x00, 0x00, 0x02,
  0x04, 0x21, 0x08, 0x42, 0x10, 0x84, 0x63, 0x2A, 0x52, 0xB8, 0xA9, 0x43, 0x08, 0x42, 0x10, 0x84, 0x21, 0x08, 0x42, 0x10, 0x88, 0x42, 0x10, 0x84,
  0x23, 0x8C, 0x42, 0x10, 0x84, 0x21, 0x08, 0x42, 0x10, 0x84, 0x31, 0x8C, 0x63, 0x18, 0xC6, 0x31, 0x8C, 0x63, 0x21, 0x08, 0x42, 0x10, 0x84, 0x21,
  0x08, 0x52, 0x94, 0xA5, 0x29, 0x8C, 0x63, 0x18, 0xC6, 0x31, 0x8C, 0x73, 0x9C, 0xE7, 0x39, 0xCE, 0x74, 0x21, 0x08, 0x42, 0x52, 0x94, 0xA5, 0x4A,
  0x52, 0x94, 0xA5, 0x29, 0x4B, 0x5A, 0xD6, 0xB6, 0x31, 0x8C, 0x63, 0x5D, 0x37, 0x39, 0xCE, 0x73, 0xA1, 0x08, 0x42, 0x10, 0x84, 0x21, 0x4A, 0x52,
  0x9E, 0xF7, 0xBB, 0x6B, 0x5B, 0xDD, 0xB6, 0x31, 0x8C, 0x63, 0x39, 0xCE, 0x7B, 0xEE, 0x6F, 0x9D, 0xEF, 0x39, 0xCE, 0xF7, 0xFF, 0xFF, 0xFF, 0xFF,
  0xFF, 0xFF, 0xFF, 0xFF, 0xFF, 0xFF, 0xFF, 0xFF, 0xFF, 0xFF, 0xFF, 0xFF, 0xFF, 0xFF, 0xFF, 0xFF, 0xFF, 0xFF, 0xFF, 0xFF, 0xFF, 0xFF, 0xFF, 0xFF,
  0xFF, 0xFF, 0xFF, 0xFF, 0xFF, 0xFE, 0xF7, 0x9C, 0xE7, 0x39, 0xBD, 0xEF, 0x9C, 0xE7, 0x33, 0x9C, 0xE7, 0x38, 0xB5, 0xAD, 0x6B, 0x5A, 0xB5, 0xAD,
  0x29, 0x4A, 0x52, 0x90, 0x84, 0x21, 0x08, 0x42, 0x10, 0x84, 0x1C, 0xE6, 0xB7, 0xCD, 0x6B, 0x18, 0xC6, 0x2D, 0x6B, 0x5A, 0xD4, 0xA5, 0x29, 0x4A,
  0x52, 0x94, 0xA5, 0x29, 0x49, 0x42, 0x10, 0x84, 0x1C, 0xE7, 0x41, 0xCE, 0x73, 0x9C, 0xE7, 0x39, 0xCC, 0x63, 0x18, 0xC6, 0x29, 0x4A, 0x63, 0x14,
  0xA5, 0x29, 0x4A, 0x42, 0x10, 0x84, 0x21, 0x07, 0x39, 0xC6, 0x74, 0xA4, 0xD4, 0x51, 0x8C, 0x62, 0x10, 0x84, 0x21, 0x08, 0x42, 0x10, 0x84, 0x21,
  0x08, 0x42, 0x10, 0x84, 0x21, 0x08, 0x21, 0x10, 0x82, 0x10, 0x84, 0x21, 0x08, 0x42, 0x10, 0x84, 0x21, 0x08, 0x42, 0x10, 0x94, 0xA5, 0x08, 0x42,
  0x10, 0x88, 0xE2, 0x00, 0x00, 0x00, 0x00, 0x20, 0x08, 0x00, 0x00, 0x00, 0x00, 0x00, 0x00, 0x00, 0x00, 0x00, 0x00, 0x00, 0x00, 0x00, 0x00, 0x00,
  0x00, 0x00, 0x00, 0x00, 0x00, 0x00, 0x00, 0x00, 0x00, 0x00, 0x02, 0x10, 0x84, 0x21, 0x08, 0xC6, 0x54, 0xA5, 0x29, 0x4A, 0xE2, 0xC5, 0x18, 0x21,
  0x08, 0x42, 0x10, 0x84, 0x21, 0x08, 0x42, 0x10, 0x88, 0x42, 0x10, 0x84, 0x21, 0x08, 0x42, 0x10, 0x84, 0x21, 0x08, 0x42, 0x10, 0x86, 0x31, 0x8C,
  0x63, 0x18, 0xC6, 0x31, 0x8C, 0x64, 0x21, 0x08, 0x42, 0x10, 0x84, 0x22, 0x48, 0x52, 0x94, 0xA5, 0x29, 0x8C, 0x63, 0x18, 0xC6, 0x31, 0x8E, 0x73,
  0x9C, 0xE7, 0x39, 0xCE, 0x74, 0x21, 0x08, 0x42, 0x52, 0x94, 0xA5, 0x4A, 0x52, 0x94, 0xA5, 0x29, 0x4B, 0x5A, 0xD6, 0xB6, 0x31, 0x8C, 0x6B, 0x5A,
  0xD6, 0xB9, 0xCE, 0x73, 0xA1, 0x08, 0x42, 0x10, 0x84, 0x29, 0x4A, 0x52, 0xBE, 0xF7, 0xBB, 0x6B, 0x5B, 0xBE, 0xEE, 0x31, 0x8C, 0x63, 0x39, 0xCF,
  0x3B, 0xBD, 0xEF, 0xBD, 0xE7, 0x39, 0xDE, 0xFF, 0xFF, 0xFF, 0xFF, 0xFF, 0xFF, 0xFF, 0xFF, 0xFF, 0xFF, 0xFF, 0xFF, 0xFF, 0xFF, 0xFF, 0xFF, 0xFF,
  0xFF, 0xFF, 0xFF, 0xFF, 0xFF, 0xFF, 0xFF, 0xFF, 0xFF, 0xFF, 0xFF, 0xFF, 0xFF, 0xFF, 0xFF, 0xFF, 0xFF, 0xFE, 0xF7, 0x9C, 0xE7, 0x39, 0xBD, 0xEF,
  0x9C, 0xE7, 0x33, 0x9C, 0xE7, 0x38, 0xB5, 0xAD, 0x6B, 0x5A, 0xB5, 0xAD, 0x69, 0x4A, 0x52, 0x90, 0x84, 0x21, 0x08, 0x42, 0x10, 0x84, 0x20, 0xE6,
  0xB7, 0xCD, 0x6E, 0x58, 0xC6, 0x51, 0x6B, 0x9A, 0xFA, 0xA5, 0x4F, 0xB0, 0x62, 0x94, 0xA5, 0x25, 0x29, 0x4A, 0x10, 0x84, 0x1C, 0xE8, 0x39, 0xCE,
  0x73, 0x9C, 0xE7, 0x39, 0xCC, 0x63, 0x18, 0xC6, 0x31, 0x4A, 0x53, 0x14, 0xA5, 0x29, 0x4A, 0x42, 0x10, 0x84, 0x21, 0x21, 0x32, 0x0E, 0x13, 0xA5,
  0x29, 0x39, 0xCD, 0x45, 0x10, 0x84, 0x21, 0x08, 0x42, 0x10, 0x84, 0x21, 0x08, 0x42, 0x10, 0x84, 0x21, 0x08, 0x41, 0x08, 0x42, 0x10, 0x84, 0x21,
  0x08, 0x42, 0x10, 0x84, 0x21, 0x08, 0x42, 0x10, 0x84, 0x43, 0x08, 0x42, 0x31, 0x84, 0x21, 0x08, 0x00, 0x00, 0x00, 0x00, 0x00, 0x00, 0x00, 0x00,
  0x00, 0x00, 0x00, 0x00, 0x00, 0x00, 0x00, 0x00, 0x00, 0x00, 0x00, 0x00, 0x00, 0x00, 0x00, 0x00, 0x00, 0x00, 0x00, 0x00, 0x00, 0x08, 0x42, 0x11,
  0x8C, 0xA9, 0x4A, 0x52, 0x95, 0xC6, 0x31, 0x4A, 0x94, 0xA1, 0x84, 0x21, 0x08, 0x42, 0x10, 0x84, 0x21, 0x08, 0x42, 0x11, 0x08, 0x42, 0x10, 0x84,
  0x21, 0x08, 0x42, 0x10, 0x84, 0x21, 0x08, 0x42, 0x10, 0x86, 0x31, 0x8C, 0x63, 0x18, 0xC6, 0x31, 0x8C, 0x84, 0x21, 0x08, 0x42, 0x10, 0x84, 0x24,
  0x0A, 0x52, 0x94, 0xA5, 0x31, 0x8C, 0x63, 0x18, 0xC6, 0x31, 0x8E, 0x73, 0x9C, 0xE7, 0x39, 0xCE, 0x74, 0x21, 0x08, 0x4A, 0x52, 0x94, 0xA9, 0x4A,
  0x52, 0x94, 0xA5, 0x29, 0x4B, 0x5A, 0xD6, 0xC6, 0x31, 0x8C, 0x6B, 0x5A, 0xD6, 0xB9, 0xD0, 0x74, 0x21, 0x08, 0x42, 0x10, 0x84, 0x29, 0x4A, 0x53,
  0xBE, 0xF7, 0xAB, 0x6B, 0x5A, 0xDD, 0xF6, 0x31, 0x8C, 0xE7, 0x39, 0xCE, 0x77, 0xBD, 0xF7, 0xBC, 0xE7, 0x39, 0xDE, 0xFF, 0xFF, 0xFF, 0xFF, 0xFF,
  0xFF, 0xFF, 0xFF, 0xFF, 0xFF, 0xFF, 0xFF, 0xFF, 0xFF, 0xFF, 0xFF, 0xFF, 0xFF, 0xFF, 0xFF, 0xFF, 0xFF, 0xFF, 0xFF, 0xFF, 0xFF, 0xFF, 0xFF, 0xFF,
  0xFF, 0xFF, 0xFF, 0xFF, 0xFF, 0xFE, 0xF7, 0x9C, 0xEF, 0x39, 0xCD, 0xF3, 0x9C, 0xE7, 0x39, 0x9C, 0xE7, 0x38, 0xC6, 0x2D, 0x6B, 0x5A, 0xB5, 0xAD,
  0x69, 0x4A, 0x52, 0x90, 0x84, 0x21, 0x08, 0x42, 0x10, 0x84, 0x21, 0x07, 0x47, 0xCD, 0x87, 0x98, 0xC8, 0x75, 0x6B, 0xF7, 0x60, 0xAA, 0xF9, 0x7D,
  0xF2, 0x94, 0xA4, 0xA5, 0x29, 0x4A, 0x10, 0x84, 0xA1, 0x07, 0x39, 0xCE, 0x73, 0x9C, 0xE7, 0x39, 0xCC, 0x63, 0x18, 0xC6, 0x31, 0x4A, 0x52, 0x98,
  0xA5, 0x29, 0x4A, 0x42, 0x10, 0x84, 0x21, 0x29, 0x31, 0x8C, 0x69, 0x5C, 0xE7, 0x3A, 0x52, 0x93, 0x9C, 0x54, 0x21, 0x08, 0x42, 0x10, 0x84, 0x21,
  0x08, 0x42, 0x10, 0x84, 0x21, 0x08, 0x41, 0x08, 0x42, 0x10, 0x84, 0x21, 0x08, 0x42, 0x10, 0x84, 0x21, 0x08, 0x42, 0x10, 0x84, 0x21, 0x08, 0x58,
  0xC1, 0x84, 0x21, 0x08, 0x42, 0x10, 0x02, 0x63, 0x00, 0x00, 0x00, 0x00, 0x00, 0x00, 0x00, 0x00, 0x00, 0x00, 0x00, 0x00, 0x00, 0x00, 0x00, 0x00,
  0x00, 0x00, 0x00, 0x00, 0x00, 0x00, 0x00, 0x04, 0x22, 0x51, 0x52, 0x94, 0xA5, 0x31, 0x8C, 0x56, 0x94, 0xA5, 0x29, 0x30, 0xC6, 0x10, 0x84, 0x21,
  0x08, 0x42, 0x10, 0x84, 0x21, 0x08, 0x42, 0x21, 0x08, 0x42, 0x10, 0x84, 0x21, 0x08, 0x42, 0x10, 0x84, 0x21, 0x08, 0x42, 0x10, 0xC6, 0x31, 0x8C,
  0x63, 0x18, 0xC6, 0x31, 0x8C, 0x84, 0x21, 0x08, 0x42, 0x10, 0x84, 0x2A, 0x4A, 0x52, 0x94, 0xA5, 0x31, 0x8C, 0x63, 0x18, 0xC6, 0x31, 0x8E, 0x73,
  0x9C, 0xE7, 0x39, 0xCE, 0x84, 0x21, 0x08, 0x4A, 0x52, 0x94, 0xA9, 0x4A, 0x52, 0x94, 0xA5, 0x29, 0x6B, 0x5A, 0xD6, 0xC6, 0x31, 0x8C, 0x6B, 0x5A,
  0xD7, 0x39, 0xD1, 0xA4, 0x61, 0x08, 0x42, 0x10, 0x84, 0x29, 0x4A, 0x53, 0xDE, 0xF7, 0x6B, 0x6B, 0x5A, 0xD8, 0xEF, 0x71, 0x8E, 0xF7, 0xB9, 0xCE,
  0x77, 0xBD, 0xF3, 0x9C, 0xE7, 0x39, 0xDE, 0xFF, 0xFF, 0xFF, 0xFF, 0xFF, 0xFF, 0xFF, 0xFF, 0xFF, 0xFF, 0xFF, 0xFF, 0xFF, 0xFF, 0xFF, 0xFF, 0xFF,
  0xFF, 0xFF, 0xFF, 0xFF, 0xFF, 0xFF, 0xFF, 0xFF, 0xFF, 0xFF, 0xFF, 0xFF, 0xFF, 0xFF, 0xFF, 0xFF, 0xFF, 0xFE, 0xF7, 0x9C, 0xE7, 0x39, 0xCE, 0x73,
  0x9C, 0xE7, 0x39, 0x9C, 0xE7, 0x18, 0xC5, 0xAD, 0x6B, 0x5A, 0xD5, 0xAD, 0x69, 0x4A, 0x52, 0x94, 0x8C, 0x21, 0x08, 0x42, 0x10, 0x84, 0x21, 0x07,
  0x53, 0x4D, 0x9E, 0x58, 0xCB, 0xD1, 0x74, 0xF2, 0xD6, 0xAF, 0x29, 0x4A, 0xF2, 0x94, 0xA5, 0x25, 0x29, 0x4A, 0x10, 0x94, 0xA0, 0xE7, 0x39, 0xCE,
  0x73, 0x9C, 0xE7, 0x39, 0xCC, 0x63, 0x18, 0xC6, 0x31, 0x8A, 0x52, 0x98, 0xA5, 0x29, 0x48, 0x42, 0x10, 0x84, 0x21, 0xE6, 0xC1, 0x8C, 0x63, 0x18,
  0xC6, 0x65, 0x4E, 0x74, 0xA5, 0x27, 0x31, 0x08, 0x42, 0x10, 0x84, 0x21, 0x08, 0x42, 0x10, 0x84, 0x21, 0x08, 0x41, 0x08, 0x42, 0x10, 0x84, 0x21,
  0x08, 0x42, 0x10, 0x84, 0x21, 0x08, 0x42, 0x10, 0x84, 0x21, 0x0B, 0x18, 0x10, 0x84, 0x21, 0x08, 0x42, 0x10, 0xA6, 0x60, 0x00, 0x00, 0x00, 0x00,
  0x00, 0x00, 0x00, 0x00, 0x00, 0x00, 0x00, 0x00, 0x00, 0x00, 0x00, 0x00, 0x40, 0x00, 0x00, 0x00, 0x08, 0x44, 0x22, 0x25, 0x32, 0x4A, 0x65, 0x29,
  0x29, 0x29, 0x4A, 0x52, 0x51, 0x8C, 0x21, 0x08, 0x42, 0x10, 0x84, 0x21, 0x08, 0x42, 0x10, 0x84, 0x21, 0x08, 0x44, 0x21, 0x08, 0x42, 0x10, 0xC6,
  0x21, 0x08, 0x42, 0x10, 0x86, 0x21, 0x08, 0x49, 0x5A, 0xD6, 0x31, 0x8C, 0x6C, 0x63, 0x18, 0x31, 0x90, 0x87, 0x64, 0x18, 0x42, 0x10, 0x84, 0x69,
  0x4A, 0x52, 0x94, 0xA6, 0x31, 0x8C, 0x63, 0x18, 0xC6, 0x31, 0xCE, 0x73, 0x9C, 0xE7, 0x39, 0xCE, 0x84, 0x21, 0x08, 0x4A, 0x52, 0x95, 0x29, 0x4A,
  0x52, 0x94, 0xA5, 0x29, 0x6B, 0x5A, 0xD6, 0xC6, 0x31, 0x8D, 0x6B, 0x5A, 0xD7, 0x39, 0xCE, 0x74, 0xE9, 0x08, 0x42, 0x10, 0x85, 0x29, 0x4A, 0x57,
  0xDE, 0xF7, 0x6D, 0x6B, 0x5A, 0xD6, 0xC7, 0xBB, 0xDE, 0xE7, 0x39, 0xCE, 0xF7, 0xBD, 0xF3, 0x9C, 0xE7, 0x39, 0xDE, 0xFF, 0xFF, 0xFF, 0xFF, 0xFF,
  0xFF, 0xFF, 0xFF, 0xFF, 0xFF, 0xFF, 0xFF, 0xFF, 0xFF, 0xFF, 0xFF, 0xFF, 0xFF, 0xFF, 0xFF, 0xFF, 0xFF, 0xFF, 0xFF, 0xFF, 0xFF, 0xFF, 0xFF, 0xFF,
  0xFF, 0xFF, 0xFF, 0xFF, 0xFF, 0xFF, 0xF7, 0xBC, 0xE7, 0x39, 0xCE, 0x73, 0x9C, 0xE7, 0x39, 0x9C, 0xE3, 0x39, 0xC5, 0xAD, 0x6B, 0x5A, 0xD5, 0xAD,
  0x69, 0x4A, 0x52, 0x94, 0x84, 0x61, 0x08, 0x42, 0x10, 0x84, 0x21, 0x07, 0x7A, 0x6D, 0xEC, 0xD8, 0xCF, 0x41, 0x9D, 0x9A, 0xD7, 0x3E, 0xA9, 0x52,
  0xEA, 0x94, 0xA5, 0x25, 0x29, 0x4A, 0x50, 0x94, 0xA5, 0x07, 0x39, 0xCE, 0x73, 0x9C, 0xE7, 0x39, 0x8C, 0x64, 0x18, 0xC6, 0x31, 0x8C, 0x53, 0x18,
  0xC5, 0x29, 0x08, 0x42, 0x10, 0x84, 0x24, 0xE6, 0x41, 0x8C, 0x63, 0x18, 0xC6, 0x31, 0x8C, 0xB0, 0x9C, 0xE9, 0x49, 0x98, 0x42, 0x10, 0x84, 0x21,
  0x08, 0x42, 0x10, 0x84, 0x21, 0x08, 0x42, 0x08, 0x42, 0x10, 0x84, 0x21, 0x08, 0x42, 0x10, 0x84, 0xE3, 0x08, 0x42, 0x10, 0x84, 0x21, 0x63, 0x02,
  0x10, 0x84, 0x21, 0x08, 0x42, 0x10, 0xD0, 0x21, 0x08, 0x00, 0x00, 0x00, 0x00, 0x00, 0x00, 0x00, 0x00, 0x00, 0x00, 0x00, 0x00, 0x00, 0x00, 0x01,
  0x40, 0x10, 0x88, 0x44, 0x4A, 0x52, 0x95, 0x4A, 0x72, 0x52, 0x52, 0x94, 0xA4, 0xA3, 0x18, 0x42, 0x10, 0x84, 0x21, 0x08, 0x42, 0x10, 0x84, 0x21,
  0x08, 0x42, 0x10, 0x84, 0x21, 0x08, 0x84, 0x21, 0x08, 0x42, 0x12, 0xC4, 0x21, 0x08, 0x49, 0x41, 0x08, 0x21, 0x08, 0x42, 0x18, 0xC6, 0x31, 0x8C,
  0x63, 0x18, 0xC6, 0x31, 0x90, 0x84, 0x21, 0x08, 0x42, 0x10, 0x84, 0x29, 0x4A, 0x52, 0x94, 0xA6, 0x31, 0x8C, 0x63, 0x18, 0xC6, 0x31, 0xCE, 0x73,
  0x9C, 0xE7, 0x39, 0xD0, 0x84, 0x21, 0x09, 0x4A, 0x52, 0x95, 0x29, 0x4A, 0x52, 0x94, 0xA5, 0x29, 0x6B, 0x5A, 0xD8, 0xC6, 0x31, 0x8D, 0x6B, 0x5A,
  0xD7, 0x39, 0xCE, 0x74, 0x21, 0x08, 0x42, 0x10, 0x85, 0x29, 0x4A, 0x77, 0xDE, 0xF5, 0x6D, 0x6B, 0x5A, 0xD6, 0xC7, 0x7D, 0xDE, 0xE7, 0x39, 0xCE,
  0xF9, 0xBD, 0xF3, 0x9C, 0xE7, 0x3B, 0xDF, 0xFF, 0xFF, 0xFF, 0xFF, 0xFF, 0xFF, 0xFF, 0xFF, 0xFF, 0xFF, 0xFF, 0xFF, 0xFF, 0xFF, 0xFF, 0xFF, 0xFF,
  0xFF, 0xFF, 0xFF, 0xFF, 0xFF, 0xFF, 0xFF, 0xFF, 0xFF, 0xFF, 0xFF, 0xFF, 0xFF, 0xFF, 0xFF, 0xFF, 0xFF, 0xFF, 0xF7, 0xBC, 0xE7, 0x39, 0xCE, 0x73,
  0x9C, 0xE6, 0x73, 0x9C, 0xE7, 0x39, 0xC5, 0xAD, 0x6B, 0x5A, 0xD5, 0xAD, 0x6B, 0x4A, 0x52, 0x94, 0x8C, 0x61, 0x08, 0x42, 0x10, 0x84, 0x20, 0xE7,
  0x79, 0xCD, 0xF3, 0x58, 0xCF, 0x31, 0x9E, 0x5A, 0xD7, 0x5A, 0x29, 0x5D, 0xA2, 0x94, 0xA5, 0x25, 0x29, 0x4A, 0x52, 0x94, 0xA5, 0x07, 0x39, 0xCE,
  0x73, 0x9C, 0xE7, 0x39, 0x8C, 0x63, 0x98, 0xC6, 0x31, 0x8C, 0x63, 0x18, 0xC5, 0x29, 0x08, 0x42, 0x90, 0x84, 0x85, 0x0E, 0x42, 0x0C, 0x63, 0x18,
  0xC6, 0x31, 0x8C, 0x63, 0x1B, 0xA7, 0xAA, 0x18, 0x42, 0x10, 0x84, 0x21, 0x08, 0x42, 0x10, 0x84, 0x21, 0x08, 0x42, 0x10, 0x42, 0x10, 0x84, 0x21,
  0x08, 0x42, 0x10, 0x84, 0x27, 0x18, 0x42, 0x10, 0x84, 0x2C, 0x60, 0x42, 0x10, 0x84, 0x21, 0x08, 0x42, 0x19, 0x94, 0x21, 0x08, 0x42, 0x10, 0x80,
  0x00, 0x00, 0x00, 0x00, 0x00, 0x00, 0x00, 0x00, 0x00, 0x00, 0x00, 0x0A, 0x92, 0x94, 0xA5, 0x2A, 0x94, 0xA4, 0xA4, 0xA5, 0x29, 0x28, 0xC6, 0x10,
  0x84, 0x21, 0x08, 0x42, 0x10, 0x84, 0x21, 0x08, 0x42, 0x10, 0x84, 0x21, 0x08, 0x42, 0x10, 0x84, 0x21, 0x10, 0x84, 0x21, 0x08, 0x42, 0x38, 0xC6,
  0x21, 0x08, 0x42, 0x10, 0x84, 0x21, 0x08, 0x43, 0x18, 0xC6, 0x31, 0x8C, 0x63, 0x18, 0xC6, 0x32, 0x10, 0x84, 0x21, 0x08, 0x42, 0x11, 0x24, 0x29,
  0x4A, 0x52, 0x94, 0xC6, 0x31, 0x8C, 0x63, 0x18, 0xC6, 0x39, 0xCE, 0x73, 0x9C, 0xE7, 0x39, 0xD0, 0x84, 0x21, 0x09, 0x4A, 0x52, 0x95, 0x29, 0x4A,
  0x52, 0x94, 0xA5, 0x2D, 0x6B, 0x5A, 0xD8, 0xC6, 0x31, 0x8D, 0x6B, 0x5A, 0xE7, 0x39, 0xCE, 0x84, 0x21, 0x08, 0x42, 0x10, 0x85, 0x29, 0x4A, 0x77,
  0xBE, 0xED, 0x6D, 0x6B, 0x5A, 0xD6, 0xC6, 0x3B, 0xEE, 0xE7, 0x39, 0xCF, 0x7B, 0xBD, 0xF7, 0xDE, 0xEF, 0x7B, 0xDF, 0xFF, 0xFF, 0xFF, 0xFF, 0xFF,
  0xFF, 0xFF, 0xFF, 0xFF, 0xFF, 0xFF, 0xFF, 0xFF, 0xFF, 0xFF, 0xFF, 0xFF, 0xFF, 0xFF, 0xFF, 0xFF, 0xFF, 0xFF, 0xFF, 0xFF, 0xFF, 0xFF, 0xFF, 0xFF,
  0xFF, 0xFF, 0xFF, 0xFF, 0xFF, 0xFF, 0xF7, 0xBC, 0xE7, 0x79, 0xCE, 0x73, 0x7C, 0xE7, 0x39, 0xCC, 0xE7, 0x38, 0xC6, 0x2D, 0x6B, 0x5A, 0xD6, 0xAD,
  0x6B, 0x4A, 0xD2, 0x94, 0x8C, 0x21, 0x08, 0x42, 0x10, 0x84, 0x20, 0xE7, 0x79, 0xAD, 0xF3, 0x5B, 0xDF, 0x31, 0x9E, 0x5A, 0xD7, 0x4E, 0xAA, 0x7E,
  0x6A, 0x94, 0xA5, 0x29, 0x4A, 0x52, 0x92, 0x84, 0x21, 0x07, 0x39, 0xCE, 0x73, 0x9C, 0xE7, 0x39, 0x8C, 0x73, 0x18, 0xC6, 0x31, 0x8C, 0x63, 0x14,
  0xA5, 0x29, 0x08, 0x52, 0x90, 0x84, 0xA4, 0x08, 0x42, 0x0C, 0x63, 0x18, 0xC6, 0x31, 0x8C, 0x63, 0x18, 0xE3, 0x4A, 0x44, 0x42, 0x10, 0x84, 0x21,
  0x08, 0x42, 0x10, 0x84, 0x21, 0x08, 0x42, 0x10, 0x82, 0x10, 0x84, 0x21, 0x08, 0x42, 0x10, 0x84, 0x21, 0x38, 0x82, 0x31, 0x84, 0xAC, 0x08, 0x42,
  0x10, 0x84, 0x21, 0x08, 0x42, 0x39, 0x84, 0x21, 0x08, 0x42, 0x10, 0x84, 0x21, 0x08, 0x42, 0x10, 0x80, 0x00, 0x00, 0x00, 0x00, 0x84, 0x22, 0x73,
  0x95, 0x29, 0x49, 0x49, 0x4A, 0x52, 0x51, 0x8C, 0x21, 0x08, 0x42, 0x10, 0x84, 0x21, 0x08, 0x42, 0x10, 0x84, 0x21, 0x08, 0x42, 0x10, 0x84, 0x21,
  0x08, 0x42, 0x10, 0x84, 0x22, 0x10, 0x84, 0x21, 0x08, 0x42, 0x38, 0xCE, 0x21, 0x08, 0x42, 0x10, 0x84, 0x21, 0x08, 0x43, 0x18, 0xC6, 0x31, 0x8C,
  0x63, 0x18, 0xC6, 0x32, 0x10, 0x84, 0x21, 0x08, 0x82, 0x10, 0x84, 0x29, 0x4A, 0x52, 0x94, 0xC6, 0x31, 0x8C, 0x63, 0x18, 0xC6, 0x39, 0xCE, 0x73,
  0x9C, 0xE7, 0x39, 0xD0, 0x84, 0x21, 0x29, 0x4A, 0x52, 0xA5, 0x29, 0x4A, 0x52, 0x94, 0xA5, 0x2D, 0x6B, 0x5A, 0xD8, 0xC6, 0x31, 0xAD, 0x6B, 0x5A,
  0xE7, 0x39, 0xCE, 0x84, 0x21, 0x08, 0x42, 0x73, 0x85, 0x29, 0x4A, 0xFB, 0xDD, 0xAD, 0xAD, 0x6B, 0x5B, 0xBC, 0xC6, 0x31, 0xDE, 0xF3, 0x39, 0xE7,
  0x77, 0xBE, 0xF7, 0x9C, 0xE7, 0x3B, 0xDF, 0xFF, 0xFF, 0xFF, 0xFF, 0xFF, 0xFF, 0xFF, 0xFF, 0xFF, 0xFF, 0xFF, 0xFF, 0xFF, 0xFF, 0xFF, 0xFF, 0xFF,
  0xFF, 0xFF, 0xFF, 0xFF, 0xFF, 0xFF, 0xFF, 0xFF, 0xFF, 0xFF, 0xFF, 0xFF, 0xFF, 0xFF, 0xFF, 0xFF, 0xFF, 0xFF, 0xF7, 0xBC, 0xE7, 0x39, 0xCE, 0x6F,
  0x7C, 0xE6, 0x79, 0xCC, 0xE7, 0x18, 0xC6, 0x2D, 0x6B, 0x5A, 0xD6, 0xAD, 0x6B, 0x4A, 0x56, 0xB4, 0xA4, 0x61, 0x08, 0x42, 0x10, 0x84, 0x20, 0xE9,
  0xF5, 0xAD, 0xA7, 0xBB, 0x1A, 0x31, 0xBD, 0x5A, 0xD6, 0xBF, 0x7A, 0x7D, 0x52, 0x94, 0xA5, 0x29, 0x4A, 0x52, 0x52, 0x84, 0x21, 0x08, 0x39, 0xCE,
  0x73, 0x9C, 0xE7, 0x39, 0xCC, 0x63, 0x18, 0xC6, 0x31, 0x8C, 0x62, 0x94, 0xA5, 0x29, 0x4A, 0x42, 0x10, 0x94, 0x99, 0x08, 0x42, 0x10, 0x63, 0x18,
  0xC6, 0x31, 0x8C, 0x63, 0x18, 0xCF, 0x3A, 0x51, 0x24, 0x20, 0xC4, 0x21, 0x08, 0x42, 0x10, 0x84, 0x21, 0x08, 0x42, 0x10, 0x84, 0x10, 0x84, 0x21,
  0x08, 0x42, 0x10, 0x84, 0x21, 0x08, 0xC2, 0x20, 0x85, 0x81, 0x08, 0x42, 0x10, 0x84, 0x21, 0x08, 0x43, 0x40, 0x84, 0x21, 0x08, 0x42, 0x10, 0x84,
  0x21, 0x08, 0x42, 0x10, 0x84, 0x21, 0x08, 0x42, 0x10, 0x84, 0x89, 0x9C, 0x92, 0x94, 0xA4, 0xA3, 0x18, 0x42, 0x10, 0x84, 0x21, 0x08, 0x42, 0x10,
  0x84, 0x21, 0x08, 0x42, 0x10, 0x84, 0x21, 0x08, 0x42, 0x10, 0x84, 0x21, 0x08, 0x42, 0x10, 0x84, 0x42, 0x10, 0x84, 0x21, 0x08, 0x42, 0x13, 0x04,
  0x21, 0x08, 0x42, 0x10, 0x84, 0x21, 0x08, 0x63, 0x18, 0xC6, 0x31, 0x8C, 0x63, 0x18, 0xC6, 0x42, 0x10, 0x84, 0x21, 0x08, 0x42, 0x10, 0x85, 0x29,
  0x4A, 0x52, 0x98, 0xC6, 0x31, 0x8C, 0x63, 0x18, 0xC7, 0x39, 0xCE, 0x73, 0x9C, 0xE7, 0x3A, 0x10, 0x84, 0x21, 0x29, 0x4A, 0x52, 0xA5, 0x29, 0x4A,
  0x52, 0xD6, 0xB5, 0xB1, 0x6B, 0x5B, 0x18, 0xC6, 0x31, 0xAD, 0x6B, 0x5A, 0xE7, 0x39, 0xCE, 0x84, 0x21, 0x08, 0x42, 0x11, 0xED, 0x29, 0x4E, 0xFB,
  0xDE, 0xAD, 0xAD, 0x6E, 0x7B, 0x98, 0xC6, 0x31, 0x9E, 0xFB, 0xBE, 0xEE, 0xFB, 0xEE, 0x73, 0x9C, 0xE7, 0x3B, 0xDF, 0xFF, 0xFF, 0xFF, 0xFF, 0xFF,
  0xFF, 0xFF, 0xFF, 0xFF, 0xFF, 0xFF, 0xFF, 0xFF, 0xFF, 0xFF, 0xFF, 0xFF, 0xFF, 0xFF, 0xFF, 0xFF, 0xFF, 0xFF, 0xFF, 0xFF, 0xFF, 0xFF, 0xFF, 0xFF,
  0xFF, 0xFF, 0xFF, 0xFF, 0xFF, 0xFF, 0xFF, 0xBD, 0xE7, 0x79, 0xCE, 0x6F, 0x7B, 0xE7, 0x33, 0xCC, 0xE7, 0x18, 0xC6, 0x2D, 0x6B, 0x5A, 0xD6, 0xAD,
  0x6B, 0x5A, 0xD6, 0xB4, 0xA4, 0x21, 0x08, 0x42, 0x10, 0x84, 0x1C, 0xEF, 0x4E, 0x6D, 0x6B, 0x5A, 0xC6, 0x31, 0x8C, 0x5B, 0x16, 0xB5, 0xA9, 0x4A,
  0x52, 0x94, 0xA5, 0x29, 0x4A, 0x4A, 0x52, 0x84, 0x21, 0x08, 0x39, 0xCE, 0x73, 0x9C, 0xE7, 0x39, 0xCE, 0x63, 0x18, 0xC6, 0x31, 0x8C, 0x62, 0x94,
  0xA5, 0x29, 0x4A, 0x52, 0x11, 0x14, 0x21, 0x08, 0x42, 0x10, 0x83, 0x18, 0xC6, 0x31, 0x8C, 0x63, 0x18, 0xC6, 0xAA, 0x6A, 0x74, 0xA4, 0xDA, 0x21,
  0x08, 0x42, 0x10, 0x84, 0x21, 0x08, 0x42, 0x10, 0x84, 0x20, 0x84, 0x21, 0x08, 0x42, 0x10, 0x84, 0x21, 0x08, 0x42, 0x10, 0x84, 0x61, 0x08, 0x42,
  0x10, 0x84, 0x21, 0x08, 0x66, 0xC0, 0x84, 0x21, 0x08, 0x42, 0x10, 0x84, 0x21, 0x08, 0x42, 0x10, 0x84, 0x21, 0x08, 0x42, 0x10, 0x95, 0x72, 0x4A,
  0x46, 0x30, 0x84, 0x21, 0x08, 0x88, 0x10, 0x84, 0x21, 0x08, 0x42, 0x10, 0x84, 0x21, 0x08, 0x42, 0x10, 0x84, 0x21, 0x08, 0x42, 0x10, 0x84, 0x21,
  0x08, 0x42, 0x10, 0x88, 0x42, 0x10, 0x84, 0x21, 0x08, 0x42, 0x20, 0x84, 0x21, 0x08, 0x42, 0x10, 0x84, 0x21, 0x0C, 0x63, 0x18, 0xC6, 0x31, 0x8C,
  0x63, 0x18, 0xC8, 0x42, 0x10, 0xE4, 0x21, 0x08, 0x42, 0x10, 0xA5, 0x29, 0x4A, 0x52, 0x98, 0xC6, 0x31, 0x8C, 0x63, 0x18, 0xC7, 0x39, 0xCE, 0x73,
  0x9C, 0xE7, 0x3A, 0x10, 0x84, 0x21, 0x29, 0x4A, 0x54, 0xA5, 0x29, 0x4A, 0x5A, 0xD6, 0xB5, 0xB1, 0x8B, 0x5B, 0x18, 0xC6, 0x31, 0xAD, 0x6B, 0x5C,
  0xE7, 0x39, 0xD0, 0x84, 0x21, 0x08, 0x42, 0x10, 0xA6, 0xA9, 0x4E, 0xFB, 0xDD, 0xAD, 0xAD, 0x6E, 0xDA, 0xD8, 0xC6, 0x31, 0x9E, 0xFB, 0xB9, 0xDF,
  0xBB, 0xBE, 0x73, 0x9C, 0xE7, 0x7B, 0xFF, 0xFF, 0xFF, 0xFF, 0xFF, 0xFF, 0xFF, 0xFF, 0xFF, 0xFF, 0xFF, 0xFF, 0xFF, 0xFF, 0xFF, 0xFF, 0xFF, 0xFF,
  0xFF, 0xFF, 0xFF, 0xFF, 0xFF, 0xFF, 0xFF, 0xFF, 0xFF, 0xFF, 0xFF, 0xFF, 0xFF, 0xFF, 0xFF, 0xFF, 0xFF, 0xFF, 0xFF, 0xBD, 0xE7, 0x79, 0xCE, 0x6F,
  0x7B, 0xDE, 0x73, 0xCC, 0xE7, 0x18, 0xC6, 0x31, 0x6B, 0x5A, 0xD6, 0xAD, 0x6B, 0x5A, 0xD6, 0xB5, 0xA4, 0x21, 0x18, 0x42, 0x10, 0x84, 0x3D, 0xEE,
  0xBA, 0x6D, 0x6B, 0x5A, 0xD6, 0x31, 0x8C, 0x63, 0x18, 0xB5, 0xA9, 0x4A, 0x52, 0x94, 0xA5, 0x29, 0x49, 0x4A, 0x52, 0x94, 0x21, 0x08, 0x41, 0xCE,
  0x74, 0x1C, 0xE7, 0x39, 0xCE, 0x63, 0x18, 0xE6, 0x31, 0x8C, 0x63, 0x14, 0xA5, 0x31, 0x4A, 0x42, 0x12, 0x93, 0x21, 0x08, 0x42, 0x10, 0x83, 0x18,
  0xC6, 0x31, 0x8C, 0x63, 0x18, 0xC6, 0x38, 0xD2, 0x95, 0xD6, 0xA8, 0xD1, 0x88, 0x42, 0x10, 0x84, 0x21, 0x08, 0x42, 0x10, 0x84, 0x21, 0x04, 0x21,
  0x08, 0x42, 0x10, 0x84, 0x21, 0x08, 0x42, 0x13, 0x0C, 0x21, 0x08, 0x42, 0x10, 0x84, 0x21, 0x0B, 0x66, 0x10, 0x84, 0x21, 0x08, 0x42, 0x10, 0x84,
  0x21, 0x08, 0x42, 0x10, 0x84, 0x21, 0x08, 0x42, 0x25, 0xAE, 0x69, 0x28, 0x42, 0x10, 0x84, 0x21, 0x10, 0x82, 0x10, 0x84, 0x21, 0x08, 0x42, 0x10,
  0x84, 0x21, 0x08, 0x42, 0x10, 0x84, 0x21, 0x08, 0x42, 0x10, 0x84, 0x21, 0x08, 0x42, 0x11, 0x08, 0x42, 0x10, 0x84, 0x21, 0x08, 0x42, 0x10, 0x84,
  0x21, 0x08, 0x42, 0x10, 0x84, 0x21, 0x8C, 0x63, 0x18, 0xC6, 0x31, 0x8C, 0x63, 0x18, 0xC8, 0x42, 0x10, 0x84, 0x22, 0x29, 0x02, 0x10, 0xA5, 0x29,
  0x4A, 0x53, 0x18, 0xC6, 0x31, 0x8C, 0x63, 0x18, 0xE7, 0x39, 0xCE, 0x73, 0x9C, 0xE7, 0x42, 0x10, 0x84, 0x25, 0x29, 0x4A, 0x54, 0xA5, 0x29, 0x4A,
  0x52, 0x94, 0xB5, 0xB1, 0x8B, 0x5B, 0x18, 0xD6, 0xB5, 0xCE, 0x6B, 0x5C, 0xE7, 0x39, 0xD0, 0x84, 0x21, 0x08, 0x42, 0x10, 0xA5, 0x29, 0x5F, 0x7B,
  0xDD, 0xAD, 0xAD, 0x6B, 0x63, 0xBD, 0xEE, 0x31, 0x9C, 0xF7, 0xDD, 0xDE, 0xF7, 0xBE, 0x73, 0x9C, 0xE7, 0x7B, 0xFF, 0xFF, 0xFF, 0xFF, 0xFF, 0xFF,
  0xFF, 0xFF, 0xFF, 0xFF, 0xFF, 0xFF, 0xFF, 0xFF, 0xFF, 0xFF, 0xFF, 0xFF, 0xFF, 0xFF, 0xFF, 0xFF, 0xFF, 0xFF, 0xFF, 0xFF, 0xFF, 0xFF, 0xFF, 0xFF,
  0xFF, 0xFF, 0xFF, 0xFF, 0xFF, 0xFF, 0xFF, 0xBD, 0xE7, 0x39, 0xCE, 0x73, 0x7B, 0xDE, 0x79, 0x9C, 0xE7, 0x18, 0xC6, 0x31, 0x6B, 0x5A, 0xD6, 0xB5,
  0x6B, 0x5A, 0x52, 0xB5, 0xA5, 0x21, 0x18, 0x42, 0x10, 0x84, 0x1C, 0xE7, 0x4E, 0x0D, 0x6B, 0x5A, 0xD6, 0x31, 0x8C, 0x62, 0xD6, 0xB5, 0xAD, 0x4A,
  0x52, 0x94, 0xA5, 0x29, 0x49, 0x4A, 0x52, 0x94, 0x21, 0x08, 0x41, 0xCE, 0x73, 0x9C, 0xE7, 0x39, 0xCE, 0x63, 0x18, 0xE6, 0x31, 0x8C, 0x63, 0x18,
  0xC5, 0x29, 0x4A, 0x52, 0x3A, 0x86, 0x21, 0x08, 0x42, 0x10, 0x84, 0x18, 0xC6, 0x31, 0x8C, 0x63, 0x18, 0xC6, 0x31, 0xBA, 0x74, 0xD5, 0x2B, 0x48,
  0x94, 0x42, 0x10, 0x84, 0x21, 0x08, 0x42, 0x10, 0x84, 0x21, 0x08, 0x21, 0x08, 0x42, 0x20, 0x84, 0x21, 0x08, 0x42, 0x36, 0x84, 0x21, 0x08, 0x42,
  0x10, 0x84, 0x21, 0x35, 0x02, 0x10, 0x84, 0x21, 0x08, 0x42, 0x10, 0x84, 0x21, 0x08, 0x42, 0x10, 0x84, 0x21, 0x08, 0x4A, 0xB5, 0xAD, 0x65, 0x08,
  0x42, 0x10, 0x84, 0x21, 0x10, 0x42, 0x10, 0x84, 0x21, 0x08, 0x42, 0x10, 0x84, 0x21, 0x08, 0x42, 0x10, 0x84, 0x21, 0x08, 0x42, 0x10, 0x84, 0x21,
  0x08, 0x42, 0x21, 0x08, 0x42, 0x10, 0x84, 0x21, 0x10, 0x62, 0x10, 0x84, 0x21, 0x08, 0x42, 0x10, 0x84, 0x21, 0x8C, 0x63, 0x18, 0xC6, 0x31, 0x8C,
  0x63, 0x19, 0x08, 0x44, 0x42, 0x13, 0xA6, 0xA8, 0x42, 0x14, 0xA5, 0x29, 0x4A, 0x53, 0x18, 0xC6, 0x31, 0x8C, 0x63, 0x18, 0xE7, 0x39, 0xCE, 0x73,
  0x9C, 0xE7, 0x42, 0x10, 0x84, 0x25, 0x2A, 0x52, 0x94, 0xA5, 0x29, 0x4A, 0x52, 0x94, 0xB5, 0xAD, 0x8C, 0x63, 0x18, 0xD6, 0xB5, 0xCE, 0x73, 0x9C,
  0xE7, 0x39, 0xD0, 0x84, 0x21, 0x08, 0x42, 0x14, 0xA5, 0x29, 0xDF, 0x7B, 0xDD, 0xED, 0xAD, 0x6C, 0x77, 0x18, 0xC6, 0x31, 0x9C, 0xF7, 0xBE, 0xE6,
  0xF7, 0xCE, 0x73, 0x9C, 0xE7, 0x7B, 0xFF, 0xFF, 0xFF, 0xFF, 0xFF, 0xFF, 0xFF, 0xFF, 0xFF, 0xFF, 0xFF, 0xFF, 0xFF, 0xFF, 0xFF, 0xFF, 0xFF, 0xFF,
  0xFF, 0xFF, 0xFF, 0xFF, 0xFF, 0xFF, 0xFF, 0xFF, 0xFF, 0xFF, 0xFF, 0xFF, 0xFF, 0xFF, 0xFF, 0xFF, 0xFF, 0xFF, 0xFF, 0xBD, 0xE7, 0x3B, 0xCE, 0x73,
  0x7B, 0xDF, 0x39, 0x9C, 0xE7, 0x18, 0xC6, 0x31, 0x6B, 0x5A, 0xD6, 0xB5, 0x6B, 0x5A, 0xD2, 0x95, 0xA5, 0x21, 0x18, 0x42, 0x10, 0x84, 0x20, 0xE7,
  0x39, 0xCE, 0x6B, 0x5A, 0xD6, 0x31, 0x8C, 0x62, 0xD6, 0xB5, 0xAD, 0x4B, 0x52, 0x94, 0xA5, 0x29, 0x4A, 0x4A, 0x52, 0x94, 0xA1, 0x09, 0x42, 0x0E,
  0x83, 0xA0, 0xEA, 0x39, 0xCE, 0x73, 0x1C, 0xE6, 0x31, 0x8C, 0x63, 0x18, 0xC5, 0x31, 0x4A, 0x54, 0xB9, 0x86, 0x21, 0x08, 0x42, 0x10, 0x84, 0x20,
  0xC6, 0x31, 0x8C, 0x63, 0x18, 0xC6, 0x31, 0x8C, 0x6A, 0x9C, 0xE7, 0x4A, 0x4D, 0x22, 0x10, 0x84, 0x21, 0x08, 0x42, 0x10, 0x84, 0x21, 0x08, 0x41,
  0x08, 0x42, 0x10, 0x84, 0x21, 0x08, 0x42, 0xD6, 0x84, 0x21, 0x08, 0x42, 0x10, 0x84, 0x24, 0xA0, 0x42, 0x10, 0x84, 0x21, 0x08, 0x42, 0x10, 0x84,
  0x21, 0x08, 0x42, 0x10, 0x84, 0x21, 0x09, 0x59, 0x36, 0x30, 0x41, 0x08, 0x42, 0x10, 0x84, 0x21, 0x08, 0x42, 0x10, 0x84, 0x21, 0x08, 0x42, 0x10,
  0x84, 0x21, 0x08, 0x42, 0x10, 0x84, 0x21, 0x08, 0x42, 0x10, 0x84, 0x21, 0x08, 0x44, 0x21, 0x08, 0x42, 0x10, 0x84, 0x21, 0x24, 0x42, 0x10, 0x84,
  0x21, 0x08, 0x42, 0x10, 0x84, 0x31, 0x8C, 0x63, 0x18, 0xC6, 0x31, 0x8C, 0x63, 0x3C, 0x27, 0x36, 0xA0, 0x84, 0x21, 0x08, 0x42, 0x14, 0xA5, 0x29,
  0x4A, 0x63, 0x18, 0xC6, 0x31, 0x8C, 0x63, 0x1C, 0xE7, 0x39, 0xCE, 0x84, 0x1C, 0xE8, 0x42, 0x12, 0x94, 0xA9, 0x2A, 0x52, 0x94, 0xA5, 0x29, 0x4A,
  0x52, 0x94, 0xB5, 0xAD, 0x8C, 0x63, 0x18, 0xC6, 0x35, 0xCE, 0x73, 0x9C, 0xE8, 0x3A, 0x10, 0x84, 0x21, 0x08, 0x42, 0x14, 0xA5, 0x29, 0xDF, 0x77,
  0xDD, 0xED, 0xAD, 0x6B, 0x5B, 0x18, 0xC6, 0x31, 0x9C, 0xFB, 0xBD, 0xEE, 0xF7, 0xCE, 0x73, 0x9C, 0xE7, 0x7B, 0xFF, 0xFF, 0xFF, 0xFF, 0xFF, 0xFF,
  0xFF, 0xFF, 0xFF, 0xFF, 0xFF, 0xFF, 0xFF, 0xFF, 0xFF, 0xFF, 0xFF, 0xFF, 0xFF, 0xFF, 0xFF, 0xFF, 0xFF, 0xFF, 0xFF, 0xFF, 0xFF, 0xFF, 0xFF, 0xFF,
  0xFF, 0xFF, 0xFF, 0xFF, 0xFF, 0xFF, 0xFF, 0xFD, 0xEF, 0x39, 0xDE, 0x73, 0x9B, 0xE7, 0x33, 0x9C, 0xE7, 0x38, 0xC6, 0x3D, 0xEF, 0x5A, 0xD6, 0xB5,
  0x6B, 0x5F, 0x7A, 0x94, 0xA5, 0x21, 0x08, 0x42, 0x10, 0x84, 0x20, 0xE7, 0x53, 0xDE, 0xF3, 0x7B, 0x36, 0xB1, 0x8C, 0x63, 0x16, 0xB5, 0xAD, 0x4A,
  0x5A, 0x94, 0xAF, 0x29, 0x4A, 0x4A, 0x52, 0x94, 0xA1, 0x08, 0x42, 0x0E, 0x73, 0x9C, 0xE7, 0x39, 0xCE, 0x73, 0x9C, 0xE7, 0x31, 0x8C, 0x63, 0x18,
  0xA6, 0x29, 0x4A, 0x57, 0x25, 0x44, 0x21, 0x08, 0x42, 0x10, 0x84, 0x20, 0xC6, 0x31, 0x8C, 0x63, 0x18, 0xC6, 0x31, 0x8C, 0x63, 0x18, 0xD5, 0x3A,
  0x52, 0x8D, 0x18, 0x84, 0x21, 0x08, 0x42, 0x10, 0x84, 0x21, 0x08, 0x42, 0x10, 0x42, 0x10, 0x84, 0x21, 0x08, 0x48, 0xE0, 0x84, 0x21, 0x08, 0x42,
  0x10, 0x84, 0x33, 0x18, 0x42, 0x10, 0x84, 0x21, 0x08, 0x42, 0x10, 0x84, 0x21, 0x08, 0x42, 0x10, 0x84, 0x22, 0x63, 0x26, 0xC2, 0x8C, 0x22, 0x18,
  0x42, 0x10, 0x84, 0x21, 0x08, 0x42, 0x10, 0x84, 0x21, 0x08, 0x42, 0x10, 0x84, 0x21, 0x08, 0x42, 0x10, 0x84, 0x21, 0x08, 0x42, 0x10, 0x84, 0x21,
  0x10, 0x84, 0x21, 0x08, 0x42, 0x10, 0x84, 0x22, 0x0C, 0xE2, 0x10, 0x84, 0x21, 0x08, 0x42, 0x10, 0x86, 0x31, 0x8C, 0x63, 0x18, 0xC6, 0x31, 0xAE,
  0x34, 0x61, 0x08, 0x42, 0x10, 0x84, 0x21, 0x08, 0x42, 0x94, 0xA5, 0x29, 0x4A, 0x63, 0x18, 0xC6, 0x31, 0x8C, 0x63, 0x1C, 0xE7, 0x39, 0xCE, 0x74,
  0x21, 0x08, 0x4A, 0x52, 0x94, 0xA9, 0x4A, 0x52, 0x94, 0xA5, 0x29, 0x4A, 0x52, 0x94, 0xB5, 0xAD, 0x8C, 0x63, 0x18, 0xC6, 0xB5, 0xCE, 0x73, 0x9C,
  0xE7, 0x3A, 0x10, 0x84, 0x21, 0x08, 0x42, 0x14, 0xA5, 0x35, 0xEF, 0x76, 0xBA, 0xE5, 0xAD, 0x6B, 0x63, 0x18, 0xC6, 0x33, 0x9C, 0xFB, 0xDC, 0xF7,
  0x77, 0xCE, 0x73, 0x9C, 0xEF, 0x7F, 0xFF, 0xFF, 0xFF, 0xFF, 0xFF, 0xFF, 0xFF, 0xFF, 0xFF, 0xFF, 0xFF, 0xFF, 0xFF, 0xFF, 0xFF, 0xFF, 0xFF, 0xFF,
  0xFF, 0xFF, 0xFF, 0xFF, 0xFF, 0xFF, 0xFF, 0xFF, 0xFF, 0xFF, 0xFF, 0xFF, 0xFF, 0xFF, 0xFF, 0xFF, 0xFF, 0xFF, 0xFF, 0xFD, 0xEF, 0x39, 0xCE, 0x73,
  0x7B, 0xDF, 0x33, 0x9C, 0xE7, 0x38, 0xC7, 0xBB, 0x8B, 0x5A, 0xD6, 0xB5, 0xAB, 0x5A, 0xD2, 0x94, 0xA5, 0x29, 0x08, 0x76, 0x10, 0x84, 0x21, 0x0E,
  0xF9, 0xCE, 0x73, 0x7B, 0x36, 0xB1, 0x8C, 0x63, 0x16, 0xB5, 0xAD, 0x6A, 0x52, 0x94, 0xAF, 0x29, 0x4A, 0x52, 0x52, 0x94, 0xA5, 0x08, 0x42, 0x10,
  0x73, 0x9C, 0xE7, 0x39, 0xCE, 0x73, 0x9C, 0xE7, 0x31, 0x8C, 0x63, 0x18, 0xC5, 0x29, 0x4A, 0xA7, 0x15, 0x44, 0x21, 0x0E, 0x42, 0x10, 0x84, 0x21,
  0x06, 0x31, 0x8C, 0x63, 0x18, 0xC6, 0x31, 0x8C, 0x63, 0x10, 0xC6, 0x68, 0xD2, 0xB4, 0x89, 0x04, 0x21, 0x08, 0x42, 0x10, 0x84, 0x21, 0x08, 0x42,
  0x10, 0x82, 0x10, 0x84, 0x21, 0x08, 0x4C, 0x40, 0x84, 0x21, 0x08, 0x42, 0x10, 0x84, 0x34, 0x08, 0x42, 0x10, 0x84, 0x21, 0x08, 0x42, 0x10, 0x84,
  0x21, 0x08, 0x42, 0x10, 0x84, 0x6C, 0x63, 0x58, 0x50, 0x84, 0x24, 0x08, 0x42, 0x11, 0x88, 0x21, 0x08, 0x42, 0x10, 0x84, 0x21, 0x08, 0x42, 0x10,
  0x84, 0x21, 0x08, 0x7D, 0xEF, 0x7B, 0xC1, 0xF0, 0x42, 0x10, 0x84, 0x22, 0x10, 0x84, 0x21, 0x08, 0x42, 0x10, 0x84, 0x21, 0x08, 0x42, 0x10, 0x84,
  0x21, 0x08, 0x42, 0x10, 0xFC, 0x31, 0x8C, 0x63, 0x19, 0x94, 0x42, 0x0C, 0x64, 0x21, 0x08, 0x42, 0x10, 0x84, 0x21, 0x08, 0x52, 0x94, 0xA5, 0x29,
  0x4C, 0x63, 0x18, 0xC6, 0x31, 0x8C, 0x63, 0x9C, 0xE7, 0x39, 0xCE, 0x84, 0x21, 0x09, 0x4A, 0x52, 0x95, 0x29, 0x4A, 0x52, 0x94, 0xA5, 0x29, 0x4A,
  0x52, 0x96, 0xB5, 0xAD, 0x6C, 0x63, 0x18, 0xC6, 0xB5, 0xAD, 0x6B, 0xA0, 0xE8, 0x42, 0x10, 0x84, 0x21, 0x08, 0x42, 0x94, 0xA5, 0x3B, 0xEF, 0x7B,
  0xB6, 0xB5, 0xAD, 0x6B, 0x77, 0xBD, 0xEE, 0x33, 0x9C, 0xF7, 0xBB, 0xEF, 0xBB, 0xCE, 0x73, 0x9C, 0xEF, 0x7F, 0xFF, 0xFF, 0xFF, 0xFF, 0xFF, 0xFF,
  0xFF, 0xFF, 0xFF, 0xFF, 0xFF, 0xFF, 0xFF, 0xFF, 0xFF, 0xFF, 0xFF, 0xFF, 0xFF, 0xFF, 0xFF, 0xFF, 0xFF, 0xFF, 0xFF, 0xFF, 0xFF, 0xFF, 0xFF, 0xFF,
  0xFF, 0xFF, 0xFF, 0xFF, 0xFF, 0xFF, 0xFF, 0xFD, 0xEF, 0x39, 0xCE, 0x73, 0x9B, 0xDE, 0xF7, 0x9C, 0xE7, 0x38, 0xC7, 0xBB, 0x8B, 0x5A, 0xDE, 0xF7,
  0xBD, 0x5F, 0x7A, 0x9E, 0xF7, 0xBD, 0x08, 0x7B, 0xDD, 0x84, 0x21, 0x0F, 0x39, 0xCE, 0x73, 0x7D, 0x36, 0xDF, 0xDE, 0xBB, 0x29, 0x45, 0xAF, 0xCA,
  0x57, 0xBD, 0xEF, 0x29, 0x54, 0xF7, 0xA6, 0x94, 0xA5, 0x08, 0x42, 0x10, 0x73, 0x9C, 0xE7, 0x39, 0xCE, 0x73, 0x9C, 0xE7, 0x31, 0x8C, 0x63, 0x18,
  0xC6, 0x29, 0x55, 0x02, 0x95, 0x44, 0x22, 0xD6, 0x72, 0x10, 0x84, 0x21, 0x08, 0x31, 0x8C, 0x63, 0x18, 0xC6, 0x31, 0x8C, 0x63, 0x18, 0xC6, 0x31,
  0xCE, 0x94, 0xA3, 0x44, 0x21, 0x08, 0x42, 0x10, 0x84, 0x21, 0x08, 0x42, 0x10, 0x84, 0x10, 0x84, 0x21, 0x08, 0x84, 0x10, 0x84, 0x21, 0x08, 0x42,
  0x10, 0x85, 0x93, 0x08, 0x42, 0x10, 0x84, 0x21, 0x08, 0x42, 0x10, 0x84, 0x21, 0x08, 0x42, 0x10, 0x99, 0x93, 0x63, 0x06, 0x10, 0x84, 0x27, 0x08,
  0x42, 0x22, 0x04, 0x21, 0x08, 0x42, 0x10, 0x84, 0x21, 0x08, 0x42, 0x10, 0x84, 0x21, 0x08, 0x42, 0x1F, 0x04, 0x21, 0xF0, 0x42, 0x10, 0x84, 0x42,
  0x10, 0x84, 0x21, 0x08, 0x42, 0x10, 0x84, 0x21, 0x08, 0x42, 0x10, 0x84, 0x21, 0x08, 0x42, 0x18, 0xFC, 0x31, 0x8C, 0x63, 0x18, 0xC6, 0x31, 0x8C,
  0x84, 0x21, 0x08, 0x42, 0x10, 0x84, 0x21, 0x08, 0x52, 0x94, 0xA5, 0x29, 0x8C, 0x63, 0x18, 0xC6, 0x31, 0x8C, 0x63, 0x9C, 0xE7, 0x39, 0xD0, 0x84,
  0x1D, 0x09, 0x4A, 0x52, 0x95, 0x29, 0x4A, 0x52, 0x94, 0xA5, 0x29, 0x4A, 0x52, 0x96, 0xB5, 0xAD, 0x6C, 0x63, 0x5A, 0xD6, 0xB9, 0xCE, 0x74, 0x21,
  0x08, 0x42, 0x10, 0x84, 0x21, 0x08, 0x42, 0x94, 0xA5, 0x3B, 0xEE, 0xF7, 0xBE, 0xF7, 0x6D, 0x6B, 0x63, 0x18, 0xC6, 0x33, 0x9C, 0xE7, 0x7B, 0xDF,
  0x7D, 0xDE, 0x73, 0x9C, 0xEF, 0x7F, 0xFF, 0xFF, 0xFF, 0xFF, 0xFF, 0xFF, 0xFF, 0xFF, 0xFF, 0xFF, 0xFF, 0xFF, 0xFF, 0xFF, 0xFF, 0xFF, 0xFF, 0xFF,
  0xFF, 0xFF, 0xFF, 0xFF, 0xFF, 0xFF, 0xFF, 0xFF, 0xFF, 0xFF, 0xFF, 0xFF, 0xFF, 0xFF, 0xFF, 0xFF, 0xFF, 0xFF, 0xFF, 0xFF, 0xEF, 0x79, 0xCE, 0x73,
  0x9C, 0xDE, 0xF7, 0x9C, 0xE7, 0x39, 0xC6, 0x3D, 0xEB, 0x5A, 0xD6, 0xB5, 0xBD, 0x5F, 0x7A, 0x9F, 0xD5, 0x3B, 0xE8, 0x7A, 0x10, 0x84, 0x21, 0x0F,
  0x39, 0xCE, 0x73, 0x7B, 0x36, 0xB5, 0x8C, 0xF3, 0x29, 0x55, 0xAF, 0xCB, 0x8F, 0x94, 0xAF, 0x29, 0x5E, 0x52, 0xBC, 0x94, 0xA5, 0x28, 0x42, 0x10,
  0x83, 0xA1, 0x08, 0x39, 0xCE, 0x73, 0x9C, 0xC6, 0x31, 0x8C, 0x63, 0x18, 0xC6, 0x2A, 0xA0, 0x52, 0x94, 0xE4, 0x21, 0xD6, 0x72, 0x10, 0x84, 0x21,
  0x08, 0x41, 0x8C, 0x63, 0x18, 0xC6, 0x31, 0x8C, 0x63, 0x18, 0xC6, 0x34, 0x2E, 0x73, 0x9C, 0xD2, 0x21, 0x08, 0x42, 0x10, 0x84, 0x21, 0x08, 0x42,
  0x10, 0x84, 0x21, 0x04, 0x21, 0x09, 0xC2, 0x7E, 0x84, 0x21, 0x98, 0x42, 0x10, 0x84, 0xE1, 0x08, 0x42, 0x10, 0x84, 0x21, 0x08, 0x42, 0x10, 0x84,
  0x21, 0x08, 0x42, 0x34, 0xB2, 0x6C, 0x48, 0xC2, 0x10, 0x84, 0x23, 0x08, 0x44, 0x40, 0x84, 0x21, 0x08, 0x42, 0x10, 0x84, 0x21, 0x08, 0x42, 0x10,
  0x84, 0x21, 0x08, 0x42, 0x1F, 0x04, 0x21, 0xF5, 0x3B, 0xE1, 0x08, 0x5E, 0xF7, 0x84, 0x2D, 0x53, 0xBE, 0x88, 0x85, 0xDF, 0x79, 0x22, 0x8E, 0xBB,
  0xEA, 0x88, 0x43, 0x18, 0xFC, 0x31, 0xFB, 0xDE, 0x18, 0xFB, 0xEF, 0x34, 0x84, 0x21, 0x08, 0x42, 0x10, 0x84, 0x21, 0x0A, 0x52, 0x94, 0xA5, 0x29,
  0x8C, 0x63, 0x18, 0xC7, 0x39, 0xCE, 0x73, 0x9C, 0xE7, 0x3A, 0x10, 0x84, 0x21, 0x29, 0x42, 0x12, 0x94, 0xA5, 0x2A, 0x52, 0x94, 0xA5, 0x29, 0x4A,
  0x52, 0xD6, 0xB5, 0xAD, 0x8C, 0x6B, 0x5A, 0xD7, 0x39, 0xCE, 0x74, 0x1D, 0x08, 0x42, 0x10, 0x84, 0x21, 0x18, 0xC6, 0x95, 0xA5, 0xFD, 0xEF, 0x76,
  0xB6, 0xB7, 0xBD, 0xDB, 0x63, 0x18, 0xEF, 0x7D, 0xEF, 0x7B, 0x7B, 0xDE, 0xFB, 0xEE, 0xF3, 0x9D, 0xEF, 0xFF, 0xFF, 0xFF, 0xFF, 0xFF, 0xFF, 0xFF,
  0xFF, 0xFF, 0xFF, 0xFF, 0xFF, 0xFF, 0xFF, 0xFF, 0xFF, 0xFF, 0xFF, 0xFF, 0xFF, 0xFF, 0xFF, 0xFF, 0xFF, 0xFF, 0xFF, 0xFF, 0xFF, 0xFF, 0xFF, 0xFF,
  0xFF, 0xFF, 0xFF, 0xFF, 0xFF, 0xFF, 0xFF, 0xFF, 0xEF, 0x79, 0xCE, 0x73, 0x9B, 0xDF, 0x37, 0x9C, 0xE7, 0x39, 0xC6, 0x31, 0xDF, 0x5A, 0xDE, 0xF7,
  0xBD, 0x5F, 0x7A, 0x9F, 0xA5, 0x35, 0xE8, 0x7A, 0x70, 0x9F, 0xBB, 0x0F, 0x39, 0xCE, 0x73, 0xBD, 0x16, 0xD3, 0xDE, 0xF3, 0x29, 0x55, 0xAF, 0xCB,
  0xAD, 0x14, 0xAF, 0x2A, 0x1E, 0xF7, 0xBC, 0x94, 0xA5, 0x28, 0x42, 0x10, 0x83, 0x9C, 0xE7, 0x39, 0xCE, 0x73, 0x9C, 0xC6, 0x31, 0x8C, 0x63, 0x18,
  0xC6, 0x54, 0x14, 0x52, 0x95, 0x0D, 0x63, 0x56, 0x42, 0x10, 0x84, 0x21, 0x08, 0x41, 0x8C, 0x63, 0x18, 0xC6, 0x31, 0x8C, 0x63, 0x18, 0xC6, 0x65,
  0xA0, 0x83, 0x4C, 0xE6, 0x71, 0x08, 0x42, 0x10, 0x84, 0x21, 0x08, 0x42, 0x10, 0x84, 0x21, 0x08, 0x21, 0x0B, 0x83, 0x2F, 0x48, 0x21, 0xE8, 0x42,
  0x10, 0x84, 0x21, 0x08, 0x42, 0x10, 0x84, 0x21, 0x08, 0x42, 0x10, 0x84, 0x21, 0x08, 0x46, 0xC6, 0x4D, 0x86, 0x08, 0x42, 0x10, 0x84, 0x21, 0x08,
  0x42, 0x10, 0x84, 0x21, 0x08, 0x42, 0x10, 0x84, 0x21, 0x08, 0x42, 0x10, 0x84, 0x21, 0x08, 0x42, 0x1F, 0x04, 0x21, 0xF1, 0x02, 0x4B, 0x8B, 0xC2,
  0x10, 0xBC, 0x2E, 0xCC, 0x42, 0xF0, 0xA7, 0x31, 0x0B, 0xC2, 0x8F, 0x44, 0x2F, 0x08, 0x63, 0x18, 0xFC, 0x3A, 0x44, 0x63, 0xF0, 0xFC, 0x31, 0x90,
  0x84, 0x21, 0x08, 0x42, 0x10, 0x84, 0x21, 0xCA, 0x72, 0x94, 0xA5, 0x31, 0x8C, 0x63, 0x18, 0xE7, 0x31, 0x8C, 0x73, 0x9C, 0xE7, 0x39, 0xCE, 0x73,
  0xA1, 0x08, 0x42, 0x12, 0x94, 0xA5, 0x2A, 0x52, 0x94, 0xA5, 0x29, 0x4A, 0x5A, 0xD8, 0xC5, 0xAD, 0x8D, 0x6B, 0x5A, 0xD7, 0x39, 0xCE, 0x83, 0x9D,
  0x08, 0x42, 0x10, 0x84, 0x21, 0x18, 0xD2, 0x95, 0xAD, 0xFD, 0xEF, 0x7A, 0xD6, 0xB5, 0xAD, 0xDF, 0x7B, 0xDE, 0xF7, 0x73, 0x9C, 0xFB, 0xDB, 0xDE,
  0xF9, 0xDF, 0x77, 0x9D, 0xEF, 0xFF, 0xFF, 0xFF, 0xFF, 0xFF, 0xFF, 0xFF, 0xFF, 0xFF, 0xFF, 0xFF, 0xFF, 0xFF, 0xFF, 0xFF, 0xFF, 0xFF, 0xFF, 0xFF,
  0xFF, 0xFF, 0xFF, 0xFF, 0xFF, 0xFF, 0xFF, 0xFF, 0xFF, 0xFF, 0xFF, 0xFF, 0xFF, 0xFF, 0xFF, 0xFF, 0xFF, 0xFF, 0xFF, 0xFF, 0xEF, 0x79, 0xCE, 0x73,
  0x9C, 0xE6, 0xF7, 0xBC, 0xE7, 0x39, 0xC6, 0x31, 0x8E, 0xFB, 0xBE, 0xB5, 0xBD, 0x5F, 0x7A, 0xBF, 0xA5, 0x29, 0xE8, 0x7A, 0x30, 0x84, 0x21, 0x0F,
  0x39, 0xCE, 0x73, 0xBB, 0x18, 0x79, 0xAC, 0xF3, 0x29, 0xA5, 0xAF, 0xCB, 0xA6, 0x94, 0xAF, 0x29, 0xBE, 0x52, 0x94, 0x94, 0xA5, 0x29, 0x42, 0x10,
  0x84, 0x1C, 0xE7, 0x39, 0xCE, 0x73, 0x9C, 0xE6, 0x31, 0x8C, 0x63, 0x18, 0xD0, 0x82, 0x8A, 0x52, 0x95, 0xCE, 0x69, 0xC8, 0x42, 0x90, 0x84, 0x21,
  0x08, 0x42, 0x0C, 0x63, 0x18, 0xC6, 0x31, 0x8C, 0x63, 0x18, 0xC6, 0xC4, 0x88, 0x42, 0x11, 0xE7, 0x34, 0x88, 0x42, 0x10, 0xC6, 0x21, 0x08, 0x42,
  0x10, 0x84, 0x21, 0x08, 0x42, 0x0C, 0x83, 0x36, 0x78, 0x21, 0xE8, 0x68, 0x70, 0x87, 0xC1, 0x37, 0xB5, 0xE0, 0x87, 0xD7, 0xD7, 0x86, 0x10, 0x84,
  0x21, 0x09, 0x99, 0x36, 0x30, 0x61, 0x08, 0x42, 0x10, 0x84, 0x21, 0x08, 0x42, 0x10, 0x84, 0x21, 0x08, 0x42, 0x10, 0x84, 0x21, 0x08, 0x42, 0x10,
  0x84, 0x21, 0x08, 0x42, 0x1F, 0x04, 0x21, 0xF0, 0x84, 0x2E, 0x8B, 0xC2, 0x10, 0xBC, 0x2E, 0x90, 0x42, 0xF0, 0xBC, 0x21, 0x0B, 0xC2, 0x8C, 0xC4,
  0x2F, 0x0E, 0x7E, 0x98, 0xFC, 0x3F, 0x7B, 0xDE, 0xF0, 0xD9, 0xE9, 0x90, 0xDD, 0xE9, 0x08, 0x42, 0x10, 0x84, 0x21, 0x4A, 0x52, 0x94, 0xA5, 0x31,
  0x8C, 0x63, 0x18, 0xC6, 0x31, 0x8E, 0x73, 0x9C, 0xE7, 0x39, 0xCE, 0x74, 0x21, 0x08, 0x42, 0x52, 0x94, 0xA9, 0x4A, 0x52, 0x94, 0xA5, 0x29, 0x4A,
  0x5A, 0xD8, 0xC5, 0xB1, 0x8D, 0x6B, 0x5A, 0xE7, 0x39, 0xCE, 0x84, 0x20, 0xE8, 0x42, 0x10, 0x84, 0x21, 0x08, 0x52, 0x95, 0xAD, 0x3B, 0xEF, 0x7B,
  0xB6, 0xC6, 0x2D, 0x6C, 0x63, 0x18, 0xC6, 0x73, 0x9C, 0xEF, 0xBE, 0xDF, 0x39, 0xCF, 0x7B, 0xBD, 0xEF, 0xFF, 0xFF, 0xFF, 0xFF, 0xFF, 0xFF, 0xFF,
  0xFF, 0xFF, 0xFF, 0xFF, 0xFF, 0xFF, 0xFF, 0xFF, 0xFF, 0xFF, 0xFF, 0xFF, 0xFF, 0xFF, 0xFF, 0xFF, 0xFF, 0xFF, 0xFF, 0xFF, 0xFF, 0xFF, 0xFF, 0xFF,
  0xFF, 0xFF, 0xFF, 0xFF, 0xFF, 0xFF, 0xFF, 0xFF, 0xFF, 0x7B, 0xCE, 0x73, 0x9C, 0xE6, 0xF7, 0xBC, 0xE7, 0x39, 0xCF, 0xBB, 0xDF, 0x73, 0xBE, 0xB7,
  0xBD, 0x6F, 0x7A, 0xBF, 0xA5, 0x2F, 0xEA, 0x77, 0xD0, 0x84, 0x21, 0x09, 0xFA, 0x93, 0xA3, 0xBB, 0x38, 0x79, 0xBD, 0xF3, 0x21, 0xE8, 0xD7, 0xCB,
  0x5F, 0xA3, 0x3F, 0x29, 0x5E, 0xA2, 0xA6, 0x94, 0xA5, 0x29, 0x42, 0x10, 0x84, 0x1C, 0xE7, 0x39, 0xCE, 0x73, 0x9C, 0xE7, 0x31, 0x8C, 0x73, 0x29,
  0xCA, 0x31, 0x8A, 0x52, 0xB1, 0xC5, 0x41, 0x08, 0x52, 0x94, 0x84, 0x21, 0x08, 0x42, 0x10, 0x63, 0x18, 0xC6, 0x31, 0x8C, 0x63, 0x23, 0x18, 0xC3,
  0x88, 0x42, 0x10, 0x8F, 0x39, 0xB0, 0x42, 0x54, 0xE2, 0x21, 0x08, 0x42, 0x10, 0x84, 0x21, 0x08, 0x42, 0x24, 0x83, 0x33, 0x8F, 0xC1, 0xE8, 0x43,
  0xE0, 0x8B, 0xA1, 0xF0, 0x42, 0xCA, 0x07, 0xC1, 0x08, 0xF4, 0x10, 0x84, 0x23, 0x4B, 0x26, 0xC4, 0x8C, 0x21, 0x08, 0x42, 0x10, 0x84, 0x21, 0x08,
  0x42, 0x10, 0x84, 0x21, 0x08, 0x42, 0x10, 0x84, 0x21, 0x08, 0x42, 0x10, 0x84, 0x21, 0x08, 0x42, 0x1F, 0x04, 0x21, 0xF0, 0x84, 0x2E, 0x8B, 0xC2,
  0x10, 0xBC, 0x2E, 0x90, 0x42, 0xF0, 0xBA, 0x51, 0x0B, 0xC2, 0x8C, 0xC4, 0x2F, 0x0C, 0x63, 0x18, 0xFC, 0x3E, 0x98, 0x63, 0x18, 0xC6, 0x4A, 0x50,
  0x84, 0x21, 0x08, 0x42, 0x10, 0x84, 0x29, 0x4A, 0x52, 0x94, 0xA6, 0x31, 0x8C, 0x63, 0x18, 0xC6, 0x31, 0xCE, 0x73, 0x9C, 0xE7, 0x39, 0xCE, 0x74,
  0x21, 0x08, 0x42, 0x52, 0x94, 0xA9, 0x4A, 0x52, 0x94, 0xA5, 0x2D, 0x4A, 0x5A, 0xD8, 0xC5, 0xB1, 0x8D, 0x6B, 0x5A, 0xD6, 0xB5, 0xAE, 0x73, 0x9D,
  0x08, 0x42, 0x10, 0x84, 0x21, 0x0A, 0x52, 0x95, 0xAD, 0x73, 0xEF, 0x7B, 0xB6, 0xC6, 0x31, 0x8C, 0x63, 0x18, 0xCE, 0x73, 0x9C, 0xEF, 0x7B, 0xF7,
  0x79, 0xCE, 0x7B, 0xDD, 0xFF, 0xFF, 0xFF, 0xFF, 0xFF, 0xFF, 0xFF, 0xFF, 0xFF, 0xFF, 0xFF, 0xFF, 0xFF, 0xFF, 0xFF, 0xFF, 0xFF, 0xFF, 0xFF, 0xFF,
  0xFF, 0xFF, 0xFF, 0xFF, 0xFF, 0xFF, 0xFF, 0xFF, 0xFF, 0xFF, 0xFF, 0xFF, 0xFF, 0xFF, 0xFF, 0xFF, 0xFF, 0xFF, 0xFF, 0xFF, 0xFF, 0x7B, 0xCE, 0x73,
  0x9C, 0xDE, 0xF7, 0xBC, 0xE7, 0x39, 0xCF, 0x7D, 0xEC, 0x62, 0xDE, 0xF5, 0xBB, 0x6A, 0xD6, 0xBE, 0xA5, 0x29, 0xAA, 0x42, 0xF4, 0x84, 0x21, 0x08,
  0x42, 0xBD, 0x9B, 0xA0, 0xD6, 0xCF, 0xAD, 0x9B, 0x19, 0x3D, 0x46, 0x2B, 0x5A, 0xE9, 0x15, 0x29, 0x4A, 0xA5, 0xE6, 0xA4, 0xA5, 0x29, 0x4A, 0x10,
  0x84, 0x20, 0xE7, 0x39, 0xCE, 0x73, 0x9C, 0xE7, 0x31, 0x8E, 0x63, 0x49, 0xC6, 0x31, 0x8C, 0x77, 0x38, 0xA5, 0x29, 0x4A, 0x52, 0x94, 0x84, 0x21,
  0x08, 0x42, 0x10, 0x83, 0x18, 0xC6, 0x31, 0x8C, 0x67, 0x4B, 0x18, 0x94, 0x88, 0x42, 0x10, 0x84, 0x79, 0xCD, 0x91, 0x9C, 0xCE, 0x21, 0x08, 0x42,
  0x10, 0x84, 0x21, 0x08, 0x42, 0x94, 0x85, 0x23, 0x87, 0xA7, 0xE8, 0x43, 0xE0, 0xD4, 0x41, 0xF0, 0x42, 0x3F, 0x07, 0xC1, 0x08, 0x7A, 0x10, 0x84,
  0x6C, 0x64, 0xD8, 0x70, 0x84, 0x21, 0x08, 0x42, 0x10, 0x84, 0x45, 0x08, 0x42, 0x10, 0x84, 0x21, 0x08, 0x42, 0x10, 0x84, 0x21, 0x08, 0x42, 0x10,
  0x84, 0x21, 0x08, 0x42, 0x1F, 0x04, 0x42, 0xF0, 0x84, 0x2E, 0x8A, 0x3D, 0x27, 0x66, 0x2E, 0x90, 0x42, 0xF0, 0x85, 0xE4, 0xCF, 0xA2, 0x8C, 0xC4,
  0x2F, 0x0C, 0x63, 0x18, 0xFC, 0x31, 0xF8, 0xEC, 0x38, 0xE6, 0x4A, 0x50, 0x84, 0x21, 0x08, 0x42, 0x10, 0x85, 0x29, 0x4A, 0x52, 0x94, 0xC6, 0x31,
  0x8C, 0x63, 0x18, 0xC6, 0x31, 0xCE, 0x73, 0x9C, 0xE7, 0x39, 0xCE, 0x84, 0x21, 0x08, 0x4A, 0x52, 0x94, 0xA9, 0x4A, 0x52, 0x94, 0xA5, 0x29, 0x4B,
  0x5A, 0xD8, 0xC6, 0x35, 0xAC, 0x6B, 0x5A, 0xD6, 0xB5, 0xCE, 0x83, 0x9D, 0x08, 0x42, 0x10, 0x84, 0x23, 0x1A, 0x52, 0x95, 0xAD, 0x6B, 0xEF, 0x7B,
  0xB6, 0xC6, 0x31, 0x8C, 0xE7, 0x39, 0xCE, 0x73, 0xCC, 0xEF, 0x7B, 0xDF, 0xBD, 0xCE, 0x73, 0xDE, 0xFF, 0xFF, 0xFF, 0xFF, 0xFF, 0xFF, 0xFF, 0xFF,
  0xFF, 0xFF, 0xFF, 0xFF, 0xFF, 0xFF, 0xFF, 0xFF, 0xFF, 0xFF, 0xFF, 0xFF, 0xFF, 0xFF, 0xFF, 0xFF, 0xFF, 0xFF, 0xFF, 0xFF, 0xFF, 0xFF, 0xFF, 0xFF,
  0xFF, 0xFF, 0xFF, 0xFF, 0xFF, 0xFF, 0xFF, 0xFF, 0xFF, 0x7B, 0xCE, 0x73, 0x9C, 0xE6, 0xF7, 0xBD, 0xE7, 0x39, 0xCE, 0x31, 0x8C, 0x62, 0xD6, 0xB5,
  0xAD, 0x6A, 0xD6, 0xB5, 0xA5, 0x29, 0x4A, 0x42, 0x10, 0x84, 0x21, 0x08, 0x41, 0xCE, 0x73, 0x9C, 0xD6, 0xB5, 0xAD, 0x63, 0x18, 0xC6, 0x2D, 0x6B,
  0x5A, 0xD4, 0xA5, 0x29, 0x4A, 0x52, 0x94, 0xA4, 0xA5, 0x29, 0x4A, 0x10, 0x84, 0x20, 0xE7, 0x39, 0xCE, 0x73, 0x9C, 0xE7, 0x39, 0x8E, 0x69, 0x3A,
  0x46, 0x31, 0xA1, 0x04, 0x94, 0xA5, 0x29, 0x4A, 0x52, 0x94, 0xA4, 0x21, 0x08, 0x42, 0x10, 0x84, 0x18, 0xC6, 0x31, 0x8C, 0x6C, 0x62, 0x4E, 0x92,
  0x0C, 0x62, 0x10, 0x84, 0x24, 0xCE, 0x75, 0xD6, 0x94, 0x71, 0x08, 0x42, 0x10, 0x84, 0x21, 0x08, 0x42, 0x91, 0x05, 0x33, 0x84, 0x3E, 0xE8, 0x43,
  0x19, 0x78, 0x21, 0xF0, 0x42, 0x3D, 0x07, 0xC1, 0x08, 0x7A, 0x12, 0x2D, 0x8E, 0x63, 0x0E, 0x10, 0x84, 0x21, 0x08, 0x42, 0x10, 0x84, 0x85, 0x08,
  0x42, 0x10, 0x84, 0x21, 0x08, 0x42, 0x10, 0x84, 0x21, 0x08, 0x42, 0x10, 0x84, 0x21, 0x08, 0x42, 0x14, 0x08, 0x42, 0x40, 0x84, 0x22, 0x08, 0x44,
  0x99, 0x04, 0x22, 0x08, 0x42, 0x48, 0x84, 0x29, 0xA8, 0x42, 0x10, 0x86, 0x33, 0x0C, 0x67, 0x18, 0xCE, 0x31, 0x8E, 0x73, 0x19, 0x1B, 0x34, 0x10,
  0x84, 0x21, 0x08, 0x42, 0x10, 0x85, 0x29, 0x4C, 0x62, 0x94, 0xC6, 0x31, 0x8C, 0x63, 0x18, 0xC6, 0x39, 0xCE, 0x73, 0x9C, 0xE7, 0x39, 0xCE, 0x84,
  0x21, 0x08, 0x4A, 0x54, 0xA5, 0x29, 0x4A, 0x52, 0x94, 0xA5, 0x29, 0x6B, 0x62, 0xD6, 0xB6, 0x31, 0x8C, 0x63, 0x5A, 0xD6, 0xB5, 0xCE, 0x73, 0x9D,
  0x08, 0x42, 0x10, 0x84, 0x63, 0x1A, 0x52, 0x94, 0xA5, 0x7D, 0xDF, 0x7B, 0xB8, 0xC6, 0x31, 0x8C, 0xE7, 0x39, 0xCF, 0x39, 0xCD, 0xEF, 0x7B, 0xE7,
  0x3B, 0xEE, 0x73, 0xBD, 0xFF, 0xFF, 0xFF, 0xFF, 0xFF, 0xFF, 0xFF, 0xFF, 0xFF, 0xFF, 0xFF, 0xFF, 0xFF, 0xFF, 0xFF, 0xFF, 0xFF, 0xFF, 0xFF, 0xFF,
  0xFF, 0xFF, 0xFF, 0xFF, 0xFF, 0xFF, 0xFF, 0xFF, 0xFF, 0xFF, 0xFF, 0xFF, 0xFF, 0xFF, 0xFF, 0xFF, 0xFF, 0xFF, 0xFF, 0xFF, 0xFF, 0xFB, 0xDE, 0x73,
  0x9C, 0xE6, 0xF7, 0xBD, 0xE7, 0x39, 0xCE, 0x71, 0x8C, 0x63, 0x16, 0xB5, 0xAD, 0x6B, 0x56, 0xB5, 0xA5, 0x29, 0x4A, 0x52, 0x10, 0x84, 0x21, 0x08,
  0x42, 0x0E, 0x73, 0x9C, 0xE6, 0xB5, 0xCE, 0x6B, 0x58, 0xC6, 0x31, 0x6B, 0x5A, 0xD6, 0xA5, 0x29, 0x4A, 0x52, 0x94, 0xA5, 0x25, 0x29, 0x4A, 0x50,
  0x84, 0x21, 0x07, 0x39, 0xCE, 0x73, 0x9C, 0xE7, 0x39, 0x8F, 0x28, 0xC4, 0xC6, 0x4C, 0x9A, 0x62, 0x94, 0xA5, 0x29, 0x4A, 0x52, 0x94, 0xA5, 0x21,
  0x08, 0x42, 0x10, 0x84, 0x18, 0xC6, 0x31, 0x91, 0x8C, 0x61, 0xCA, 0x41, 0x8C, 0x63, 0x10, 0x84, 0x22, 0x26, 0x33, 0x6B, 0x62, 0x71, 0x08, 0x42,
  0x10, 0x84, 0x21, 0x08, 0x42, 0x90, 0x85, 0x34, 0x08, 0x47, 0xF0, 0xC2, 0x1F, 0x4C, 0x21, 0xD5, 0xDB, 0xE0, 0x87, 0xC1, 0x08, 0x7A, 0x13, 0xB6,
  0x6C, 0x61, 0x94, 0x41, 0x04, 0x21, 0x08, 0x42, 0x10, 0x85, 0x41, 0x08, 0x42, 0x10, 0x84, 0x21, 0x08, 0x42, 0x10, 0x84, 0x21, 0x08, 0x42, 0x10,
  0x84, 0x21, 0x08, 0x44, 0x21, 0x08, 0x42, 0x10, 0x84, 0x21, 0x08, 0x42, 0x10, 0x84, 0x21, 0x08, 0x42, 0x10, 0x84, 0x21, 0x08, 0x42, 0x10, 0xC6,
  0x31, 0x8C, 0xE3, 0x18, 0xC6, 0x31, 0x8C, 0x63, 0x19, 0x08, 0x42, 0x10, 0x84, 0x21, 0x08, 0x42, 0x10, 0xA5, 0x29, 0x4C, 0x52, 0x98, 0xC6, 0x31,
  0x8C, 0x63, 0x18, 0xC6, 0x39, 0xCE, 0x73, 0x9C, 0xE7, 0x39, 0xD0, 0x84, 0x21, 0x09, 0x4A, 0x54, 0xA5, 0x29, 0x4A, 0x52, 0x94, 0xA5, 0xAD, 0x6C,
  0x5A, 0xD6, 0xC6, 0x31, 0x8C, 0x6B, 0x5A, 0xD6, 0xB9, 0xCE, 0x73, 0xA1, 0x08, 0x42, 0x10, 0x84, 0x63, 0x4A, 0x52, 0x95, 0xAF, 0x7D, 0xEF, 0x7B,
  0x76, 0xC6, 0x31, 0x8C, 0xE7, 0x39, 0xE7, 0x39, 0x9E, 0x73, 0x7B, 0xE7, 0x39, 0xCF, 0x77, 0xBF, 0xFF, 0xFF, 0xFF, 0xFF, 0xFF, 0xFF, 0xFF, 0xFF,
  0xFF, 0xFF, 0xFF, 0xFF, 0xFF, 0xFF, 0xFF, 0xFF, 0xFF, 0xFF, 0xFF, 0xFF, 0xFF, 0xFF, 0xFF, 0xFF, 0xFF, 0xFF, 0xFF, 0xFF, 0xFF, 0xFF, 0xFF, 0xFF,
  0xFF, 0xFF, 0xFF, 0xFF, 0xFF, 0xFF, 0xFF, 0xFF, 0xFF, 0xFB, 0xDE, 0x73, 0x9C, 0xE6, 0xF7, 0xBD, 0xE7, 0x39, 0xCE, 0x73, 0x9C, 0x63, 0x16, 0xB5,
  0xAD, 0x6B, 0x56, 0xB5, 0xAD, 0x69, 0x5A, 0x52, 0x10, 0x84, 0x21, 0x08, 0x42, 0x0E, 0x73, 0x9C, 0xE6, 0xB5, 0xCE, 0x6B, 0x18, 0xD6, 0x31, 0x6B,
  0x5A, 0xD6, 0xA5, 0x29, 0x4A, 0x52, 0x94, 0xA5, 0x25, 0x29, 0x4A, 0x50, 0x84, 0x21, 0x07, 0x39, 0xD0, 0x83, 0x9C, 0xE7, 0x3B, 0x63, 0x23, 0x19,
  0xD2, 0x92, 0x8C, 0x63, 0x14, 0xA6, 0x31, 0x8A, 0x52, 0x94, 0xA5, 0x29, 0x08, 0x42, 0x10, 0x84, 0x20, 0xC6, 0x75, 0x31, 0x87, 0x21, 0xC8, 0x31,
  0x8C, 0x63, 0x18, 0x84, 0x21, 0x08, 0x87, 0x39, 0xE6, 0xC3, 0x8C, 0x42, 0x10, 0x84, 0x21, 0x08, 0x45, 0x90, 0x84, 0x21, 0x08, 0x42, 0x20, 0x42,
  0x1F, 0x04, 0x21, 0x08, 0xCE, 0x10, 0x84, 0x61, 0x08, 0x46, 0x15, 0x4D, 0xA7, 0x08, 0x42, 0x11, 0x08, 0x21, 0x08, 0x44, 0x10, 0x88, 0x41, 0x08,
  0x42, 0x10, 0x84, 0x21, 0x08, 0x42, 0x10, 0x84, 0x21, 0x08, 0x42, 0x10, 0x84, 0x21, 0x10, 0x84, 0x21, 0x08, 0x42, 0x10, 0x84, 0x21, 0x08, 0x42,
  0x10, 0x84, 0x21, 0x08, 0x42, 0x10, 0x84, 0x21, 0x08, 0x42, 0x1C, 0xC6, 0x31, 0x8C, 0xE3, 0x18, 0xC6, 0x31, 0x8C, 0x63, 0x21, 0x08, 0x42, 0x10,
  0x84, 0x21, 0x08, 0x42, 0x14, 0xA5, 0x29, 0x4A, 0x53, 0x18, 0xC6, 0x31, 0x8C, 0x63, 0x18, 0xC7, 0x39, 0xCE, 0x73, 0x9C, 0xE7, 0x39, 0xD0, 0x84,
  0x21, 0x09, 0x4A, 0x94, 0xA5, 0x29, 0x4A, 0x52, 0x94, 0xA5, 0xAD, 0x6B, 0x5A, 0xD6, 0xC6, 0x35, 0x8C, 0x6B, 0x5A, 0xD6, 0xB9, 0xCE, 0x74, 0x21,
  0x08, 0x42, 0x10, 0x8C, 0x21, 0x4A, 0x56, 0xB5, 0xEF, 0xBD, 0xEF, 0x77, 0x16, 0xC6, 0x31, 0x9C, 0xE7, 0x39, 0xE7, 0x39, 0xCE, 0x73, 0x9B, 0xE7,
  0x39, 0xCE, 0x7B, 0xBF, 0xFF, 0xFF, 0xFF, 0xFF, 0xFF, 0xFF, 0xFF, 0xFF, 0xFF, 0xFF, 0xFF, 0xFF, 0xFF, 0xFF, 0xFF, 0xFF, 0xFF, 0xFF, 0xFF, 0xFF,
  0xFF, 0xFF, 0xFF, 0xFF, 0xFF, 0xFF, 0xFF, 0xFF, 0xFF, 0xFF, 0xFF, 0xFF, 0xFF, 0xFF, 0xFF, 0xFF, 0xFF, 0xFF, 0xFF, 0xFF, 0xFF, 0xFB, 0xDE, 0x73,
  0x9C, 0xE7, 0x37, 0xBD, 0xEF, 0x99, 0xCE, 0x73, 0x9C, 0xE3, 0x16, 0xB6, 0x2D, 0x6B, 0x56, 0xB5, 0xAD, 0x29, 0x4A, 0x52, 0x91, 0x8C, 0x21, 0x08,
  0x42, 0x10, 0x73, 0x9C, 0xE7, 0x39, 0xCE, 0x6B, 0x58, 0xC6, 0x31, 0x8B, 0x5A, 0xD6, 0xB5, 0x29, 0x4B, 0x52, 0x94, 0xA5, 0x29, 0x29, 0x4A, 0x52,
  0x84, 0x21, 0x08, 0x39, 0xCE, 0x73, 0x9C, 0xE7, 0x94, 0x56, 0x67, 0x49, 0xCA, 0x31, 0x8C, 0x63, 0x18, 0xC6, 0x31, 0x8A, 0x52, 0x94, 0xA5, 0x29,
  0x48, 0x42, 0x10, 0x84, 0x21, 0x9A, 0xD5, 0xA8, 0xA4, 0x4A, 0x48, 0x31, 0x8C, 0x63, 0x18, 0xC4, 0x21, 0x08, 0x42, 0x12, 0x99, 0x36, 0x10, 0x42,
  0x10, 0x84, 0x21, 0x08, 0x52, 0x38, 0x84, 0x21, 0x08, 0x42, 0x10, 0x84, 0x6F, 0x04, 0x22, 0x08, 0x42, 0x10, 0x84, 0x21, 0x08, 0x42, 0x79, 0xB4,
  0xE1, 0x08, 0x94, 0x42, 0x08, 0x22, 0x51, 0x02, 0x10, 0x84, 0x21, 0x08, 0x42, 0x10, 0x84, 0x21, 0x08, 0x42, 0x10, 0x84, 0x21, 0x08, 0x42, 0x10,
  0x88, 0x42, 0x10, 0x84, 0x21, 0x08, 0x42, 0x10, 0x84, 0x21, 0x08, 0x42, 0x10, 0x84, 0x21, 0x08, 0x42, 0x10, 0x84, 0x21, 0x08, 0x43, 0x98, 0xC6,
  0x31, 0x8C, 0xE3, 0x18, 0xC6, 0x31, 0x8C, 0x64, 0x21, 0x08, 0x42, 0x10, 0x84, 0x21, 0x08, 0x42, 0x94, 0xA5, 0x29, 0x4A, 0x63, 0x18, 0xC6, 0x31,
  0x8C, 0x63, 0x18, 0xE7, 0x49, 0xCE, 0x73, 0x9C, 0xE7, 0x3A, 0x10, 0x84, 0x21, 0x29, 0x4A, 0x94, 0xA5, 0x29, 0x4A, 0x52, 0x94, 0xA5, 0x2D, 0x8B,
  0x5A, 0xD8, 0xD6, 0xB5, 0xAD, 0x6B, 0x5A, 0xE7, 0x39, 0xCE, 0x74, 0x21, 0x08, 0x42, 0x10, 0x84, 0x29, 0x4A, 0x56, 0xB7, 0xEF, 0xBD, 0xEE, 0xDB,
  0x18, 0xC6, 0x31, 0x9C, 0xE7, 0x39, 0xCF, 0x39, 0xCE, 0x73, 0x9C, 0xE7, 0x39, 0xCE, 0x77, 0xDF, 0xFF, 0xFF, 0xFF, 0xFF, 0xFF, 0xFF, 0xFF, 0xFF,
  0xFF, 0xFF, 0xFF, 0xFF, 0xFF, 0xFF, 0xFF, 0xFF, 0xFF, 0xFF, 0xFF, 0xFF, 0xFF, 0xFF, 0xFF, 0xFF, 0xFF, 0xFF, 0xFF, 0xFF, 0xFF, 0xFF, 0xFF, 0xFF,
  0xFF, 0xFF, 0xFF, 0xFF, 0xFF, 0xFF, 0xFF, 0xFF, 0xFF, 0xFF, 0xDE, 0xF7, 0x9C, 0xE7, 0x37, 0xBD, 0xEF, 0x39, 0xCF, 0x33, 0x9C, 0xE3, 0x18, 0xB5,
  0xB1, 0x6B, 0x5A, 0xB5, 0xAD, 0x2B, 0x5A, 0x52, 0x91, 0x8C, 0x21, 0x08, 0x42, 0x10, 0x73, 0x9C, 0xE7, 0x35, 0xAD, 0x73, 0x58, 0xC6, 0x31, 0x8B,
  0x5A, 0xD6, 0xB5, 0x29, 0x4A, 0x52, 0x94, 0xA5, 0x29, 0x29, 0x4A, 0x52, 0x84, 0x21, 0x08, 0x41, 0xCE, 0x73, 0x9C, 0xF3, 0x94, 0x65, 0x27, 0x29,
  0xC6, 0x31, 0x8C, 0x63, 0x18, 0xC6, 0x29, 0x4A, 0x52, 0x94, 0xA5, 0x29, 0x48, 0x42, 0x10, 0x84, 0x5C, 0x20, 0x61, 0x8C, 0x8C, 0x38, 0xC6, 0x31,
  0x8C, 0x63, 0x18, 0xC6, 0x21, 0x08, 0x42, 0x10, 0xC8, 0x78, 0x9C, 0x42, 0x10, 0x84, 0x21, 0x08, 0x52, 0x10, 0x84, 0x21, 0x08, 0x42, 0x90, 0xA7,
  0x71, 0x09, 0x41, 0x08, 0x42, 0x10, 0x84, 0x21, 0x3B, 0x66, 0xD6, 0x9C, 0x21, 0x08, 0x42, 0x10, 0x88, 0x82, 0x08, 0x42, 0x10, 0x84, 0x21, 0x08,
  0x42, 0x10, 0x84, 0x21, 0x08, 0x42, 0x10, 0x84, 0x21, 0x08, 0x42, 0x21, 0x08, 0x42, 0x10, 0x84, 0x21, 0x08, 0x42, 0x10, 0x84, 0x21, 0x08, 0x42,
  0x10, 0x84, 0x21, 0x08, 0x42, 0x10, 0x84, 0x21, 0x08, 0x71, 0x88, 0xC6, 0x31, 0x8C, 0xE3, 0x18, 0xC6, 0x31, 0x8C, 0x84, 0x21, 0x08, 0x42, 0x10,
  0x84, 0x21, 0x08, 0x42, 0x94, 0xA5, 0x29, 0x4A, 0x63, 0x18, 0xC6, 0x31, 0xCE, 0x73, 0x98, 0xE7, 0x49, 0xCE, 0x73, 0x9C, 0xE7, 0x42, 0x10, 0x84,
  0x21, 0x29, 0x4A, 0x92, 0xA5, 0x29, 0x4A, 0x52, 0x94, 0xA5, 0x2D, 0x8B, 0x5A, 0xD8, 0xC6, 0x31, 0xAD, 0x6B, 0x5A, 0xD7, 0x39, 0xCE, 0x74, 0x21,
  0x08, 0x42, 0x10, 0x84, 0x29, 0x4B, 0xDE, 0x94, 0xEF, 0xBD, 0xDB, 0x5B, 0x18, 0xC6, 0x31, 0x9C, 0x67, 0x39, 0xCF, 0x39, 0xCE, 0x73, 0x9C, 0xE7,
  0x39, 0xCE, 0xF7, 0xFF, 0xFF, 0xFF, 0xFF, 0xFF, 0xFF, 0xFF, 0xFF, 0xFF, 0xFF, 0xFF, 0xFF, 0xFF, 0xFF, 0xFF, 0xFF, 0xFF, 0xFF, 0xFF, 0xFF, 0xFF,
  0xFF, 0xFF, 0xFF, 0xFF, 0xFF, 0xFF, 0xFF, 0xFF, 0xFF, 0xFF, 0xFF, 0xFF, 0xFF, 0xFF, 0xFF, 0xFF, 0xFF, 0xFF, 0xFF, 0xFF, 0xFF, 0xFF, 0xDE, 0xF3,
  0x9D, 0xE7, 0x37, 0xBD, 0xEF, 0x79, 0xCF, 0x33, 0x9C, 0xE3, 0x18, 0xB5, 0xB1, 0x6B, 0x5A, 0xB5, 0xAD, 0x6B, 0x5A, 0x56, 0x94, 0x8C, 0x61, 0x08,
  0x42, 0x10, 0x83, 0x9C, 0xE7, 0x39, 0xAD, 0x73, 0x5A, 0xC6, 0x31, 0x8C, 0x5A, 0xD6, 0xB5, 0xAD, 0x4A, 0x52, 0x94, 0xA5, 0x29, 0x49, 0x4A, 0x52,
  0x94, 0x21, 0x08, 0x41, 0xCE, 0x73, 0xB2, 0x73, 0x94, 0xA4, 0x83, 0xA1, 0xCE, 0x31, 0x8C, 0x63, 0x18, 0xC6, 0x29, 0x8C, 0x62, 0x94, 0x85, 0x29,
  0x4A, 0x42, 0x10, 0x86, 0x84, 0x0C, 0x41, 0x8D, 0x47, 0x18, 0xC6, 0x31, 0x8C, 0x63, 0x18, 0xC6, 0x31, 0x08, 0x42, 0x10, 0x84, 0x75, 0xAC, 0xE2,
  0x10, 0x84, 0x21, 0x0A, 0x28, 0x10, 0x84, 0x21, 0x08, 0x53, 0x20, 0x84, 0x21, 0x08, 0x42, 0x10, 0x42, 0x10, 0x84, 0x6D, 0x6C, 0xDA, 0xC3, 0x88,
  0x21, 0x11, 0x02, 0x12, 0x04, 0x21, 0x08, 0x42, 0x10, 0x84, 0x21, 0x08, 0x42, 0x10, 0x84, 0x21, 0x08, 0x42, 0x10, 0x84, 0x21, 0x10, 0x84, 0x21,
  0x08, 0x42, 0x10, 0x84, 0x21, 0x08, 0x42, 0x10, 0x84, 0x21, 0x08, 0x42, 0x10, 0x84, 0x21, 0x08, 0x42, 0x10, 0x84, 0x21, 0x0E, 0x63, 0x18, 0xC6,
  0x31, 0x8C, 0xE3, 0x18, 0xC6, 0x31, 0x90, 0x84, 0x21, 0x08, 0x42, 0x10, 0x84, 0x21, 0x08, 0x52, 0x94, 0xA5, 0x29, 0x4C, 0x63, 0x18, 0xC6, 0x31,
  0xCE, 0x63, 0x1C, 0xE7, 0x39, 0xCE, 0x73, 0x9C, 0xE7, 0x42, 0x10, 0x84, 0x25, 0x29, 0x4A, 0x54, 0xA5, 0x29, 0x4A, 0x52, 0x94, 0xA5, 0xAD, 0x6B,
  0x5B, 0x18, 0xC6, 0x31, 0xAD, 0x6B, 0x5A, 0xE7, 0x39, 0xCE, 0x84, 0x21, 0x08, 0x42, 0x10, 0x85, 0x3B, 0xEF, 0x76, 0x9D, 0xF7, 0xBD, 0x6B, 0x63,
  0x16, 0xB6, 0x31, 0x8C, 0x63, 0x39, 0xCF, 0x39, 0xBE, 0x6F, 0x9C, 0xE7, 0x79, 0xCE, 0xF7, 0xFF, 0xFF, 0xFF, 0xFF, 0xFF, 0xFF, 0xFF, 0xFF, 0xFF,
  0xFF, 0xFF, 0xFF, 0xFF, 0xFF, 0xFF, 0xFF, 0xFF, 0xFF, 0xFF, 0xFF, 0xFF, 0xFF, 0xFF, 0xFF, 0xFF, 0xFF, 0xFF, 0xFF, 0xFF, 0xFF, 0xFF, 0xFF, 0xFF,
  0xFF, 0xFF, 0xFF, 0xFF, 0xFF, 0xFF, 0xFF, 0xFF, 0xFF, 0xFF, 0xDE, 0xF3, 0x9D, 0xE7, 0x39, 0xBD, 0xEF, 0x79, 0xCF, 0x33, 0x9C, 0xE3, 0x18, 0xC5,
  0xAD, 0x6B, 0x5A, 0xD5, 0xAD, 0x6B, 0x5A, 0x52, 0x94, 0x8C, 0x61, 0x08, 0x42, 0x10, 0x83, 0x9C, 0xE7, 0x39, 0xAD, 0x6B, 0x5A, 0xC6, 0x31, 0x8C,
  0x5A, 0xD6, 0xB5, 0xA9, 0x4A, 0x52, 0x94, 0xA5, 0x29, 0x49, 0x4A, 0x52, 0x94, 0xA1, 0x08, 0x42, 0x0E, 0xC9, 0xCD, 0x87, 0x4A, 0x52, 0xD3, 0x98,
  0xCA, 0x71, 0x8C, 0x63, 0x18, 0xC6, 0x31, 0x4A, 0x63, 0x14, 0xA5, 0x29, 0x48, 0x52, 0x1D, 0x30, 0x82, 0x48, 0x42, 0x11, 0xA4, 0x18, 0xC6, 0x31,
  0x8C, 0x63, 0x18, 0xC6, 0x31, 0x88, 0x42, 0x10, 0x84, 0x94, 0xC4, 0xE2, 0x10, 0x84, 0x21, 0x46, 0x22, 0x10, 0x84, 0x21, 0x08, 0x54, 0x10, 0x84,
  0x21, 0x08, 0x43, 0x10, 0x84, 0x21, 0x1D, 0xCE, 0x73, 0x98, 0x10, 0x84, 0x24, 0x20, 0x48, 0xA5, 0x28, 0x21, 0x08, 0x42, 0x10, 0x84, 0x21, 0x08,
  0x42, 0x10, 0x84, 0x21, 0x08, 0x42, 0x11, 0x08, 0x42, 0x10, 0x84, 0x21, 0x08, 0x42, 0x10, 0x84, 0x21, 0x08, 0x42, 0x10, 0x84, 0x21, 0x08, 0x42,
  0x12, 0x7D, 0xDF, 0x78, 0x42, 0x10, 0x84, 0x21, 0x9E, 0x23, 0x18, 0xC6, 0x31, 0x8C, 0x63, 0x18, 0xC6, 0x32, 0x10, 0x84, 0x21, 0x08, 0x42, 0x10,
  0x84, 0x21, 0x0A, 0x52, 0x94, 0xA5, 0x29, 0x8C, 0x63, 0x18, 0xC6, 0x31, 0x8C, 0x63, 0x9C, 0xE7, 0x51, 0xCE, 0x73, 0x9C, 0xE8, 0x42, 0x52, 0x94,
  0xA5, 0x29, 0x4A, 0x54, 0xA5, 0x29, 0x4A, 0x52, 0x94, 0xA5, 0xAD, 0x6B, 0x5B, 0x18, 0xC6, 0x31, 0xAD, 0x73, 0x5A, 0xE7, 0x39, 0xCE, 0x84, 0x21,
  0x08, 0x42, 0x10, 0x87, 0x6F, 0xEF, 0x7B, 0xDE, 0xF7, 0xB3, 0x6B, 0x5B, 0x16, 0xC6, 0x31, 0x8C, 0x67, 0x39, 0xCE, 0x79, 0xBD, 0xF3, 0x9C, 0xEF,
  0x79, 0xCE, 0xF7, 0xFF, 0xFF, 0xFF, 0xFF, 0xFF, 0xFF, 0xFF, 0xFF, 0xFF, 0xFF, 0xFF, 0xFF, 0xFF, 0xFF, 0xFF, 0xFF, 0xFF, 0xFF, 0xFF, 0xFF, 0xFF,
  0xFF, 0xFF, 0xFF, 0xFF, 0xFF, 0xFF, 0xFF, 0xFF, 0xFF, 0xFF, 0xFF, 0xFF, 0xFF, 0xFF, 0xFF, 0xFF, 0xFF, 0xFF, 0xFF, 0xFF, 0xFF, 0xFF, 0xFE, 0xF7,
  0x9D, 0xEF, 0x39, 0xBE, 0x73, 0x79, 0xE6, 0x73, 0x9C, 0x63, 0x18, 0xC5, 0xB1, 0x6B, 0x5A, 0xD5, 0xAD, 0x6B, 0x4A, 0xD6, 0x94, 0x8C, 0x61, 0x08,
  0x42, 0x10, 0x84, 0x1C, 0xE7, 0x39, 0xCD, 0x6B, 0x5A, 0xD6, 0x31, 0x8C, 0x62, 0xD6, 0xC5, 0xAD, 0x4A, 0x52, 0x94, 0xA5, 0x29, 0x4A, 0x4A, 0x52,
  0xA4, 0xA5, 0x08, 0x4B, 0x63, 0x29, 0xAC, 0xE7, 0x39, 0xCE, 0x73, 0x98, 0xC6, 0x93, 0x8C, 0x63, 0x18, 0xC6, 0x31, 0x4C, 0x63, 0x18, 0xA5, 0x29,
  0x4A, 0x88, 0x41, 0xA9, 0x31, 0x08, 0x42, 0x25, 0x68, 0x18, 0xC6, 0x31, 0x8C, 0x63, 0x18, 0xC6, 0x31, 0x8C, 0x62, 0x10, 0x86, 0xE9, 0xAC, 0xE2,
  0x21, 0xC4, 0x28, 0xC4, 0x42, 0x10, 0x84, 0x21, 0x0A, 0x68, 0x10, 0x84, 0x21, 0x0C, 0x45, 0x10, 0x84, 0x24, 0x3A, 0x6E, 0x70, 0xC2, 0x10, 0x84,
  0x81, 0x08, 0x82, 0x10, 0x84, 0x21, 0x08, 0x42, 0x10, 0x84, 0x21, 0x08, 0x42, 0x10, 0x84, 0x21, 0x10, 0x84, 0x21, 0x08, 0x42, 0x10, 0x84, 0x21,
  0x08, 0x42, 0x10, 0x84, 0x21, 0x08, 0x42, 0x10, 0x84, 0x21, 0x08, 0x42, 0x12, 0x74, 0x21, 0x55, 0x42, 0x12, 0x94, 0x31, 0x8C, 0x63, 0x20, 0xD6,
  0x91, 0x8C, 0x6B, 0x88, 0xC6, 0x42, 0x10, 0x84, 0x21, 0x08, 0x42, 0x10, 0x84, 0x21, 0x4A, 0x52, 0x94, 0xA5, 0x31, 0x8C, 0x63, 0x18, 0xC6, 0x31,
  0x8C, 0x63, 0x9C, 0xE7, 0x39, 0xCE, 0x73, 0x9D, 0x08, 0x4A, 0x50, 0x94, 0xA5, 0x29, 0x4A, 0x94, 0xA5, 0x29, 0x4A, 0x52, 0x94, 0xB6, 0x31, 0x8C,
  0x63, 0x18, 0xD6, 0x35, 0xAD, 0x6B, 0x5C, 0xE7, 0x39, 0xD0, 0x84, 0x21, 0x08, 0x42, 0x10, 0xA7, 0x7D, 0xEF, 0x7B, 0xDE, 0xF7, 0x6D, 0x6C, 0x5A,
  0xD6, 0xC6, 0x31, 0x8C, 0x67, 0x39, 0xCE, 0x77, 0xBD, 0xF3, 0x9C, 0xE7, 0x79, 0xDE, 0xFF, 0xFF, 0xFF, 0xFF, 0xFF, 0xFF, 0xFF, 0xFF, 0xFF, 0xFF,
  0xFF, 0xFF, 0xFF, 0xFF, 0xFF, 0xFF, 0xFF, 0xFF, 0xFF, 0xFF, 0xFF, 0xFF, 0xFF, 0xFF, 0xFF, 0xFF, 0xFF, 0xFF, 0xFF, 0xFF, 0xFF, 0xFF, 0xFF, 0xFF,
  0xFF, 0xFF, 0xFF, 0xFF, 0xFF, 0xFF, 0xFF, 0xFF, 0xFF, 0xFF, 0xFE, 0xF7, 0xBC, 0xE7, 0x79, 0xCD, 0xF3, 0x7B, 0xE6, 0x73, 0x9C, 0xE3, 0x18, 0xC5,
  0xB1, 0x8B, 0x5A, 0xD6, 0xAD, 0x6B, 0x5A, 0x52, 0x94, 0xA4, 0x23, 0x08, 0x42, 0x10, 0x84, 0x20, 0xE7, 0x39, 0xCD, 0x6B, 0x5A, 0xD6, 0x31, 0x8C,
  0x62, 0xD8, 0xC5, 0xAD, 0x4A, 0x52, 0x94, 0xA5, 0x29, 0x4A, 0x52, 0x52, 0xA5, 0x25, 0x29, 0x4C, 0x5A, 0xA3, 0x9D, 0x08, 0x39, 0xCE, 0x73, 0x9C,
  0xC6, 0x32, 0xA5, 0x24, 0x98, 0xC6, 0x31, 0x4A, 0x53, 0x18, 0xA5, 0x29, 0xE1, 0x08, 0x20, 0x84, 0x21, 0x08, 0x42, 0x2D, 0x8A, 0x18, 0xC6, 0x31,
  0x8C, 0x63, 0x18, 0xC6, 0x31, 0x8C, 0x63, 0x10, 0xD5, 0x17, 0x1C, 0x89, 0x39, 0x15, 0x18, 0x88, 0x42, 0x10, 0x84, 0x21, 0x0A, 0x82, 0x10, 0x84,
  0x31, 0x88, 0x45, 0x10, 0x86, 0xB7, 0x4D, 0xCA, 0x18, 0x84, 0x21, 0x08, 0x41, 0x08, 0x42, 0x10, 0x84, 0x21, 0x08, 0x42, 0x10, 0x84, 0x21, 0x08,
  0x44, 0x21, 0x08, 0x42, 0x10, 0x84, 0x21, 0x08, 0x42, 0x10, 0x84, 0x21, 0x08, 0x42, 0x10, 0x84, 0x21, 0x08, 0x42, 0x10, 0x84, 0x21, 0x08, 0x42,
  0x12, 0x74, 0x21, 0x78, 0x42, 0x8A, 0xA3, 0xE1, 0xAA, 0xA3, 0xF7, 0x63, 0xDA, 0x0F, 0xD3, 0x62, 0xC8, 0x42, 0x10, 0x84, 0x21, 0x08, 0x42, 0x10,
  0x84, 0x29, 0x4A, 0x52, 0x94, 0xA5, 0x31, 0x8C, 0x63, 0x18, 0xC6, 0x31, 0x8C, 0x73, 0x9C, 0xE7, 0x39, 0xCE, 0x73, 0x9D, 0x08, 0x42, 0x10, 0x94,
  0xA5, 0x29, 0x52, 0x94, 0xA5, 0x29, 0x4A, 0x52, 0x94, 0xB6, 0x31, 0x8B, 0x63, 0x18, 0xC6, 0x35, 0xCE, 0x6B, 0x5C, 0xE7, 0x39, 0xD0, 0x84, 0x21,
  0x08, 0x42, 0x14, 0xEF, 0xBD, 0xEF, 0x7B, 0xB9, 0xAD, 0xAD, 0x6B, 0x5A, 0xD6, 0xC6, 0x31, 0x8C, 0xE7, 0x39, 0xCE, 0xF9, 0xCE, 0x73, 0x9C, 0xEF,
  0x79, 0xDE, 0xFF, 0xFF, 0xFF, 0xFF, 0xFF, 0xFF, 0xFF, 0xFF, 0xFF, 0xFF, 0xFF, 0xFF, 0xFF, 0xFF, 0xFF, 0xFF, 0xFF, 0xFF, 0xFF, 0xFF, 0xFF, 0xFF,
  0xFF, 0xFF, 0xFF, 0xFF, 0xFF, 0xFF, 0xFF, 0xFF, 0xFF, 0xFF, 0xFF, 0xFF, 0xFF, 0xFF, 0xFF, 0xFF, 0xFF, 0xFF, 0xFF, 0xFF, 0xFF, 0xFF, 0xFE, 0xF7,
  0xBC, 0xE7, 0x39, 0xCD, 0xEF, 0x9C, 0xCE, 0x73, 0x9C, 0xE3, 0x18, 0xC6, 0x31, 0x6B, 0x62, 0xD6, 0xAD, 0x6B, 0x5A, 0x52, 0x94, 0xA4, 0x23, 0x08,
  0x42, 0x10, 0x84, 0x20, 0xE7, 0x39, 0xCE, 0x6B, 0x5A, 0xD6, 0xB1, 0x8C, 0x63, 0x16, 0xC5, 0xAD, 0x6A, 0x52, 0x94, 0xA5, 0x29, 0x4A, 0x52, 0x94,
  0xA5, 0x25, 0x28, 0x4C, 0x50, 0x83, 0x9D, 0x07, 0x39, 0xCE, 0x73, 0x9C, 0xE6, 0x91, 0x8C, 0xA9, 0x39, 0x49, 0x39, 0x8A, 0x52, 0x98, 0xC5, 0x29,
  0x5C, 0xE2, 0x94, 0xA4, 0x21, 0x08, 0x42, 0x10, 0xC9, 0x20, 0xC6, 0x31, 0x8C, 0x63, 0x18, 0xC6, 0x31, 0x8C, 0x63, 0x3B, 0xA6, 0xC3, 0x89, 0x31,
  0x10, 0xA7, 0x33, 0x9C, 0xE7, 0x10, 0x84, 0x21, 0x54, 0x82, 0x10, 0x84, 0xB1, 0x08, 0x46, 0x10, 0x96, 0xE9, 0xB9, 0x02, 0x10, 0x84, 0x21, 0x08,
  0x42, 0x10, 0x84, 0x21, 0x08, 0x42, 0x10, 0x84, 0x21, 0x08, 0x42, 0x10, 0x84, 0x21, 0x08, 0x42, 0x10, 0x84, 0x21, 0x08, 0x42, 0x10, 0x84, 0x21,
  0x08, 0x42, 0x10, 0x84, 0x21, 0x08, 0x42, 0x10, 0x84, 0x21, 0x08, 0x42, 0x12, 0xBD, 0xDF, 0x74, 0x42, 0x18, 0xCB, 0xE1, 0xAE, 0xA3, 0xF1, 0x06,
  0x3F, 0x0F, 0xD3, 0x19, 0x08, 0x42, 0x10, 0x84, 0x21, 0x08, 0x42, 0x10, 0x85, 0x29, 0x4A, 0x52, 0x94, 0xA6, 0x31, 0x8C, 0x63, 0x18, 0xC6, 0x31,
  0x8E, 0x73, 0x9C, 0xE7, 0x39, 0xCE, 0x73, 0xA1, 0x08, 0x42, 0x12, 0x94, 0xA5, 0x29, 0x52, 0x94, 0xA5, 0x29, 0x4A, 0x52, 0x96, 0xB5, 0xAD, 0x6C,
  0x63, 0x1A, 0xD6, 0xB9, 0xCE, 0x73, 0x9C, 0xE7, 0x3A, 0x10, 0x84, 0x21, 0x08, 0x42, 0x35, 0xF7, 0x7D, 0x4A, 0x56, 0xB5, 0xAD, 0xAD, 0x6B, 0x5A,
  0xD8, 0xC6, 0x31, 0x8C, 0xE7, 0x39, 0xCF, 0x39, 0xCE, 0x73, 0x9D, 0xEF, 0x7B, 0xDE, 0xFF, 0xFF, 0xFF, 0xFF, 0xFF, 0xFF, 0xFF, 0xFF, 0xFF, 0xFF,
  0xFF, 0xFF, 0xFF, 0xFF, 0xFF, 0xFF, 0xFF, 0xFF, 0xFF, 0xFF, 0xFF, 0xFF, 0xFF, 0xFF, 0xFF, 0xFF, 0xFF, 0xFF, 0xFF, 0xFF, 0xFF, 0xFF, 0xFF, 0xFF,
  0xFF, 0xFF, 0xFF, 0xFF, 0xFF, 0xFF, 0xFF, 0xFF, 0xFF, 0xFF, 0xFF, 0xF7, 0xBC, 0xE7, 0x39, 0xCD, 0xEF, 0x7B, 0xDE, 0x73, 0x9C, 0xE3, 0x18, 0xC6,
  0x31, 0x6C, 0x62, 0xD6, 0xAD, 0x6B, 0x5A, 0x52, 0x94, 0xA5, 0x21, 0x08, 0x42, 0x10, 0x84, 0x21, 0x08, 0x41, 0xCE, 0x6B, 0x5A, 0xD6, 0xB1, 0x8C,
  0x6B, 0x16, 0xC5, 0xAD, 0x6A, 0x5A, 0x94, 0xA5, 0x29, 0x4A, 0x52, 0x92, 0xA5, 0x25, 0x28, 0x8C, 0xD0, 0x84, 0x21, 0x07, 0x39, 0xCE, 0x73, 0x9D,
  0xA9, 0x93, 0x8C, 0xA5, 0x4A, 0x52, 0x92, 0x60, 0x52, 0x94, 0xC6, 0x29, 0x55, 0x03, 0x10, 0xA4, 0x21, 0x08, 0x42, 0x10, 0x84, 0x20, 0xDA, 0x66,
  0x31, 0x83, 0x18, 0xC6, 0x31, 0x8C, 0x83, 0x54, 0x5A, 0x71, 0x09, 0x47, 0x14, 0x62, 0x21, 0x08, 0x47, 0x10, 0x84, 0x28, 0xCC, 0x42, 0x10, 0x96,
  0x21, 0x08, 0x43, 0x11, 0x21, 0x37, 0x10, 0x42, 0x10, 0x84, 0x51, 0x2C, 0x42, 0x10, 0x84, 0x21, 0x08, 0x42, 0x10, 0x84, 0x21, 0x08, 0x42, 0x10,
  0x84, 0x21, 0x08, 0x42, 0x10, 0x84, 0x21, 0x08, 0x42, 0x10, 0x84, 0x21, 0x08, 0x42, 0x10, 0x84, 0x21, 0x08, 0x42, 0x10, 0x84, 0x21, 0x08, 0x42,
  0x12, 0xB4, 0x21, 0x46, 0xA3, 0xF5, 0x63, 0xE1, 0xAE, 0xA3, 0xF0, 0xC6, 0x3F, 0x0C, 0x74, 0xF3, 0x48, 0x42, 0x10, 0x84, 0x21, 0x08, 0x42, 0x10,
  0x85, 0x29, 0x4A, 0x52, 0x94, 0xC6, 0x31, 0x8C, 0x63, 0x18, 0xC6, 0x31, 0xCE, 0x73, 0x9C, 0xE7, 0x39, 0xCE, 0x74, 0x21, 0x08, 0x42, 0x12, 0x94,
  0xA5, 0x2A, 0x52, 0x94, 0xA5, 0x29, 0x4A, 0x52, 0x96, 0xB5, 0xAD, 0x6C, 0x63, 0x5A, 0xD6, 0xB5, 0xAE, 0x73, 0x9C, 0xE7, 0x3A, 0x10, 0x84, 0x21,
  0x08, 0x46, 0x7D, 0xEF, 0x69, 0x4A, 0x56, 0xB5, 0xAD, 0xAD, 0x6B, 0x5A, 0xD8, 0xC6, 0x31, 0x8C, 0xE7, 0x39, 0xDF, 0x39, 0xBE, 0x73, 0x9C, 0xE7,
  0x3B, 0xDF, 0xFF, 0xFF, 0xFF, 0xFF, 0xFF, 0xFF, 0xFF, 0xFF, 0xFF, 0xFF, 0xFF, 0xFF, 0xFF, 0xFF, 0xFF, 0xFF, 0xFF, 0xFF, 0xFF, 0xFF, 0xFF, 0xFF,
  0xFF, 0xFF, 0xFF, 0xFF, 0xFF, 0xFF, 0xFF, 0xFF, 0xFF, 0xFF, 0xFF, 0xFF, 0xFF, 0xFF, 0xFF, 0xFF, 0xFF, 0xFF, 0xFF, 0xFF, 0xFF, 0xFF, 0xFF, 0xF7,
  0xBC, 0xE7, 0x39, 0xCE, 0x6F, 0x7B, 0xDE, 0x73, 0x9C, 0xE7, 0x38, 0xC6, 0x31, 0x6C, 0x62, 0xD6, 0xB5, 0x6B, 0x5A, 0xD2, 0x94, 0xA5, 0x21, 0x08,
  0x42, 0x10, 0x84, 0x21, 0x08, 0x42, 0x0E, 0x73, 0x5A, 0xD6, 0xB5, 0x8C, 0x63, 0x18, 0xB5, 0xAD, 0x6B, 0x52, 0x94, 0xA5, 0x29, 0x4A, 0x52, 0x94,
  0x94, 0xA5, 0x29, 0x9C, 0x90, 0x94, 0x21, 0x08, 0x41, 0xCE, 0x73, 0xA9, 0xA9, 0x52, 0x5B, 0x16, 0x18, 0xCA, 0x94, 0x21, 0x02, 0x94, 0xA6, 0x4A,
  0x9D, 0x04, 0x10, 0x84, 0x21, 0x08, 0x42, 0x10, 0x84, 0x21, 0x06, 0x31, 0x8C, 0xC7, 0x18, 0xC6, 0x31, 0x8C, 0x63, 0x55, 0x10, 0x41, 0x11, 0x02,
  0x8C, 0x44, 0x21, 0x08, 0x44, 0x58, 0x84, 0x5A, 0x88, 0x42, 0x10, 0xC6, 0x21, 0x08, 0x42, 0x12, 0xE1, 0x04, 0x08, 0x42, 0x10, 0x8A, 0x35, 0x88,
  0x42, 0x10, 0x84, 0x21, 0x08, 0x42, 0x10, 0x84, 0x21, 0x08, 0x42, 0x10, 0x84, 0x21, 0x08, 0x42, 0x10, 0x84, 0x21, 0x08, 0x42, 0x10, 0x84, 0x21,
  0x08, 0x42, 0x10, 0x84, 0x21, 0x08, 0x42, 0x10, 0x84, 0x21, 0x08, 0x42, 0x11, 0x7A, 0x21, 0x4E, 0xA3, 0xE8, 0xC7, 0xE1, 0xAE, 0xA3, 0xF0, 0xC6,
  0x3F, 0x0C, 0x64, 0x27, 0x88, 0x42, 0x10, 0x84, 0x21, 0x48, 0x42, 0x10, 0xA5, 0x29, 0x4A, 0x52, 0x98, 0xC6, 0x31, 0x8C, 0x63, 0x18, 0xC6, 0x31,
  0xCE, 0x73, 0x9C, 0xE7, 0x39, 0xCE, 0x74, 0x21, 0x08, 0x42, 0x52, 0x94, 0xA5, 0x2A, 0x52, 0x94, 0xA5, 0x29, 0x4A, 0x52, 0xD6, 0xB5, 0xAD, 0x8D,
  0x63, 0x18, 0xD6, 0xB5, 0xAE, 0x73, 0x9C, 0xE7, 0x42, 0x10, 0x84, 0x21, 0x08, 0xC6, 0x9D, 0xEF, 0x69, 0x4A, 0xD6, 0xB5, 0xB5, 0xAD, 0x6B, 0x5B,
  0x18, 0xC6, 0x31, 0x9C, 0xE7, 0x39, 0xDE, 0xF9, 0xBE, 0x73, 0x9C, 0xEF, 0x7B, 0xDF, 0xFF, 0xFF, 0xFF, 0xFF, 0xFF, 0xFF, 0xFF, 0xFF, 0xFF, 0xFF,
  0xFF, 0xFF, 0xFF, 0xFF, 0xFF, 0xFF, 0xFF, 0xFF, 0xFF, 0xFF, 0xFF, 0xFF, 0xFF, 0xFF, 0xFF, 0xFF, 0xFF, 0xFF, 0xFF, 0xFF, 0xFF, 0xFF, 0xFF, 0xFF,
  0xFF, 0xFF, 0xFF, 0xFF, 0xFF, 0xFF, 0xFF, 0xFF, 0xFF, 0xFF, 0xFF, 0xFF, 0xBD, 0xE7, 0x39, 0xCE, 0x6F, 0x7B, 0xDE, 0x73, 0x9C, 0xE7, 0x18, 0xC6,
  0x31, 0x8C, 0x62, 0xD6, 0xB5, 0x6B, 0x5A, 0xD2, 0x94, 0xA5, 0x29, 0x08, 0x42, 0x10, 0x84, 0x21, 0x07, 0x42, 0x10, 0x73, 0x9A, 0xD6, 0xB5, 0x8C,
  0x6B, 0x18, 0xB5, 0xAD, 0x8B, 0x5A, 0x94, 0xA5, 0x29, 0x4A, 0x52, 0x94, 0xA5, 0x25, 0x29, 0x9A, 0x12, 0x94, 0xA1, 0x08, 0x41, 0xCE, 0x75, 0x39,
  0x2D, 0x94, 0xA7, 0x14, 0x18, 0xC6, 0x6A, 0xA1, 0x03, 0x14, 0xC7, 0x8C, 0x5A, 0xA2, 0x90, 0x84, 0x21, 0x08, 0x42, 0x10, 0x84, 0x21, 0x08, 0x41,
  0x8C, 0x87, 0x18, 0xC6, 0x31, 0x8C, 0x65, 0x5C, 0xD0, 0x31, 0x8C, 0xF3, 0x88, 0x84, 0x21, 0x08, 0x42, 0x3B, 0x1B, 0x52, 0x08, 0x42, 0x10, 0x84,
  0x21, 0x08, 0x42, 0x24, 0x67, 0x02, 0x08, 0x42, 0x10, 0xCC, 0x31, 0x88, 0x42, 0x10, 0x84, 0x21, 0x08, 0x42, 0x10, 0x84, 0x21, 0x08, 0x42, 0x10,
  0x84, 0x21, 0x08, 0x42, 0x10, 0x84, 0x21, 0x08, 0x42, 0x10, 0x84, 0x21, 0x08, 0x42, 0x10, 0x84, 0x21, 0x08, 0x42, 0x10, 0x84, 0x21, 0x08, 0x42,
  0x12, 0xBD, 0xEF, 0x78, 0x63, 0xF7, 0xBB, 0xE1, 0xA6, 0xA3, 0xF0, 0xC6, 0x3F, 0x13, 0xDD, 0xF5, 0x08, 0x42, 0x10, 0x84, 0x21, 0x08, 0x42, 0x14,
  0xA5, 0x29, 0x4A, 0x53, 0x18, 0xC6, 0x31, 0x8C, 0x63, 0x18, 0xC6, 0x39, 0xCE, 0x73, 0x9C, 0xE7, 0x39, 0xCE, 0x84, 0x21, 0x0B, 0x42, 0x52, 0x94,
  0xA5, 0x4A, 0x52, 0x94, 0xA5, 0x29, 0x4A, 0x5A, 0xD6, 0xB5, 0xAD, 0x8C, 0x63, 0x58, 0xD6, 0xB5, 0xAD, 0x73, 0x9C, 0xE7, 0x42, 0x10, 0x84, 0x21,
  0x08, 0x43, 0x5E, 0xF7, 0x69, 0x4A, 0xD6, 0xB5, 0xB5, 0xAD, 0x6B, 0x5B, 0x18, 0xC6, 0x31, 0x9C, 0xE7, 0x39, 0xDE, 0xF7, 0xCE, 0x73, 0xBD, 0xEF,
  0x7B, 0xFF, 0xFF, 0xFF, 0xFF, 0xFF, 0xFF, 0xFF, 0xFF, 0xFF, 0xFF, 0xFF, 0xFF, 0xFF, 0xFF, 0xFF, 0xFF, 0xFF, 0xFF, 0xFF, 0xFF, 0xFF, 0xFF, 0xFF,
  0xFF, 0xFF, 0xFF, 0xFF, 0xFF, 0xFF, 0xFF, 0xFF, 0xFF, 0xFF, 0xFF, 0xFF, 0xFF, 0xFF, 0xFF, 0xFF, 0xFF, 0xFF, 0xFF, 0xFF, 0xFF, 0xFF, 0xFF, 0xFF,
  0xBD, 0xE7, 0x39, 0xCE, 0x73, 0x7B, 0xDE, 0xF9, 0x9C, 0xE7, 0x38, 0xC6, 0x31, 0x8B, 0x5A, 0xD6, 0xB5, 0xAB, 0x5A, 0xD6, 0x94, 0xA5, 0x29, 0x08,
  0xC6, 0x10, 0x84, 0x21, 0x08, 0x41, 0xCE, 0x83, 0x9C, 0xD6, 0xB5, 0xAC, 0x63, 0x18, 0xC5, 0xAD, 0x6B, 0x5A, 0x94, 0xA5, 0x29, 0x4A, 0x52, 0x94,
  0xA4, 0xA5, 0x33, 0x9A, 0x12, 0x94, 0xA5, 0x08, 0x39, 0xCE, 0x95, 0x2C, 0xE7, 0x3A, 0x52, 0x93, 0x18, 0xCE, 0x51, 0xA4, 0xD3, 0x1A, 0x31, 0x41,
  0x4A, 0x52, 0x90, 0x84, 0x21, 0x08, 0x42, 0x10, 0x84, 0x21, 0x08, 0x42, 0x20, 0xC3, 0x18, 0xC6, 0x31, 0x8C, 0x6B, 0x64, 0x12, 0x31, 0x8D, 0xB3,
  0x60, 0x84, 0x21, 0x08, 0x42, 0x10, 0xAB, 0x35, 0x9C, 0x42, 0x10, 0x84, 0x21, 0x08, 0x42, 0x8C, 0x62, 0x91, 0x08, 0x42, 0x11, 0x84, 0x21, 0x08,
  0x42, 0x10, 0x84, 0x21, 0x08, 0x42, 0x10, 0x84, 0x21, 0x08, 0x42, 0x10, 0x84, 0x21, 0x08, 0x42, 0x10, 0x84, 0x21, 0x08, 0x42, 0x10, 0x84, 0x21,
  0x08, 0x42, 0x10, 0x84, 0x21, 0x08, 0x42, 0x10, 0x84, 0x21, 0x08, 0x42, 0x10, 0xC6, 0x31, 0x8C, 0x63, 0x18, 0xC6, 0x31, 0x8C, 0x63, 0x18, 0xC6,
  0x32, 0x10, 0x84, 0x21, 0x08, 0x42, 0x10, 0x84, 0x21, 0x08, 0x52, 0x94, 0xA5, 0x29, 0x4A, 0x63, 0x18, 0xC6, 0x31, 0x8C, 0x63, 0x18, 0xC7, 0x39,
  0xCE, 0x73, 0x9C, 0xE7, 0x39, 0xD0, 0x84, 0x21, 0x08, 0x4A, 0x52, 0x94, 0xA9, 0x4A, 0x52, 0x94, 0xA5, 0x29, 0x6A, 0x5A, 0xD6, 0xB5, 0xB1, 0x8C,
  0x63, 0x1A, 0xD7, 0x39, 0xAE, 0x73, 0x9C, 0xE8, 0x42, 0x10, 0x84, 0x21, 0x08, 0x43, 0x5E, 0xF7, 0x69, 0x5A, 0xD6, 0xB6, 0xB5, 0xAD, 0x6B, 0x63,
  0x18, 0xC6, 0x33, 0x9C, 0xE7, 0x3B, 0xDE, 0xF9, 0xCE, 0x77, 0xBD, 0xEF, 0x7B, 0xFF, 0xFF, 0xFF, 0xFF, 0xFF, 0xFF, 0xFF, 0xFF, 0xFF, 0xFF, 0xFF,
  0xFF, 0xFF, 0xFF, 0xFF, 0xFF, 0xFF, 0xFF, 0xFF, 0xFF, 0xFF, 0xFF, 0xFF, 0xFF, 0xFF, 0xFF, 0xFF, 0xFF, 0xFF, 0xFF, 0xFF, 0xFF, 0xFF, 0xFF, 0xFF,
  0xFF, 0xFF, 0xFF, 0xFF, 0xFF, 0xFF, 0xFF, 0xFF, 0xFF, 0xFF, 0xFF, 0xFF, 0xBD, 0xEF, 0x39, 0xDE, 0x73, 0x7B, 0xE6, 0xF3, 0xCE, 0x73, 0x38, 0xC6,
  0x33, 0x8B, 0x5B, 0x18, 0xB5, 0xAB, 0x5A, 0xD6, 0x94, 0xA5, 0x29, 0x48, 0xC6, 0x10, 0x84, 0x21, 0x08, 0x39, 0xCE, 0x73, 0x9C, 0xD6, 0xB5, 0xAC,
  0x63, 0x18, 0xC6, 0x2D, 0x6B, 0x5A, 0xD4, 0xA5, 0x29, 0x4A, 0x52, 0x94, 0xA4, 0xAA, 0x33, 0x52, 0xD2, 0x94, 0xA5, 0x08, 0x39, 0xCE, 0xE5, 0x9C,
  0xE7, 0x39, 0xCE, 0x63, 0x98, 0xD2, 0x31, 0xA4, 0xD8, 0x1D, 0xCE, 0x39, 0x4A, 0x52, 0x94, 0x84, 0x21, 0x08, 0x42, 0x10, 0x84, 0x21, 0x08, 0x44,
  0xC0, 0xC3, 0x18, 0xC6, 0x31, 0x8C, 0x68, 0x64, 0x50, 0x31, 0x8E, 0x31, 0x19, 0xCE, 0x21, 0x08, 0x42, 0x14, 0xD2, 0x21, 0x12, 0x29, 0x48, 0x84,
  0x21, 0x08, 0xE8, 0x8C, 0xE2, 0x41, 0x08, 0x42, 0x10, 0x84, 0x21, 0x08, 0x42, 0x10, 0x84, 0x21, 0x08, 0x42, 0x10, 0x84, 0x21, 0x08, 0x42, 0x10,
  0x84, 0x21, 0x08, 0x42, 0x10, 0x84, 0x21, 0x08, 0x42, 0x10, 0x84, 0x21, 0x08, 0x42, 0x10, 0x84, 0x21, 0x08, 0x42, 0x10, 0x84, 0x21, 0x08, 0x42,
  0x18, 0xC6, 0x31, 0x94, 0xE3, 0x18, 0xC6, 0x31, 0x8C, 0x63, 0x18, 0xC6, 0x42, 0x10, 0x84, 0x21, 0x08, 0x42, 0x10, 0x84, 0x21, 0x08, 0x52, 0x94,
  0xA5, 0x29, 0x4C, 0x63, 0x18, 0xC6, 0x31, 0x8C, 0x63, 0x18, 0xE7, 0x39, 0xCE, 0x73, 0x9C, 0xE7, 0x39, 0xD0, 0x84, 0x21, 0x0B, 0x4A, 0x52, 0xA5,
  0x29, 0x4A, 0x52, 0x94, 0xB5, 0xAD, 0x6B, 0x63, 0x16, 0xB6, 0x31, 0x8C, 0x63, 0x1A, 0xD6, 0xB5, 0xAE, 0x73, 0x9C, 0xE8, 0x42, 0x10, 0x84, 0x21,
  0x08, 0x52, 0x9D, 0xF7, 0x69, 0x5A, 0xD6, 0xB6, 0xB5, 0xAD, 0x6B, 0x63, 0x18, 0xC6, 0x33, 0x9C, 0xE7, 0x3B, 0xDE, 0xF7, 0xCE, 0x77, 0xBD, 0xEF,
  0x7B, 0xFF, 0xFF, 0xFF, 0xFF, 0xFF, 0xFF, 0xFF, 0xFF, 0xFF, 0xFF, 0xFF, 0xFF, 0xFF, 0xFF, 0xFF, 0xFF, 0xFF, 0xFF, 0xFF, 0xFF, 0xFF, 0xFF, 0xFF,
  0xFF, 0xFF, 0xFF, 0xFF, 0xFF, 0xFF, 0xFF, 0xFF, 0xFF, 0xFF, 0xFF, 0xFF, 0xFF, 0xFF, 0xFF, 0xFF, 0xFF, 0xFF, 0xFF, 0xFF, 0xFF, 0xFF, 0xFF, 0xFF,
  0xFD, 0xEF, 0x3B, 0xCE, 0x73, 0x9C, 0xE6, 0xF7, 0xCE, 0x67, 0x39, 0xC6, 0x31, 0x8C, 0x5B, 0x16, 0xB5, 0xAD, 0x5A, 0xD6, 0x94, 0xA5, 0x29, 0x48,
  0xC6, 0x10, 0x84, 0x21, 0x08, 0x41, 0xCE, 0x73, 0x9C, 0xE6, 0xB5, 0xAD, 0x63, 0x18, 0xD6, 0x2D, 0x6B, 0x5A, 0xD4, 0xA5, 0x29, 0x4A, 0x52, 0x94,
  0xA5, 0x32, 0x69, 0x9C, 0xE6, 0xD4, 0xA5, 0x28, 0x39, 0xD6, 0xC3, 0x9C, 0xE7, 0x39, 0xCE, 0x73, 0x99, 0x4E, 0x31, 0xA5, 0x29, 0x1D, 0x47, 0x4A,
  0x10, 0x82, 0x94, 0xA4, 0x21, 0x08, 0x42, 0x10, 0x84, 0x21, 0x08, 0x78, 0x18, 0x83, 0x18, 0xC8, 0x31, 0x8D, 0x29, 0x9B, 0x50, 0x31, 0xCE, 0x68,
  0x40, 0xCE, 0x84, 0x1C, 0x62, 0x8C, 0x44, 0x21, 0x09, 0x2E, 0x8A, 0x48, 0x21, 0x30, 0x6E, 0x8C, 0x52, 0x21, 0x08, 0x42, 0x10, 0x84, 0x21, 0x08,
  0x42, 0x10, 0x84, 0x21, 0x08, 0x42, 0x10, 0x84, 0x21, 0x08, 0x42, 0x10, 0x84, 0x21, 0x08, 0x42, 0x10, 0x84, 0x21, 0x08, 0x42, 0x10, 0x84, 0x21,
  0x08, 0x42, 0x10, 0x84, 0x21, 0x08, 0x42, 0x10, 0x84, 0x21, 0x08, 0x63, 0x18, 0xC6, 0x65, 0x9C, 0xE3, 0x18, 0xC6, 0x31, 0x8C, 0x63, 0x18, 0xC8,
  0x42, 0x10, 0x84, 0x21, 0x08, 0x42, 0x10, 0x84, 0x21, 0x0A, 0x52, 0x94, 0xA5, 0x29, 0x8C, 0x63, 0x18, 0xC6, 0x31, 0x8C, 0x63, 0x1C, 0xE7, 0x39,
  0xCE, 0x73, 0x9C, 0xE7, 0x3A, 0x10, 0x84, 0x21, 0x29, 0x4A, 0x94, 0xA5, 0x29, 0x4A, 0x52, 0x96, 0xB5, 0xAD, 0x6B, 0x63, 0x16, 0xB6, 0x35, 0x8C,
  0x63, 0x5A, 0xD6, 0xB5, 0xCE, 0x73, 0x9D, 0x08, 0x42, 0x10, 0x84, 0x21, 0x08, 0x52, 0x9D, 0xF7, 0x75, 0x5A, 0xD6, 0xD6, 0xB5, 0xAD, 0x6C, 0x63,
  0x18, 0xC6, 0x73, 0x9C, 0xE7, 0x7B, 0xDE, 0xF9, 0xCE, 0x73, 0x9C, 0xEF, 0x7F, 0xFF, 0xFF, 0xFF, 0xFF, 0xFF, 0xFF, 0xFF, 0xFF, 0xFF, 0xFF, 0xFF,
  0xFF, 0xFF, 0xFF, 0xFF, 0xFF, 0xFF, 0xFF, 0xFF, 0xFF, 0xFF, 0xFF, 0xFF, 0xFF, 0xFF, 0xFF, 0xFF, 0xFF, 0xFF, 0xFF, 0xFF, 0xFF, 0xFF, 0xFF, 0xFF,
  0xFF, 0xFF, 0xFF, 0xFF, 0xFF, 0xFF, 0xFF, 0xFF, 0xFF, 0xFF, 0xFF, 0xFF, 0xFD, 0xEF, 0x7B, 0xCE, 0x73, 0x9B, 0xDE, 0xF7, 0x9C, 0xE7, 0x39, 0xC6,
  0x33, 0x9C, 0x62, 0xD6, 0xC5, 0xAD, 0x5A, 0xD6, 0xB4, 0xA5, 0x2B, 0x4A, 0x42, 0x10, 0x84, 0x21, 0x08, 0x41, 0xCE, 0x73, 0x9C, 0xE6, 0xB5, 0xAD,
  0x6B, 0x18, 0xC6, 0x31, 0x6B, 0x5A, 0xD6, 0xA5, 0x29, 0x4A, 0x52, 0x94, 0xA8, 0x46, 0x29, 0x9C, 0x67, 0x35, 0xA5, 0x28, 0x42, 0xD4, 0xA3, 0x9C,
  0xE7, 0x39, 0xCE, 0x73, 0x9D, 0xAC, 0x31, 0x8E, 0xA3, 0x18, 0xC6, 0x29, 0x4A, 0x82, 0x94, 0xA5, 0x21, 0x08, 0x42, 0x10, 0x84, 0x21, 0x09, 0x03,
  0x90, 0x84, 0x20, 0xC6, 0x31, 0xC1, 0xD3, 0x72, 0x46, 0x31, 0xCD, 0x84, 0x1A, 0x46, 0x31, 0xA1, 0x02, 0xA8, 0x84, 0x21, 0xB0, 0x62, 0x12, 0x62,
  0x92, 0x09, 0x31, 0x9C, 0x48, 0x21, 0x08, 0x42, 0x11, 0x84, 0x21, 0x08, 0x42, 0x10, 0x84, 0x21, 0x08, 0x42, 0x10, 0x84, 0x21, 0x08, 0x42, 0x10,
  0x84, 0x21, 0x08, 0x42, 0x10, 0x84, 0x21, 0x08, 0x42, 0x10, 0x84, 0x21, 0x08, 0x42, 0x10, 0x84, 0x21, 0x08, 0x42, 0x10, 0x84, 0x63, 0x9C, 0xE7,
  0x3C, 0xE7, 0x13, 0x8C, 0x63, 0x18, 0xC6, 0x31, 0x90, 0x63, 0x21, 0x08, 0x42, 0x10, 0x84, 0x21, 0x08, 0x42, 0x10, 0x84, 0x21, 0x4A, 0x52, 0x94,
  0xA5, 0x29, 0x8C, 0x63, 0x18, 0xC6, 0x31, 0x8C, 0x63, 0x1C, 0xE7, 0x39, 0xCE, 0x73, 0x9C, 0xE7, 0x42, 0x10, 0x84, 0x21, 0x29, 0x4A, 0x92, 0xA5,
  0x29, 0x4A, 0x52, 0x94, 0xB5, 0xAD, 0x6C, 0x62, 0xD6, 0xC6, 0x31, 0x8C, 0x6B, 0x5C, 0xD6, 0xB5, 0xCE, 0x73, 0x9D, 0x08, 0x42, 0x10, 0x84, 0x21,
  0x0A, 0x52, 0x94, 0xEF, 0xBB, 0xDA, 0xD6, 0xD6, 0xB5, 0xAD, 0x6C, 0x63, 0x18, 0xC6, 0x73, 0x9C, 0xE7, 0x7B, 0xDE, 0xF9, 0xCE, 0x73, 0xBD, 0xEF,
  0x7F, 0xFF, 0xFF, 0xFF, 0xFF, 0xFF, 0xFF, 0xFF, 0xFF, 0xFF, 0xFF, 0xFF, 0xFF, 0xFF, 0xFF, 0xFF, 0xFF, 0xFF, 0xFF, 0xFF, 0xFF, 0xFF, 0xFF, 0xFF,
  0xFF, 0xFF, 0xFF, 0xFF, 0xFF, 0xFF, 0xFF, 0xFF, 0xFF, 0xFF, 0xFF, 0xFF, 0xFF, 0xFF, 0xFF, 0xFF, 0xFF, 0xFF, 0xFF, 0xFF, 0xFF, 0xFF, 0xFF, 0xFF,
  0xFF, 0xEF, 0x79, 0xCE, 0x73, 0x9B, 0xDE, 0xF7, 0xBC, 0xE7, 0x39, 0xCE, 0x31, 0x9C, 0x62, 0xD6, 0xB5, 0xAD, 0x6A, 0xD6, 0xB4, 0xA5, 0x2B, 0x4A,
  0x42, 0x10, 0x84, 0x21, 0x08, 0x42, 0x10, 0x73, 0x9C, 0xE7, 0x39, 0xAD, 0x6B, 0x1A, 0xC6, 0x31, 0x6B, 0x5A, 0xD6, 0xB5, 0x29, 0x4A, 0x52, 0x94,
  0xC9, 0xCE, 0x13, 0x9A, 0x97, 0x39, 0xA5, 0x08, 0x42, 0x8E, 0x73, 0x9C, 0xE7, 0x39, 0xCE, 0x73, 0xB2, 0x52, 0x39, 0x8C, 0xA3, 0x18, 0xC6, 0x31,
  0x4A, 0x82, 0x94, 0xA5, 0x29, 0x08, 0x42, 0x10, 0xA4, 0x21, 0x12, 0x92, 0x10, 0x84, 0x21, 0x06, 0x32, 0x42, 0x70, 0x48, 0xC6, 0x39, 0xCC, 0x88,
  0x22, 0x50, 0x31, 0x8C, 0x85, 0x98, 0x84, 0x22, 0x08, 0x42, 0x10, 0x84, 0x48, 0xA5, 0xD1, 0x8A, 0x44, 0x21, 0x08, 0x47, 0x60, 0x84, 0x21, 0x08,
  0x42, 0x10, 0x84, 0x21, 0x08, 0x42, 0x10, 0x84, 0x21, 0x08, 0x42, 0x10, 0x84, 0x21, 0x08, 0x42, 0x10, 0x84, 0x21, 0x08, 0x42, 0x10, 0x84, 0x21,
  0x08, 0x42, 0x10, 0x84, 0x21, 0x08, 0x42, 0x10, 0x86, 0x33, 0x8C, 0x69, 0x9A, 0x8E, 0x71, 0x8C, 0x63, 0x18, 0xC6, 0x31, 0x8C, 0x64, 0x21, 0x08,
  0x42, 0x10, 0x84, 0x21, 0x08, 0x42, 0x10, 0x84, 0x29, 0x4A, 0x52, 0x94, 0xA5, 0x31, 0x8C, 0x63, 0x18, 0xC6, 0x31, 0x8C, 0x63, 0x9C, 0xE7, 0x39,
  0xCE, 0x73, 0x9C, 0xE8, 0x42, 0x10, 0x84, 0x2D, 0x29, 0x4A, 0x54, 0xA5, 0x29, 0x4A, 0x52, 0x94, 0xA5, 0x2D, 0x6B, 0x62, 0xD6, 0xC6, 0x31, 0x8C,
  0x6B, 0x5C, 0xD6, 0xB9, 0xCE, 0x73, 0xA1, 0x08, 0x42, 0x10, 0x84, 0x21, 0x0A, 0x52, 0x94, 0xEF, 0x7D, 0xDA, 0xDA, 0xD6, 0xB5, 0xAD, 0x6C, 0x63,
  0x18, 0xCE, 0x73, 0x9C, 0xEF, 0x7B, 0xDE, 0xF9, 0xCE, 0xF3, 0xBD, 0xEF, 0xFF, 0xFF, 0xFF, 0xFF, 0xFF, 0xFF, 0xFF, 0xFF, 0xFF, 0xFF, 0xFF, 0xFF,
  0xFF, 0xFF, 0xFF, 0xFF, 0xFF, 0xFF, 0xFF, 0xFF, 0xFF, 0xFF, 0xFF, 0xFF, 0xFF, 0xFF, 0xFF, 0xFF, 0xFF, 0xFF, 0xFF, 0xFF, 0xFF, 0xFF, 0xFF, 0xFF,
  0xFF, 0xFF, 0xFF, 0xFF, 0xFF, 0xFF, 0xFF, 0xFF, 0xFF, 0xFF, 0xFF, 0xFF, 0xFF, 0xEF, 0x79, 0xCE, 0x77, 0x9C, 0xE6, 0xF7, 0xBC, 0xE7, 0x9C, 0xCE,
  0x71, 0x9C, 0xE2, 0xD6, 0xB5, 0xAD, 0x6A, 0xD6, 0xB5, 0xA5, 0x2B, 0x4A, 0x52, 0x10, 0x84, 0x21, 0x08, 0x42, 0x0E, 0x83, 0x9C, 0xE6, 0xB5, 0xAD,
  0x6B, 0x58, 0xC6, 0x31, 0x8B, 0x5A, 0xD6, 0xB5, 0xA9, 0x6B, 0x52, 0x95, 0x39, 0xC6, 0x33, 0x62, 0x95, 0x29, 0xC5, 0x08, 0x52, 0x8E, 0x73, 0x9D,
  0x07, 0x39, 0xCE, 0x74, 0xCA, 0x32, 0x91, 0x8C, 0xE3, 0x18, 0xC6, 0x31, 0x8A, 0x72, 0x94, 0xA5, 0x29, 0x4A, 0x42, 0x14, 0xA5, 0x29, 0x18, 0x42,
  0x10, 0x84, 0x21, 0x09, 0x06, 0x3A, 0x6C, 0x48, 0xC6, 0x39, 0xAD, 0x23, 0x42, 0x08, 0x31, 0x95, 0x0E, 0x50, 0x84, 0x23, 0x88, 0x42, 0x10, 0xC6,
  0x21, 0x12, 0x33, 0x89, 0x04, 0x21, 0x08, 0xE7, 0x18, 0x84, 0x21, 0x08, 0x42, 0x10, 0x84, 0x21, 0x08, 0x42, 0x10, 0x84, 0x21, 0x08, 0x42, 0x10,
  0x84, 0x21, 0x08, 0x42, 0x10, 0x84, 0x21, 0x08, 0x42, 0x10, 0x84, 0x21, 0x08, 0x42, 0x10, 0x84, 0x21, 0x08, 0x42, 0x18, 0xC6, 0x31, 0x8C, 0xAA,
  0x18, 0xC6, 0x31, 0x8C, 0x63, 0x18, 0xC6, 0x31, 0x8C, 0x84, 0x21, 0x08, 0x42, 0x10, 0x84, 0x21, 0x08, 0x42, 0x10, 0xA5, 0x29, 0x4A, 0x52, 0x94,
  0xA6, 0x31, 0x8C, 0x63, 0x18, 0xC6, 0x31, 0x8C, 0x73, 0x9C, 0xE7, 0x39, 0xCE, 0x73, 0x9C, 0xE8, 0x42, 0x10, 0x84, 0xA5, 0x29, 0x4A, 0x54, 0xA5,
  0x29, 0x4A, 0x52, 0x94, 0xA5, 0x2D, 0x6B, 0x5A, 0xD8, 0xD6, 0x31, 0x8D, 0x73, 0x9C, 0xD6, 0xB9, 0xCE, 0x73, 0xA1, 0x08, 0x42, 0x10, 0x84, 0x21,
  0x4A, 0x52, 0x94, 0xA7, 0x7B, 0xEE, 0xDA, 0xD6, 0xB5, 0xAD, 0x8C, 0x63, 0x18, 0xCE, 0x73, 0x9C, 0xEF, 0x7B, 0xDF, 0x39, 0xCE, 0x77, 0x9D, 0xEF,
  0xFF, 0xFF, 0xFF, 0xFF, 0xFF, 0xFF, 0xFF, 0xFF, 0xFF, 0xFF, 0xFF, 0xFF, 0xFF, 0xFF, 0xFF, 0xFF, 0xFF, 0xFF, 0xFF, 0xFF, 0xFF, 0xFF, 0xFF, 0xFF,
  0xFF, 0xFF, 0xFF, 0xFF, 0xFF, 0xFF, 0xFF, 0xFF, 0xFF, 0xFF, 0xFF, 0xFF, 0xFF, 0xFF, 0xFF, 0xFF, 0xFF, 0xFF, 0xFF, 0xFF, 0xFF, 0xFF, 0xFF, 0xFF,
  0xFF, 0xFF, 0x7B, 0xCE, 0x73, 0x9C, 0xDE, 0xF7, 0xBE, 0x67, 0x39, 0xCE, 0x71, 0x9C, 0xE3, 0x16, 0xB6, 0x2D, 0x6B, 0x56, 0xB5, 0xAD, 0x29, 0x4A,
  0x52, 0x10, 0x84, 0x21, 0x08, 0x42, 0x10, 0x83, 0x9C, 0xE7, 0x39, 0xAD, 0x6B, 0x58, 0xC6, 0x31, 0x8C, 0x5A, 0xD6, 0xB5, 0xAD, 0x4A, 0x5A, 0xA3,
  0x38, 0x4A, 0x6C, 0x52, 0x94, 0xA9, 0x49, 0x88, 0x52, 0x90, 0x73, 0xA1, 0x08, 0x39, 0xCE, 0x74, 0x9C, 0xE6, 0x31, 0x8C, 0xA5, 0x18, 0xC6, 0x31,
  0x8C, 0x52, 0x94, 0xA5, 0x29, 0x4A, 0x52, 0x10, 0x85, 0x2B, 0x8E, 0x42, 0x10, 0x84, 0x22, 0x9C, 0xEA, 0x4D, 0x85, 0x18, 0xC7, 0x39, 0x91, 0x23,
  0x18, 0xC6, 0x31, 0x8D, 0x54, 0x40, 0xC6, 0x21, 0x8C, 0x42, 0x13, 0x04, 0x21, 0x26, 0x31, 0x48, 0x84, 0x21, 0x09, 0x83, 0x10, 0x84, 0x21, 0x08,
  0x42, 0x10, 0x84, 0x21, 0x08, 0x42, 0x10, 0x84, 0x21, 0x08, 0x42, 0x10, 0x84, 0x21, 0x08, 0x42, 0x10, 0x84, 0x21, 0x08, 0x42, 0x10, 0x84, 0x21,
  0x08, 0x42, 0x10, 0x84, 0x21, 0x08, 0x63, 0x18, 0xC6, 0x31, 0x8E, 0x63, 0x18, 0xC6, 0x31, 0x8C, 0x63, 0x18, 0xC6, 0x32, 0x10, 0x84, 0x21, 0x08,
  0x42, 0x10, 0x84, 0x21, 0x08, 0x42, 0x14, 0xA5, 0x29, 0xCA, 0x52, 0x94, 0xC6, 0x31, 0x8C, 0x63, 0x18, 0xC6, 0x31, 0x8E, 0x73, 0x9C, 0xE7, 0x39,
  0xCE, 0x73, 0x9D, 0x08, 0x42, 0x10, 0x95, 0xA5, 0x29, 0x4A, 0x94, 0xA5, 0x29, 0x4A, 0x5A, 0xD6, 0xB5, 0xB1, 0x6B, 0x5B, 0x18, 0xC6, 0x31, 0x8D,
  0x6B, 0x5A, 0xE7, 0x41, 0xCE, 0x74, 0x21, 0x08, 0x42, 0x10, 0x84, 0x21, 0x4A, 0x52, 0x94, 0xAD, 0x75, 0xEE, 0xF6, 0xD6, 0xB5, 0xAD, 0x8C, 0x63,
  0x18, 0xCE, 0x73, 0x9D, 0xEF, 0x9B, 0xDF, 0x39, 0xCE, 0xF7, 0xBD, 0xFF, 0xFF, 0xFF, 0xFF, 0xFF, 0xFF, 0xFF, 0xFF, 0xFF, 0xFF, 0xFF, 0xFF, 0xFF,
  0xFF, 0xFF, 0xFF, 0xFF, 0xFF, 0xFF, 0xFF, 0xFF, 0xFF, 0xFF, 0xFF, 0xFF, 0xFF, 0xFF, 0xFF, 0xFF, 0xFF, 0xFF, 0xFF, 0xFF, 0xFF, 0xFF, 0xFF, 0xFF,
  0xFF, 0xFF, 0xFF, 0xFF, 0xFF, 0xFF, 0xFF, 0xFF, 0xFF, 0xFF, 0xFF, 0xFF, 0xFF, 0xFF, 0x7B, 0xCE, 0x73, 0x9C, 0xE6, 0xF7, 0xCD, 0xE7, 0x39, 0xE6,
  0x71, 0x9C, 0x67, 0x16, 0xC5, 0xAD, 0x6B, 0x56, 0xB5, 0xAD, 0x29, 0x4A, 0x52, 0x91, 0x84, 0x21, 0x08, 0x42, 0x10, 0x73, 0x9C, 0xE7, 0x39, 0xAD,
  0x73, 0x5A, 0xC6, 0x31, 0x8C, 0x5A, 0xD6, 0xB5, 0xAD, 0x6B, 0x5A, 0xE1, 0x38, 0x4E, 0x0A, 0x52, 0x94, 0xA5, 0x25, 0x8C, 0x62, 0x10, 0x83, 0xA1,
  0x08, 0x41, 0xCE, 0x73, 0x9E, 0x35, 0xA2, 0x4C, 0x63, 0x18, 0xC6, 0x31, 0x8C, 0xA3, 0x94, 0xC5, 0x29, 0x4A, 0x52, 0x90, 0x85, 0x42, 0x94, 0x42,
  0x10, 0x84, 0x54, 0x29, 0x49, 0xAD, 0x23, 0x18, 0xD7, 0x31, 0x8C, 0x83, 0x18, 0xC6, 0x31, 0x8C, 0x77, 0x5B, 0x14, 0x31, 0x9C, 0x62, 0x60, 0x84,
  0x22, 0x46, 0x71, 0x20, 0x84, 0x21, 0x1C, 0x62, 0x10, 0x84, 0x21, 0x08, 0x42, 0x10, 0x84, 0x21, 0x08, 0x42, 0x10, 0x84, 0x21, 0x08, 0x42, 0x10,
  0x84, 0x21, 0x08, 0x42, 0x10, 0x84, 0x21, 0x08, 0x42, 0x10, 0x84, 0x21, 0x08, 0x42, 0x10, 0x84, 0x31, 0x8C, 0x63, 0x18, 0xC6, 0x31, 0x8E, 0x23,
  0x18, 0xC6, 0x31, 0x8C, 0x63, 0x18, 0xC6, 0x42, 0x10, 0x84, 0x21, 0x08, 0x42, 0x10, 0x84, 0x21, 0x08, 0x42, 0x94, 0xA5, 0x29, 0x4A, 0x53, 0x18,
  0xC6, 0x31, 0x8C, 0x63, 0x18, 0xC6, 0x31, 0xCE, 0x73, 0x9C, 0xE7, 0x41, 0xCE, 0x73, 0xA1, 0x08, 0x42, 0x10, 0x94, 0xAD, 0x29, 0x52, 0x94, 0xA5,
  0x29, 0x4B, 0x5A, 0xD6, 0xB6, 0x31, 0x6B, 0x5B, 0x18, 0xC6, 0x31, 0xAD, 0x6B, 0x5A, 0xE7, 0x39, 0xCE, 0x74, 0x21, 0x08, 0x42, 0x10, 0x84, 0x29,
  0x4A, 0x52, 0x94, 0xAD, 0x6B, 0xDF, 0x76, 0xD6, 0xB5, 0xB1, 0x8C, 0x63, 0x19, 0xCE, 0x73, 0x9D, 0xEF, 0x7B, 0xE7, 0x39, 0xCE, 0xF7, 0xBD, 0xFF,
  0xFF, 0xFF, 0xFF, 0xFF, 0xFF, 0xFF, 0xFF, 0xFF, 0xFF, 0xFF, 0xFF, 0xFF, 0xFF, 0xFF, 0xFF, 0xFF, 0xFF, 0xFF, 0xFF, 0xFF, 0xFF, 0xFF, 0xFF, 0xFF,
  0xFF, 0xFF, 0xFF, 0xFF, 0xFF, 0xFF, 0xFF, 0xFF, 0xFF, 0xFF, 0xFF, 0xFF, 0xFF, 0xFF, 0xFF, 0xFF, 0xFF, 0xFF, 0xFF, 0xFF, 0xFF, 0xFF, 0xFF, 0xFF,
  0xFF, 0xFF, 0x7B, 0xDE, 0x77, 0x9C, 0xE6, 0xF9, 0xBD, 0xE7, 0x99, 0xCE, 0x71, 0x8C, 0xE3, 0x18, 0xB5, 0xAD, 0x6B, 0x5A, 0xB5, 0xAD, 0x69, 0x4A,
  0x52, 0x94, 0x84, 0x21, 0x08, 0x42, 0x10, 0x83, 0x9C, 0xE7, 0x39, 0xAD, 0x6B, 0x5A, 0xD6, 0x31, 0x8C, 0x62, 0xD6, 0xB6, 0x2D, 0x4A, 0x54, 0x67,
  0x39, 0x4D, 0x4A, 0x52, 0x94, 0x94, 0xA5, 0x28, 0x42, 0x10, 0x84, 0x21, 0x08, 0x3A, 0x0E, 0x73, 0xFB, 0xD1, 0x8D, 0x4C, 0x63, 0x18, 0xC6, 0x31,
  0x8C, 0x63, 0x18, 0xA5, 0x29, 0x4C, 0x52, 0x94, 0xA5, 0x51, 0x88, 0x42, 0x10, 0x84, 0x5D, 0x2B, 0x15, 0x9C, 0x84, 0x18, 0xE6, 0xB1, 0x8C, 0x63,
  0x18, 0xC6, 0x31, 0x8C, 0x77, 0x1B, 0x18, 0xD5, 0x24, 0x63, 0x18, 0x84, 0x25, 0x46, 0x2C, 0x10, 0x84, 0x21, 0x08, 0x42, 0x10, 0x84, 0x21, 0x08,
  0x42, 0x10, 0x84, 0x21, 0x08, 0x42, 0x10, 0x84, 0x21, 0x08, 0x42, 0x10, 0x84, 0x21, 0x08, 0x42, 0x10, 0x84, 0x21, 0x08, 0x42, 0x10, 0x84, 0x21,
  0x08, 0x42, 0x18, 0xC6, 0x31, 0x8C, 0x63, 0x18, 0xC6, 0x31, 0x8D, 0x83, 0x18, 0xC6, 0x31, 0x8C, 0x63, 0x19, 0x08, 0x42, 0x10, 0x84, 0x21, 0x08,
  0x42, 0x10, 0x84, 0x21, 0x08, 0x52, 0x94, 0xA5, 0x29, 0x4A, 0x63, 0x18, 0xC8, 0x31, 0x8C, 0x63, 0x18, 0xC6, 0x39, 0xCE, 0x73, 0x9C, 0xE7, 0x39,
  0xCE, 0x74, 0x21, 0x08, 0x42, 0x12, 0x94, 0xA5, 0x29, 0x53, 0x14, 0xA5, 0x29, 0x6B, 0x5A, 0xD6, 0xB6, 0x2D, 0x6B, 0x63, 0x18, 0xC6, 0x35, 0xAD,
  0x6B, 0x5A, 0xE7, 0x39, 0xCE, 0x84, 0x21, 0x08, 0x42, 0x10, 0x85, 0x29, 0x4A, 0x52, 0x95, 0xAD, 0x6B, 0xDF, 0x76, 0xD6, 0xB5, 0xB1, 0x8C, 0x63,
  0x19, 0xCE, 0x73, 0x9D, 0xEF, 0x7B, 0xE7, 0x3B, 0xCE, 0x77, 0xBD, 0xFF, 0xFF, 0xFF, 0xFF, 0xFF, 0xFF, 0xFF, 0xFF, 0xFF, 0xFF, 0xFF, 0xFF, 0xFF,
  0xFF, 0xFF, 0xFF, 0xFF, 0xFF, 0xFF, 0xFF, 0xFF, 0xFF, 0xFF, 0xFF, 0xFF, 0xFF, 0xFF, 0xFF, 0xFF, 0xFF, 0xFF, 0xFF, 0xFF, 0xFF, 0xFF, 0xFF, 0xFF,
  0xFF, 0xFF, 0xFF, 0xFF, 0xFF, 0xFF, 0xFF, 0xFF, 0xFF, 0xFF, 0xFF, 0xFF, 0xFF, 0xFF, 0xFB, 0xDE, 0xF7, 0x9C, 0xE7, 0x37, 0xBD, 0xF3, 0x99, 0xCE,
  0x73, 0x9C, 0x63, 0x38, 0xB5, 0xB1, 0x8B, 0x5A, 0xB5, 0xAD, 0x69, 0x4A, 0x52, 0x94, 0x84, 0x21, 0x08, 0x42, 0x10, 0x84, 0x1C, 0xE7, 0x39, 0xCD,
  0x6B, 0x5A, 0xD6, 0x31, 0x8C, 0x63, 0x18, 0xB5, 0xAD, 0x6A, 0x5C, 0xE6, 0xD9, 0xC9, 0x4A, 0x52, 0x94, 0x94, 0xA5, 0x29, 0x42, 0x10, 0x84, 0x21,
  0x07, 0x42, 0x0E, 0x7D, 0x74, 0xE7, 0x39, 0xCC, 0x68, 0xFB, 0xA6, 0x35, 0x0C, 0x6E, 0x98, 0xC5, 0x29, 0x4A, 0x52, 0x94, 0xA5, 0x29, 0x48, 0x42,
  0x10, 0x84, 0x5D, 0x66, 0xB2, 0x10, 0x84, 0x24, 0xE6, 0x31, 0x8C, 0x63, 0x18, 0xC6, 0x31, 0x8C, 0x73, 0x18, 0xC6, 0x55, 0x45, 0x43, 0x18, 0xC6,
  0x38, 0xCE, 0x24, 0x10, 0x84, 0x21, 0x08, 0x42, 0x10, 0x84, 0x21, 0x08, 0x63, 0x10, 0x84, 0x21, 0x08, 0x42, 0x10, 0x84, 0x21, 0x08, 0x42, 0x10,
  0xC6, 0x31, 0x8C, 0x42, 0x10, 0x84, 0x21, 0x08, 0x42, 0x10, 0x84, 0x21, 0x0C, 0x63, 0x18, 0xC6, 0x31, 0x8C, 0x63, 0x18, 0xC6, 0x31, 0x8E, 0x23,
  0x18, 0xC6, 0x31, 0x8C, 0x63, 0x21, 0x08, 0x42, 0x10, 0x84, 0x21, 0x08, 0x42, 0x10, 0x84, 0x21, 0x0A, 0x52, 0x94, 0xA5, 0x29, 0x4C, 0x63, 0x18,
  0xC6, 0x32, 0x10, 0x63, 0x18, 0xC7, 0x39, 0xCE, 0x73, 0x9C, 0xE7, 0x39, 0xCE, 0x84, 0x21, 0x08, 0x42, 0x52, 0x94, 0xA5, 0x2A, 0x52, 0x94, 0xA5,
  0x29, 0x4A, 0x5A, 0x96, 0xC6, 0x2D, 0x6C, 0x63, 0x18, 0xC6, 0x35, 0xCD, 0x6B, 0x5C, 0xE7, 0x39, 0xD0, 0x84, 0x21, 0x08, 0x42, 0x10, 0x85, 0x29,
  0x4A, 0x52, 0x95, 0xAD, 0x6B, 0xDE, 0xFB, 0xB6, 0xB6, 0x31, 0x8C, 0x63, 0x39, 0xCE, 0x73, 0xBD, 0xEF, 0x7C, 0xE7, 0x7B, 0xCE, 0x77, 0xBF, 0xFF,
  0xFF, 0xFF, 0xFF, 0xFF, 0xFF, 0xFF, 0xFF, 0xFF, 0xFF, 0xFF, 0xFF, 0xFF, 0xFF, 0xFF, 0xFF, 0xFF, 0xFF, 0xFF, 0xFF, 0xFF, 0xFF, 0xFF, 0xFF, 0xFF,
  0xFF, 0xFF, 0xFF, 0xFF, 0xFF, 0xFF, 0xFF, 0xFF, 0xFF, 0xFF, 0xFF, 0xFF, 0xFF, 0xFF, 0xFF, 0xFF, 0xFF, 0xFF, 0xFF, 0xFF, 0xFF, 0xFF, 0xFF, 0xFF,
  0xFF, 0xFF, 0xFB, 0xDE, 0xF7, 0x9C, 0xE7, 0x37, 0xBD, 0xEF, 0x9C, 0xCE, 0x73, 0x8C, 0x63, 0x18, 0xB6, 0x31, 0x6B, 0x5A, 0xD5, 0xAD, 0x6B, 0x4A,
  0x52, 0x94, 0xA4, 0x21, 0x08, 0x42, 0x10, 0x84, 0x1C, 0xE7, 0x39, 0xCE, 0x6B, 0x5A, 0xD6, 0xB1, 0x8C, 0x63, 0x18, 0xB6, 0x31, 0x6B, 0x9C, 0xD5,
  0x29, 0xB5, 0x4A, 0x52, 0x94, 0x94, 0xA5, 0x29, 0x4A, 0x10, 0x84, 0xA1, 0x08, 0x42, 0x0E, 0x7F, 0x28, 0xE7, 0x39, 0xCE, 0x6F, 0x1A, 0x3E, 0x37,
  0x97, 0x49, 0x98, 0xC6, 0x29, 0x4A, 0x52, 0x94, 0xA5, 0x39, 0x08, 0x42, 0x10, 0x84, 0x8C, 0xE6, 0xA2, 0x10, 0x84, 0x4C, 0xC8, 0x31, 0x8C, 0x63,
  0x18, 0xC6, 0x31, 0x8D, 0x73, 0x18, 0xC6, 0x31, 0xA9, 0x51, 0x51, 0x46, 0xA8, 0xC6, 0x22, 0x10, 0x84, 0x21, 0x30, 0x42, 0x10, 0x84, 0x21, 0x08,
  0x42, 0x10, 0x84, 0x31, 0x08, 0x43, 0x18, 0xC6, 0x21, 0x08, 0x42, 0x10, 0xC6, 0x31, 0x8C, 0x42, 0x10, 0x84, 0x21, 0x08, 0x42, 0x10, 0x86, 0x31,
  0x8C, 0x63, 0x18, 0xC6, 0x31, 0x8C, 0x63, 0x18, 0xC6, 0x31, 0x8E, 0x63, 0x18, 0xC6, 0x31, 0x8C, 0x84, 0x21, 0x08, 0x42, 0x10, 0x84, 0x21, 0x08,
  0x42, 0x10, 0x84, 0x29, 0x4A, 0x52, 0x94, 0xA5, 0x29, 0x8C, 0x63, 0x18, 0xC6, 0x31, 0x8C, 0x64, 0x98, 0xE7, 0x39, 0xCE, 0x73, 0x9D, 0x07, 0x39,
  0xD0, 0x84, 0x21, 0x08, 0x5A, 0x52, 0x96, 0x25, 0x4A, 0x52, 0x94, 0xD5, 0x29, 0x4A, 0x52, 0xD6, 0xC6, 0x2D, 0x6C, 0x63, 0x18, 0xC6, 0xB9, 0xAD,
  0x6B, 0x9C, 0xE7, 0x39, 0xD0, 0x84, 0x21, 0x08, 0x42, 0x10, 0xA5, 0x29, 0x4A, 0x52, 0xB5, 0xAD, 0x6D, 0x6E, 0xFB, 0xBD, 0xEF, 0x71, 0x8C, 0x63,
  0x39, 0xCE, 0x73, 0xBD, 0xEF, 0x7C, 0xE7, 0x39, 0xCE, 0x77, 0xBF, 0xFF, 0xFF, 0xFF, 0xFF, 0xFF, 0xFF, 0xFF, 0xFF, 0xFF, 0xFF, 0xFF, 0xFF, 0xFF,
  0xFF, 0xFF, 0xFF, 0xFF, 0xFF, 0xFF, 0xFF, 0xFF, 0xFF, 0xFF, 0xFF, 0xFF, 0xFF, 0xFF, 0xFF, 0xFF, 0xFF, 0xFF, 0xFF, 0xFF, 0xFF, 0xFF, 0xFF, 0xFF,
  0xFF, 0xFF, 0xFF, 0xFF, 0xFF, 0xFF, 0xFF, 0xFF, 0xFF, 0xFF, 0xFF, 0xFF, 0xFF, 0xFF, 0xFF, 0xDE, 0xF7, 0x9C, 0xEF, 0x39, 0xBD, 0xEF, 0x9C, 0xE7,
  0x33, 0x9C, 0x63, 0x18, 0xC6, 0x2D, 0x8B, 0x5A, 0xD5, 0xAD, 0x6B, 0x5A, 0xD2, 0x94, 0xA4, 0x21, 0x18, 0x42, 0x10, 0x84, 0x20, 0xE7, 0x39, 0xCE,
  0x6B, 0x5A, 0xD6, 0xB5, 0x8C, 0x6B, 0x58, 0xB5, 0xAD, 0x6B, 0x9C, 0xD7, 0x39, 0xA9, 0x4A, 0x52, 0x94, 0xA4, 0xA5, 0x29, 0x4A, 0x50, 0x94, 0x25,
  0x08, 0x41, 0xCE, 0x7F, 0x1C, 0xEC, 0xF7, 0x8F, 0xDF, 0x52, 0x9E, 0x31, 0xBD, 0xE3, 0x18, 0xC6, 0x31, 0x4A, 0x52, 0x94, 0xA5, 0x29, 0x48, 0x42,
  0x10, 0x86, 0x75, 0x26, 0xB2, 0x10, 0x84, 0x9B, 0x48, 0x42, 0x0C, 0x63, 0x18, 0xC6, 0x31, 0x8E, 0x73, 0x18, 0xC6, 0x31, 0x8C, 0x63, 0x5C, 0x4B,
  0x19, 0xC6, 0x23, 0x18, 0xC6, 0x71, 0x9C, 0x42, 0x10, 0x84, 0x21, 0x08, 0x42, 0x18, 0x84, 0x21, 0x08, 0x42, 0x18, 0x84, 0x21, 0x08, 0x42, 0x10,
  0x86, 0x31, 0x8C, 0x42, 0x10, 0x84, 0x21, 0x08, 0x63, 0x18, 0xC6, 0x31, 0x8C, 0x63, 0x18, 0xC6, 0x31, 0x8C, 0x63, 0x18, 0xC6, 0x31, 0x8C, 0x93,
  0x18, 0xC6, 0x32, 0x10, 0x84, 0x21, 0x08, 0x42, 0x10, 0x84, 0x21, 0x08, 0x42, 0x10, 0x85, 0x29, 0x4A, 0x52, 0x94, 0xA5, 0x31, 0x8C, 0x63, 0x18,
  0xC6, 0x39, 0xCC, 0x63, 0x24, 0xE7, 0x39, 0xCE, 0x73, 0xA0, 0xE7, 0x39, 0xD0, 0x84, 0x21, 0x09, 0x4A, 0x52, 0x94, 0xA9, 0x4A, 0x52, 0x94, 0xA5,
  0x29, 0x4A, 0x52, 0xD6, 0xC6, 0x2D, 0x8C, 0x63, 0x18, 0xD6, 0xB9, 0xAD, 0x6B, 0x9C, 0xE7, 0x3A, 0x10, 0x84, 0x21, 0x08, 0x42, 0x10, 0xA5, 0x29,
  0x4A, 0x52, 0xB5, 0xAD, 0x6D, 0x6E, 0xFB, 0xDE, 0xF7, 0xBB, 0x8C, 0x67, 0x39, 0xCE, 0x77, 0xBD, 0xEF, 0x9C, 0xEF, 0x7B, 0xCE, 0xF7, 0xFF, 0xFF,
  0xFF, 0xFF, 0xFF, 0xFF, 0xFF, 0xFF, 0xFF, 0xFF, 0xFF, 0xFF, 0xFF, 0xFF, 0xFF, 0xFF, 0xFF, 0xFF, 0xFF, 0xFF, 0xFF, 0xFF, 0xFF, 0xFF, 0xFF, 0xFF,
  0xFF, 0xFF, 0xFF, 0xFF, 0xFF, 0xFF, 0xFF, 0xFF, 0xFF, 0xFF, 0xFF, 0xFF, 0xFF, 0xFF, 0xFF, 0xFF, 0xFF, 0xFF, 0xFF, 0xFF, 0xFF, 0xFF, 0xFF, 0xFF,
  0xFF, 0xFF, 0xFF, 0xDE, 0xF7, 0x9C, 0xE7, 0x39, 0xBE, 0x73, 0x9C, 0xE7, 0x39, 0x9C, 0xE3, 0x18, 0xC6, 0x2D, 0x8B, 0x5A, 0xD6, 0xAD, 0x6B, 0x5A,
  0xD6, 0xB5, 0xA5, 0x21, 0x08, 0x42, 0x10, 0x84, 0x20, 0xE7, 0x39, 0xCE, 0x73, 0x9A, 0xD6, 0xB5, 0x8C, 0x6B, 0x5A, 0xC6, 0x31, 0x71, 0x9B, 0xA7,
  0x25, 0xAD, 0x4A, 0x52, 0x94, 0xA5, 0x25, 0x29, 0x4A, 0x50, 0x84, 0xA5, 0x28, 0x41, 0xCE, 0x7F, 0x4C, 0xE7, 0x3F, 0x8F, 0xDA, 0x18, 0xC6, 0x31,
  0xBD, 0xE3, 0x18, 0xC6, 0x31, 0x8A, 0x52, 0x94, 0xA5, 0x29, 0x4A, 0x42, 0x10, 0x8C, 0x8D, 0x1C, 0x42, 0x10, 0x8D, 0x99, 0x08, 0x42, 0x10, 0x83,
  0x18, 0xC6, 0x31, 0x8E, 0xE4, 0x18, 0xC6, 0x31, 0xA0, 0x63, 0x18, 0xD7, 0x18, 0xC5, 0x03, 0x18, 0xC6, 0x73, 0x8C, 0x63, 0x10, 0x84, 0x21, 0x08,
  0x43, 0x18, 0x84, 0x21, 0x08, 0x42, 0x10, 0x84, 0x21, 0x08, 0x42, 0x10, 0x86, 0x31, 0x88, 0x42, 0x10, 0xC6, 0x31, 0x8C, 0x63, 0x18, 0xC6, 0x31,
  0x8C, 0x63, 0x18, 0xC6, 0x31, 0x8C, 0x63, 0x18, 0xC6, 0x31, 0x8C, 0x74, 0x18, 0xC8, 0x42, 0x10, 0x84, 0x21, 0x08, 0x42, 0x10, 0x84, 0x21, 0x48,
  0x42, 0x10, 0xA5, 0x29, 0x4C, 0x63, 0x18, 0xA6, 0x31, 0x8C, 0x63, 0x18, 0xC6, 0x39, 0xCC, 0x63, 0x9C, 0xE7, 0x39, 0xCE, 0x73, 0x9C, 0xE7, 0x3A,
  0x10, 0x84, 0x21, 0x09, 0x4A, 0x52, 0x95, 0x29, 0x4A, 0x52, 0x94, 0xA5, 0x29, 0x4A, 0x5A, 0xD6, 0xC6, 0x31, 0x8D, 0x63, 0x18, 0xD7, 0x35, 0xAD,
  0x73, 0x9D, 0x08, 0x42, 0x10, 0x84, 0x21, 0x08, 0x42, 0x14, 0xA5, 0x29, 0x4A, 0x56, 0xB5, 0xAD, 0xAD, 0x6B, 0x77, 0xBD, 0xEF, 0xBB, 0x8C, 0x67,
  0x39, 0xCE, 0x77, 0xBD, 0xEF, 0x9C, 0xEF, 0x79, 0xCE, 0xF7, 0xFF, 0xFF, 0xFF, 0xFF, 0xFF, 0xFF, 0xFF, 0xFF, 0xFF, 0xFF, 0xFF, 0xFF, 0xFF, 0xFF,
  0xFF, 0xFF, 0xFF, 0xFF, 0xFF, 0xFF, 0xFF, 0xFF, 0xFF, 0xFF, 0xFF, 0xFF, 0xFF, 0xFF, 0xFF, 0xFF, 0xFF, 0xFF, 0xFF, 0xFF, 0xFF, 0xFF, 0xFF, 0xFF,
  0xFF, 0xFF, 0xFF, 0xFF, 0xFF, 0xFF, 0xFF, 0xFF, 0xFF, 0xFF, 0xFF, 0xFF, 0xFF, 0xFF, 0xFF, 0xFE, 0xF7, 0x9C, 0xE7, 0x39, 0xCD, 0xF3, 0x9C, 0xE7,
  0x39, 0xCC, 0xE3, 0x18, 0xC6, 0x31, 0x8B, 0x5A, 0xD6, 0xB5, 0x6B, 0x5A, 0xD6, 0x94, 0xA5, 0x21, 0x08, 0x42, 0x10, 0x84, 0x21, 0x07, 0x39, 0xCE,
  0x73, 0x9A, 0xD6, 0xB5, 0xAC, 0x63, 0x18, 0xC6, 0x32, 0x33, 0xA4, 0x22, 0xB5, 0xAD, 0x4A, 0x52, 0x94, 0xA5, 0x25, 0x29, 0x4A, 0x92, 0x94, 0xA5,
  0x08, 0x41, 0xCE, 0x77, 0x78, 0xE7, 0x3F, 0x8E, 0xCF, 0x1C, 0xC6, 0x37, 0x91, 0x39, 0x98, 0xC6, 0x31, 0x8C, 0x52, 0x94, 0xA5, 0x29, 0x4A, 0x52,
  0x90, 0x90, 0xBC, 0xD6, 0x42, 0x10, 0x93, 0x21, 0x08, 0x42, 0x10, 0x84, 0x18, 0xC6, 0x31, 0x8E, 0xE3, 0x18, 0xC6, 0x42, 0x10, 0x63, 0x18, 0xE3,
  0x38, 0x94, 0x83, 0x18, 0xDA, 0x34, 0x0C, 0x63, 0x18, 0xC6, 0x31, 0x8C, 0x63, 0x18, 0x84, 0x21, 0x08, 0x42, 0x10, 0x84, 0x21, 0x08, 0x42, 0x10,
  0x86, 0x31, 0x8C, 0x63, 0x18, 0xC6, 0x31, 0x8C, 0x63, 0x18, 0xC6, 0x31, 0x8C, 0x63, 0x18, 0xC6, 0x31, 0x8C, 0x63, 0x18, 0xC6, 0x31, 0x8C, 0x6B,
  0x19, 0x08, 0x42, 0x10, 0x84, 0x21, 0x08, 0x42, 0x10, 0x84, 0x29, 0x08, 0x42, 0x94, 0xA5, 0x29, 0x4A, 0x63, 0x18, 0xC6, 0x31, 0x8C, 0x63, 0x18,
  0xC6, 0x39, 0xCC, 0x73, 0x9C, 0xE7, 0x39, 0xCE, 0x73, 0x9D, 0x08, 0x42, 0x10, 0x84, 0x25, 0x29, 0x4A, 0x52, 0x95, 0x29, 0x4A, 0x52, 0x94, 0xA5,
  0x29, 0x4B, 0x5A, 0xD6, 0xB6, 0x31, 0xAC, 0x63, 0x1A, 0xD6, 0xB5, 0xAD, 0x73, 0xA1, 0x07, 0x42, 0x10, 0x84, 0x21, 0x08, 0x42, 0x14, 0xA5, 0x29,
  0x4A, 0x56, 0xB5, 0xB5, 0xAD, 0x6B, 0x5A, 0xD8, 0xEF, 0x7D, 0xDC, 0xE7, 0x39, 0xCE, 0xF7, 0xBD, 0xF3, 0x9C, 0xE7, 0x39, 0xDE, 0xFF, 0xFF, 0xFF,
  0xFF, 0xFF, 0xFF, 0xFF, 0xFF, 0xFF, 0xFF, 0xFF, 0xFF, 0xFF, 0xFF, 0xFF, 0xFF, 0xFF, 0xFF, 0xFF, 0xFF, 0xFF, 0xFF, 0xFF, 0xFF, 0xFF, 0xFF, 0xFF,
  0xFF, 0xFF, 0xFF, 0xFF, 0xFF, 0xFF, 0xFF, 0xFF, 0xFF, 0xFF, 0xFF, 0xFF, 0xFF, 0xFF, 0xFF, 0xFF, 0xFF, 0xFF, 0xFF, 0xFF, 0xFF, 0xFF, 0xFF, 0xFF,
  0xFF, 0xFF, 0xFF, 0xFE, 0xF7, 0x9C, 0xE7, 0x39, 0xCD, 0xEF, 0x9C, 0xE7, 0x39, 0xCC, 0xE7, 0x18, 0xC6, 0x31, 0x6B, 0x62, 0xD6, 0xB5, 0x6B, 0x5A,
  0xD6, 0x94, 0xA5, 0x29, 0x08, 0x42, 0x10, 0x84, 0x21, 0x08, 0x39, 0xCE, 0x83, 0x9A, 0xD6, 0xB5, 0xAD, 0x63, 0x58, 0xD6, 0x32, 0x93, 0x9C, 0xD6,
  0xB5, 0xA9, 0x4A, 0x52, 0x94, 0xA5, 0x29, 0x29, 0x4A, 0x52, 0x94, 0xA1, 0x29, 0x42, 0x10, 0xC3, 0xB7, 0xDE, 0xF7, 0x4E, 0x79, 0xFB, 0xD3, 0x35,
  0x4C, 0x6E, 0x98, 0xC6, 0x31, 0x8C, 0x63, 0x14, 0xA5, 0x29, 0x4A, 0x52, 0x94, 0xF1, 0xA3, 0x0E, 0x42, 0x12, 0x73, 0x21, 0x08, 0x42, 0x10, 0x84,
  0x21, 0x08, 0x31, 0xD2, 0x63, 0x18, 0xC6, 0x92, 0x0C, 0x63, 0x19, 0xA3, 0x38, 0x8C, 0x63, 0x19, 0x08, 0x31, 0x8C, 0x63, 0x18, 0xC6, 0x31, 0x8C,
  0x63, 0x18, 0xC6, 0x31, 0x8C, 0x63, 0x18, 0xC6, 0x31, 0x8C, 0x63, 0x18, 0xC6, 0x31, 0x8C, 0x63, 0x18, 0xC6, 0x31, 0x8C, 0x63, 0x18, 0xC6, 0x31,
  0x8C, 0x63, 0x18, 0xC6, 0x31, 0x8C, 0x63, 0x18, 0xC6, 0x31, 0x8D, 0x26, 0x21, 0x08, 0x42, 0x10, 0x84, 0x21, 0x08, 0x42, 0x10, 0x84, 0x21, 0x08,
  0x52, 0x94, 0xA5, 0x29, 0x4A, 0x53, 0x18, 0xC6, 0x31, 0x8C, 0x63, 0x18, 0xC7, 0x39, 0x8E, 0x73, 0x9C, 0xE7, 0x39, 0xCE, 0x73, 0x9C, 0xE8, 0x42,
  0x10, 0x84, 0x25, 0x29, 0x4A, 0x52, 0xA5, 0x29, 0x4A, 0x52, 0x94, 0xA5, 0x29, 0x6B, 0x5A, 0xD6, 0xB6, 0x35, 0x8C, 0x63, 0x5A, 0xE6, 0xB5, 0xAE,
  0x73, 0xA1, 0x08, 0x42, 0x10, 0x84, 0x21, 0x08, 0x42, 0x94, 0xA5, 0x29, 0x4A, 0xD6, 0xB5, 0xB5, 0xAD, 0x6B, 0x5B, 0x18, 0xEF, 0xBB, 0xDC, 0xE7,
  0x39, 0xCE, 0xF7, 0xBD, 0xF3, 0x9C, 0xE7, 0x39, 0xDE, 0xFF, 0xFF, 0xFF, 0xFF, 0xFF, 0xFF, 0xFF, 0xFF, 0xFF, 0xFF, 0xFF, 0xFF, 0xFF, 0xFF, 0xFF,
  0xFF, 0xFF, 0xFF, 0xFF, 0xFF, 0xFF, 0xFF, 0xFF, 0xFF, 0xFF, 0xFF, 0xFF, 0xFF, 0xFF, 0xFF, 0xFF, 0xFF, 0xFF, 0xFF, 0xFF, 0xFF, 0xFF, 0xFF, 0xFF,
  0xFF, 0xFF, 0xFF, 0xFF, 0xFF, 0xFF, 0xFF, 0xFF, 0xFF, 0xFF, 0xFF, 0xFF, 0xFF, 0xFF, 0xFF, 0xFF, 0xF7, 0xBC, 0xE7, 0x39, 0xCE, 0x6F, 0x9C, 0xE7,
  0x33, 0x9C, 0xE7, 0x18, 0xC6, 0x31, 0x6B, 0x63, 0x16, 0xB5, 0xAB, 0x5A, 0xD6, 0xB4, 0xA5, 0x29, 0x48, 0x42, 0x10, 0x84, 0x21, 0x08, 0x39, 0xD0,
  0x83, 0x9C, 0xD6, 0xB5, 0xAD, 0x63, 0x5A, 0xD6, 0xCE, 0x6E, 0x84, 0xDC, 0xB5, 0x29, 0x4A, 0x52, 0x94, 0xA5, 0x29, 0x49, 0x4A, 0x52, 0x94, 0xA1,
  0x28, 0x42, 0x19, 0x33, 0x9C, 0xE7, 0x39, 0xCE, 0x73, 0x9C, 0xE7, 0x31, 0x8C, 0x63, 0x18, 0xC6, 0x31, 0x8C, 0x63, 0x18, 0xA5, 0x29, 0x4A, 0x52,
  0x95, 0x94, 0x81, 0xC8, 0x52, 0x2A, 0x64, 0x21, 0x08, 0x42, 0x10, 0x84, 0x21, 0x08, 0x42, 0x5C, 0x63, 0x18, 0xC6, 0xE2, 0x0C, 0x63, 0x1C, 0x63,
  0x15, 0x8C, 0x63, 0x18, 0xC6, 0x31, 0x8C, 0x63, 0x18, 0xC6, 0x31, 0x8C, 0x63, 0x18, 0xC6, 0x31, 0x8C, 0x63, 0x18, 0xC6, 0x31, 0x8C, 0x63, 0x18,
  0xC6, 0x31, 0x8C, 0x63, 0x18, 0xC6, 0x31, 0x8C, 0x63, 0x18, 0xC6, 0x31, 0x8C, 0x63, 0x18, 0xC6, 0x31, 0x8C, 0x63, 0x18, 0xC6, 0x32, 0x10, 0x93,
  0x21, 0x08, 0x42, 0x10, 0x84, 0x21, 0x08, 0x42, 0x10, 0x84, 0x21, 0x0A, 0x52, 0x94, 0xA5, 0x29, 0x4A, 0x63, 0x18, 0xC6, 0x31, 0x8C, 0x73, 0x18,
  0xE7, 0x31, 0xCE, 0x73, 0x9C, 0xE7, 0x39, 0xCE, 0x73, 0x9D, 0x08, 0x42, 0x10, 0x84, 0xA5, 0x29, 0x4A, 0x54, 0xA5, 0x29, 0x4A, 0x52, 0x94, 0xB5,
  0x29, 0x6B, 0x5A, 0xD6, 0xC6, 0x31, 0x8C, 0x63, 0x5C, 0xD7, 0x39, 0xCE, 0x84, 0x20, 0xE8, 0x42, 0x10, 0x84, 0x21, 0x08, 0x52, 0x94, 0xA5, 0x2B,
  0x5A, 0xD6, 0xB6, 0xB5, 0xAD, 0x6B, 0x5B, 0x18, 0xEF, 0x7D, 0xDC, 0xE7, 0x39, 0xDE, 0xF7, 0xBE, 0x73, 0x9C, 0xE7, 0x3B, 0xDF, 0xFF, 0xFF, 0xFF,
  0xFF, 0xFF, 0xFF, 0xFF, 0xFF, 0xFF, 0xFF, 0xFF, 0xFF, 0xFF, 0xFF, 0xFF, 0xFF, 0xFF, 0xFF, 0xFF, 0xFF, 0xFF, 0xFF, 0xFF, 0xFF, 0xFF, 0xFF, 0xFF,
  0xFF, 0xFF, 0xFF, 0xFF, 0xFF, 0xFF, 0xFF, 0xFF, 0xFF, 0xFF, 0xFF, 0xFF, 0xFF, 0xFF, 0xFF, 0xFF, 0xFF, 0xFF, 0xFF, 0xFF, 0xFF, 0xFF, 0xFF, 0xFF,
  0xFF, 0xFF, 0xFF, 0xFF, 0xF7, 0xBD, 0xE7, 0x39, 0xCE, 0x6F, 0x9C, 0xE6, 0xF3, 0x9C, 0xE7, 0x38, 0xC6, 0x31, 0x8B, 0x63, 0x18, 0xB5, 0xAB, 0x5A,
  0xD6, 0xB4, 0xA5, 0x29, 0x48, 0x42, 0x10, 0x84, 0x21, 0x08, 0x42, 0x10, 0x83, 0x9C, 0xE6, 0xB5, 0xCE, 0x6B, 0x18, 0xD6, 0x4E, 0x0C, 0x84, 0xD8,
  0xB5, 0x2D, 0x4A, 0x52, 0x94, 0xA5, 0x29, 0x4A, 0x4A, 0x52, 0x94, 0xA5, 0x28, 0x4A, 0x63, 0x34, 0x29, 0x47, 0x39, 0xCE, 0x73, 0x9C, 0xE7, 0x39,
  0x8C, 0x63, 0x18, 0xC6, 0x31, 0x8C, 0x63, 0x18, 0xC5, 0x29, 0x4A, 0x52, 0xB2, 0x73, 0x61, 0x08, 0x42, 0x4D, 0xC4, 0x21, 0x08, 0x42, 0x10, 0x84,
  0x21, 0x08, 0x4A, 0x50, 0x83, 0x18, 0xC6, 0x91, 0x8C, 0x63, 0x34, 0x67, 0x11, 0x8C, 0x63, 0x18, 0xC6, 0x31, 0x8C, 0x63, 0x18, 0xC6, 0x31, 0x8C,
  0x63, 0x18, 0xC6, 0x31, 0x8C, 0x63, 0x18, 0xC6, 0x31, 0x8C, 0x63, 0x18, 0xC6, 0x31, 0x8C, 0x63, 0x18, 0xC6, 0x31, 0x8C, 0x63, 0x18, 0xC6, 0x31,
  0x8C, 0x63, 0x18, 0xC6, 0x31, 0x8C, 0x63, 0x18, 0xC8, 0x42, 0x10, 0x84, 0x99, 0x08, 0x42, 0x10, 0x84, 0x21, 0x08, 0x42, 0x10, 0x84, 0x29, 0x4A,
  0x52, 0x94, 0xA5, 0x29, 0x4C, 0x63, 0x18, 0xC6, 0x31, 0x8E, 0x73, 0x98, 0xE7, 0x39, 0xCE, 0x73, 0x9C, 0xE7, 0x39, 0xCE, 0x73, 0xA1, 0x08, 0x42,
  0x10, 0x94, 0xA5, 0x29, 0x4A, 0x94, 0xA5, 0x29, 0x4A, 0x5A, 0xD6, 0xB5, 0xAD, 0x6B, 0x5A, 0xD8, 0xC6, 0x31, 0x8C, 0x6B, 0x9C, 0xD7, 0x39, 0xD0,
  0x84, 0x1D, 0x08, 0x42, 0x10, 0x84, 0x21, 0x08, 0x52, 0x94, 0xA5, 0x2B, 0x5A, 0xD6, 0xB6, 0xB5, 0xAD, 0x6B, 0x63, 0x18, 0xC7, 0x7D, 0xDC, 0xF7,
  0x3B, 0xDE, 0xF7, 0xBE, 0x73, 0x9C, 0xEF, 0x3B, 0xDF, 0xFF, 0xFF, 0xFF, 0xFF, 0xFF, 0xFF, 0xFF, 0xFF, 0xFF, 0xFF, 0xFF, 0xFF, 0xFF, 0xFF, 0xFF,
  0xFF, 0xFF, 0xFF, 0xFF, 0xFF, 0xFF, 0xFF, 0xFF, 0xFF, 0xFF, 0xFF, 0xFF, 0xFF, 0xFF, 0xFF, 0xFF, 0xFF, 0xFF, 0xFF, 0xFF, 0xFF, 0xFF, 0xFF, 0xFF,
  0xFF, 0xFF, 0xFF, 0xFF, 0xFF, 0xFF, 0xFF, 0xFF, 0xFF, 0xFF, 0xFF, 0xFF, 0xFF, 0xFF, 0xFF, 0xFF, 0xFF, 0xBD, 0xEF, 0x7B, 0xCE, 0x73, 0x9C, 0xE6,
  0xF3, 0x9C, 0xE7, 0x38, 0xC6, 0x31, 0x8B, 0x63, 0x18, 0xB5, 0xAD, 0x5A, 0xD6, 0xB4, 0xA5, 0x2B, 0x4A, 0x42, 0x10, 0x84, 0x21, 0x08, 0x42, 0x0E,
  0x73, 0x9C, 0xE6, 0xB9, 0xCD, 0x6B, 0x5A, 0xC6, 0x4D, 0x8B, 0x8C, 0x58, 0xB5, 0xAD, 0x4A, 0x52, 0x94, 0xA5, 0x29, 0x4A, 0x52, 0x52, 0x94, 0xA9,
  0x29, 0x4A, 0x63, 0x14, 0x2D, 0x67, 0x39, 0xCE, 0x73, 0x9C, 0xE7, 0x39, 0xCC, 0x63, 0x18, 0xC6, 0x31, 0x8C, 0x63, 0x18, 0xC6, 0x31, 0x4A, 0x56,
  0x4E, 0x6C, 0x29, 0x4A, 0x45, 0x4C, 0x84, 0x21, 0x08, 0x42, 0x10, 0x84, 0x21, 0x08, 0x4D, 0x10, 0x84, 0x20, 0xD2, 0x41, 0x8C, 0x63, 0x74, 0xE6,
  0xB1, 0xA4, 0x63, 0x18, 0xD2, 0x31, 0x8C, 0x63, 0x18, 0xC6, 0x31, 0x8C, 0x63, 0x18, 0xC6, 0x31, 0x8C, 0x63, 0x18, 0xC6, 0x31, 0x8C, 0x63, 0x18,
  0xC6, 0x31, 0x8C, 0x63, 0x18, 0xC6, 0x31, 0x8C, 0x63, 0x18, 0xC6, 0x31, 0x8C, 0x63, 0x18, 0xC6, 0x31, 0x8C, 0x63, 0x21, 0x08, 0x42, 0x10, 0x84,
  0xA1, 0x08, 0x42, 0x10, 0x84, 0x21, 0x08, 0x42, 0x10, 0xA5, 0x29, 0x4A, 0x52, 0x94, 0xA6, 0x31, 0x8C, 0x63, 0x18, 0xC6, 0x31, 0xCE, 0x73, 0x9C,
  0xC7, 0x39, 0xCE, 0x75, 0x1C, 0xE7, 0x39, 0xCE, 0x74, 0x21, 0x08, 0x42, 0x12, 0x95, 0x25, 0x29, 0x52, 0x94, 0xA5, 0x29, 0x4B, 0x5A, 0xD6, 0xA5,
  0xB1, 0x8B, 0x5A, 0xD8, 0xC6, 0x31, 0x8D, 0x6B, 0x9C, 0xE6, 0xBA, 0x10, 0x83, 0xA1, 0x08, 0x42, 0x10, 0x84, 0x21, 0x0A, 0x52, 0x94, 0xA5, 0x6B,
  0x5A, 0xD6, 0xD6, 0xB5, 0xAD, 0x6B, 0x63, 0x18, 0xC7, 0x7D, 0xDE, 0xFB, 0xBD, 0xDE, 0xF7, 0xCE, 0x73, 0x9C, 0xE7, 0x7B, 0xFF, 0xFF, 0xFF, 0xFF,
  0xFF, 0xFF, 0xFF, 0xFF, 0xFF, 0xFF, 0xFF, 0xFF, 0xFF, 0xFF, 0xFF, 0xFF, 0xFF, 0xFF, 0xFF, 0xFF, 0xFF, 0xFF, 0xFF, 0xFF, 0xFF, 0xFF, 0xFF, 0xFF,
  0xFF, 0xFF, 0xFF, 0xFF, 0xFF, 0xFF, 0xFF, 0xFF, 0xFF, 0xFF, 0xFF, 0xFF, 0xFF, 0xFF, 0xFF, 0xFF, 0xFF, 0xFF, 0xFF, 0xFF, 0xFF, 0xFF, 0xFF, 0xFF,
  0xFF, 0xFF, 0xFF, 0xFF, 0xFF, 0xBD, 0xEF, 0x7B, 0xCE, 0x73, 0x9C, 0xDE, 0xF7, 0x9C, 0xE7, 0x39, 0xC6, 0x31, 0x8C, 0x5A, 0xD6, 0xB5, 0xAD, 0x5A,
  0xD6, 0xB4, 0xAD, 0x69, 0x4A, 0x52, 0x10, 0x84, 0x21, 0x08, 0x42, 0x0E, 0x73, 0x9C, 0xE7, 0x39, 0xAD, 0x6B, 0x58, 0xC9, 0xCD, 0xAC, 0x9C, 0x18,
  0xC6, 0x2D, 0x4A, 0x52, 0x94, 0xA5, 0x29, 0x4A, 0x52, 0x92, 0x95, 0x29, 0x49, 0x4C, 0x66, 0xA4, 0x21, 0x4B, 0x5A, 0x0E, 0x73, 0x9C, 0xE7, 0x39,
  0xCE, 0x63, 0x18, 0xC6, 0x31, 0x8C, 0x63, 0x18, 0xC6, 0x31, 0x8A, 0xD8, 0x51, 0x88, 0x29, 0x4A, 0x59, 0xCC, 0x84, 0x21, 0x08, 0x42, 0x10, 0x84,
  0x21, 0x09, 0x1D, 0x10, 0x84, 0x21, 0x0C, 0x41, 0x8C, 0x67, 0x9C, 0xE6, 0x31, 0xA4, 0x69, 0x1A, 0x48, 0x31, 0x8C, 0x63, 0x18, 0xC6, 0x31, 0x8C,
  0x63, 0x18, 0xC6, 0x31, 0x8C, 0x63, 0x18, 0xC6, 0x31, 0x8C, 0x63, 0x18, 0xC6, 0x31, 0x8C, 0x63, 0x18, 0xC6, 0x31, 0x8C, 0x63, 0x18, 0xC6, 0x31,
  0x8C, 0x63, 0x18, 0xC6, 0x31, 0x90, 0x84, 0x21, 0x08, 0x42, 0x10, 0x84, 0x99, 0x08, 0x42, 0x10, 0x84, 0x21, 0x08, 0x43, 0x94, 0xA5, 0x29, 0x4A,
  0x52, 0x94, 0xA6, 0x31, 0x8C, 0x63, 0x18, 0xC6, 0x39, 0xCE, 0x73, 0x9C, 0xE7, 0x39, 0xCE, 0x73, 0x9C, 0xE7, 0x39, 0xCE, 0x84, 0x21, 0x08, 0x42,
  0x52, 0x94, 0xA5, 0x2A, 0x52, 0x94, 0xA5, 0x29, 0x4B, 0x5A, 0x94, 0xB5, 0xAD, 0x8B, 0x5B, 0x18, 0xC6, 0x31, 0x8D, 0x6B, 0x9C, 0xE7, 0x42, 0x10,
  0x73, 0xA1, 0x08, 0x42, 0x10, 0x84, 0x21, 0x4A, 0x52, 0x94, 0xA5, 0x2B, 0x5A, 0xD6, 0xD6, 0xB5, 0xAD, 0x6C, 0x63, 0x18, 0xC7, 0x7B, 0xEF, 0x7B,
  0xDD, 0xF7, 0x77, 0xCE, 0x77, 0x9D, 0xE7, 0x7B, 0xFF, 0xFF, 0xFF, 0xFF, 0xFF, 0xFF, 0xFF, 0xFF, 0xFF, 0xFF, 0xFF, 0xFF, 0xFF, 0xFF, 0xFF, 0xFF,
  0xFF, 0xFF, 0xFF, 0xFF, 0xFF, 0xFF, 0xFF, 0xFF, 0xFF, 0xFF, 0xFF, 0xFF, 0xFF, 0xFF, 0xFF, 0xFF, 0xFF, 0xFF, 0xFF, 0xFF, 0xFF, 0xFF, 0xFF, 0xFF,
  0xFF, 0xFF, 0xFF, 0xFF, 0xFF, 0xFF, 0xFF, 0xFF, 0xFF, 0xFF, 0xFF, 0xFF, 0xFF, 0xFF, 0xFF, 0xFF, 0xFF, 0xFD, 0xEF, 0x7B, 0xCE, 0xF3, 0x9C, 0xDE,
  0xF7, 0x9E, 0xE7, 0x39, 0xC6, 0x31, 0x8C, 0x62, 0xD8, 0xC5, 0xAD, 0x6A, 0xD6, 0xB5, 0xA5, 0x29, 0x4A, 0x52, 0x10, 0x84, 0x21, 0x08, 0x42, 0x10,
  0x73, 0x9C, 0xE7, 0x39, 0xAD, 0x6B, 0x5A, 0xC9, 0xC2, 0x13, 0x9B, 0x18, 0xC5, 0xAD, 0x6A, 0x52, 0x94, 0xA5, 0x29, 0x4A, 0x52, 0x94, 0xA5, 0x29,
  0x49, 0x4C, 0xDA, 0x84, 0x21, 0x07, 0x52, 0xE2, 0x73, 0x9C, 0xE7, 0x39, 0xCE, 0x73, 0x98, 0xC6, 0x31, 0x8C, 0x63, 0x18, 0xC6, 0x31, 0x8C, 0xD9,
  0xD1, 0x85, 0x29, 0x4A, 0x59, 0x94, 0x84, 0x21, 0x08, 0x42, 0x10, 0x84, 0x21, 0x09, 0x47, 0x10, 0x84, 0x21, 0x08, 0x42, 0x10, 0x90, 0x9C, 0xD8,
  0x31, 0xA4, 0x6E, 0x1B, 0x86, 0x31, 0x8C, 0x63, 0x18, 0xC6, 0x31, 0x8C, 0x63, 0x18, 0xC6, 0x31, 0x8C, 0x63, 0x18, 0xC6, 0x31, 0x8C, 0x63, 0x18,
  0xC6, 0x31, 0x8C, 0x63, 0x18, 0xC6, 0x31, 0x8C, 0x63, 0x18, 0xC6, 0x31, 0x8C, 0x63, 0x18, 0xC8, 0x42, 0x10, 0x84, 0x21, 0x08, 0x42, 0x10, 0x84,
  0x99, 0x08, 0x42, 0x10, 0x84, 0x21, 0x08, 0x52, 0x94, 0xA5, 0x29, 0x4A, 0x52, 0x94, 0xC6, 0x31, 0x8C, 0x63, 0x18, 0xE7, 0x39, 0x8E, 0x73, 0x9C,
  0xE7, 0x39, 0xCE, 0xA3, 0x9C, 0xE7, 0x3A, 0x10, 0x84, 0x21, 0x08, 0x4A, 0x52, 0x94, 0xA5, 0x4A, 0x52, 0x94, 0xA5, 0x29, 0x6B, 0x5A, 0x96, 0xB6,
  0x2D, 0x6B, 0x63, 0x18, 0xC6, 0x31, 0xAD, 0x6B, 0x5C, 0xE7, 0x41, 0xCE, 0x74, 0x21, 0x08, 0x42, 0x10, 0x84, 0x23, 0x4A, 0x52, 0x94, 0xA5, 0x6B,
  0x5A, 0xDA, 0xD6, 0xB5, 0xAD, 0x8C, 0x63, 0x18, 0xC6, 0x7B, 0xDE, 0xF7, 0xBE, 0xEF, 0x79, 0xCE, 0x73, 0x9C, 0xEF, 0x7F, 0xFF, 0xFF, 0xFF, 0xFF,
  0xFF, 0xFF, 0xFF, 0xFF, 0xFF, 0xFF, 0xFF, 0xFF, 0xFF, 0xFF, 0xFF, 0xFF, 0xFF, 0xFF, 0xFF, 0xFF, 0xFF, 0xFF, 0xFF, 0xFF, 0xFF, 0xFF, 0xFF, 0xFF,
  0xFF, 0xFF, 0xFF, 0xFF, 0xFF, 0xFF, 0xFF, 0xFF, 0xFF, 0xFF, 0xFF, 0xFF, 0xFF, 0xFF, 0xFF, 0xFF, 0xFF, 0xFF, 0xFF, 0xFF, 0xFF, 0xFF, 0xFF, 0xFF,
  0xFF, 0xFF, 0xFF, 0xFF, 0xFF, 0xFD, 0xEF, 0x7B, 0xDE, 0x73, 0x9B, 0xDE, 0xF7, 0xBC, 0xE7, 0x39, 0xCE, 0x33, 0x8C, 0x62, 0xD6, 0xB6, 0x2D, 0x6B,
  0x56, 0xB5, 0xAD, 0x29, 0x4A, 0x52, 0x90, 0x84, 0x21, 0x08, 0x42, 0x10, 0x83, 0x9C, 0xE7, 0x39, 0xCE, 0x73, 0x9B, 0x19, 0xC2, 0x13, 0x6B, 0x18,
  0xB5, 0xAD, 0x6B, 0x52, 0x94, 0xA5, 0x29, 0x4A, 0x52, 0x94, 0xA4, 0xA9, 0x49, 0x94, 0xD0, 0x84, 0x21, 0x08, 0x3A, 0xE4, 0xC5, 0x1C, 0xE7, 0x39,
  0xCE, 0x73, 0x9C, 0xC6, 0x31, 0x8C, 0x63, 0x18, 0xC6, 0x31, 0x9A, 0xDA, 0x4D, 0xA5, 0x29, 0x4A, 0x69, 0x94, 0xA5, 0x21, 0x08, 0x42, 0x10, 0x84,
  0x21, 0x09, 0xA2, 0x10, 0x84, 0x31, 0x88, 0x42, 0x10, 0xF3, 0xA4, 0xCE, 0x31, 0xA5, 0x24, 0x49, 0x06, 0x31, 0x8C, 0x63, 0x18, 0xC6, 0x31, 0x8C,
  0x63, 0x18, 0xC6, 0x31, 0x8C, 0x63, 0x18, 0xC6, 0x31, 0x8C, 0x63, 0x18, 0xC6, 0x31, 0x8C, 0x63, 0x18, 0xC6, 0x31, 0x8C, 0x63, 0x18, 0xC6, 0x31,
  0x8C, 0x64, 0x21, 0x08, 0x42, 0x10, 0x84, 0x21, 0x08, 0x42, 0x10, 0x84, 0x81, 0x08, 0x42, 0x10, 0x84, 0x21, 0x4A, 0x52, 0x94, 0xA5, 0x29, 0x4A,
  0x53, 0x18, 0xC6, 0x31, 0x8C, 0x63, 0x1C, 0xC7, 0x31, 0x8E, 0x73, 0x9C, 0xE7, 0x39, 0xD4, 0x73, 0x9C, 0xE7, 0x3A, 0x10, 0x84, 0x21, 0x09, 0x4A,
  0x52, 0x94, 0xA9, 0x4A, 0x52, 0x94, 0xA5, 0x29, 0x4A, 0x52, 0xD6, 0xC6, 0x31, 0x6C, 0x63, 0x18, 0xC6, 0x35, 0xAD, 0x6B, 0x5A, 0xE7, 0x39, 0xD0,
  0x84, 0x21, 0x08, 0x42, 0x10, 0x8C, 0x69, 0x4A, 0x52, 0x94, 0xAD, 0x6B, 0x5B, 0x5A, 0xD6, 0xC5, 0xAD, 0x8C, 0x63, 0x18, 0xCE, 0x73, 0x9C, 0xEF,
  0xBD, 0xF7, 0xBB, 0xDE, 0x73, 0xBC, 0xEF, 0x7F, 0xFF, 0xFF, 0xFF, 0xFF, 0xFF, 0xFF, 0xFF, 0xFF, 0xFF, 0xFF, 0xFF, 0xFF, 0xFF, 0xFF, 0xFF, 0xFF,
  0xFF, 0xFF, 0xFF, 0xFF, 0xFF, 0xFF, 0xFF, 0xFF, 0xFF, 0xFF, 0xFF, 0xFF, 0xFF, 0xFF, 0xFF, 0xFF, 0xFF, 0xFF, 0xFF, 0xFF, 0xFF, 0xFF, 0xFF, 0xFF,
  0xFF, 0xFF, 0xFF, 0xFF, 0xFF, 0xFF, 0xFF, 0xFF, 0xFF, 0xFF, 0xFF, 0xFF, 0xFF, 0xFF, 0xFF, 0xFF, 0xFF, 0xFF, 0xEF, 0x7B, 0xDE, 0xF3, 0x9C, 0xDE,
  0xF7, 0xBE, 0x67, 0x39, 0xCE, 0x33, 0x9C, 0xE3, 0x16, 0xC5, 0xAD, 0x6B, 0x56, 0xB5, 0xAD, 0x29, 0x4A, 0x52, 0x94, 0x84, 0x21, 0x08, 0x42, 0x10,
  0x84, 0x23, 0x3A, 0x52, 0x6D, 0x6B, 0x5D, 0x49, 0xB2, 0x73, 0x6B, 0x18, 0xB5, 0xAD, 0x6B, 0x52, 0x94, 0xA5, 0x29, 0x4A, 0x52, 0x94, 0xA5, 0x25,
  0x4B, 0x9C, 0x92, 0x84, 0x21, 0x08, 0x41, 0xCE, 0x73, 0x9C, 0xE7, 0x39, 0xCE, 0x73, 0x9C, 0xE6, 0x31, 0x8C, 0x63, 0x18, 0xC6, 0x31, 0xA7, 0x49,
  0xB4, 0xA9, 0x29, 0x4B, 0x09, 0x94, 0xA5, 0x29, 0x08, 0x42, 0x10, 0x84, 0x21, 0x09, 0xA2, 0x10, 0x84, 0x21, 0x08, 0x42, 0x11, 0xD3, 0x9B, 0x48,
  0x42, 0x11, 0x23, 0x18, 0xC6, 0x31, 0x8C, 0x63, 0x18, 0xC6, 0x31, 0x8C, 0x63, 0x18, 0xC6, 0x31, 0x8C, 0x63, 0x18, 0xC6, 0x31, 0x8C, 0x63, 0x18,
  0xC6, 0x31, 0x8C, 0x63, 0x18, 0xC6, 0x31, 0x8C, 0x63, 0x18, 0xC6, 0x32, 0x10, 0x84, 0x21, 0x08, 0x42, 0x10, 0x84, 0x21, 0x08, 0x42, 0x10, 0x94,
  0x49, 0x08, 0x42, 0x10, 0x84, 0x29, 0x4A, 0x52, 0x94, 0xA5, 0x29, 0x4A, 0x63, 0x18, 0xC6, 0x31, 0x8C, 0x63, 0x9C, 0xC6, 0x31, 0x8E, 0x73, 0x9C,
  0xE7, 0x3A, 0x8E, 0x73, 0x9C, 0xE7, 0x42, 0x10, 0x84, 0x21, 0x29, 0x4A, 0x52, 0x94, 0xA9, 0x4A, 0x52, 0x94, 0xA5, 0x29, 0x4A, 0x52, 0xD6, 0xB6,
  0x31, 0x8C, 0x63, 0x5A, 0xC6, 0xB5, 0xAD, 0x6B, 0x5C, 0xE7, 0x3A, 0x10, 0x84, 0x21, 0x08, 0x42, 0x10, 0x8D, 0x29, 0x4A, 0x52, 0x94, 0xAD, 0x6B,
  0x5B, 0x5A, 0xD6, 0xC6, 0x31, 0x8C, 0x63, 0x18, 0xCE, 0x73, 0x9C, 0xEF, 0x7D, 0xEF, 0x7D, 0xDE, 0xF3, 0x9D, 0xEF, 0xFF, 0xFF, 0xFF, 0xFF, 0xFF,
  0xFF, 0xFF, 0xFF, 0xFF, 0xFF, 0xFF, 0xFF, 0xFF, 0xFF, 0xFF, 0xFF, 0xFF, 0xFF, 0xFF, 0xFF, 0xFF, 0xFF, 0xFF, 0xFF, 0xFF, 0xFF, 0xFF, 0xFF, 0xFF,
  0xFF, 0xFF, 0xFF, 0xFF, 0xFF, 0xFF, 0xFF, 0xFF, 0xFF, 0xFF, 0xFF, 0xFF, 0xFF, 0xFF, 0xFF, 0xFF, 0xFF, 0xFF, 0xFF, 0xFF, 0xFF, 0xFF, 0xFF, 0xFF,
  0xFF, 0xFF, 0xFF, 0xFF, 0xFF, 0xFF, 0xEF, 0x7B, 0xDE, 0xF7, 0x9C, 0xDF, 0x37, 0xBE, 0x67, 0x39, 0xCE, 0x71, 0x8C, 0x63, 0x16, 0xB5, 0xAD, 0x6B,
  0x5A, 0xB5, 0xAD, 0x69, 0x4A, 0x52, 0x94, 0x8C, 0x61, 0x08, 0x42, 0x10, 0x84, 0x29, 0x4A, 0x4E, 0x94, 0x73, 0x69, 0x36, 0xC6, 0x73, 0x9C, 0x18,
  0xB5, 0xAD, 0x6B, 0x5A, 0x94, 0xA5, 0x29, 0x4A, 0x52, 0x94, 0xA5, 0x29, 0x51, 0x9A, 0xD2, 0x94, 0x21, 0x08, 0x42, 0x0E, 0x73, 0x9C, 0xE7, 0x39,
  0xCE, 0x73, 0x9C, 0xE7, 0x31, 0x8C, 0x63, 0x18, 0xC6, 0x31, 0xA7, 0x46, 0x98, 0xCD, 0x29, 0x4B, 0x38, 0x14, 0xA5, 0x29, 0x4A, 0x42, 0x10, 0x84,
  0x21, 0x29, 0xA2, 0x11, 0x64, 0x21, 0x08, 0x42, 0x11, 0xD4, 0x9C, 0xDA, 0x72, 0x10, 0x84, 0x21, 0x06, 0x31, 0x8C, 0x63, 0x18, 0xC6, 0x31, 0x8C,
  0x63, 0x18, 0xC6, 0x31, 0x8C, 0x63, 0x18, 0xC6, 0x31, 0x8C, 0x63, 0x18, 0xC6, 0x31, 0x8C, 0x63, 0x18, 0xC6, 0x31, 0x8C, 0x64, 0x21, 0x08, 0x42,
  0x10, 0x84, 0x21, 0x08, 0x42, 0x10, 0x84, 0x21, 0x08, 0x42, 0x12, 0x89, 0x21, 0x08, 0x42, 0x10, 0xA5, 0x29, 0x4A, 0x52, 0x94, 0xA5, 0x29, 0x8C,
  0x63, 0x18, 0xC6, 0x31, 0x8E, 0x73, 0x9C, 0xC6, 0x31, 0xCE, 0x73, 0x9C, 0xE7, 0x51, 0xCE, 0x73, 0x9C, 0xE8, 0x42, 0x12, 0x84, 0xA5, 0x29, 0x4A,
  0x54, 0x95, 0x29, 0x4A, 0x52, 0x94, 0xA5, 0x2D, 0x6B, 0x5A, 0xD6, 0xB5, 0xAD, 0x8D, 0x63, 0x5A, 0xD6, 0xB5, 0xAD, 0x6B, 0x9C, 0xE7, 0x39, 0xD0,
  0x84, 0x21, 0x08, 0x42, 0x10, 0x85, 0x29, 0x4A, 0x52, 0x95, 0xAD, 0x6B, 0x6B, 0x5A, 0xD6, 0xB5, 0xB1, 0x8C, 0x63, 0x19, 0xCE, 0x79, 0x9D, 0xEF,
  0x7B, 0xDF, 0x7B, 0xEF, 0x77, 0xBD, 0xEF, 0xFF, 0xFF, 0xFF, 0xFF, 0xFF, 0xFF, 0xFF, 0xFF, 0xFF, 0xFF, 0xFF, 0xFF, 0xFF, 0xFF, 0xFF, 0xFF, 0xFF,
  0xFF, 0xFF, 0xFF, 0xFF, 0xFF, 0xFF, 0xFF, 0xFF, 0xFF, 0xFF, 0xFF, 0xFF, 0xFF, 0xFF, 0xFF, 0xFF, 0xFF, 0xFF, 0xFF, 0xFF, 0xFF, 0xFF, 0xFF, 0xFF,
  0xFF, 0xFF, 0xFF, 0xFF, 0xFF, 0xFF, 0xFF, 0xFF, 0xFF, 0xFF, 0xFF, 0xFF, 0xFF, 0xFF, 0xFF, 0xFF, 0xFF, 0xFF, 0xFF, 0x7B, 0xDE, 0xF7, 0x9C, 0xE6,
  0xF7, 0xBE, 0x67, 0x39, 0xCE, 0x73, 0x8C, 0x63, 0x18, 0xB5, 0xAD, 0x6B, 0x5A, 0xD5, 0xAD, 0x6B, 0x4A, 0x52, 0x94, 0xA4, 0x21, 0x08, 0x42, 0x10,
  0x85, 0x29, 0x17, 0x3A, 0x13, 0x9D, 0x26, 0xD6, 0xB6, 0x73, 0x9C, 0xDA, 0xC5, 0xAD, 0x6B, 0x5A, 0xD4, 0xA5, 0x29, 0x4A, 0x52, 0x94, 0xA9, 0x4D,
  0x93, 0x9A, 0x52, 0x94, 0xA1, 0x08, 0x42, 0x10, 0x73, 0x9C, 0xE7, 0x39, 0xCE, 0x73, 0x9C, 0xE7, 0x39, 0xCC, 0x63, 0x18, 0xC6, 0x32, 0x27, 0x46,
  0x98, 0xC9, 0x81, 0xCB, 0x38, 0x14, 0xA5, 0x29, 0x4A, 0x52, 0x90, 0x84, 0x21, 0x74, 0x82, 0x19, 0x64, 0x21, 0x08, 0x42, 0x11, 0x13, 0x9D, 0x27,
  0x37, 0x1C, 0x84, 0x21, 0x08, 0x42, 0x10, 0x83, 0x18, 0xC6, 0x31, 0x8C, 0x63, 0x18, 0xC6, 0x31, 0x8C, 0x63, 0x18, 0xC6, 0x31, 0x8C, 0x63, 0x18,
  0xC6, 0x31, 0x8C, 0x63, 0x18, 0xC8, 0x42, 0x10, 0x84, 0x21, 0x08, 0x42, 0x10, 0x84, 0x21, 0x08, 0x42, 0x10, 0x84, 0x21, 0x08, 0x42, 0xD0, 0x84,
  0x21, 0x08, 0x42, 0x94, 0xA5, 0x29, 0x4A, 0x52, 0x94, 0xA6, 0x31, 0x8C, 0x63, 0x18, 0xC6, 0x31, 0x8E, 0x73, 0x98, 0xC7, 0x39, 0xCE, 0x73, 0x9C,
  0xEA, 0x39, 0xCE, 0x73, 0x9D, 0x08, 0x42, 0x12, 0x94, 0xA5, 0x4A, 0x52, 0x94, 0xA5, 0x29, 0x4A, 0x52, 0x94, 0xB5, 0x29, 0x6B, 0x62, 0xD6, 0xB5,
  0xB1, 0xAD, 0x6B, 0x1A, 0xD7, 0x35, 0xAD, 0x73, 0xA1, 0x07, 0x3A, 0x10, 0x84, 0x21, 0x08, 0x42, 0x30, 0xA5, 0x29, 0x4A, 0x52, 0xB5, 0xAD, 0x6D,
  0x6B, 0x5A, 0xD6, 0xB6, 0x31, 0x9C, 0x63, 0x39, 0xCF, 0x39, 0x9D, 0xEF, 0x7B, 0xE7, 0x39, 0xDF, 0x7B, 0xBD, 0xFF, 0xFF, 0xFF, 0xFF, 0xFF, 0xFF,
  0xFF, 0xFF, 0xFF, 0xFF, 0xFF, 0xFF, 0xFF, 0xFF, 0xFF, 0xFF, 0xFF, 0xFF, 0xFF, 0xFF, 0xFF, 0xFF, 0xFF, 0xFF, 0xFF, 0xFF, 0xFF, 0xFF, 0xFF, 0xFF,
  0xFF, 0xFF, 0xFF, 0xFF, 0xFF, 0xFF, 0xFF, 0xFF, 0xFF, 0xFF, 0xFF, 0xFF, 0xFF, 0xFF, 0xFF, 0xFF, 0xFF, 0xFF, 0xFF, 0xFF, 0xFF, 0xFF, 0xFF, 0xFF,
  0xFF, 0xFF, 0xFF, 0xFF, 0xFF, 0xFF, 0xFF, 0xFB, 0xDE, 0xF3, 0x9C, 0xE7, 0x37, 0xCD, 0xEF, 0x39, 0xCE, 0x73, 0x8C, 0x63, 0x18, 0xC5, 0xAD, 0x6C,
  0x5A, 0xD5, 0xAD, 0x6B, 0x4A, 0xD2, 0x94, 0xA5, 0x21, 0x08, 0x42, 0x10, 0x8D, 0x69, 0x08, 0x41, 0xCE, 0x84, 0xDA, 0xD6, 0xB5, 0xB0, 0x9C, 0xE6,
  0xC6, 0x2D, 0x6B, 0x5A, 0xD6, 0xA5, 0x29, 0x4A, 0x52, 0x94, 0xA9, 0x4E, 0x73, 0x72, 0x52, 0x94, 0xA5, 0x08, 0x42, 0x10, 0x84, 0x1D, 0x0C, 0x39,
  0xCE, 0x73, 0x9C, 0xE7, 0x39, 0xCE, 0x63, 0x18, 0xC6, 0x34, 0xA7, 0x47, 0x18, 0xC6, 0x84, 0xCD, 0x35, 0x94, 0xA5, 0x29, 0x4A, 0x52, 0x94, 0xA4,
  0x26, 0xA2, 0x42, 0x2D, 0x64, 0x21, 0x08, 0x42, 0x21, 0xC8, 0x74, 0xE7, 0x49, 0xCE, 0x68, 0x21, 0x08, 0x42, 0x10, 0x84, 0x21, 0x08, 0x42, 0x10,
  0x63, 0x18, 0xC6, 0x31, 0x8C, 0x63, 0x18, 0xC6, 0x31, 0x8C, 0x63, 0x18, 0xC6, 0x42, 0x10, 0x84, 0x21, 0x08, 0x42, 0x10, 0x84, 0x21, 0x08, 0x42,
  0x10, 0x84, 0x21, 0x08, 0x42, 0x10, 0x85, 0x29, 0x08, 0x49, 0x90, 0x84, 0x21, 0x0A, 0x52, 0x94, 0xA5, 0x29, 0x4A, 0x52, 0x94, 0xC6, 0x31, 0x8C,
  0x63, 0x18, 0xC6, 0x31, 0xCE, 0x73, 0x18, 0xE7, 0x39, 0xCE, 0x73, 0x9C, 0xE7, 0x39, 0xCE, 0x74, 0x21, 0x08, 0x4A, 0x52, 0x95, 0x25, 0x4A, 0x52,
  0x94, 0xA5, 0x29, 0x4A, 0x52, 0xD6, 0xA5, 0x29, 0x6B, 0x5A, 0xD6, 0xC6, 0x35, 0xAD, 0x6B, 0x5A, 0xD7, 0x35, 0xAD, 0x74, 0x21, 0x07, 0x42, 0x10,
  0x84, 0x21, 0x08, 0x46, 0x34, 0xA5, 0x29, 0x4A, 0x52, 0xB5, 0xAD, 0x6D, 0x6B, 0x5A, 0xD6, 0xC6, 0x31, 0x9C, 0xE3, 0x39, 0xE7, 0x39, 0xBD, 0xEF,
  0x7C, 0xE7, 0x39, 0xEF, 0x7B, 0xBF, 0xFF, 0xFF, 0xFF, 0xFF, 0xFF, 0xFF, 0xFF, 0xFF, 0xFF, 0xFF, 0xFF, 0xFF, 0xFF, 0xFF, 0xFF, 0xFF, 0xFF, 0xFF,
  0xFF, 0xFF, 0xFF, 0xFF, 0xFF, 0xFF, 0xFF, 0xFF, 0xFF, 0xFF, 0xFF, 0xFF, 0xFF, 0xFF, 0xFF, 0xFF, 0xFF, 0xFF, 0xFF, 0xFF, 0xFF, 0xFF, 0xFF, 0xFF,
  0xFF, 0xFF, 0xFF, 0xFF, 0xFF, 0xFF, 0xFF, 0xFF, 0xFF, 0xFF, 0xFF, 0xFF, 0xFF, 0xFF, 0xFF, 0xFF, 0xFF, 0xFF, 0xFF, 0xFB, 0xDE, 0xF7, 0x9C, 0xE7,
  0x37, 0xBD, 0xEF, 0x79, 0xCE, 0x73, 0x9C, 0x63, 0x18, 0xC5, 0xAD, 0x6C, 0x5A, 0xD6, 0xAD, 0x6B, 0x5A, 0xD2, 0x94, 0xA5, 0x21, 0x08, 0x42, 0x10,
  0x85, 0x2B, 0x08, 0x39, 0xCE, 0x73, 0x9A, 0xE6, 0xB9, 0xCD, 0x6C, 0xE7, 0x07, 0x31, 0x6B, 0x5A, 0xD6, 0xB5, 0x29, 0x4B, 0x5A, 0x94, 0xA9, 0x4E,
  0x73, 0x4A, 0x52, 0x94, 0xA5, 0x28, 0x42, 0x10, 0x84, 0x21, 0x11, 0x39, 0xCE, 0x73, 0x9C, 0xE7, 0x39, 0xCE, 0x73, 0x18, 0xC6, 0x33, 0xA7, 0xA9,
  0x18, 0xC6, 0x34, 0x1B, 0x38, 0x14, 0xA5, 0x31, 0x4A, 0x52, 0x94, 0xA5, 0xEC, 0xC8, 0x42, 0x10, 0x84, 0x21, 0x08, 0x42, 0x39, 0xC4, 0x22, 0x1D,
  0x39, 0xD2, 0x73, 0x9B, 0x8C, 0x62, 0x10, 0x84, 0x21, 0x08, 0x42, 0x10, 0x84, 0x21, 0x08, 0x42, 0x10, 0x84, 0x21, 0x08, 0x42, 0x10, 0x84, 0x21,
  0x08, 0x42, 0x10, 0x84, 0x21, 0x08, 0x42, 0x10, 0x84, 0x21, 0x08, 0x42, 0x10, 0x84, 0x21, 0x08, 0x42, 0x10, 0xA5, 0x21, 0x09, 0x42, 0x10, 0x85,
  0x29, 0x4A, 0x52, 0x94, 0xA5, 0x29, 0x4A, 0x53, 0x18, 0xC6, 0x31, 0x8C, 0x63, 0x18, 0xC6, 0x31, 0xCE, 0x63, 0x1C, 0xE7, 0x39, 0xCE, 0x73, 0x9C,
  0xE7, 0x39, 0xCE, 0x84, 0x21, 0x28, 0x4A, 0x52, 0xA4, 0xA9, 0x4A, 0x52, 0x94, 0xA5, 0x29, 0x4A, 0x52, 0x94, 0xA5, 0x2D, 0x8C, 0x63, 0x18, 0xC6,
  0x35, 0xAD, 0x6B, 0x5C, 0xD6, 0xB5, 0xAE, 0x84, 0x21, 0x08, 0x42, 0x10, 0x84, 0x21, 0x08, 0xC6, 0x34, 0xA5, 0x29, 0x4A, 0x56, 0xB5, 0xAD, 0xAD,
  0x6B, 0x5A, 0xD6, 0xC6, 0x31, 0x8C, 0xE7, 0x3C, 0xE7, 0x39, 0xCE, 0x73, 0x7C, 0xE7, 0x39, 0xDF, 0x7B, 0xBF, 0xFF, 0xFF, 0xFF, 0xFF, 0xFF, 0xFF,
  0xFF, 0xFF, 0xFF, 0xFF, 0xFF, 0xFF, 0xFF, 0xFF, 0xFF, 0xFF, 0xFF, 0xFF, 0xFF, 0xFF, 0xFF, 0xFF, 0xFF, 0xFF, 0xFF, 0xFF, 0xFF, 0xFF, 0xFF, 0xFF,
  0xFF, 0xFF, 0xFF, 0xFF, 0xFF, 0xFF, 0xFF, 0xFF, 0xFF, 0xFF, 0xFF, 0xFF, 0xFF, 0xFF, 0xFF, 0xFF, 0xFF, 0xFF, 0xFF, 0xFF, 0xFF, 0xFF, 0xFF, 0xFF,
  0xFF, 0xFF, 0xFF, 0xFF, 0xFF, 0xFF, 0xFF, 0xFF, 0xDE, 0xF7, 0xBD, 0xE7, 0x39, 0xBD, 0xEF, 0x79, 0xCE, 0x73, 0x9C, 0xE3, 0x18, 0xC6, 0x2D, 0x8B,
  0x5A, 0xD6, 0xB5, 0x6B, 0x5A, 0xD2, 0x94, 0xAD, 0x29, 0x08, 0x42, 0x10, 0x85, 0x27, 0x08, 0x41, 0xCE, 0x73, 0xA0, 0xD6, 0xB9, 0xCD, 0x6B, 0x58,
  0xC7, 0x42, 0x10, 0x83, 0x56, 0xB5, 0xA9, 0x4B, 0x5A, 0xDB, 0x39, 0xCD, 0x4C, 0x52, 0x52, 0x94, 0xA5, 0x29, 0x42, 0x10, 0x84, 0x21, 0x11, 0x39,
  0xCE, 0x73, 0x9C, 0xE7, 0x39, 0xCE, 0x73, 0x9C, 0xC6, 0x33, 0xA7, 0x49, 0x98, 0xC6, 0x31, 0x93, 0x49, 0x98, 0xC6, 0x29, 0x4A, 0x52, 0x98, 0xBD,
  0x99, 0x4A, 0x52, 0x10, 0x84, 0x21, 0x08, 0x44, 0xCC, 0x84, 0x21, 0x08, 0xD7, 0x4E, 0x74, 0x9C, 0x60, 0x42, 0x10, 0x84, 0x21, 0x08, 0x42, 0x10,
  0x84, 0x21, 0x08, 0x42, 0x10, 0x84, 0x21, 0x08, 0x42, 0x10, 0x84, 0x21, 0x08, 0x42, 0x10, 0x84, 0x21, 0x08, 0x42, 0x10, 0x84, 0x21, 0x08, 0x42,
  0x10, 0x84, 0x21, 0x4A, 0x52, 0x10, 0xA4, 0x21, 0x28, 0xA2, 0x14, 0xA5, 0x29, 0x4A, 0x52, 0x94, 0xA5, 0x39, 0x4C, 0x63, 0x18, 0xC6, 0x31, 0x8C,
  0x63, 0x18, 0xC6, 0x39, 0xCC, 0x73, 0x9C, 0xE7, 0x39, 0xCE, 0x73, 0x9C, 0xE7, 0x39, 0xD0, 0x84, 0x25, 0x28, 0x4A, 0x52, 0x94, 0xA9, 0x4A, 0x52,
  0x94, 0xA5, 0x29, 0x4A, 0x52, 0x94, 0xA5, 0xB1, 0x8C, 0x63, 0x18, 0xC6, 0x31, 0xAD, 0x6B, 0x9C, 0xD6, 0xB5, 0xCE, 0x84, 0x20, 0xE8, 0x42, 0x10,
  0x84, 0x21, 0x08, 0x42, 0x94, 0xA5, 0x29, 0x4A, 0xD6, 0xB5, 0xB5, 0xAD, 0x6B, 0x5A, 0xD8, 0xC6, 0x31, 0x9C, 0xE7, 0x99, 0xCF, 0x39, 0xCE, 0x73,
  0x9C, 0xE7, 0x39, 0xDF, 0x7B, 0xFF, 0xFF, 0xFF, 0xFF, 0xFF, 0xFF, 0xFF, 0xFF, 0xFF, 0xFF, 0xFF, 0xFF, 0xFF, 0xFF, 0xFF, 0xFF, 0xFF, 0xFF, 0xFF,
  0xFF, 0xFF, 0xFF, 0xFF, 0xFF, 0xFF, 0xFF, 0xFF, 0xFF, 0xFF, 0xFF, 0xFF, 0xFF, 0xFF, 0xFF, 0xFF, 0xFF, 0xFF, 0xFF, 0xFF, 0xFF, 0xFF, 0xFF, 0xFF,
  0xFF, 0xFF, 0xFF, 0xFF, 0xFF, 0xFF, 0xFF, 0xFF, 0xFF, 0xFF, 0xFF, 0xFF, 0xFF, 0xFF, 0xFF, 0xFF, 0xFF, 0xFF, 0xFF, 0xFF, 0xDE, 0xF7, 0x9C, 0xE7,
  0x39, 0xBD, 0xEF, 0x7B, 0xCE, 0x73, 0x9C, 0xE3, 0x18, 0xC6, 0x2D, 0x6B, 0x5A, 0xD6, 0xB5, 0x6B, 0x5A, 0xD2, 0x94, 0xAD, 0x29, 0x48, 0x42, 0x10,
  0x85, 0x27, 0x08, 0x41, 0xCE, 0x73, 0x9C, 0xE6, 0xB5, 0xAD, 0x6B, 0x58, 0xC6, 0x31, 0x8C, 0x83, 0x96, 0xB5, 0xAD, 0x4B, 0x5B, 0x67, 0x39, 0x29,
  0x4A, 0x52, 0x94, 0x94, 0xA5, 0x29, 0x4A, 0x10, 0x84, 0x21, 0x0C, 0x39, 0xCE, 0x73, 0x9C, 0xE7, 0x39, 0xCE, 0x73, 0x9C, 0xE6, 0x34, 0xA7, 0x39,
  0xA0, 0xC6, 0x31, 0x8D, 0x3A, 0x35, 0x46, 0x31, 0x8A, 0x52, 0xB7, 0xB3, 0x29, 0x4A, 0x52, 0x94, 0xA4, 0x21, 0x08, 0x58, 0x24, 0x84, 0x21, 0x22,
  0x42, 0x22, 0x73, 0x8D, 0x62, 0xA2, 0x10, 0x84, 0x21, 0x08, 0x42, 0x10, 0x84, 0x21, 0x08, 0x42, 0x10, 0x84, 0x21, 0x08, 0x42, 0x10, 0x84, 0x21,
  0x08, 0x42, 0x10, 0x84, 0x21, 0x08, 0x42, 0x10, 0x84, 0x21, 0x08, 0x42, 0x10, 0xA5, 0x29, 0x4A, 0x52, 0x10, 0x84, 0x26, 0x94, 0x52, 0x94, 0xA5,
  0x29, 0x4A, 0x52, 0x94, 0xA5, 0x31, 0x8C, 0x63, 0x18, 0xC6, 0x31, 0x8C, 0x63, 0x18, 0xC6, 0x31, 0xCE, 0x73, 0x9C, 0xE7, 0x39, 0xCE, 0x73, 0x9C,
  0xE7, 0x3A, 0x10, 0x84, 0xA5, 0x29, 0x4A, 0x52, 0x95, 0x25, 0x4A, 0x52, 0x94, 0xA5, 0x29, 0x4A, 0x52, 0x94, 0xB6, 0x31, 0x8C, 0x63, 0x18, 0xC6,
  0x31, 0xAD, 0x6B, 0x9A, 0xD6, 0xB9, 0xD0, 0x83, 0x9D, 0x08, 0x42, 0x10, 0x84, 0x21, 0x08, 0x52, 0x95, 0xAD, 0x2B, 0x4A, 0xD6, 0xB5, 0xB5, 0xAD,
  0x6C, 0x5A, 0xD8, 0xC6, 0x73, 0x9C, 0xF3, 0x99, 0xCF, 0x39, 0xCE, 0x73, 0x9C, 0xE7, 0x3B, 0xEF, 0x7B, 0xFF, 0xFF, 0xFF, 0xFF, 0xFF, 0xFF, 0xFF,
  0xFF, 0xFF, 0xFF, 0xFF, 0xFF, 0xFF, 0xFF, 0xFF, 0xFF, 0xFF, 0xFF, 0xFF, 0xFF, 0xFF, 0xFF, 0xFF, 0xFF, 0xFF, 0xFF, 0xFF, 0xFF, 0xFF, 0xFF, 0xFF,
  0xFF, 0xFF, 0xFF, 0xFF, 0xFF, 0xFF, 0xFF, 0xFF, 0xFF, 0xFF, 0xFF, 0xFF, 0xFF, 0xFF, 0xFF, 0xFF, 0xFF, 0xFF, 0xFF, 0xFF, 0xFF, 0xFF, 0xFF, 0xFF,
  0xFF, 0xFF, 0xFF, 0xFF, 0xFF, 0xFF, 0xFF, 0xFF, 0xFE, 0xF7, 0x9D, 0xE7, 0x39, 0xCD, 0xEF, 0x7B, 0xCE, 0x73, 0x9C, 0xE7, 0x18, 0xC6, 0x31, 0x6B,
  0x5A, 0xD6, 0xB5, 0xAB, 0x5A, 0xD6, 0x94, 0xA5, 0x29, 0x4A, 0x42, 0x10, 0x9D, 0x63, 0x08, 0x42, 0x0E, 0x73, 0x9C, 0xE7, 0x35, 0xAE, 0x73, 0x5A,
  0xC6, 0x31, 0x8C, 0x84, 0x16, 0xB5, 0xAD, 0x6B, 0x5B, 0x67, 0x35, 0x29, 0x4A, 0x53, 0x14, 0xA4, 0xA5, 0x29, 0x4A, 0x50, 0x84, 0x21, 0x0E, 0x41,
  0xCE, 0x73, 0x9C, 0xE7, 0x39, 0xCE, 0x73, 0x9C, 0xE7, 0x3A, 0xE7, 0x49, 0xC4, 0xE6, 0x31, 0x8C, 0xC9, 0x9A, 0x70, 0x39, 0x8C, 0x53, 0xF6, 0x65,
  0x29, 0x4A, 0x53, 0x94, 0xA5, 0x29, 0x08, 0x99, 0x94, 0x84, 0x21, 0x16, 0x42, 0x2D, 0x71, 0x8D, 0x66, 0xC2, 0x10, 0x84, 0x21, 0x08, 0x42, 0x10,
  0x84, 0x21, 0x08, 0x42, 0x10, 0x84, 0x21, 0x08, 0x42, 0x10, 0x84, 0x21, 0x08, 0x42, 0x10, 0x84, 0x21, 0x08, 0x42, 0x10, 0x84, 0x21, 0x0A, 0x52,
  0x10, 0xA5, 0x29, 0x48, 0x52, 0x10, 0x84, 0xA4, 0xCA, 0x52, 0x94, 0xA5, 0x29, 0x4A, 0x52, 0x94, 0xC6, 0x31, 0x8C, 0x63, 0x18, 0xC6, 0x31, 0xCE,
  0x73, 0x98, 0xC6, 0x39, 0xCE, 0x73, 0x9C, 0xE7, 0x39, 0xCE, 0x73, 0x9C, 0xE7, 0x42, 0x52, 0x94, 0xA5, 0x29, 0x52, 0x52, 0xA4, 0xA9, 0x4A, 0x52,
  0x94, 0xA5, 0x29, 0x4A, 0x52, 0x96, 0xB6, 0x31, 0x8C, 0x63, 0x18, 0xC6, 0x31, 0xAD, 0x73, 0x9A, 0xD7, 0x39, 0xD0, 0x73, 0xA1, 0x08, 0x42, 0x10,
  0x84, 0x21, 0x0A, 0x52, 0x94, 0xA5, 0x29, 0x5A, 0xD6, 0xB6, 0xB5, 0xB1, 0x8B, 0x5B, 0x18, 0xC6, 0x33, 0x9C, 0xE7, 0x39, 0xCE, 0xF9, 0xCE, 0x73,
  0x9C, 0xE7, 0x7B, 0xDF, 0x7F, 0xFF, 0xFF, 0xFF, 0xFF, 0xFF, 0xFF, 0xFF, 0xFF, 0xFF, 0xFF, 0xFF, 0xFF, 0xFF, 0xFF, 0xFF, 0xFF, 0xFF, 0xFF, 0xFF,
  0xFF, 0xFF, 0xFF, 0xFF, 0xFF, 0xFF, 0xFF, 0xFF, 0xFF, 0xFF, 0xFF, 0xFF, 0xFF, 0xFF, 0xFF, 0xFF, 0xFF, 0xFF, 0xFF, 0xFF, 0xFF, 0xFF, 0xFF, 0xFF,
  0xFF, 0xFF, 0xFF, 0xFF, 0xFF, 0xFF, 0xFF, 0xFF, 0xFF, 0xFF, 0xFF, 0xFF, 0xFF, 0xFF, 0xFF, 0xFF, 0xFF, 0xFF, 0xFF, 0xFF, 0xFE, 0xF7, 0xBC, 0xE7,
  0x39, 0xCE, 0x6F, 0x7B, 0xDE, 0x73, 0x9C, 0xE7, 0x18, 0xC6, 0x31, 0x8B, 0x5A, 0xD6, 0xB5, 0xAD, 0x5A, 0xD6, 0xB4, 0xA5, 0x2B, 0x4A, 0x42, 0x10,
  0x9D, 0x21, 0x08, 0x42, 0x10, 0x73, 0x9D, 0x07, 0x39, 0xAD, 0x6B, 0x5A, 0xC6, 0x31, 0x8C, 0x83, 0x16, 0xB5, 0xAD, 0x6B, 0x5C, 0x66, 0xD5, 0xA9,
  0x4A, 0x54, 0xA2, 0xC5, 0x25, 0x29, 0x4A, 0x52, 0x94, 0x22, 0x49, 0x42, 0x10, 0x73, 0x9C, 0xE7, 0x39, 0xCE, 0x73, 0x9C, 0xE7, 0x3C, 0xE7, 0x49,
  0xC4, 0xE6, 0x31, 0x8C, 0x69, 0x98, 0xCE, 0x73, 0x8E, 0x6E, 0xCC, 0xA5, 0x29, 0x4A, 0xC6, 0x14, 0xA5, 0x29, 0x4B, 0x14, 0x90, 0x84, 0x21, 0x08,
  0x63, 0x44, 0xC4, 0x8C, 0x66, 0xC2, 0x10, 0x84, 0x21, 0x08, 0x42, 0x10, 0x84, 0x21, 0x08, 0x42, 0x10, 0x84, 0x21, 0x08, 0x42, 0x10, 0x84, 0x21,
  0x08, 0x42, 0x10, 0x84, 0x21, 0x08, 0x42, 0x10, 0x84, 0x21, 0x4A, 0x52, 0x14, 0xA5, 0x29, 0x48, 0x52, 0x14, 0xB3, 0x81, 0x4A, 0x52, 0x94, 0xA5,
  0x29, 0x4A, 0x53, 0x18, 0xC6, 0x39, 0x8C, 0x63, 0x18, 0xC7, 0x39, 0xCC, 0x73, 0x98, 0xC7, 0x39, 0xCE, 0x73, 0x9C, 0xE7, 0x39, 0xCE, 0x73, 0xA1,
  0x08, 0x42, 0x52, 0x94, 0xA5, 0x29, 0x4A, 0x52, 0x95, 0x29, 0x4A, 0x52, 0x94, 0xA5, 0x29, 0x4A, 0x52, 0xD6, 0xB6, 0x31, 0x8C, 0x63, 0x18, 0xC6,
  0x35, 0xAE, 0x73, 0x5A, 0xE7, 0x39, 0xD0, 0x74, 0x21, 0x08, 0x42, 0x10, 0x84, 0x21, 0x0A, 0x52, 0x94, 0xA5, 0x2B, 0x5A, 0xD6, 0xD6, 0xB5, 0xB1,
  0x8B, 0x63, 0x18, 0xC6, 0x71, 0x9C, 0xE7, 0x39, 0xDE, 0xF7, 0xBE, 0x73, 0x9C, 0xE7, 0x7B, 0xDF, 0x7F, 0xFF, 0xFF, 0xFF, 0xFF, 0xFF, 0xFF, 0xFF,
  0xFF, 0xFF, 0xFF, 0xFF, 0xFF, 0xFF, 0xFF, 0xFF, 0xFF, 0xFF, 0xFF, 0xFF, 0xFF, 0xFF, 0xFF, 0xFF, 0xFF, 0xFF, 0xFF, 0xFF, 0xFF, 0xFF, 0xFF, 0xFF,
  0xFF, 0xFF, 0xFF, 0xFF, 0xFF, 0xFF, 0xFF, 0xFF, 0xFF, 0xFF, 0xFF, 0xFF, 0xFF, 0xFF, 0xFF, 0xFF, 0xFF, 0xFF, 0xFF, 0xFF, 0xFF, 0xFF, 0xFF, 0xFF,
  0xFF, 0xFF, 0xFF, 0xFF, 0xFF, 0xFF, 0xFF, 0xFF, 0xFF, 0xF7, 0xBC, 0xE7, 0x39, 0xCE, 0x6F, 0x7B, 0xDE, 0xF3, 0x9C, 0xE7, 0x38, 0xC6, 0x31, 0x8B,
  0x5A, 0xD8, 0xC5, 0xAD, 0x5A, 0xD6, 0xB4, 0xA5, 0x29, 0x4A, 0x52, 0x11, 0xA4, 0xE1, 0x08, 0x42, 0x10, 0x83, 0xA1, 0x07, 0x39, 0xAD, 0x6B, 0x5A,
  0xD6, 0x31, 0x8C, 0x83, 0x16, 0xB5, 0xAD, 0x8B, 0x5C, 0xE6, 0xB5, 0xAD, 0x4A, 0x54, 0xA4, 0xA5, 0x29, 0x29, 0x4A, 0x52, 0x94, 0xA6, 0x48, 0x42,
  0x10, 0x83, 0x9C, 0xE7, 0x39, 0xCE, 0x73, 0x9C, 0xE9, 0x6C, 0xE7, 0x49, 0xB4, 0xE7, 0x39, 0xCC, 0x69, 0x98, 0xC6, 0x32, 0x63, 0xDA, 0x18, 0xC5,
  0x29, 0x4B, 0x16, 0x14, 0xA5, 0x29, 0x55, 0x12, 0x94, 0xA4, 0x21, 0x08, 0x45, 0x98, 0x84, 0x5C, 0xE8, 0x52, 0x10, 0x85, 0x29, 0x08, 0x42, 0x10,
  0x84, 0x21, 0x08, 0x42, 0x10, 0x84, 0x21, 0x08, 0x42, 0x10, 0x84, 0x21, 0x08, 0x42, 0x10, 0x84, 0x21, 0x08, 0x42, 0x10, 0x84, 0x21, 0x4A, 0x52,
  0x94, 0xA5, 0x29, 0x4A, 0x52, 0x96, 0x85, 0x29, 0x4A, 0x52, 0x94, 0xA5, 0x29, 0x4C, 0x63, 0x18, 0xC6, 0x31, 0x8C, 0x63, 0x18, 0xC7, 0x39, 0x8C,
  0x63, 0x9C, 0xE7, 0x39, 0xCE, 0x73, 0x9C, 0xE7, 0x39, 0xCE, 0xA3, 0xA1, 0x08, 0x42, 0x52, 0x94, 0xA5, 0x2A, 0x4A, 0x52, 0xA5, 0x29, 0x4A, 0x52,
  0x94, 0xA5, 0x29, 0x4A, 0x5A, 0xD6, 0xB6, 0x31, 0x8C, 0x6B, 0x18, 0xC6, 0x35, 0xCE, 0x73, 0x5A, 0xE7, 0x39, 0xCE, 0x84, 0x21, 0x08, 0x42, 0x10,
  0x8C, 0x21, 0x4A, 0x52, 0x94, 0xA5, 0x2B, 0x5A, 0xD6, 0xD6, 0xB5, 0xAD, 0x6B, 0x63, 0x18, 0xC6, 0x33, 0x9C, 0xE7, 0x3B, 0xDE, 0xF7, 0xBE, 0x73,
  0x9D, 0xEF, 0x7B, 0xDF, 0xFF, 0xFF, 0xFF, 0xFF, 0xFF, 0xFF, 0xFF, 0xFF, 0xFF, 0xFF, 0xFF, 0xFF, 0xFF, 0xFF, 0xFF, 0xFF, 0xFF, 0xFF, 0xFF, 0xFF,
  0xFF, 0xFF, 0xFF, 0xFF, 0xFF, 0xFF, 0xFF, 0xFF, 0xFF, 0xFF, 0xFF, 0xFF, 0xFF, 0xFF, 0xFF, 0xFF, 0xFF, 0xFF, 0xFF, 0xFF, 0xFF, 0xFF, 0xFF, 0xFF,
  0xFF, 0xFF, 0xFF, 0xFF, 0xFF, 0xFF, 0xFF, 0xFF, 0xFF, 0xFF, 0xFF, 0xFF, 0xFF, 0xFF, 0xFF, 0xFF, 0xFF, 0xFF, 0xFF, 0xFF, 0xFF, 0xFF, 0xBD, 0xEF,
  0x39, 0xCE, 0x73, 0x7B, 0xDE, 0xF3, 0x9C, 0xE7, 0x39, 0xC6, 0x31, 0x8C, 0x5A, 0xD8, 0xC5, 0xAD, 0x6A, 0xD6, 0xB5, 0xA5, 0x29, 0x5A, 0x52, 0x91,
  0xAC, 0xE1, 0x08, 0x42, 0x14, 0x9C, 0xE1, 0x07, 0x41, 0xCD, 0x6B, 0x5A, 0xD6, 0xB1, 0x8C, 0x64, 0x1C, 0xB5, 0xB1, 0x8C, 0x9C, 0xE0, 0xB5, 0xA9,
  0x4A, 0x54, 0xA6, 0xA5, 0x29, 0xAE, 0x4A, 0x54, 0x94, 0xA5, 0x08, 0x42, 0x10, 0x84, 0x1C, 0xE7, 0x39, 0xCE, 0x73, 0x9C, 0xF3, 0x9D, 0x35, 0x39,
  0x9C, 0xE7, 0x31, 0xCC, 0x69, 0xB0, 0xC6, 0x31, 0xA9, 0x48, 0xB6, 0x06, 0x31, 0x8E, 0xD6, 0x94, 0xA5, 0x29, 0x62, 0xA2, 0x95, 0x91, 0x29, 0x4A,
  0x72, 0x10, 0x84, 0x3C, 0x62, 0x65, 0x90, 0x85, 0x29, 0x08, 0x42, 0x10, 0x84, 0x21, 0x0A, 0x42, 0x10, 0x84, 0x21, 0x08, 0x42, 0x10, 0x84, 0x21,
  0x08, 0x42, 0x10, 0x84, 0x21, 0x08, 0x42, 0x10, 0x84, 0x29, 0x4A, 0x52, 0x94, 0xA5, 0x29, 0x4A, 0x52, 0xD0, 0xA5, 0x29, 0x4A, 0x52, 0x94, 0xA6,
  0x31, 0x8C, 0x63, 0x18, 0xC6, 0x31, 0x8C, 0x63, 0x18, 0xE7, 0x31, 0x8C, 0x73, 0x9C, 0xE7, 0x39, 0xCE, 0x73, 0xA0, 0xE7, 0x39, 0xCE, 0x84, 0x21,
  0x08, 0x42, 0x52, 0x95, 0x25, 0x49, 0x52, 0x54, 0xA5, 0x29, 0x4A, 0x52, 0x94, 0xB5, 0xA9, 0x4B, 0x5A, 0xD8, 0xC6, 0x31, 0x8D, 0x63, 0x18, 0xC6,
  0xB9, 0xCE, 0x73, 0x5C, 0xE7, 0x39, 0xCE, 0x84, 0x21, 0x08, 0x42, 0x10, 0x84, 0x69, 0x4A, 0x56, 0x94, 0xA5, 0x6B, 0x5A, 0xDA, 0xD6, 0xB5, 0xAD,
  0x6C, 0x63, 0x98, 0xC6, 0x73, 0x9C, 0xE7, 0x3B, 0xDE, 0xF7, 0xCE, 0x73, 0xBC, 0xEF, 0x7B, 0xFF, 0xFF, 0xFF, 0xFF, 0xFF, 0xFF, 0xFF, 0xFF, 0xFF,
  0xFF, 0xFF, 0xFF, 0xFF, 0xFF, 0xFF, 0xFF, 0xFF, 0xFF, 0xFF, 0xFF, 0xFF, 0xFF, 0xFF, 0xFF, 0xFF, 0xFF, 0xFF, 0xFF, 0xFF, 0xFF, 0xFF, 0xFF, 0xFF,
  0xFF, 0xFF, 0xFF, 0xFF, 0xFF, 0xFF, 0xFF, 0xFF, 0xFF, 0xFF, 0xFF, 0xFF, 0xFF, 0xFF, 0xFF, 0xFF, 0xFF, 0xFF, 0xFF, 0xFF, 0xFF, 0xFF, 0xFF, 0xFF,
  0xFF, 0xFF, 0xFF, 0xFF, 0xFF, 0xFF, 0xFF, 0xFF, 0xFF, 0xFF, 0xBD, 0xE7, 0x39, 0xCE, 0x73, 0x7B, 0xDE, 0xF7, 0x9C, 0xE7, 0x39, 0xC6, 0x31, 0x8C,
  0x62, 0xD8, 0xB5, 0xAD, 0x6B, 0x56, 0xB5, 0xAD, 0x29, 0x4A, 0x52, 0x94, 0xAC, 0xE1, 0x08, 0x42, 0x93, 0xA5, 0x29, 0x18, 0x39, 0xCE, 0x6B, 0x5A,
  0xD6, 0xB5, 0x8C, 0x63, 0x27, 0x38, 0x31, 0x91, 0x9C, 0x56, 0xB5, 0xA9, 0x4A, 0x52, 0xA6, 0xA5, 0x29, 0x4D, 0x4A, 0x64, 0x94, 0xA5, 0x28, 0x42,
  0x10, 0x84, 0x21, 0x07, 0x39, 0xCE, 0x73, 0x9D, 0x93, 0xA4, 0xA7, 0x36, 0x1C, 0xE7, 0x31, 0x8C, 0x69, 0xB0, 0xC6, 0x31, 0xBA, 0x63, 0x1A, 0x53,
  0x81, 0x8E, 0x73, 0x94, 0xA5, 0x2A, 0xA2, 0x56, 0x44, 0xF1, 0x29, 0x4A, 0x52, 0x94, 0xA4, 0x24, 0x29, 0x19, 0x94, 0xA4, 0x21, 0x08, 0x42, 0x10,
  0xA4, 0x29, 0x08, 0x42, 0x10, 0x84, 0x21, 0x08, 0x42, 0x10, 0x84, 0x21, 0x08, 0x42, 0x10, 0x84, 0x21, 0x08, 0x42, 0x10, 0x85, 0x29, 0x4A, 0x52,
  0x94, 0xA5, 0x29, 0x4A, 0x5A, 0x14, 0xA5, 0x29, 0x4A, 0x52, 0x98, 0xC6, 0x31, 0x8C, 0x63, 0x18, 0xC6, 0x31, 0x8C, 0x63, 0x18, 0xE7, 0x31, 0x8E,
  0x73, 0x9C, 0xE7, 0x39, 0xCE, 0x73, 0x9C, 0xE7, 0x3A, 0x10, 0x84, 0x21, 0x08, 0x42, 0x52, 0xA5, 0x25, 0x49, 0x52, 0x94, 0xA5, 0x29, 0x4A, 0x52,
  0x96, 0xB5, 0xA9, 0x6B, 0x5A, 0xD8, 0xC6, 0x31, 0x8C, 0x6B, 0x18, 0xD7, 0x39, 0xCE, 0x73, 0x9C, 0xE7, 0x39, 0xD0, 0x8C, 0x21, 0x08, 0x42, 0x10,
  0x8D, 0x29, 0x4A, 0xD2, 0x94, 0xAD, 0x6B, 0x5B, 0x5A, 0xD6, 0xB5, 0xAD, 0x8C, 0x63, 0x18, 0xC6, 0x73, 0x9C, 0xE7, 0x7B, 0xDE, 0xF7, 0xCE, 0x73,
  0x9C, 0xEF, 0x7B, 0xFF, 0xFF, 0xFF, 0xFF, 0xFF, 0xFF, 0xFF, 0xFF, 0xFF, 0xFF, 0xFF, 0xFF, 0xFF, 0xFF, 0xFF, 0xFF, 0xFF, 0xFF, 0xFF, 0xFF, 0xFF,
  0xFF, 0xFF, 0xFF, 0xFF, 0xFF, 0xFF, 0xFF, 0xFF, 0xFF, 0xFF, 0xFF, 0xFF, 0xFF, 0xFF, 0xFF, 0xFF, 0xFF, 0xFF, 0xFF, 0xFF, 0xFF, 0xFF, 0xFF, 0xFF,
  0xFF, 0xFF, 0xFF, 0xFF, 0xFF, 0xFF, 0xFF, 0xFF, 0xFF, 0xFF, 0xFF, 0xFF, 0xFF, 0xFF, 0xFF, 0xFF, 0xFF, 0xFF, 0xFF, 0xFF, 0xFF, 0xFF, 0xFD, 0xEF,
  0x39, 0xCE, 0x73, 0x9B, 0xDE, 0xF7, 0xBC, 0xE7, 0x39, 0xCE, 0x31, 0x8C, 0x63, 0x18, 0xC5, 0xAD, 0x6B, 0x5A, 0xB5, 0xAD, 0x69, 0x4A, 0x52, 0x9D,
  0xA4, 0x61, 0x08, 0x42, 0x93, 0x85, 0x29, 0x08, 0x41, 0xCE, 0x73, 0x5A, 0xD6, 0xB5, 0xAC, 0x63, 0x1B, 0x39, 0xCE, 0x33, 0x9B, 0x18, 0xB5, 0x29,
  0x4A, 0x52, 0xA6, 0xD5, 0x29, 0x4A, 0x52, 0x52, 0x94, 0xA5, 0x29, 0x4A, 0x10, 0x84, 0x21, 0x08, 0x39, 0xCE, 0x73, 0xAE, 0x74, 0x94, 0xA4, 0x73,
  0x9C, 0xE7, 0x39, 0x8C, 0x69, 0xB4, 0xC6, 0x31, 0xBA, 0x63, 0x18, 0xCA, 0x94, 0xE0, 0x63, 0x18, 0xC5, 0x2C, 0xD4, 0x52, 0x96, 0x25, 0x29, 0xCA,
  0x52, 0x94, 0xA5, 0x2B, 0x23, 0x79, 0xA4, 0xA5, 0x21, 0x08, 0x42, 0x10, 0x85, 0x21, 0x0A, 0x42, 0x10, 0x84, 0x21, 0x08, 0x42, 0x10, 0x84, 0x21,
  0x08, 0x42, 0x10, 0x84, 0x21, 0x08, 0x42, 0x14, 0xA5, 0x29, 0x4A, 0x52, 0x98, 0xC5, 0x31, 0x4B, 0x42, 0x94, 0xA5, 0x29, 0x4C, 0x63, 0x18, 0xC6,
  0x31, 0x8C, 0x63, 0x18, 0xC6, 0x41, 0x8C, 0x63, 0x1C, 0xC6, 0x39, 0xCE, 0x73, 0x9C, 0xE7, 0x39, 0xCE, 0x73, 0x9C, 0xE7, 0x3A, 0x10, 0x84, 0x21,
  0x08, 0x4A, 0x54, 0xA4, 0xA9, 0x2A, 0x52, 0x94, 0xA5, 0x29, 0x4A, 0x5A, 0x96, 0xB5, 0xAD, 0x6B, 0x5A, 0xD8, 0xC6, 0x31, 0xAD, 0x6B, 0x1A, 0xD7,
  0x39, 0xCE, 0x73, 0x9C, 0xE7, 0x3A, 0x10, 0x84, 0x21, 0x08, 0x42, 0x11, 0x8D, 0x29, 0x5A, 0xD2, 0x95, 0xAD, 0x6B, 0x6B, 0x5A, 0xD6, 0xB5, 0xB1,
  0x8C, 0x63, 0x18, 0xCE, 0x73, 0x9C, 0xEF, 0x7B, 0xDE, 0xF9, 0xDE, 0x73, 0x9C, 0xEF, 0x7F, 0xFF, 0xFF, 0xFF, 0xFF, 0xFF, 0xFF, 0xFF, 0xFF, 0xFF,
  0xFF, 0xFF, 0xFF, 0xFF, 0xFF, 0xFF, 0xFF, 0xFF, 0xFF, 0xFF, 0xFF, 0xFF, 0xFF, 0xFF, 0xFF, 0xFF, 0xFF, 0xFF, 0xFF, 0xFF, 0xFF, 0xFF, 0xFF, 0xFF,
  0xFF, 0xFF, 0xFF, 0xFF, 0xFF, 0xFF, 0xFF, 0xFF, 0xFF, 0xFF, 0xFF, 0xFF, 0xFF, 0xFF, 0xFF, 0xFF, 0xFF, 0xFF, 0xFF, 0xFF, 0xFF, 0xFF, 0xFF, 0xFF,
  0xFF, 0xFF, 0xFF, 0xFF, 0xFF, 0xFF, 0xFF, 0xFF, 0xFF, 0xFF, 0xFD, 0xEF, 0x79, 0xCE, 0x73, 0x9C, 0xDE, 0xF7, 0xBC, 0xE7, 0x39, 0xCE, 0x71, 0x8C,
  0x63, 0x18, 0xC5, 0xAD, 0x6B, 0x5A, 0xB5, 0xAD, 0x69, 0x4A, 0x52, 0xBE, 0xEC, 0x61, 0x08, 0x52, 0x71, 0x85, 0x29, 0x18, 0x39, 0xCE, 0x73, 0x9A,
  0xD6, 0xB5, 0xAD, 0x63, 0x18, 0xC8, 0x4E, 0x73, 0x62, 0xD6, 0xB5, 0xA9, 0x4A, 0x52, 0xA6, 0xD5, 0x29, 0x4A, 0x52, 0x94, 0x94, 0xA5, 0x29, 0x4A,
  0x50, 0x84, 0x21, 0x08, 0x42, 0x0E, 0x87, 0x4E, 0x93, 0x89, 0xCE, 0x73, 0x9C, 0xE7, 0x39, 0xCE, 0x69, 0x9C, 0xC6, 0x31, 0xBA, 0x63, 0x18, 0xC6,
  0x32, 0xA5, 0x35, 0x18, 0xC6, 0x9C, 0x0A, 0x52, 0x9D, 0xA5, 0x64, 0x4A, 0x52, 0x94, 0xA5, 0x6B, 0x23, 0x38, 0x14, 0xA5, 0x29, 0x4A, 0x42, 0x14,
  0xA5, 0x21, 0x48, 0x42, 0x10, 0x84, 0x21, 0x08, 0x42, 0x10, 0x84, 0x29, 0x48, 0x42, 0x10, 0xA5, 0x29, 0x4A, 0x52, 0x94, 0xA5, 0x29, 0x8C, 0x62,
  0x98, 0xC6, 0x31, 0x66, 0x52, 0x94, 0xA6, 0x31, 0x8C, 0x63, 0x18, 0xC6, 0x31, 0x8C, 0x63, 0x18, 0xC6, 0x31, 0x8C, 0x63, 0x18, 0xE7, 0x39, 0xCE,
  0x73, 0x9C, 0xE7, 0x39, 0xD0, 0x73, 0x9C, 0xE8, 0x42, 0x10, 0x84, 0x21, 0x09, 0x4A, 0x94, 0x95, 0x29, 0x4A, 0x52, 0x94, 0xA5, 0x29, 0x4A, 0x52,
  0x96, 0xB5, 0xAD, 0x6B, 0x5A, 0xD8, 0xC6, 0x35, 0xAD, 0x6B, 0x5A, 0xD7, 0x35, 0xAE, 0x73, 0x9C, 0xE7, 0x42, 0x10, 0x84, 0x21, 0x08, 0x42, 0x30,
  0xA5, 0x2B, 0x5A, 0xD2, 0x95, 0xAD, 0x6B, 0x6B, 0x5A, 0xDC, 0xB5, 0xB1, 0x8C, 0x63, 0x19, 0xCE, 0x73, 0x9E, 0x73, 0x7B, 0xDF, 0x39, 0xCE, 0x73,
  0x9D, 0xEF, 0x7F, 0xFF, 0xFF, 0xFF, 0xFF, 0xFF, 0xFF, 0xFF, 0xFF, 0xFF, 0xFF, 0xFF, 0xFF, 0xFF, 0xFF, 0xFF, 0xFF, 0xFF, 0xFF, 0xFF, 0xFF, 0xFF,
  0xFF, 0xFF, 0xFF, 0xFF, 0xFF, 0xFF, 0xFF, 0xFF, 0xFF, 0xFF, 0xFF, 0xFF, 0xFF, 0xFF, 0xFF, 0xFF, 0xFF, 0xFF, 0xFF, 0xFF, 0xFF, 0xFF, 0xFF, 0xFF,
  0xFF, 0xFF, 0xFF, 0xFF, 0xFF, 0xFF, 0xFF, 0xFF, 0xFF, 0xFF, 0xFF, 0xFF, 0xFF, 0xFF, 0xFF, 0xFF, 0xFF, 0xFF, 0xFF, 0xFF, 0xFF, 0xFF, 0xFF, 0xEF,
  0x79, 0xCE, 0x73, 0x9C, 0xE6, 0xF9, 0xBD, 0xE7, 0x39, 0xCE, 0x73, 0x8C, 0x67, 0x38, 0xC5, 0xAD, 0x6B, 0x5A, 0xD5, 0xEF, 0x7B, 0xDE, 0xD7, 0xBE,
  0xBD, 0x21, 0x08, 0x52, 0x70, 0x84, 0xE9, 0x38, 0x39, 0xCE, 0x83, 0x9C, 0xD8, 0xC6, 0x33, 0x9C, 0xE7, 0x39, 0xCE, 0x6B, 0x5A, 0xD8, 0xB5, 0xAD,
  0x4A, 0x52, 0xA7, 0x25, 0x29, 0x4A, 0x52, 0x94, 0xA4, 0xA5, 0x29, 0x4A, 0x52, 0x84, 0x21, 0x08, 0x42, 0x10, 0x79, 0xD2, 0x73, 0x41, 0xCE, 0x73,
  0x9C, 0xE7, 0x39, 0xCE, 0x79, 0x98, 0xC6, 0x31, 0xAA, 0xA3, 0x18, 0xC6, 0x31, 0x8C, 0xA9, 0x4D, 0x46, 0x52, 0x8C, 0x63, 0x1C, 0xAD, 0x6B, 0x4A,
  0x52, 0x94, 0xAD, 0x64, 0xE9, 0x16, 0x14, 0xA5, 0x29, 0x4A, 0x52, 0x94, 0xA5, 0x29, 0x4A, 0x52, 0x94, 0xA5, 0x29, 0x4A, 0x52, 0x94, 0xA5, 0x29,
  0x4A, 0x52, 0x94, 0xA5, 0x29, 0x4A, 0x52, 0x94, 0xA5, 0x29, 0x8C, 0x52, 0x98, 0xC6, 0x35, 0x0A, 0x53, 0x18, 0xC6, 0x31, 0x8C, 0x63, 0x18, 0xC6,
  0x31, 0x8C, 0x63, 0x18, 0xC6, 0x31, 0x8C, 0x63, 0x9C, 0xE7, 0x39, 0xCE, 0x73, 0x9C, 0xE7, 0x39, 0xCE, 0x73, 0x9D, 0x08, 0x42, 0x10, 0x94, 0x21,
  0x69, 0x4A, 0x52, 0xA5, 0x29, 0x4A, 0x52, 0x94, 0xA5, 0x29, 0x4A, 0x52, 0x94, 0xB6, 0x2D, 0x6B, 0x5A, 0xD8, 0xD6, 0xB5, 0xAD, 0x6B, 0x5A, 0xD6,
  0xB5, 0xCE, 0x73, 0x9C, 0xE8, 0x42, 0x10, 0x84, 0x21, 0x08, 0x42, 0x14, 0xA5, 0x29, 0x4A, 0x52, 0xB5, 0xAD, 0x6D, 0x6B, 0x5B, 0x96, 0xB6, 0x31,
  0x8C, 0x63, 0x39, 0xCE, 0x73, 0x9E, 0x73, 0x9C, 0xE7, 0x39, 0xCE, 0x73, 0x9D, 0xEF, 0xFF, 0xFF, 0xFF, 0xFF, 0xFF, 0xFF, 0xFF, 0xFF, 0xFF, 0xFF,
  0xFF, 0xFF, 0xFF, 0xFF, 0xFF, 0xFF, 0xFF, 0xFF, 0xFF, 0xFF, 0xFF, 0xFF, 0xFF, 0xFF, 0xFF, 0xFF, 0xFF, 0xFF, 0xFF, 0xFF, 0xFF, 0xFF, 0xFF, 0xFF,
  0xFF, 0xFF, 0xFF, 0xFF, 0xFF, 0xFF, 0xFF, 0xFF, 0xFF, 0xFF, 0xFF, 0xFF, 0xFF, 0xFF, 0xFF, 0xFF, 0xFF, 0xFF, 0xFF, 0xFF, 0xFF, 0xFF, 0xFF, 0xFF,
  0xFF, 0xFF, 0xFF, 0xFF, 0xFF, 0xFF, 0xFF, 0xFF, 0xFF, 0xFF, 0xFF, 0xFF, 0x7B, 0xCE, 0x73, 0x9C, 0xE6, 0xF7, 0xBD, 0xEF, 0x39, 0xCE, 0x73, 0x8C,
  0x67, 0x18, 0xC6, 0x2D, 0x6B, 0x5A, 0xD6, 0xF7, 0xBD, 0xEF, 0x7B, 0xDD, 0xA5, 0x29, 0x09, 0xD2, 0x70, 0x84, 0x27, 0x48, 0xC1, 0xD3, 0x8C, 0x23,
  0x38, 0xBA, 0x10, 0x8C, 0xE7, 0x39, 0xCE, 0x6C, 0x5A, 0xD6, 0xB5, 0xAD, 0x6A, 0x52, 0x97, 0x35, 0x29, 0x4A, 0x52, 0x94, 0xA5, 0x25, 0x29, 0x4A,
  0x52, 0x94, 0xA1, 0x08, 0x42, 0x10, 0xD9, 0xD2, 0x2A, 0x39, 0xCE, 0x73, 0x9C, 0xE7, 0x39, 0xCE, 0x79, 0x9C, 0xE6, 0x31, 0xAB, 0x33, 0x18, 0xC6,
  0x71, 0x90, 0x63, 0x48, 0xCA, 0x31, 0x8C, 0x63, 0x18, 0xCD, 0x99, 0x4A, 0x52, 0x95, 0xB3, 0xA5, 0x22, 0xC2, 0x94, 0xA5, 0x29, 0x4A, 0x52, 0x98,
  0xA5, 0x29, 0x4A, 0x52, 0x94, 0xA5, 0x29, 0x4A, 0x52, 0x94, 0xA5, 0x29, 0x4A, 0x62, 0x94, 0xA5, 0x29, 0x4A, 0x52, 0x94, 0xA5, 0x29, 0x8C, 0x62,
  0x94, 0xC6, 0x8C, 0x4C, 0x63, 0x18, 0xC6, 0x31, 0x8C, 0x63, 0x18, 0xC6, 0x31, 0x8C, 0x63, 0x18, 0xC6, 0x31, 0x8E, 0x73, 0x9C, 0xE7, 0x39, 0xCE,
  0x73, 0x9C, 0xE7, 0x39, 0xD0, 0x84, 0x21, 0x08, 0x42, 0x12, 0x94, 0xA5, 0x29, 0x4A, 0x54, 0x95, 0x29, 0x4A, 0x52, 0x94, 0xA5, 0x29, 0x6A, 0x52,
  0x96, 0xB5, 0xAD, 0x6B, 0x5B, 0x18, 0xD6, 0xB5, 0xAD, 0x6B, 0x5A, 0xD6, 0xB9, 0xCE, 0x73, 0x9D, 0x08, 0x42, 0x10, 0x84, 0x21, 0x08, 0x42, 0x94,
  0xA5, 0x29, 0x4A, 0x56, 0xB5, 0xAD, 0xAD, 0x6B, 0x5A, 0xD6, 0xC6, 0x31, 0x8C, 0x63, 0x3C, 0xCE, 0x73, 0xBD, 0xF3, 0x9C, 0xE7, 0x39, 0xCE, 0x73,
  0xBD, 0xFF, 0xFF, 0xFF, 0xFF, 0xFF, 0xFF, 0xFF, 0xFF, 0xFF, 0xFF, 0xFF, 0xFF, 0xFF, 0xFF, 0xFF, 0xFF, 0xFF, 0xFF, 0xFF, 0xFF, 0xFF, 0xFF, 0xFF,
  0xFF, 0xFF, 0xFF, 0xFF, 0xFF, 0xFF, 0xFF, 0xFF, 0xFF, 0xFF, 0xFF, 0xFF, 0xFF, 0xFF, 0xFF, 0xFF, 0xFF, 0xFF, 0xFF, 0xFF, 0xFF, 0xFF, 0xFF, 0xFF,
  0xFF, 0xFF, 0xFF, 0xFF, 0xFF, 0xFF, 0xFF, 0xFF, 0xFF, 0xFF, 0xFF, 0xFF, 0xFF, 0xFF, 0xFF, 0xFF, 0xFF, 0xFF, 0xFF, 0xFF, 0xFF, 0xFF, 0xFF, 0xFF,
  0x7B, 0xDE, 0x73, 0x9C, 0xE7, 0x37, 0xBD, 0xEF, 0x39, 0xCE, 0x73, 0x9C, 0xE7, 0x18, 0xC6, 0x2D, 0x8C, 0x5A, 0xDD, 0xED, 0x6B, 0x5A, 0xF7, 0xB7,
  0xA5, 0x29, 0x4A, 0x4E, 0x30, 0x84, 0x23, 0x49, 0xC6, 0x11, 0x8C, 0x67, 0x37, 0x35, 0xCE, 0x73, 0x9A, 0xD9, 0xCE, 0x6D, 0x63, 0x16, 0xB5, 0xAD,
  0x6B, 0x52, 0x95, 0x25, 0x29, 0x4A, 0x52, 0x94, 0xA5, 0x29, 0x29, 0x4A, 0x52, 0x94, 0xA5, 0x08, 0x42, 0x11, 0x29, 0xF6, 0x47, 0x39, 0xCE, 0x7F,
  0x1C, 0xE7, 0x3F, 0x8E, 0x73, 0x9C, 0xE7, 0x39, 0x8E, 0x93, 0x18, 0xC6, 0x71, 0x8C, 0x63, 0x18, 0xDE, 0x31, 0x8C, 0x63, 0x18, 0xC7, 0x39, 0x8C,
  0x62, 0xC2, 0x74, 0x83, 0x5A, 0x52, 0x94, 0xA5, 0x29, 0x4C, 0x63, 0x18, 0xC6, 0x31, 0x8C, 0x52, 0x94, 0xA5, 0x29, 0x4A, 0x52, 0x94, 0xA5, 0x29,
  0x8C, 0x62, 0x94, 0xA5, 0x29, 0x4A, 0x52, 0x94, 0xA5, 0x29, 0x4C, 0x62, 0x98, 0xC7, 0xA1, 0x8C, 0x63, 0x18, 0xC6, 0x31, 0x8C, 0x63, 0x18, 0xC6,
  0x31, 0x8C, 0x63, 0x19, 0x26, 0x39, 0xCE, 0x73, 0x9C, 0xE7, 0x39, 0xCE, 0x73, 0x9C, 0xE7, 0x39, 0xD0, 0x84, 0x21, 0x08, 0x42, 0x52, 0x95, 0x25,
  0x29, 0x5A, 0x52, 0xA5, 0x29, 0x4A, 0x52, 0x94, 0xA5, 0x29, 0x4A, 0x52, 0xD6, 0xC5, 0xAD, 0x6C, 0x63, 0x18, 0xD6, 0xB5, 0xAD, 0x6B, 0x5A, 0xD7,
  0x39, 0xD0, 0x73, 0xA1, 0x08, 0x42, 0x10, 0x84, 0x21, 0x08, 0x52, 0x97, 0xA5, 0x29, 0x4A, 0xD6, 0xB5, 0xB5, 0xB7, 0x6B, 0x5A, 0xD8, 0xC6, 0x31,
  0x8C, 0x67, 0x39, 0xCE, 0x73, 0xBD, 0xF3, 0x7C, 0xE7, 0x39, 0xCE, 0x77, 0xBD, 0xFF, 0xFF, 0xFF, 0xFF, 0xFF, 0xFF, 0xFF, 0xFF, 0xFF, 0xFF, 0xFF,
  0xFF, 0xFF, 0xFF, 0xFF, 0xFF, 0xFF, 0xFF, 0xFF, 0xFF, 0xFF, 0xFF, 0xFF, 0xFF, 0xFF, 0xFF, 0xFF, 0xFF, 0xFF, 0xFF, 0xFF, 0xFF, 0xFF, 0xFF, 0xFF,
  0xFF, 0xFF, 0xFF, 0xFF, 0xFF, 0xFF, 0xFF, 0xFF, 0xFF, 0xFF, 0xFF, 0xFF, 0xFF, 0xFF, 0xFF, 0xFF, 0xFF, 0xFF, 0xFF, 0xFF, 0xFF, 0xFF, 0xFF, 0xFF,
  0xFF, 0xFF, 0xFF, 0xFF, 0xFF, 0xFF, 0xFF, 0xFF, 0xFF, 0xFF, 0xFF, 0xFF, 0xFB, 0xDE, 0x73, 0x9D, 0xE7, 0x37, 0xBD, 0xEF, 0x79, 0xCE, 0x73, 0x9C,
  0xE3, 0x19, 0xC6, 0x2D, 0x8B, 0x5A, 0xDD, 0xB5, 0x6B, 0x5A, 0xD6, 0xB5, 0xA5, 0x29, 0x4E, 0xC2, 0x30, 0x84, 0x21, 0x1A, 0x52, 0x30, 0x73, 0x9D,
  0x07, 0x39, 0xCE, 0x73, 0x9D, 0x09, 0xCD, 0xAC, 0x6B, 0x18, 0xB5, 0xAD, 0x6B, 0x5A, 0x95, 0x15, 0x29, 0x4A, 0x52, 0x94, 0xA5, 0x29, 0x4A, 0x4A,
  0x52, 0x94, 0xA5, 0x28, 0x42, 0x10, 0xAA, 0x52, 0x48, 0x39, 0xCE, 0x7E, 0xC4, 0xE7, 0xEC, 0xCE, 0x75, 0x1C, 0xE7, 0x39, 0xCE, 0x63, 0x18, 0xC6,
  0x31, 0x8C, 0x63, 0x18, 0xC6, 0x31, 0x8C, 0x63, 0x18, 0xC6, 0x31, 0x8E, 0x68, 0x4E, 0xF3, 0x71, 0x4A, 0x52, 0x94, 0xA5, 0x29, 0x8C, 0x63, 0x18,
  0xC6, 0x31, 0x8A, 0x52, 0x94, 0xA5, 0x29, 0x4A, 0x52, 0x94, 0xA6, 0x29, 0x8C, 0x52, 0x94, 0xA5, 0x29, 0x4A, 0x52, 0x94, 0xA5, 0x31, 0x8C, 0x63,
  0x18, 0xD4, 0x31, 0x8C, 0x63, 0x18, 0xC6, 0x31, 0x8C, 0x63, 0x18, 0xC6, 0x31, 0x8C, 0x63, 0x24, 0xE7, 0x39, 0xCE, 0x73, 0x9C, 0xE7, 0x39, 0xCE,
  0x84, 0x1C, 0xE7, 0x3A, 0x10, 0x84, 0x21, 0x09, 0x4A, 0x52, 0xA4, 0xA9, 0x49, 0x4A, 0x94, 0xA5, 0x29, 0x4A, 0x52, 0x94, 0xA5, 0x29, 0x4A, 0x5B,
  0x16, 0xC5, 0xAD, 0x8C, 0x63, 0x18, 0xD6, 0x35, 0xAD, 0x6B, 0x9C, 0xE7, 0x42, 0x0E, 0x84, 0x21, 0x08, 0x42, 0x10, 0x84, 0x21, 0x0A, 0x52, 0x94,
  0xA5, 0x29, 0x5A, 0xD7, 0x35, 0xB5, 0xAD, 0x6C, 0x63, 0x18, 0xCE, 0x31, 0x8C, 0xE7, 0x39, 0xCE, 0x77, 0xCD, 0xF3, 0x7C, 0xE7, 0x39, 0xCE, 0x77,
  0xBF, 0xFF, 0xFF, 0xFF, 0xFF, 0xFF, 0xFF, 0xFF, 0xFF, 0xFF, 0xFF, 0xFF, 0xFF, 0xFF, 0xFF, 0xFF, 0xFF, 0xFF, 0xFF, 0xFF, 0xFF, 0xFF, 0xFF, 0xFF,
  0xFF, 0xFF, 0xFF, 0xFF, 0xFF, 0xFF, 0xFF, 0xFF, 0xFF, 0xFF, 0xFF, 0xFF, 0xFF, 0xFF, 0xFF, 0xFF, 0xFF, 0xFF, 0xFF, 0xFF, 0xFF, 0xFF, 0xFF, 0xFF,
  0xFF, 0xFF, 0xFF, 0xFF, 0xFF, 0xFF, 0xFF, 0xFF, 0xFF, 0xFF, 0xFF, 0xFF, 0xFF, 0xFF, 0xFF, 0xFF, 0xFF, 0xFF, 0xFF, 0xFF, 0xFF, 0xFF, 0xFF, 0xFF,
  0xFF, 0xDE, 0xF3, 0xBD, 0xEF, 0x39, 0xBD, 0xEF, 0x7B, 0xCE, 0x73, 0xCC, 0xE3, 0x39, 0xC6, 0x31, 0x6B, 0x5B, 0xBD, 0xB5, 0xAB, 0x5A, 0xD6, 0xB5,
  0xA5, 0x29, 0x4E, 0xC2, 0x31, 0x84, 0x21, 0x08, 0xCE, 0x30, 0x73, 0x9C, 0xE8, 0x39, 0xCE, 0x73, 0x9D, 0x39, 0xC1, 0xAD, 0x63, 0x18, 0xC5, 0xAD,
  0x6B, 0x5A, 0xE6, 0xA5, 0x29, 0x4A, 0x52, 0x94, 0xA5, 0x29, 0x4A, 0x52, 0x52, 0x94, 0xA5, 0x29, 0x4A, 0x10, 0xBA, 0x52, 0x32, 0x41, 0xCE, 0x74,
  0x78, 0xE7, 0xF1, 0xCF, 0xEE, 0xF8, 0xE7, 0xF7, 0x7A, 0x7F, 0x77, 0xB4, 0x35, 0x3D, 0xDF, 0x18, 0xDE, 0x34, 0xBA, 0x6E, 0xD0, 0xC6, 0x31, 0x8C,
  0x63, 0x4E, 0xEE, 0x31, 0x8C, 0x63, 0x18, 0xA5, 0x29, 0x4C, 0x63, 0x18, 0xC6, 0x31, 0x8A, 0x52, 0x94, 0xA5, 0x29, 0x4A, 0x52, 0x94, 0xA6, 0x31,
  0x4A, 0x63, 0x14, 0xA5, 0x29, 0x4A, 0x63, 0x18, 0xC6, 0x31, 0x8C, 0x63, 0x1A, 0x52, 0x31, 0x8C, 0x63, 0x18, 0xC6, 0x31, 0x8C, 0x63, 0x18, 0xC6,
  0x31, 0x8E, 0x64, 0xA5, 0x27, 0x39, 0xCE, 0x73, 0x9C, 0xE7, 0x39, 0xD0, 0x84, 0x1C, 0xE7, 0x42, 0x10, 0x84, 0x21, 0x29, 0x4A, 0x94, 0x94, 0xA9,
  0x49, 0x52, 0x94, 0xA5, 0x29, 0x4A, 0x52, 0x94, 0xA5, 0x29, 0x6B, 0x63, 0x16, 0xC6, 0x31, 0x8C, 0x63, 0x18, 0xD6, 0xB5, 0xAD, 0x73, 0x9C, 0xE8,
  0x42, 0x0E, 0x74, 0x21, 0x08, 0x42, 0x10, 0x84, 0x21, 0x0A, 0x52, 0x94, 0xA5, 0x29, 0x5A, 0xD6, 0xB6, 0xB5, 0xAD, 0x8C, 0x63, 0x19, 0xCE, 0x31,
  0x8C, 0xE7, 0x39, 0xCE, 0xF7, 0xBD, 0xEF, 0x9C, 0xE7, 0x39, 0xCE, 0xF7, 0xFF, 0xFF, 0xFF, 0xFF, 0xFF, 0xFF, 0xFF, 0xFF, 0xFF, 0xFF, 0xFF, 0xFF,
  0xFF, 0xFF, 0xFF, 0xFF, 0xFF, 0xFF, 0xFF, 0xFF, 0xFF, 0xFF, 0xFF, 0xFF, 0xFF, 0xFF, 0xFF, 0xFF, 0xFF, 0xFF, 0xFF, 0xFF, 0xFF, 0xFF, 0xFF, 0xFF,
  0xFF, 0xFF, 0xFF, 0xFF, 0xFF, 0xFF, 0xFF, 0xFF, 0xFF, 0xFF, 0xFF, 0xFF, 0xFF, 0xFF, 0xFF, 0xFF, 0xFF, 0xFF, 0xFF, 0xFF, 0xFF, 0xFF, 0xFF, 0xFF,
  0xFF, 0xFF, 0xFF, 0xFF, 0xFF, 0xFF, 0xFF, 0xFF, 0xFF, 0xFF, 0xFF, 0xFF, 0xFF, 0xDE, 0xF7, 0x9D, 0xEF, 0x39, 0xCD, 0xEF, 0x7B, 0xDE, 0x73, 0xCC,
  0xE7, 0x18, 0xC6, 0x31, 0x8B, 0x77, 0xB6, 0xB5, 0xAD, 0x5A, 0xD6, 0xB4, 0xAD, 0x29, 0xDE, 0xD2, 0x31, 0x8C, 0x21, 0x08, 0x42, 0x10, 0x83, 0x9C,
  0xE7, 0x39, 0xCE, 0x73, 0xA1, 0x39, 0xB5, 0xAD, 0x63, 0x18, 0xC6, 0x2D, 0x6B, 0x5C, 0x66, 0xB5, 0x29, 0x4A, 0x52, 0x94, 0xA5, 0x29, 0x4A, 0x52,
  0x92, 0x94, 0xA5, 0x29, 0x4A, 0x52, 0x9A, 0x52, 0x73, 0x52, 0x10, 0x73, 0xF8, 0xE7, 0xF1, 0xFB, 0x33, 0x9F, 0xC7, 0xF4, 0x4E, 0x7F, 0x1C, 0xE7,
  0x37, 0x8C, 0x68, 0xF4, 0xDE, 0x31, 0xBD, 0x4F, 0x18, 0xC9, 0x31, 0x8C, 0x63, 0x4A, 0x6D, 0x31, 0x8C, 0x63, 0x18, 0xC6, 0x31, 0x8C, 0x63, 0x18,
  0xC6, 0x31, 0x4A, 0x52, 0x94, 0xA5, 0x29, 0x4A, 0x52, 0x94, 0xA6, 0x31, 0x4C, 0x63, 0x18, 0xC6, 0x31, 0x8C, 0x63, 0x18, 0xC6, 0x31, 0x8C, 0x63,
  0x4E, 0x46, 0x31, 0x8C, 0x63, 0x18, 0xC6, 0x31, 0x8C, 0x63, 0x18, 0xC6, 0x31, 0xCE, 0x74, 0xA4, 0xE7, 0x39, 0xCE, 0x73, 0x9D, 0x07, 0x3A, 0x10,
  0x84, 0x21, 0x08, 0x42, 0x10, 0x84, 0x21, 0x29, 0x52, 0x94, 0x94, 0xA5, 0x2A, 0x52, 0x94, 0xA5, 0x29, 0x4A, 0x52, 0x94, 0xA5, 0x2D, 0x6C, 0x63,
  0x16, 0xC6, 0x31, 0x8C, 0x63, 0x18, 0xD7, 0x35, 0xAD, 0x73, 0x9D, 0x08, 0x42, 0x10, 0x84, 0x21, 0x08, 0x42, 0x10, 0x84, 0x21, 0x4A, 0x52, 0x94,
  0xA5, 0x2B, 0x5A, 0xD6, 0xD6, 0xB6, 0x31, 0x8C, 0x63, 0x19, 0xC6, 0x31, 0x9C, 0xE7, 0x39, 0xDE, 0xF7, 0xBD, 0xF3, 0x9C, 0xE7, 0x39, 0xDE, 0xF7,
  0xFF, 0xFF, 0xFF, 0xFF, 0xFF, 0xFF, 0xFF, 0xFF, 0xFF, 0xFF, 0xFF, 0xFF, 0xFF, 0xFF, 0xFF, 0xFF, 0xFF, 0xFF, 0xFF, 0xFF, 0xFF, 0xFF, 0xFF, 0xFF,
  0xFF, 0xFF, 0xFF, 0xFF, 0xFF, 0xFF, 0xFF, 0xFF, 0xFF, 0xFF, 0xFF, 0xFF, 0xFF, 0xFF, 0xFF, 0xFF, 0xFF, 0xFF, 0xFF, 0xFF, 0xFF, 0xFF, 0xFF, 0xFF,
  0xFF, 0xFF, 0xFF, 0xFF, 0xFF, 0xFF, 0xFF, 0xFF, 0xFF, 0xFF, 0xFF, 0xFF, 0xFF, 0xFF, 0xFF, 0xFF, 0xFF, 0xFF, 0xFF, 0xFF, 0xFF, 0xFF, 0xFF, 0xFF,
  0xFF, 0xFE, 0xF7, 0x9C, 0xEF, 0x39, 0xCE, 0x6F, 0x9B, 0xDE, 0x79, 0xCC, 0xE7, 0x38, 0xC6, 0x31, 0x8C, 0x7B, 0xB6, 0xB5, 0xAD, 0x6A, 0xD6, 0xB5,
  0xBF, 0x7B, 0xDD, 0x52, 0x91, 0x8C, 0x21, 0x08, 0x42, 0x10, 0x84, 0x21, 0x08, 0x42, 0x0E, 0x74, 0xE7, 0x38, 0x39, 0xAC, 0x63, 0x18, 0xC6, 0x31,
  0x6B, 0x5C, 0xD6, 0xB5, 0xA9, 0x4A, 0x52, 0x94, 0xA5, 0x29, 0x4A, 0x52, 0x94, 0xA4, 0xA5, 0x29, 0x4A, 0x52, 0x94, 0x3A, 0x92, 0x9A, 0x10, 0x84,
  0x5E, 0x7D, 0x89, 0xFD, 0xEF, 0x7B, 0xA7, 0xF1, 0xCE, 0x76, 0x7B, 0xC7, 0x3F, 0x8C, 0x63, 0x78, 0xDE, 0x31, 0x8D, 0xE3, 0x19, 0x06, 0x41, 0x8C,
  0x63, 0x3A, 0x6D, 0x51, 0x8C, 0x63, 0x18, 0xC6, 0x31, 0x8C, 0x63, 0x18, 0xC6, 0x31, 0x8C, 0x63, 0x18, 0xC6, 0x31, 0x8C, 0x63, 0x18, 0xC6, 0x31,
  0x8C, 0x63, 0x18, 0xC6, 0x31, 0x8C, 0x63, 0x18, 0xC6, 0x31, 0x8C, 0x69, 0x98, 0xC6, 0x31, 0x8C, 0x63, 0x18, 0xC6, 0x31, 0x8C, 0x63, 0x1C, 0xE7,
  0x39, 0xCE, 0x73, 0x9C, 0xE7, 0x39, 0xCE, 0x74, 0x21, 0x08, 0x42, 0x10, 0x84, 0x21, 0x08, 0x4A, 0x10, 0x84, 0x25, 0x4A, 0x52, 0x94, 0xA4, 0xA9,
  0x4A, 0x52, 0x94, 0xA5, 0x29, 0x4B, 0x5A, 0xD6, 0xA5, 0xB1, 0x8C, 0x62, 0xD8, 0xC6, 0x31, 0x8C, 0x63, 0x1A, 0xD6, 0xB9, 0xAE, 0x73, 0x9D, 0x08,
  0x42, 0x10, 0x84, 0x21, 0x08, 0x42, 0x10, 0x84, 0x29, 0x4A, 0x52, 0x94, 0xA5, 0x6B, 0x5A, 0xDA, 0xD6, 0xB5, 0xAD, 0x6C, 0x63, 0x38, 0xC6, 0x33,
  0x9C, 0xE7, 0x39, 0xDE, 0xF7, 0xBE, 0x73, 0x9C, 0xE7, 0x39, 0xDE, 0xFF, 0xFF, 0xFF, 0xFF, 0xFF, 0xFF, 0xFF, 0xFF, 0xFF, 0xFF, 0xFF, 0xFF, 0xFF,
  0xFF, 0xFF, 0xFF, 0xFF, 0xFF, 0xFF, 0xFF, 0xFF, 0xFF, 0xFF, 0xFF, 0xFF, 0xFF, 0xFF, 0xFF, 0xFF, 0xFF, 0xFF, 0xFF, 0xFF, 0xFF, 0xFF, 0xFF, 0xFF,
  0xFF, 0xFF, 0xFF, 0xFF, 0xFF, 0xFF, 0xFF, 0xFF, 0xFF, 0xFF, 0xFF, 0xFF, 0xFF, 0xFF, 0xFF, 0xFF, 0xFF, 0xFF, 0xFF, 0xFF, 0xFF, 0xFF, 0xFF, 0xFF,
  0xFF, 0xFF, 0xFF, 0xFF, 0xFF, 0xFF, 0xFF, 0xFF, 0xFF, 0xFF, 0xFF, 0xFF, 0xFF, 0xFF, 0xF7, 0xBD, 0xEF, 0x39, 0xCE, 0x6F, 0x7B, 0xDF, 0x39, 0xCE,
  0x67, 0x39, 0xC6, 0x31, 0x8F, 0x76, 0xD6, 0xB5, 0xAD, 0x6B, 0x56, 0xB5, 0xEF, 0x7B, 0x4A, 0xD6, 0x94, 0x8C, 0x63, 0x08, 0x42, 0x10, 0x84, 0x21,
  0x08, 0x42, 0x10, 0x9D, 0x27, 0x17, 0x39, 0xAD, 0x63, 0x18, 0xC6, 0x31, 0x8B, 0x5C, 0xD6, 0xB5, 0xAD, 0x4A, 0x52, 0x94, 0xA5, 0x29, 0x4A, 0x52,
  0x94, 0xA5, 0x25, 0x29, 0x4A, 0x52, 0x94, 0xAE, 0x34, 0x9C, 0x50, 0x84, 0x23, 0xDE, 0x39, 0xFD, 0x33, 0x9C, 0xE7, 0xF1, 0xCE, 0x73, 0x9C, 0xFE,
  0x3F, 0x8E, 0x76, 0x74, 0xDE, 0x31, 0xBD, 0x4F, 0x18, 0xC6, 0x31, 0x8C, 0x63, 0x3A, 0x53, 0x99, 0x8C, 0x63, 0x18, 0xC6, 0x31, 0x8C, 0x63, 0x18,
  0xC6, 0x31, 0x8C, 0x63, 0x18, 0xC6, 0x31, 0x8C, 0x63, 0x18, 0xC6, 0x31, 0x8C, 0x63, 0x18, 0xC6, 0x31, 0x8C, 0x63, 0x18, 0xC6, 0x31, 0x8D, 0x23,
  0x18, 0xC6, 0x31, 0x8C, 0x63, 0x18, 0xC6, 0x31, 0x8C, 0x63, 0x9C, 0xE7, 0x39, 0xCE, 0x75, 0x1C, 0xE7, 0x39, 0xCE, 0x84, 0x21, 0x08, 0x42, 0x10,
  0x84, 0x21, 0x08, 0x4A, 0x50, 0x94, 0xA9, 0x4A, 0x52, 0x94, 0x95, 0x29, 0x4A, 0x52, 0x94, 0xA5, 0x29, 0x6B, 0x5A, 0x96, 0xB5, 0xB1, 0x8C, 0x5B,
  0x18, 0xD6, 0x31, 0x8C, 0x63, 0x5A, 0xD6, 0xB9, 0xAE, 0x74, 0x20, 0xE7, 0x3A, 0x10, 0x84, 0x21, 0x08, 0x42, 0x10, 0x85, 0x29, 0x5A, 0x56, 0x94,
  0xAD, 0x6B, 0x5B, 0x5A, 0xD6, 0xB5, 0xAD, 0x6C, 0x67, 0x38, 0xC6, 0x73, 0x9C, 0xE7, 0x3B, 0xDE, 0xF7, 0xBE, 0x73, 0x9C, 0xE7, 0x3B, 0xDF, 0xFF,
  0xFF, 0xFF, 0xFF, 0xFF, 0xFF, 0xFF, 0xFF, 0xFF, 0xFF, 0xFF, 0xFF, 0xFF, 0xFF, 0xFF, 0xFF, 0xFF, 0xFF, 0xFF, 0xFF, 0xFF, 0xFF, 0xFF, 0xFF, 0xFF,
  0xFF, 0xFF, 0xFF, 0xFF, 0xFF, 0xFF, 0xFF, 0xFF, 0xFF, 0xFF, 0xFF, 0xFF, 0xFF, 0xFF, 0xFF, 0xFF, 0xFF, 0xFF, 0xFF, 0xFF, 0xFF, 0xFF, 0xFF, 0xFF,
  0xFF, 0xFF, 0xFF, 0xFF, 0xFF, 0xFF, 0xFF, 0xFF, 0xFF, 0xFF, 0xFF, 0xFF, 0xFF, 0xFF, 0xFF, 0xFF, 0xFF, 0xFF, 0xFF, 0xFF, 0xFF, 0xFF, 0xFF, 0xFF,
  0xFF, 0xFF, 0xF7, 0xBD, 0xEF, 0x79, 0xCE, 0x73, 0x7B, 0xDF, 0x39, 0xCC, 0xF3, 0xB9, 0xC6, 0x31, 0xDE, 0xE2, 0xD6, 0xB6, 0x31, 0x6B, 0x56, 0xB5,
  0xEF, 0x69, 0x5A, 0xD6, 0x94, 0xA4, 0x61, 0x08, 0x42, 0x10, 0x84, 0x21, 0x08, 0x42, 0x10, 0x84, 0xE9, 0x37, 0x35, 0xAD, 0x6B, 0x18, 0xC6, 0x31,
  0x8C, 0x5C, 0xD6, 0xB5, 0xAD, 0x6A, 0x52, 0x94, 0xA5, 0x29, 0x4A, 0x52, 0x94, 0xA5, 0x29, 0x49, 0x4A, 0x52, 0x94, 0xA6, 0x52, 0xEC, 0x90, 0x84,
  0x23, 0xDD, 0x41, 0xD7, 0xEA, 0xD6, 0x67, 0xF1, 0xCE, 0x7F, 0x4F, 0xBD, 0x3D, 0x7D, 0x4F, 0x1C, 0xFE, 0x34, 0xFA, 0x6A, 0x50, 0xC6, 0x31, 0x8C,
  0x63, 0x1A, 0x53, 0x9B, 0x8C, 0x63, 0x18, 0xC6, 0x31, 0x8C, 0x63, 0x18, 0xC6, 0x31, 0x8C, 0x63, 0x18, 0xC6, 0x31, 0x8C, 0x63, 0x18, 0xC6, 0x31,
  0x8C, 0x63, 0x18, 0xC6, 0x64, 0xA7, 0x33, 0x18, 0xC6, 0x31, 0x8D, 0x43, 0x18, 0xC6, 0x31, 0x8C, 0x63, 0x18, 0xC6, 0x31, 0xCE, 0x73, 0x9C, 0xE7,
  0x39, 0xCE, 0x73, 0x9C, 0xE7, 0x39, 0xCE, 0x84, 0x21, 0x08, 0x42, 0x12, 0x84, 0x21, 0x29, 0x4A, 0x52, 0x95, 0x29, 0x4A, 0x52, 0x54, 0xA5, 0x29,
  0x4A, 0x52, 0x94, 0xA5, 0x2D, 0x6B, 0x52, 0x96, 0xB6, 0x31, 0x8B, 0x5B, 0x1A, 0xC6, 0x31, 0x8C, 0x6B, 0x5A, 0xD6, 0xB9, 0xCE, 0x73, 0xA1, 0x07,
  0x42, 0x10, 0x84, 0x21, 0x08, 0x42, 0x11, 0xA5, 0x29, 0x4A, 0xD2, 0x95, 0xAD, 0x6B, 0x5B, 0x5A, 0xD6, 0xB5, 0xAD, 0x8C, 0xE7, 0x18, 0xC6, 0x73,
  0x9C, 0xF3, 0x7B, 0xDE, 0xF7, 0xCE, 0x73, 0x9C, 0xE7, 0x7B, 0xDF, 0xFF, 0xFF, 0xFF, 0xFF, 0xFF, 0xFF, 0xFF, 0xFF, 0xFF, 0xFF, 0xFF, 0xFF, 0xFF,
  0xFF, 0xFF, 0xFF, 0xFF, 0xFF, 0xFF, 0xFF, 0xFF, 0xFF, 0xFF, 0xFF, 0xFF, 0xFF, 0xFF, 0xFF, 0xFF, 0xFF, 0xFF, 0xFF, 0xFF, 0xFF, 0xFF, 0xFF, 0xFF,
  0xFF, 0xFF, 0xFF, 0xFF, 0xFF, 0xFF, 0xFF, 0xFF, 0xFF, 0xFF, 0xFF, 0xFF, 0xFF, 0xFF, 0xFF, 0xFF, 0xFF, 0xFF, 0xFF, 0xFF, 0xFF, 0xFF, 0xFF, 0xFF,
  0xFF, 0xFF, 0xFF, 0xFF, 0xFF, 0xFF, 0xFF, 0xFF, 0xFF, 0xFF, 0xFF, 0xFF, 0xFF, 0xFF, 0xFF, 0xBD, 0xE7, 0x7B, 0xCE, 0x73, 0x9B, 0xE7, 0x39, 0xCE,
  0xF7, 0xDD, 0xCE, 0x39, 0xDE, 0xE3, 0x16, 0xC6, 0x2D, 0x6B, 0x67, 0xBD, 0xED, 0x6B, 0x5A, 0xD6, 0xB4, 0xA5, 0x21, 0x08, 0x42, 0x10, 0x84, 0x21,
  0x08, 0x42, 0x10, 0x84, 0x27, 0x49, 0xB5, 0xAD, 0x6B, 0x5A, 0xC6, 0x31, 0x8C, 0x64, 0x56, 0xB5, 0xAD, 0x6B, 0x5A, 0x94, 0xA5, 0x29, 0x4A, 0x52,
  0x94, 0xA5, 0x29, 0x4A, 0x4A, 0x52, 0x94, 0xA5, 0x34, 0x9C, 0x90, 0x84, 0x21, 0x08, 0x44, 0x50, 0x74, 0x20, 0xE7, 0x39, 0xCE, 0x73, 0xB4, 0xE7,
  0x39, 0xCE, 0xD3, 0x9C, 0xE7, 0x39, 0xCE, 0x63, 0x18, 0xC6, 0x31, 0x8C, 0x63, 0x19, 0x53, 0x9B, 0x8C, 0x63, 0x18, 0xC6, 0x31, 0x8C, 0x63, 0x18,
  0xC6, 0x31, 0x8C, 0x63, 0x18, 0xC6, 0x31, 0x8C, 0x63, 0x18, 0xC6, 0x31, 0x8C, 0x63, 0x18, 0xD4, 0x31, 0x8D, 0x2E, 0xD0, 0xC6, 0x31, 0xA9, 0x13,
  0x18, 0xC6, 0x31, 0x8C, 0x63, 0x18, 0xE7, 0x39, 0xCE, 0x73, 0x9C, 0xE7, 0x39, 0xCE, 0x75, 0x1D, 0x07, 0x39, 0xCE, 0x84, 0x21, 0x08, 0x4A, 0x52,
  0x84, 0x21, 0x29, 0x4A, 0x92, 0x95, 0x29, 0x4A, 0x4A, 0x94, 0xA6, 0x29, 0x4A, 0x52, 0x94, 0xB5, 0xAD, 0x6A, 0x5A, 0xD6, 0xB5, 0xAD, 0x8C, 0x63,
  0x5A, 0xC6, 0x31, 0xAD, 0x6B, 0x5A, 0xD6, 0xB9, 0xCE, 0x74, 0x1C, 0xE8, 0x42, 0x10, 0x84, 0x21, 0x08, 0x42, 0x14, 0xA5, 0x29, 0x4A, 0x52, 0xB5,
  0xAD, 0x6B, 0x6B, 0x5A, 0xD6, 0xB5, 0xB1, 0x8C, 0x63, 0x18, 0xCE, 0x73, 0x9C, 0xEF, 0x7B, 0xDE, 0xF9, 0xCE, 0x73, 0x9C, 0xE7, 0x7B, 0xFF, 0xFF,
  0xFF, 0xFF, 0xFF, 0xFF, 0xFF, 0xFF, 0xFF, 0xFF, 0xFF, 0xFF, 0xFF, 0xFF, 0xFF, 0xFF, 0xFF, 0xFF, 0xFF, 0xFF, 0xFF, 0xFF, 0xFF, 0xFF, 0xFF, 0xFF,
  0xFF, 0xFF, 0xFF, 0xFF, 0xFF, 0xFF, 0xFF, 0xFF, 0xFF, 0xFF, 0xFF, 0xFF, 0xFF, 0xFF, 0xFF, 0xFF, 0xFF, 0xFF, 0xFF, 0xFF, 0xFF, 0xFF, 0xFF, 0xFF,
  0xFF, 0xFF, 0xFF, 0xFF, 0xFF, 0xFF, 0xFF, 0xFF, 0xFF, 0xFF, 0xFF, 0xFF, 0xFF, 0xFF, 0xFF, 0xFF, 0xFF, 0xFF, 0xFF, 0xFF, 0xFF, 0xFF, 0xFF, 0xFF,
  0xFF, 0xFF, 0xFF, 0xFD, 0xEF, 0x7B, 0xDE, 0x73, 0x9C, 0xE7, 0x39, 0xDF, 0x77, 0xBD, 0xCF, 0x7B, 0xDC, 0x63, 0x18, 0xB5, 0xB1, 0xCE, 0xF7, 0xB9,
  0xAD, 0x6B, 0x5A, 0xD6, 0xB5, 0xA5, 0x29, 0x08, 0x42, 0x10, 0x84, 0x21, 0x08, 0x42, 0x10, 0x84, 0x23, 0x49, 0xB5, 0xAD, 0x6B, 0x5A, 0xD6, 0x31,
  0x8C, 0x64, 0x5C, 0xB5, 0xAD, 0x6B, 0x5A, 0xD4, 0xA5, 0x29, 0x4A, 0x52, 0x94, 0xA5, 0x29, 0x4A, 0x52, 0x92, 0x94, 0xA5, 0x32, 0xAC, 0xA6, 0x84,
  0x21, 0x08, 0x8D, 0x10, 0x84, 0x1C, 0xE7, 0x39, 0xDB, 0x33, 0x9C, 0xE7, 0x39, 0xCE, 0x73, 0x9C, 0xE7, 0x39, 0xCE, 0xA3, 0x9C, 0xE6, 0x31, 0x8C,
  0x63, 0x18, 0xCA, 0x74, 0x5C, 0x63, 0x18, 0xC6, 0x31, 0x8C, 0x63, 0x18, 0xC6, 0x31, 0x8C, 0x63, 0x18, 0xC6, 0x31, 0x8C, 0x63, 0x18, 0xC6, 0x31,
  0x8C, 0x63, 0x1A, 0x86, 0x31, 0x8C, 0x63, 0x22, 0x74, 0xA4, 0x4C, 0x63, 0x18, 0xC6, 0x31, 0x8E, 0x73, 0x9C, 0xE7, 0x39, 0xCE, 0x73, 0x9C, 0xE7,
  0x39, 0xCE, 0x73, 0x9C, 0xE7, 0x39, 0xCE, 0x74, 0x21, 0x09, 0x4A, 0x10, 0x94, 0xA5, 0x29, 0x4A, 0x52, 0xA5, 0x29, 0x2A, 0x52, 0x94, 0xA5, 0x29,
  0x4A, 0x52, 0xD6, 0xB5, 0xAD, 0x6B, 0x5A, 0xD6, 0xB5, 0xAD, 0x8C, 0x63, 0x18, 0xC6, 0x35, 0xAD, 0x6B, 0x5A, 0xD7, 0x3A, 0x10, 0x84, 0x1D, 0x08,
  0x42, 0x10, 0x84, 0x21, 0x08, 0x42, 0x94, 0xA5, 0x29, 0x4A, 0x56, 0xB5, 0xAD, 0x6D, 0x6B, 0x5A, 0xD6, 0xB6, 0x31, 0x8C, 0x63, 0x19, 0xCE, 0x73,
  0x9C, 0xEF, 0x7B, 0xDF, 0x39, 0xCE, 0x73, 0x9C, 0xEF, 0x7F, 0xFF, 0xFF, 0xFF, 0xFF, 0xFF, 0xFF, 0xFF, 0xFF, 0xFF, 0xFF, 0xFF, 0xFF, 0xFF, 0xFF,
  0xFF, 0xFF, 0xFF, 0xFF, 0xFF, 0xFF, 0xFF, 0xFF, 0xFF, 0xFF, 0xFF, 0xFF, 0xFF, 0xFF, 0xFF, 0xFF, 0xFF, 0xFF, 0xFF, 0xFF, 0xFF, 0xFF, 0xFF, 0xFF,
  0xFF, 0xFF, 0xFF, 0xFF, 0xFF, 0xFF, 0xFF, 0xFF, 0xFF, 0xFF, 0xFF, 0xFF, 0xFF, 0xFF, 0xFF, 0xFF, 0xFF, 0xFF, 0xFF, 0xFF, 0xFF, 0xFF, 0xFF, 0xFF,
  0xFF, 0xFF, 0xFF, 0xFF, 0xFF, 0xFF, 0xFF, 0xFF, 0xFF, 0xFF, 0xFF, 0xFF, 0xFF, 0xFF, 0xFF, 0xFF, 0xEF, 0x7B, 0xDE, 0x73, 0x9C, 0xE7, 0x3B, 0xEE,
  0xE7, 0x3E, 0xEF, 0x73, 0x8C, 0x63, 0x18, 0xC6, 0x31, 0x8E, 0xF7, 0x76, 0xAD, 0x6B, 0x5A, 0xD6, 0xB4, 0xA5, 0x29, 0x48, 0x42, 0x10, 0x84, 0x21,
  0x08, 0x42, 0x10, 0x84, 0x27, 0x48, 0x46, 0x0D, 0x6B, 0x5A, 0xD6, 0xB1, 0x8C, 0x63, 0x60, 0xC5, 0xAD, 0x6B, 0x5A, 0xD6, 0xA5, 0x29, 0x4A, 0x52,
  0x94, 0xA5, 0x29, 0x4A, 0x52, 0x94, 0xA4, 0xA5, 0x2D, 0x8F, 0x67, 0x24, 0xA1, 0x08, 0xA2, 0x50, 0x84, 0x21, 0x07, 0x39, 0xFB, 0x33, 0x9C, 0xE7,
  0x51, 0xCE, 0x73, 0x9D, 0x47, 0x49, 0xD3, 0x23, 0x9C, 0xE7, 0x39, 0xCE, 0x63, 0x18, 0xC6, 0x74, 0xDC, 0x63, 0x18, 0xC6, 0x31, 0x8C, 0x63, 0x1C,
  0xE6, 0x32, 0x8D, 0x29, 0x98, 0xC6, 0x31, 0x8C, 0x63, 0x18, 0xC6, 0x31, 0x8C, 0x63, 0x2E, 0x26, 0x31, 0x8C, 0x63, 0x18, 0xC6, 0x31, 0x8C, 0x63,
  0x18, 0xE7, 0x39, 0xCE, 0x73, 0x9C, 0xE7, 0x39, 0xCE, 0x73, 0x9C, 0xE7, 0x42, 0x0E, 0x73, 0x9C, 0xE7, 0x39, 0xD0, 0x84, 0x21, 0x09, 0x42, 0x10,
  0x94, 0xA5, 0x49, 0x4A, 0x52, 0xA5, 0x29, 0x4A, 0x52, 0x94, 0xA5, 0x29, 0x4B, 0x52, 0xD6, 0xB5, 0xAD, 0x6B, 0x5A, 0xD6, 0xB5, 0xB1, 0x8D, 0x6B,
  0x58, 0xC6, 0xB5, 0xAD, 0x6B, 0x5A, 0xE7, 0x39, 0xD0, 0x73, 0xA1, 0x08, 0x42, 0x10, 0x84, 0x23, 0x18, 0x52, 0x94, 0xA5, 0x6B, 0x4A, 0xD6, 0xB5,
  0xAD, 0xAD, 0x6B, 0x5A, 0xD6, 0xC6, 0x31, 0x8C, 0x63, 0x39, 0xCE, 0x73, 0x9D, 0xEF, 0x7B, 0xDF, 0x39, 0xCE, 0x73, 0x9D, 0xEF, 0xFF, 0xFF, 0xFF,
  0xFF, 0xFF, 0xFF, 0xFF, 0xFF, 0xFF, 0xFF, 0xFF, 0xFF, 0xFF, 0xFF, 0xFF, 0xFF, 0xFF, 0xFF, 0xFF, 0xFF, 0xFF, 0xFF, 0xFF, 0xFF, 0xFF, 0xFF, 0xFF,
  0xFF, 0xFF, 0xFF, 0xFF, 0xFF, 0xFF, 0xFF, 0xFF, 0xFF, 0xFF, 0xFF, 0xFF, 0xFF, 0xFF, 0xFF, 0xFF, 0xFF, 0xFF, 0xFF, 0xFF, 0xFF, 0xFF, 0xFF, 0xFF,
  0xFF, 0xFF, 0xFF, 0xFF, 0xFF, 0xFF, 0xFF, 0xFF, 0xFF, 0xFF, 0xFF, 0xFF, 0xFF, 0xFF, 0xFF, 0xFF, 0xFF, 0xFF, 0xFF, 0xFF, 0xFF, 0xFF, 0xFF, 0xFF,
  0xFF, 0xFF, 0xFF, 0xFF, 0xEF, 0x7B, 0xDE, 0x73, 0x9D, 0xEF, 0x3D, 0xDD, 0xF3, 0x9D, 0xEE, 0x73, 0x9C, 0x63, 0x19, 0xC6, 0x31, 0x6E, 0xF7, 0xB6,
  0xB5, 0x6B, 0x5A, 0xD6, 0x94, 0xA5, 0x29, 0x4A, 0x42, 0x10, 0x84, 0x21, 0x08, 0x42, 0x10, 0x84, 0x67, 0x39, 0xCE, 0x6D, 0x6B, 0x5A, 0xD6, 0xB5,
  0xAC, 0x63, 0x60, 0xC6, 0x2D, 0x6B, 0x5A, 0xD6, 0xB5, 0xA9, 0x4A, 0x52, 0x94, 0xA5, 0x29, 0x4A, 0x52, 0x94, 0xA5, 0x25, 0x29, 0x8C, 0xE9, 0x39,
  0xA5, 0x33, 0xA2, 0x10, 0x84, 0x21, 0x08, 0x43, 0x7A, 0x73, 0x9C, 0xEA, 0x91, 0xE4, 0x79, 0x28, 0xE7, 0x39, 0xCE, 0x73, 0x9C, 0xE7, 0x39, 0xCE,
  0x73, 0x9C, 0xE7, 0x54, 0x67, 0x13, 0x18, 0xC6, 0x31, 0x8C, 0x63, 0x1C, 0xE7, 0x94, 0x67, 0x49, 0xA0, 0xE6, 0x31, 0x8C, 0x73, 0x18, 0xC6, 0x31,
  0x8C, 0x63, 0x50, 0xC6, 0x31, 0x8C, 0x63, 0x18, 0xC6, 0x31, 0xCE, 0x73, 0x9C, 0xE7, 0x39, 0xCE, 0x73, 0x9C, 0xE7, 0x39, 0xCE, 0x73, 0xA1, 0x08,
  0x41, 0xCE, 0x73, 0x9C, 0xE7, 0x42, 0x10, 0x84, 0x21, 0x08, 0x42, 0x12, 0x95, 0x29, 0x49, 0x4A, 0x52, 0x95, 0x29, 0x4A, 0x52, 0x9A, 0xA5, 0x29,
  0x6B, 0x52, 0xD6, 0xB5, 0xAD, 0x6B, 0x5A, 0xD6, 0xB6, 0x31, 0x8D, 0x6B, 0x5A, 0xD7, 0x39, 0xAD, 0x6B, 0x5C, 0xE7, 0x39, 0xCE, 0x84, 0x21, 0x08,
  0x42, 0x10, 0x84, 0x21, 0x0A, 0x52, 0x94, 0xA5, 0x6B, 0x5A, 0xD6, 0xB5, 0xB5, 0xAD, 0x6B, 0x5A, 0xD8, 0xC6, 0x31, 0x8C, 0x67, 0x39, 0xCE, 0x73,
  0xBD, 0xEF, 0x7B, 0xE7, 0x39, 0xCE, 0x73, 0xBD, 0xEF, 0xFF, 0xFF, 0xFF, 0xFF, 0xFF, 0xFF, 0xFF, 0xFF, 0xFF, 0xFF, 0xFF, 0xFF, 0xFF, 0xFF, 0xFF,
  0xFF, 0xFF, 0xFF, 0xFF, 0xFF, 0xFF, 0xFF, 0xFF, 0xFF, 0xFF, 0xFF, 0xFF, 0xFF, 0xFF, 0xFF, 0xFF, 0xFF, 0xFF, 0xFF, 0xFF, 0xFF, 0xFF, 0xFF, 0xFF,
  0xFF, 0xFF, 0xFF, 0xFF, 0xFF, 0xFF, 0xFF, 0xFF, 0xFF, 0xFF, 0xFF, 0xFF, 0xFF, 0xFF, 0xFF, 0xFF, 0xFF, 0xFF, 0xFF, 0xFF, 0xFF, 0xFF, 0xFF, 0xFF,
  0xFF, 0xFF, 0xFF, 0xFF, 0xFF, 0xFF, 0xFF, 0xFF, 0xFF, 0xFF, 0xFF, 0xFF, 0xFF, 0xFF, 0xFF, 0xFF, 0xFF, 0xBD, 0xEF, 0x7B, 0xDE, 0xF7, 0xBD, 0xCE,
  0x73, 0x99, 0xCE, 0x79, 0x9C, 0x67, 0x39, 0xCE, 0x31, 0x6E, 0xF7, 0xB6, 0xB5, 0xB3, 0x9A, 0xD6, 0x94, 0xA5, 0x29, 0x4A, 0x52, 0x10, 0x8C, 0x21,
  0x08, 0x42, 0x10, 0x85, 0x27, 0x39, 0xB9, 0xCE, 0x83, 0x5C, 0xD6, 0xB6, 0x11, 0x84, 0x58, 0xC6, 0x31, 0x8B, 0x5A, 0xD6, 0xB5, 0xAD, 0x4A, 0x52,
  0x94, 0xA5, 0x29, 0x4A, 0x52, 0x94, 0xA5, 0x29, 0x49, 0x4C, 0xE7, 0x39, 0xA5, 0x34, 0x9A, 0x10, 0x84, 0x21, 0x08, 0x47, 0x68, 0x83, 0x9C, 0xF2,
  0x54, 0xD4, 0x75, 0x28, 0xE7, 0x39, 0xCE, 0x73, 0x9C, 0xE7, 0x39, 0xCE, 0x73, 0x9C, 0xE7, 0x3C, 0xA9, 0x25, 0x1C, 0xC6, 0x31, 0x8C, 0x63, 0x1C,
  0xE9, 0x9D, 0x27, 0xA9, 0x9C, 0xC6, 0x31, 0x8C, 0xD3, 0x18, 0xC6, 0x31, 0x8D, 0x39, 0x98, 0xC6, 0x31, 0x8C, 0x73, 0x9C, 0xE7, 0x39, 0xCE, 0x73,
  0x9C, 0xE7, 0x39, 0xCE, 0x73, 0x9C, 0xE7, 0x39, 0xD0, 0x84, 0x21, 0x08, 0x41, 0xCE, 0xA3, 0xA1, 0x08, 0x42, 0x10, 0x84, 0x21, 0x08, 0x4A, 0x54,
  0xA5, 0x29, 0x49, 0x4A, 0x54, 0xA5, 0x29, 0x4A, 0x52, 0x9A, 0xA5, 0x2D, 0x6B, 0x52, 0xD6, 0xB6, 0x2D, 0x6B, 0x5A, 0xD8, 0xC6, 0xB5, 0xAD, 0x6B,
  0x5A, 0xE7, 0x39, 0xCD, 0x6B, 0x9C, 0xE7, 0x39, 0xD0, 0x84, 0x21, 0x08, 0x42, 0x10, 0x84, 0x21, 0x4A, 0x52, 0x94, 0xA5, 0x6B, 0x5A, 0xD6, 0xB6,
  0xB5, 0xAD, 0x6B, 0x5B, 0x18, 0xC6, 0x31, 0x8C, 0x67, 0x39, 0xCE, 0x77, 0xBD, 0xEF, 0x7C, 0xE7, 0x39, 0xCE, 0x73, 0xBD, 0xFF, 0xFF, 0xFF, 0xFF,
  0xFF, 0xFF, 0xFF, 0xFF, 0xFF, 0xFF, 0xFF, 0xFF, 0xFF, 0xFF, 0xFF, 0xFF, 0xFF, 0xFF, 0xFF, 0xFF, 0xFF, 0xFF, 0xFF, 0xFF, 0xFF, 0xFF, 0xFF, 0xFF,
  0xFF, 0xFF, 0xFF, 0xFF, 0xFF, 0xFF, 0xFF, 0xFF, 0xFF, 0xFF, 0xFF, 0xFF, 0xFF, 0xFF, 0xFF, 0xFF, 0xFF, 0xFF, 0xFF, 0xFF, 0xFF, 0xFF, 0xFF, 0xFF,
  0xFF, 0xFF, 0xFF, 0xFF, 0xFF, 0xFF, 0xFF, 0xFF, 0xFF, 0xFF, 0xFF, 0xFF, 0xFF, 0xFF, 0xFF, 0xFF, 0xFF, 0xFF, 0xFF, 0xFF, 0xFF, 0xFF, 0xFF, 0xFF,
  0xFF, 0xFF, 0xFF, 0xFF, 0xFF, 0xFB, 0xDE, 0xF3, 0x9D, 0xEF, 0x7B, 0xCE, 0x73, 0x79, 0xCE, 0x73, 0xCC, 0xE3, 0x19, 0xCE, 0x31, 0xDE, 0xF7, 0xBD,
  0xDE, 0x7B, 0x5A, 0xD6, 0xB4, 0xA5, 0x29, 0x4A, 0x52, 0x91, 0x8C, 0x61, 0x08, 0x42, 0x10, 0x9D, 0x27, 0x37, 0x39, 0xCE, 0x74, 0x5A, 0xE8, 0x41,
  0xB1, 0x6C, 0x18, 0xC6, 0x31, 0x8C, 0x5A, 0xD6, 0xB5, 0xAD, 0x6B, 0x52, 0x94, 0xA5, 0x29, 0x4A, 0x52, 0x94, 0xA5, 0x29, 0x4A, 0x53, 0x67, 0x58,
  0xAD, 0x34, 0x9A, 0x52, 0x84, 0x21, 0x08, 0x8F, 0x50, 0x84, 0x20, 0xEA, 0x91, 0xCE, 0x79, 0x28, 0xE7, 0x39, 0xCE, 0x73, 0x9C, 0xE7, 0x39, 0xCE,
  0x73, 0x9C, 0xE7, 0x3A, 0xA5, 0x39, 0x28, 0xE7, 0x39, 0xCE, 0x73, 0x9C, 0xF3, 0x9D, 0x27, 0x39, 0x18, 0xC6, 0x31, 0x8C, 0x76, 0x98, 0xC6, 0x33,
  0x68, 0x73, 0x9C, 0xE7, 0x39, 0xCE, 0x73, 0x9C, 0xE7, 0x39, 0xCE, 0x73, 0x9C, 0xE7, 0x39, 0xCE, 0x73, 0x9C, 0xE8, 0x42, 0x10, 0x84, 0x21, 0x08,
  0x41, 0xD4, 0xA4, 0x21, 0x08, 0x42, 0x10, 0x84, 0x21, 0x29, 0x4A, 0x94, 0xA4, 0xA5, 0x29, 0x52, 0x94, 0xA5, 0x29, 0x4A, 0x52, 0x94, 0xA5, 0x2D,
  0x6B, 0x52, 0xD6, 0xC6, 0x2D, 0x6B, 0x5B, 0x18, 0xC6, 0x31, 0x8C, 0x6B, 0x5C, 0xE7, 0x35, 0xCE, 0x73, 0x9C, 0xE7, 0x3A, 0x10, 0x84, 0x21, 0x08,
  0x42, 0x11, 0x8C, 0x29, 0x4A, 0x52, 0x94, 0xA5, 0x6B, 0x5A, 0xD6, 0xD6, 0xB5, 0xAD, 0x6B, 0x63, 0x18, 0xC6, 0x31, 0x8C, 0xE7, 0x39, 0xCE, 0x77,
  0xBD, 0xEF, 0x9C, 0xE7, 0x39, 0xCE, 0x77, 0xBF, 0xFF, 0xFF, 0xFF, 0xFF, 0xFF, 0xFF, 0xFF, 0xFF, 0xFF, 0xFF, 0xFF, 0xFF, 0xFF, 0xFF, 0xFF, 0xFF,
  0xFF, 0xFF, 0xFF, 0xFF, 0xFF, 0xFF, 0xFF, 0xFF, 0xFF, 0xFF, 0xFF, 0xFF, 0xFF, 0xFF, 0xFF, 0xFF, 0xFF, 0xFF, 0xFF, 0xFF, 0xFF, 0xFF, 0xFF, 0xFF,
  0xFF, 0xFF, 0xFF, 0xFF, 0xFF, 0xFF, 0xFF, 0xFF, 0xFF, 0xFF, 0xFF, 0xFF, 0xFF, 0xFF, 0xFF, 0xFF, 0xFF, 0xFF, 0xFF, 0xFF, 0xFF, 0xFF, 0xFF, 0xFF,
  0xFF, 0xFF, 0xFF, 0xFF, 0xFF, 0xFF, 0xFF, 0xFF, 0xFF, 0xFF, 0xFF, 0xFF, 0xFF, 0xFF, 0xFF, 0xFF, 0xFF, 0xFF, 0xDE, 0xF3, 0x9D, 0xEF, 0x39, 0xCE,
  0x73, 0x7B, 0xCF, 0x33, 0x9E, 0x67, 0x19, 0xCE, 0x31, 0x8B, 0x77, 0xBD, 0xEF, 0x73, 0x6A, 0xD6, 0xB5, 0xA5, 0x29, 0x4A, 0x52, 0x94, 0x8C, 0x61,
  0x08, 0x42, 0x13, 0x9C, 0x67, 0x07, 0x39, 0xCE, 0x73, 0x9D, 0x08, 0xC2, 0x0D, 0x6B, 0x58, 0xC6, 0x31, 0x8C, 0x62, 0xD6, 0xB5, 0xAD, 0x6B, 0x5A,
  0x94, 0xA5, 0x29, 0x4A, 0x52, 0x94, 0xA5, 0x29, 0x4A, 0x53, 0xA7, 0x39, 0xCD, 0x33, 0xA2, 0x52, 0x94, 0xA1, 0x08, 0xEB, 0x50, 0x84, 0x21, 0x0A,
  0x41, 0xCE, 0x79, 0x9C, 0xE7, 0x39, 0xCE, 0x73, 0x9C, 0xE7, 0x39, 0xCE, 0x73, 0x9C, 0xE7, 0x39, 0xD5, 0x29, 0xC9, 0x47, 0x39, 0xCE, 0x73, 0xA6,
  0x73, 0xA4, 0xF5, 0x29, 0x1E, 0x67, 0x39, 0xCE, 0x76, 0x9C, 0xE7, 0x9B, 0x4E, 0x73, 0x9C, 0xE7, 0x39, 0xCE, 0x73, 0x9C, 0xE7, 0x39, 0xCE, 0x73,
  0x9C, 0xE7, 0x39, 0xCE, 0x84, 0x21, 0x08, 0x42, 0x10, 0x73, 0xA1, 0x08, 0x42, 0x10, 0x84, 0x21, 0x08, 0x42, 0x10, 0x84, 0xA5, 0x2A, 0x52, 0x94,
  0x94, 0xA5, 0x4A, 0x52, 0x94, 0xA5, 0x29, 0x4A, 0x52, 0x94, 0xA5, 0x2D, 0x6B, 0x5A, 0xD6, 0xB5, 0xB1, 0x8B, 0x63, 0x18, 0xC6, 0x31, 0x8D, 0x6B,
  0x9C, 0xE7, 0x35, 0xCE, 0x73, 0x9C, 0xE7, 0x42, 0x10, 0x84, 0x21, 0x08, 0x42, 0x11, 0x85, 0x29, 0x4A, 0x52, 0x94, 0xA5, 0x6B, 0x5A, 0xDA, 0xD6,
  0xB5, 0xAD, 0x6B, 0x63, 0x18, 0xC6, 0x31, 0x9C, 0xE7, 0x39, 0xCE, 0xF7, 0xBD, 0xEF, 0x9C, 0xE7, 0x39, 0xCE, 0xF7, 0xFF, 0xFF, 0xFF, 0xFF, 0xFF,
  0xFF, 0xFF, 0xFF, 0xFF, 0xFF, 0xFF, 0xFF, 0xFF, 0xFF, 0xFF, 0xFF, 0xFF, 0xFF, 0xFF, 0xFF, 0xFF, 0xFF, 0xFF, 0xFF, 0xFF, 0xFF, 0xFF, 0xFF, 0xFF,
  0xFF, 0xFF, 0xFF, 0xFF, 0xFF, 0xFF, 0xFF, 0xFF, 0xFF, 0xFF, 0xFF, 0xFF, 0xFF, 0xFF, 0xFF, 0xFF, 0xFF, 0xFF, 0xFF, 0xFF, 0xFF, 0xFF, 0xFF, 0xFF,
  0xFF, 0xFF, 0xFF, 0xFF, 0xFF, 0xFF, 0xFF, 0xFF, 0xFF, 0xFF, 0xFF, 0xFF, 0xFF, 0xFF, 0xFF, 0xFF, 0xFF, 0xFF, 0xFF, 0xFF, 0xFF, 0xFF, 0xFF, 0xFF,
  0xFF, 0xFF, 0xFF, 0xFF, 0xFF, 0xFF, 0xDE, 0xF7, 0x9D, 0xEF, 0x79, 0xCE, 0x73, 0x9B, 0xE6, 0x73, 0xCC, 0xE7, 0x38, 0xC6, 0x33, 0x8C, 0x5A, 0xDC,
  0xEF, 0x6D, 0x6B, 0x56, 0xB5, 0xAD, 0x29, 0x4A, 0xD2, 0x94, 0xA4, 0x67, 0x19, 0xC6, 0x13, 0x9C, 0x23, 0x08, 0x39, 0xCE, 0x73, 0x9C, 0xE6, 0xB5,
  0xAD, 0x6B, 0x5A, 0xC6, 0x31, 0x8C, 0x63, 0x18, 0xB5, 0xAD, 0x6B, 0x5A, 0xD6, 0xA5, 0x29, 0x4A, 0x52, 0x94, 0xA5, 0x29, 0x4A, 0x52, 0xA7, 0x39,
  0xC5, 0x29, 0xA5, 0x12, 0x94, 0xA6, 0x9D, 0x9A, 0x10, 0x84, 0x21, 0x08, 0x42, 0x10, 0xA9, 0x1C, 0xE7, 0x39, 0xCE, 0x73, 0x9C, 0xE7, 0x39, 0xCE,
  0x73, 0x9C, 0xE7, 0x39, 0xCE, 0xC9, 0x4E, 0x52, 0x39, 0xCE, 0x73, 0xC6, 0x7A, 0x9C, 0xE9, 0xA9, 0x4A, 0x7A, 0x99, 0xCE, 0x74, 0x34, 0xED, 0x89,
  0xCE, 0x73, 0x9C, 0xE7, 0x39, 0xCE, 0x73, 0x9C, 0xE7, 0x39, 0xCE, 0x73, 0x9C, 0xE8, 0x42, 0x10, 0x84, 0x20, 0xE7, 0x3A, 0x0E, 0x83, 0xA1, 0x08,
  0x42, 0x50, 0x94, 0x21, 0x08, 0x42, 0x12, 0x94, 0xA5, 0x4A, 0x52, 0x94, 0xA5, 0x29, 0x4A, 0x52, 0x94, 0xA5, 0x29, 0x4A, 0x52, 0x94, 0xA5, 0xAD,
  0x6B, 0x5A, 0xD6, 0xB5, 0xAD, 0x8C, 0x63, 0x18, 0xC6, 0x31, 0xAD, 0x73, 0x9C, 0xE7, 0x39, 0xCE, 0x73, 0x9C, 0xE8, 0x42, 0x10, 0x84, 0x21, 0x08,
  0x46, 0x31, 0xA5, 0x29, 0x4A, 0x52, 0x94, 0xAD, 0x6B, 0x5B, 0x5A, 0xD6, 0xB5, 0xAD, 0x8C, 0x63, 0x18, 0xC6, 0x33, 0x9E, 0x67, 0x39, 0xDE, 0xF7,
  0xBD, 0xF3, 0x9C, 0xE7, 0x39, 0xDE, 0xF7, 0xFF, 0xFF, 0xFF, 0xFF, 0xFF, 0xFF, 0xFF, 0xFF, 0xFF, 0xFF, 0xFF, 0xFF, 0xFF, 0xFF, 0xFF, 0xFF, 0xFF,
  0xFF, 0xFF, 0xFF, 0xFF, 0xFF, 0xFF, 0xFF, 0xFF, 0xFF, 0xFF, 0xFF, 0xFF, 0xFF, 0xFF, 0xFF, 0xFF, 0xFF, 0xFF, 0xFF, 0xFF, 0xFF, 0xFF, 0xFF, 0xFF,
  0xFF, 0xFF, 0xFF, 0xFF, 0xFF, 0xFF, 0xFF, 0xFF, 0xFF, 0xFF, 0xFF, 0xFF, 0xFF, 0xFF, 0xFF, 0xFF, 0xFF, 0xFF, 0xFF, 0xFF, 0xFF, 0xFF, 0xFF, 0xFF,
  0xFF, 0xFF, 0xFF, 0xFF, 0xFF, 0xFF, 0xFF, 0xFF, 0xFF, 0xFF, 0xFF, 0xFF, 0xFF, 0xFF, 0xFF, 0xFF, 0xFF, 0xFF, 0xFE, 0xF7, 0xBD, 0xE7, 0x3B, 0xCE,
  0x6F, 0x7C, 0xE6, 0xF3, 0x9C, 0xE7, 0x39, 0xC7, 0x31, 0x8C, 0x62, 0xD6, 0xEE, 0x6D, 0x6B, 0x5A, 0xB5, 0xAD, 0x69, 0x5A, 0xD2, 0xB4, 0xBF, 0x69,
  0x4A, 0x52, 0x73, 0x8C, 0x27, 0x08, 0x41, 0xCE, 0x73, 0x9C, 0xE7, 0x35, 0xAD, 0x6B, 0x5A, 0xD6, 0x31, 0x8C, 0x63, 0x18, 0xC5, 0xAD, 0x6B, 0x5A,
  0xD6, 0xB5, 0x29, 0xAA, 0x6A, 0x94, 0xA5, 0x29, 0x4A, 0x52, 0xA7, 0x48, 0xC5, 0x49, 0x55, 0x28, 0x94, 0xD3, 0xAD, 0x4A, 0x65, 0x35, 0xA1, 0x08,
  0x42, 0x24, 0xA4, 0x21, 0x07, 0x39, 0xCE, 0x73, 0x9C, 0xE7, 0x39, 0xCE, 0x73, 0x9C, 0xE7, 0x39, 0xCE, 0x79, 0x4A, 0x92, 0x39, 0xCE, 0x79, 0xCE,
  0x94, 0x89, 0xCF, 0x4D, 0x6A, 0x74, 0x89, 0xCE, 0x73, 0xB8, 0xF5, 0x39, 0xCE, 0x73, 0x9C, 0xE7, 0x39, 0xCE, 0x73, 0x9C, 0xE7, 0x39, 0xCE, 0x73,
  0xA1, 0x08, 0x41, 0xCE, 0x83, 0x9C, 0xE7, 0x39, 0xD0, 0x84, 0x21, 0x09, 0x42, 0x50, 0x94, 0x25, 0x09, 0x4A, 0x52, 0x94, 0xA5, 0x4A, 0x52, 0x94,
  0xA5, 0x29, 0x4A, 0x52, 0x94, 0xA5, 0x29, 0x4A, 0x52, 0x94, 0xA5, 0x2D, 0x8C, 0x5A, 0xD6, 0xC5, 0xB1, 0x8C, 0x63, 0x18, 0xC6, 0x35, 0xAD, 0x73,
  0x9C, 0xE7, 0x41, 0xCE, 0x73, 0x9D, 0x08, 0x42, 0x10, 0x84, 0x21, 0x08, 0xC2, 0x34, 0xA5, 0x29, 0x4A, 0x52, 0x95, 0xAD, 0x6B, 0x6B, 0x5A, 0xD6,
  0xB5, 0xAD, 0x8C, 0x63, 0x19, 0xC6, 0x73, 0xCC, 0xE7, 0x3B, 0xDE, 0xF7, 0xBE, 0x73, 0x9C, 0xE7, 0x39, 0xDE, 0xFF, 0xFF, 0xFF, 0xFF, 0xFF, 0xFF,
  0xFF, 0xFF, 0xFF, 0xFF, 0xFF, 0xFF, 0xFF, 0xFF, 0xFF, 0xFF, 0xFF, 0xFF, 0xFF, 0xFF, 0xFF, 0xFF, 0xFF, 0xFF, 0xFF, 0xFF, 0xFF, 0xFF, 0xFF, 0xFF,
  0xFF, 0xFF, 0xFF, 0xFF, 0xFF, 0xFF, 0xFF, 0xFF, 0xFF, 0xFF, 0xFF, 0xFF, 0xFF, 0xFF, 0xFF, 0xFF, 0xFF, 0xFF, 0xFF, 0xFF, 0xFF, 0xFF, 0xFF, 0xFF,
  0xFF, 0xFF, 0xFF, 0xFF, 0xFF, 0xFF, 0xFF, 0xFF, 0xFF, 0xFF, 0xFF, 0xFF, 0xFF, 0xFF, 0xFF, 0xFF, 0xFF, 0xFF, 0xFF, 0xFF, 0xFF, 0xFF, 0xFF, 0xFF,
  0xFF, 0xFF, 0xFF, 0xFF, 0xFF, 0xFF, 0xFF, 0xF7, 0xBD, 0xE7, 0x39, 0xCE, 0x73, 0x7B, 0xDE, 0xF7, 0xCE, 0x67, 0x99, 0xCE, 0x31, 0x8C, 0xE3, 0x1C,
  0xED, 0xAD, 0x6B, 0x5A, 0xD5, 0xAD, 0x6B, 0x4A, 0x56, 0x95, 0xEF, 0x75, 0x39, 0xCE, 0x73, 0x9C, 0x67, 0x08, 0x42, 0x0E, 0x73, 0x9C, 0xE7, 0x39,
  0xAD, 0x6B, 0x5A, 0xD6, 0xB5, 0x8C, 0x63, 0x18, 0xC6, 0x31, 0x6B, 0x5A, 0xD6, 0xB5, 0xAD, 0x4A, 0x52, 0x94, 0xA5, 0x29, 0x4A, 0x52, 0xA7, 0x1E,
  0xC5, 0x4A, 0x54, 0xE9, 0x24, 0xF5, 0x29, 0x4A, 0x52, 0x94, 0x21, 0x0B, 0x42, 0x24, 0x84, 0x21, 0x08, 0x42, 0x0E, 0x73, 0x9C, 0xE7, 0x39, 0xCE,
  0x73, 0x9C, 0xE7, 0x39, 0xCE, 0x73, 0xCE, 0x92, 0x91, 0xD5, 0x19, 0xD2, 0x73, 0x61, 0xDD, 0x39, 0xCE, 0x74, 0x91, 0xCE, 0x73, 0xBA, 0x71, 0x39,
  0xCE, 0x73, 0x9C, 0xE7, 0x39, 0xCE, 0x73, 0x9C, 0xE7, 0x39, 0xCE, 0x74, 0x1C, 0xE7, 0x39, 0xCE, 0x73, 0x9C, 0xE8, 0x42, 0x52, 0x84, 0xA5, 0x09,
  0x42, 0x10, 0x84, 0x25, 0x29, 0x4A, 0x52, 0xB4, 0xA5, 0x29, 0x52, 0x94, 0xA5, 0x29, 0x4A, 0x52, 0x94, 0xA5, 0x29, 0x4A, 0x52, 0x94, 0xB5, 0xAD,
  0x8C, 0x63, 0x16, 0xC6, 0x31, 0x8C, 0x63, 0x1A, 0xD6, 0xB5, 0xAD, 0x73, 0x9C, 0xE8, 0x39, 0xCE, 0x73, 0xA1, 0x08, 0x42, 0x10, 0x84, 0x21, 0x18,
  0x42, 0x94, 0xA5, 0x69, 0x4A, 0x56, 0xB5, 0xAD, 0x6D, 0x6B, 0x5A, 0xD6, 0xB5, 0xB1, 0x8C, 0xE3, 0x19, 0xCE, 0x79, 0xCC, 0xE7, 0x7B, 0xDE, 0xF7,
  0xCE, 0x73, 0x9C, 0xE7, 0x3B, 0xDF, 0xFF, 0xFF, 0xFF, 0xFF, 0xFF, 0xFF, 0xFF, 0xFF, 0xFF, 0xFF, 0xFF, 0xFF, 0xFF, 0xFF, 0xFF, 0xFF, 0xFF, 0xFF,
  0xFF, 0xFF, 0xFF, 0xFF, 0xFF, 0xFF, 0xFF, 0xFF, 0xFF, 0xFF, 0xFF, 0xFF, 0xFF, 0xFF, 0xFF, 0xFF, 0xFF, 0xFF, 0xFF, 0xFF, 0xFF, 0xFF, 0xFF, 0xFF,
  0xFF, 0xFF, 0xFF, 0xFF, 0xFF, 0xFF, 0xFF, 0xFF, 0xFF, 0xFF, 0xFF, 0xFF, 0xFF, 0xFF, 0xFF, 0xFF, 0xFF, 0xFF, 0xFF, 0xFF, 0xFF, 0xFF, 0xFF, 0xFF,
  0xFF, 0xFF, 0xFF, 0xFF, 0xFF, 0xFF, 0xFF, 0xFF, 0xFF, 0xFF, 0xFF, 0xFF, 0xFF, 0xFF, 0xFF, 0xFF, 0xFF, 0xFF, 0xFF, 0xFF, 0xBD, 0xE7, 0x7B, 0xCE,
  0x73, 0x9B, 0xDE, 0xF7, 0xCE, 0x73, 0x99, 0xCE, 0x71, 0x8C, 0x77, 0x98, 0xC5, 0xAD, 0x6B, 0x5A, 0xD6, 0xAD, 0x6B, 0x5A, 0xD6, 0x9D, 0xEE, 0x69,
  0x48, 0x42, 0x10, 0x9C, 0xE1, 0x08, 0x42, 0x10, 0x83, 0x9C, 0xE7, 0x39, 0xCE, 0x6B, 0x5A, 0xD6, 0xB5, 0xAC, 0x63, 0x18, 0xC6, 0x31, 0x8B, 0x5A,
  0xD6, 0xB5, 0xAD, 0x6B, 0x52, 0x94, 0xA5, 0x29, 0x4A, 0x52, 0xA7, 0x3A, 0xCD, 0x4A, 0x54, 0xE9, 0x4A, 0x5D, 0x29, 0x4A, 0x52, 0x94, 0xA5, 0x2B,
  0x42, 0x16, 0x84, 0x21, 0x08, 0x42, 0x10, 0x84, 0x20, 0xE7, 0x39, 0xCE, 0x73, 0x9C, 0xE7, 0x39, 0xCE, 0x73, 0xCA, 0x93, 0x94, 0xA5, 0x3D, 0x4E,
  0x6E, 0x39, 0xCE, 0x73, 0xC6, 0x7A, 0x92, 0xCE, 0x73, 0xA3, 0x51, 0x39, 0xCE, 0x73, 0x9C, 0xE7, 0x39, 0xCE, 0x73, 0x9C, 0xE7, 0x39, 0xCE, 0x83,
  0x9C, 0xE7, 0x39, 0xCE, 0x84, 0x21, 0x08, 0x4A, 0x10, 0x94, 0x25, 0x09, 0x42, 0x12, 0x95, 0x25, 0x29, 0x4A, 0x52, 0x94, 0xA5, 0x4A, 0x52, 0x94,
  0xA5, 0x29, 0x4A, 0x52, 0x94, 0xA5, 0x29, 0x4A, 0x52, 0xD6, 0xB5, 0xAD, 0x8C, 0x5B, 0x18, 0xC6, 0x31, 0x8C, 0x63, 0x1A, 0xD6, 0xB5, 0xAE, 0x73,
  0x9C, 0xE7, 0x39, 0xCE, 0x84, 0x21, 0x08, 0x42, 0x10, 0x84, 0x23, 0x18, 0x52, 0x94, 0xA5, 0x29, 0x4A, 0x56, 0xB5, 0xAD, 0xAD, 0x6B, 0x5A, 0xD6,
  0xB6, 0x31, 0x9C, 0xE3, 0x19, 0xCE, 0x79, 0xCE, 0x73, 0x7B, 0xDE, 0xF9, 0xCE, 0x73, 0x9C, 0xE7, 0x7B, 0xFF, 0xFF, 0xFF, 0xFF, 0xFF, 0xFF, 0xFF,
  0xFF, 0xFF, 0xFF, 0xFF, 0xFF, 0xFF, 0xFF, 0xFF, 0xFF, 0xFF, 0xFF, 0xFF, 0xFF, 0xFF, 0xFF, 0xFF, 0xFF, 0xFF, 0xFF, 0xFF, 0xFF, 0xFF, 0xFF, 0xFF,
  0xFF, 0xFF, 0xFF, 0xFF, 0xFF, 0xFF, 0xFF, 0xFF, 0xFF, 0xFF, 0xFF, 0xFF, 0xFF, 0xFF, 0xFF, 0xFF, 0xFF, 0xFF, 0xFF, 0xFF, 0xFF, 0xFF, 0xFF, 0xFF,
  0xFF, 0xFF, 0xFF, 0xFF, 0xFF, 0xFF, 0xFF, 0xFF, 0xFF, 0xFF, 0xFF, 0xFF, 0xFF, 0xFF, 0xFF, 0xFF, 0xFF, 0xFF, 0xFF, 0xFF, 0xFF, 0xFF, 0xFF, 0xFF,
  0xFF, 0xFF, 0xFF, 0xFF, 0xFF, 0xFF, 0xFF, 0xFF, 0xBD, 0xEF, 0x79, 0xCE, 0x73, 0x9C, 0xDE, 0xF7, 0xCE, 0x73, 0x99, 0xE6, 0x73, 0x8C, 0xE3, 0x9D,
  0xE5, 0xAD, 0x6B, 0x5A, 0xD6, 0xB5, 0x6B, 0x5A, 0xD6, 0x9D, 0xED, 0x29, 0x4A, 0x42, 0x10, 0x9C, 0x61, 0x08, 0x42, 0x10, 0x84, 0x1C, 0xE7, 0x39,
  0xCE, 0x73, 0x5A, 0xD6, 0xB5, 0xAD, 0x6B, 0x18, 0xC6, 0x31, 0x8C, 0x62, 0xD6, 0xB5, 0xC2, 0x73, 0x5A, 0x94, 0xA5, 0x29, 0x4A, 0x52, 0xA7, 0x49,
  0xC5, 0x51, 0xA5, 0x15, 0x4B, 0xF5, 0x29, 0x62, 0x52, 0xB9, 0x25, 0x72, 0x4C, 0x90, 0x84, 0x21, 0x08, 0x42, 0x10, 0x84, 0x21, 0x08, 0x42, 0x0E,
  0x73, 0x9C, 0xE7, 0x39, 0xCE, 0x73, 0x9E, 0x53, 0xA4, 0xE9, 0x39, 0x4D, 0x47, 0x39, 0xCE, 0x83, 0x9E, 0x53, 0x9C, 0x8E, 0x73, 0xA3, 0xA7, 0x39,
  0xCE, 0x73, 0x9C, 0xE7, 0x3A, 0x0E, 0x73, 0x9C, 0xE7, 0x39, 0xCE, 0x73, 0x9C, 0xE8, 0x42, 0x10, 0x84, 0x21, 0x08, 0x42, 0x10, 0x94, 0x21, 0x09,
  0x4A, 0x54, 0x94, 0xA5, 0x29, 0x4A, 0x52, 0x95, 0x29, 0x4A, 0x52, 0x94, 0xA5, 0x29, 0x4A, 0x52, 0x94, 0xA5, 0x29, 0x4A, 0x5A, 0xD6, 0xB5, 0xAD,
  0x6B, 0x63, 0x18, 0xC6, 0x31, 0x8D, 0x6B, 0x5A, 0xD6, 0xB5, 0xAD, 0x73, 0x9C, 0xE7, 0x39, 0xD0, 0x84, 0x21, 0x08, 0x42, 0x10, 0x84, 0x21, 0x0A,
  0x52, 0x94, 0xA5, 0x29, 0x5A, 0xD6, 0xB5, 0xB5, 0xAD, 0x6B, 0x5A, 0xD6, 0xC6, 0x31, 0x8C, 0x63, 0x39, 0xCE, 0x73, 0x9E, 0x6F, 0x7C, 0xDF, 0x39,
  0xCE, 0xF3, 0x9C, 0xEF, 0x7B, 0xFF, 0xFF, 0xFF, 0xFF, 0xFF, 0xFF, 0xFF, 0xFF, 0xFF, 0xFF, 0xFF, 0xFF, 0xFF, 0xFF, 0xFF, 0xFF, 0xFF, 0xFF, 0xFF,
  0xFF, 0xFF, 0xFF, 0xFF, 0xFF, 0xFF, 0xFF, 0xFF, 0xFF, 0xFF, 0xFF, 0xFF, 0xFF, 0xFF, 0xFF, 0xFF, 0xFF, 0xFF, 0xFF, 0xFF, 0xFF, 0xFF, 0xFF, 0xFF,
  0xFF, 0xFF, 0xFF, 0xFF, 0xFF, 0xFF, 0xFF, 0xFF, 0xFF, 0xFF, 0xFF, 0xFF, 0xFF, 0xFF, 0xFF, 0xFF, 0xFF, 0xFF, 0xFF, 0xFF, 0xFF, 0xFF, 0xFF, 0xFF,
  0xFF, 0xFF, 0xFF, 0xFF, 0xFF, 0xFF, 0xFF, 0xFF, 0xFF, 0xFF, 0xFF, 0xFF, 0xFF, 0xFF, 0xFF, 0xFF, 0xFF, 0xFF, 0xFF, 0xFF, 0xFD, 0xEF, 0x7B, 0xCE,
  0x73, 0x9C, 0xDE, 0xF9, 0xCE, 0x73, 0x99, 0xCE, 0x73, 0x9C, 0xE3, 0xBD, 0xEF, 0x2D, 0x6B, 0x5A, 0xD6, 0xB5, 0xAB, 0x5A, 0xD7, 0x3D, 0xED, 0xEB,
  0x4A, 0x52, 0x33, 0x8C, 0x21, 0x08, 0x42, 0x10, 0x84, 0x20, 0xE7, 0x39, 0xCE, 0x73, 0x9A, 0xD6, 0xB5, 0xAD, 0x6B, 0x58, 0xC8, 0xCE, 0x73, 0x63,
  0x17, 0x39, 0xD2, 0xB5, 0x9C, 0x16, 0xA5, 0x29, 0x4A, 0x54, 0xE7, 0x49, 0xAA, 0x74, 0x9A, 0x94, 0xAA, 0x75, 0x4A, 0x4A, 0x52, 0x95, 0xCE, 0x4B,
  0x4A, 0x64, 0x94, 0xA1, 0x08, 0x42, 0x10, 0x84, 0x21, 0x08, 0x42, 0x10, 0x84, 0x21, 0x07, 0x39, 0xCE, 0x73, 0x9C, 0xF1, 0x9C, 0xE5, 0x23, 0x9C,
  0xE7, 0x39, 0xD0, 0x84, 0x1D, 0x73, 0x9C, 0x8E, 0x73, 0xF6, 0x87, 0x39, 0xCE, 0x73, 0x9C, 0xE7, 0x39, 0xD0, 0x73, 0x9C, 0xE7, 0x39, 0xD0, 0x84,
  0x21, 0x08, 0x42, 0x10, 0x84, 0x21, 0x08, 0x4A, 0x10, 0x84, 0xA5, 0x29, 0x4A, 0x52, 0x94, 0xA5, 0x29, 0x4A, 0x94, 0xA5, 0x29, 0x4A, 0x52, 0x94,
  0xA5, 0x29, 0x4A, 0x52, 0x94, 0xA5, 0x29, 0x6E, 0x5A, 0xD6, 0xB5, 0xAD, 0x8C, 0x6B, 0x5A, 0xD6, 0x31, 0x8D, 0x6B, 0x5A, 0xD6, 0xB5, 0xAE, 0x73,
  0x9C, 0xE7, 0x3A, 0x10, 0x84, 0x21, 0x08, 0x42, 0x10, 0x84, 0x21, 0x4A, 0x52, 0x94, 0xA5, 0x29, 0x5A, 0xD6, 0xB6, 0xB5, 0xAD, 0x6B, 0x5A, 0xD8,
  0xC6, 0x31, 0x8C, 0x67, 0x3C, 0xE6, 0x73, 0x9E, 0x6F, 0x7C, 0xDF, 0x39, 0xCE, 0x73, 0xBD, 0xEF, 0x7F, 0xFF, 0xFF, 0xFF, 0xFF, 0xFF, 0xFF, 0xFF,
  0xFF, 0xFF, 0xFF, 0xFF, 0xFF, 0xFF, 0xFF, 0xFF, 0xFF, 0xFF, 0xFF, 0xFF, 0xFF, 0xFF, 0xFF, 0xFF, 0xFF, 0xFF, 0xFF, 0xFF, 0xFF, 0xFF, 0xFF, 0xFF,
  0xFF, 0xFF, 0xFF, 0xFF, 0xFF, 0xFF, 0xFF, 0xFF, 0xFF, 0xFF, 0xFF, 0xFF, 0xFF, 0xFF, 0xFF, 0xFF, 0xFF, 0xFF, 0xFF, 0xFF, 0xFF, 0xFF, 0xFF, 0xFF,
  0xFF, 0xFF, 0xFF, 0xFF, 0xFF, 0xFF, 0xFF, 0xFF, 0xFF, 0xFF, 0xFF, 0xFF, 0xFF, 0xFF, 0xFF, 0xFF, 0xFF, 0xFF, 0xFF, 0xFF, 0xFF, 0xFF, 0xFF, 0xFF,
  0xFF, 0xFF, 0xFF, 0xFF, 0xFF, 0xFF, 0xFF, 0xFF, 0xFF, 0xEF, 0x7B, 0xDE, 0xF3, 0x9C, 0xE6, 0xF9, 0xCE, 0x6F, 0x39, 0xCF, 0x33, 0x9C, 0xE7, 0x9D,
  0xEF, 0x71, 0x6B, 0x5A, 0xD6, 0xB5, 0xAD, 0x5A, 0xD7, 0xBD, 0xA5, 0x6B, 0x4A, 0xF6, 0xF0, 0x84, 0x21, 0x08, 0x42, 0x10, 0x84, 0x21, 0x07, 0x39,
  0xCE, 0x73, 0x9C, 0xE6, 0xB5, 0xAD, 0x73, 0x5B, 0x3A, 0x53, 0xB3, 0x9C, 0xE7, 0x4D, 0x56, 0x74, 0xAC, 0xE6, 0xB5, 0xA9, 0x51, 0xA5, 0x27, 0x38,
  0x52, 0x8A, 0x52, 0x94, 0xA9, 0xF5, 0x4A, 0x52, 0x92, 0x94, 0xA6, 0x29, 0x4C, 0x96, 0x94, 0xA5, 0x29, 0x42, 0x10, 0x84, 0x21, 0x08, 0x4A, 0x10,
  0x84, 0x21, 0x08, 0x42, 0x10, 0x84, 0x1C, 0xE7, 0x3A, 0xCE, 0x73, 0x9C, 0xE7, 0x42, 0x10, 0x73, 0x9C, 0xF2, 0xA4, 0x4E, 0x79, 0xCE, 0x47, 0x39,
  0xCE, 0x73, 0x9C, 0xE7, 0x39, 0xD0, 0x84, 0x21, 0x08, 0x42, 0x10, 0x84, 0x21, 0x08, 0x42, 0x10, 0x84, 0x21, 0x08, 0x4A, 0x52, 0x94, 0xA5, 0x2A,
  0x4A, 0x52, 0x94, 0xA5, 0x2A, 0x52, 0x94, 0xA5, 0x29, 0x4A, 0x52, 0x94, 0xA5, 0x29, 0x4A, 0x52, 0x94, 0xA5, 0xAD, 0x6B, 0x5A, 0xD6, 0xB6, 0x31,
  0x8C, 0x63, 0x1A, 0xD6, 0x35, 0xAD, 0x6B, 0x5A, 0xD6, 0xB9, 0xCE, 0x73, 0x9C, 0xE7, 0x42, 0x10, 0x84, 0x21, 0x08, 0x42, 0x10, 0x84, 0x29, 0x4A,
  0x52, 0x94, 0xA5, 0x6B, 0x5A, 0xD6, 0xD6, 0xB5, 0xAD, 0x6C, 0x5B, 0x18, 0xC6, 0x31, 0x8C, 0x67, 0x39, 0xCE, 0x73, 0xBD, 0xF3, 0x9C, 0xE7, 0x39,
  0xCE, 0x73, 0xBD, 0xEF, 0xFF, 0xFF, 0xFF, 0xFF, 0xFF, 0xFF, 0xFF, 0xFF, 0xFF, 0xFF, 0xFF, 0xFF, 0xFF, 0xFF, 0xFF, 0xFF, 0xFF, 0xFF, 0xFF, 0xFF,
  0xFF, 0xFF, 0xFF, 0xFF, 0xFF, 0xFF, 0xFF, 0xFF, 0xFF, 0xFF, 0xFF, 0xFF, 0xFF, 0xFF, 0xFF, 0xFF, 0xFF, 0xFF, 0xFF, 0xFF, 0xFF, 0xFF, 0xFF, 0xFF,
  0xFF, 0xFF, 0xFF, 0xFF, 0xFF, 0xFF, 0xFF, 0xFF, 0xFF, 0xFF, 0xFF, 0xFF, 0xFF, 0xFF, 0xFF, 0xFF, 0xFF, 0xFF, 0xFF, 0xFF, 0xFF, 0xFF, 0xFF, 0xFF,
  0xFF, 0xFF, 0xFF, 0xFF, 0xFF, 0xFF, 0xFF, 0xFF, 0xFF, 0xFF, 0xFF, 0xFF, 0xFF, 0xFF, 0xFF, 0xFF, 0xFF, 0xFF, 0xFF, 0xFF, 0xFF, 0xFF, 0x7B, 0xDE,
  0xF7, 0xBC, 0xE7, 0x39, 0xCD, 0xEF, 0x79, 0xCE, 0x73, 0x9C, 0xE3, 0x3D, 0xEF, 0x71, 0x8B, 0x5A, 0xD6, 0xB5, 0xAD, 0x6A, 0xD7, 0xBD, 0xAD, 0x69,
  0x5D, 0x6A, 0x94, 0xA4, 0x21, 0x08, 0x42, 0x10, 0x84, 0x21, 0x08, 0x41, 0xCE, 0x73, 0x9C, 0xE7, 0x35, 0xAD, 0x6B, 0x67, 0x4A, 0xCE, 0x77, 0x9C,
  0xFB, 0x59, 0xB2, 0x13, 0xA5, 0xE7, 0x05, 0xBA, 0x94, 0xA4, 0xE7, 0x09, 0xD1, 0x6A, 0x52, 0x94, 0xA9, 0xF5, 0x4A, 0x52, 0x94, 0xA5, 0x26, 0x29,
  0x4C, 0xD2, 0x94, 0xA5, 0x29, 0x4A, 0x52, 0x94, 0x21, 0x08, 0x42, 0x10, 0x84, 0x21, 0x08, 0x42, 0x10, 0x84, 0x21, 0x08, 0x42, 0x10, 0x84, 0x21,
  0x07, 0x42, 0x10, 0x73, 0x9D, 0x12, 0xA4, 0xE3, 0x43, 0xCA, 0x47, 0x39, 0xD0, 0x84, 0x21, 0x08, 0x42, 0x10, 0x84, 0x21, 0x08, 0x42, 0x10, 0x84,
  0x21, 0x08, 0x42, 0x10, 0x84, 0x25, 0x29, 0x4A, 0x52, 0xA4, 0xA5, 0x29, 0x4A, 0x52, 0x95, 0x29, 0x4A, 0x52, 0x94, 0xA5, 0x29, 0x4A, 0x52, 0x96,
  0xA5, 0x29, 0x4A, 0x52, 0xD6, 0xB5, 0xAD, 0x6B, 0x5A, 0xD6, 0xC6, 0x35, 0xAC, 0x63, 0x18, 0xC6, 0xB5, 0xAD, 0x6B, 0x5C, 0xE7, 0x3A, 0x10, 0x83,
  0xA1, 0x08, 0x42, 0x10, 0x84, 0x21, 0x08, 0x42, 0x10, 0xA5, 0x29, 0x4A, 0x52, 0x94, 0xAD, 0x6B, 0x5A, 0xDA, 0xD6, 0xB5, 0xAD, 0x6B, 0x63, 0x18,
  0xC6, 0x31, 0x8C, 0xE7, 0x39, 0xCE, 0x77, 0xBD, 0xEF, 0x7C, 0xE7, 0x39, 0xDE, 0x73, 0xBD, 0xFF, 0xFF, 0xFF, 0xFF, 0xFF, 0xFF, 0xFF, 0xFF, 0xFF,
  0xFF, 0xFF, 0xFF, 0xFF, 0xFF, 0xFF, 0xFF, 0xFF, 0xFF, 0xFF, 0xFF, 0xFF, 0xFF, 0xFF, 0xFF, 0xFF, 0xFF, 0xFF, 0xFF, 0xFF, 0xFF, 0xFF, 0xFF, 0xFF,
  0xFF, 0xFF, 0xFF, 0xFF, 0xFF, 0xFF, 0xFF, 0xFF, 0xFF, 0xFF, 0xFF, 0xFF, 0xFF, 0xFF, 0xFF, 0xFF, 0xFF, 0xFF, 0xFF, 0xFF, 0xFF, 0xFF, 0xFF, 0xFF,
  0xFF, 0xFF, 0xFF, 0xFF, 0xFF, 0xFF, 0xFF, 0xFF, 0xFF, 0xFF, 0xFF, 0xFF, 0xFF, 0xFF, 0xFF, 0xFF, 0xFF, 0xFF, 0xFF, 0xFF, 0xFF, 0xFF, 0xFF, 0xFF,
  0xFF, 0xFF, 0xFF, 0xFF, 0xFF, 0xFF, 0xFF, 0xFF, 0xFF, 0xFF, 0xFB, 0xDE, 0xF7, 0x9C, 0xE7, 0x39, 0xBD, 0xEF, 0x9B, 0xCE, 0x73, 0x9E, 0x67, 0x3D,
  0xEE, 0x31, 0x8C, 0x5A, 0xD6, 0xB5, 0xAD, 0x6B, 0x6B, 0xBA, 0xAD, 0x69, 0xAB, 0xD2, 0x94, 0xA5, 0x21, 0x08, 0x42, 0x10, 0x84, 0x21, 0x08, 0x42,
  0x0E, 0x73, 0x9C, 0xE7, 0x39, 0xCD, 0x6B, 0xA9, 0x9A, 0x4E, 0x74, 0xD7, 0x69, 0x36, 0x31, 0x8B, 0x9C, 0xE9, 0x39, 0xCE, 0x93, 0x9C, 0xD5, 0x1A,
  0x4D, 0x4A, 0x52, 0x94, 0xA9, 0xF5, 0x4A, 0x52, 0x94, 0xA5, 0x29, 0x49, 0x64, 0x52, 0x94, 0xA5, 0x29, 0x4A, 0x52, 0x94, 0xA5, 0x29, 0x42, 0x10,
  0x94, 0x21, 0x08, 0x42, 0x10, 0x84, 0x21, 0x08, 0x42, 0x10, 0x84, 0x21, 0x08, 0x42, 0x10, 0x84, 0x22, 0x53, 0x9D, 0x24, 0x84, 0x49, 0x08, 0x42,
  0x10, 0x84, 0x21, 0x09, 0x4A, 0x50, 0x84, 0xA1, 0x08, 0x42, 0x10, 0x94, 0xA1, 0x08, 0x42, 0x52, 0x94, 0xA9, 0x29, 0x4A, 0x52, 0x94, 0xA5, 0x29,
  0x4A, 0x54, 0xA5, 0x29, 0x4A, 0x52, 0x94, 0xA5, 0x29, 0x4A, 0x5A, 0xD4, 0xA5, 0x29, 0x4A, 0x5A, 0xD6, 0xB5, 0xB1, 0x6E, 0x5A, 0xD8, 0xC6, 0xB5,
  0xAC, 0x63, 0x1A, 0xD6, 0xB5, 0xCE, 0x73, 0x9C, 0xE8, 0x42, 0x10, 0x73, 0xA1, 0x08, 0x42, 0x10, 0x84, 0x21, 0x08, 0xC6, 0x34, 0xA5, 0x29, 0x4A,
  0x52, 0x95, 0xAD, 0x6B, 0x5B, 0x5A, 0xD6, 0xC6, 0x2D, 0x6C, 0x63, 0x18, 0xC6, 0x31, 0x9C, 0xE7, 0x39, 0xCE, 0xF7, 0xBD, 0xEF, 0x9C, 0xE7, 0x3B,
  0xCE, 0x77, 0xBF, 0xFF, 0xFF, 0xFF, 0xFF, 0xFF, 0xFF, 0xFF, 0xFF, 0xFF, 0xFF, 0xFF, 0xFF, 0xFF, 0xFF, 0xFF, 0xFF, 0xFF, 0xFF, 0xFF, 0xFF, 0xFF,
  0xFF, 0xFF, 0xFF, 0xFF, 0xFF, 0xFF, 0xFF, 0xFF, 0xFF, 0xFF, 0xFF, 0xFF, 0xFF, 0xFF, 0xFF, 0xFF, 0xFF, 0xFF, 0xFF, 0xFF, 0xFF, 0xFF, 0xFF, 0xFF,
  0xFF, 0xFF, 0xFF, 0xFF, 0xFF, 0xFF, 0xFF, 0xFF, 0xFF, 0xFF, 0xFF, 0xFF, 0xFF, 0xFF, 0xFF, 0xFF, 0xFF, 0xFF, 0xFF, 0xFF, 0xFF, 0xFF, 0xFF, 0xFF,
  0xFF, 0xFF, 0xFF, 0xFF, 0xFF, 0xFF, 0xFF, 0xFF, 0xFF, 0xFF, 0xFF, 0xFF, 0xFF, 0xFF, 0xFF, 0xFF, 0xFF, 0xFF, 0xFF, 0xFF, 0xFF, 0xFF, 0xFF, 0xDE,
  0xF7, 0x9C, 0xEF, 0x39, 0xCD, 0xEF, 0x7B, 0xDE, 0x73, 0x9E, 0x73, 0xBE, 0xF6, 0x3B, 0x8C, 0x62, 0xD6, 0xB6, 0x37, 0xDE, 0xF7, 0xB9, 0xAD, 0x6B,
  0x7A, 0xD2, 0x94, 0xA5, 0x29, 0x08, 0x42, 0x10, 0x84, 0x21, 0x08, 0x42, 0x10, 0x73, 0xA7, 0x4A, 0x45, 0xCE, 0x6C, 0xE9, 0x49, 0xB5, 0xB3, 0x9C,
  0xE6, 0xC6, 0x31, 0x8C, 0x64, 0x27, 0x49, 0xD2, 0x93, 0x9A, 0xD7, 0x49, 0xA9, 0x4A, 0x52, 0x94, 0xAA, 0x75, 0x4A, 0x53, 0x14, 0xA5, 0x29, 0x4A,
  0x53, 0x26, 0x94, 0xA5, 0x29, 0x4A, 0x52, 0x94, 0xA5, 0x29, 0x4A, 0x52, 0x94, 0x21, 0x08, 0x42, 0x10, 0x84, 0x21, 0x08, 0x42, 0x10, 0x84, 0x21,
  0x08, 0x42, 0x10, 0x84, 0x3A, 0x54, 0xA4, 0xD0, 0x89, 0x29, 0x08, 0x42, 0x10, 0x94, 0xA1, 0x08, 0x4A, 0x52, 0x94, 0x21, 0x08, 0x42, 0x10, 0x84,
  0x25, 0x29, 0x4A, 0x54, 0x95, 0x29, 0x29, 0x4A, 0x94, 0xA4, 0xA5, 0x2A, 0x52, 0x94, 0xA5, 0x29, 0x4A, 0x52, 0x94, 0xA5, 0x29, 0x6A, 0x5A, 0x94,
  0xA5, 0x29, 0x6B, 0x5B, 0x16, 0xB5, 0xAD, 0x70, 0x63, 0x18, 0xD6, 0xB5, 0x8C, 0x63, 0x5A, 0xD6, 0xB5, 0xAD, 0x6B, 0x9C, 0xE7, 0x39, 0xCE, 0x84,
  0x21, 0x08, 0x42, 0x10, 0x84, 0x21, 0x18, 0xC6, 0x94, 0xA5, 0x29, 0x4A, 0x52, 0xB5, 0xAD, 0x6B, 0x6B, 0x5A, 0xD8, 0xC5, 0xAD, 0x8C, 0x63, 0x18,
  0xC6, 0x33, 0x9C, 0xE7, 0x39, 0xDE, 0xF7, 0xBD, 0xF3, 0x9C, 0xE7, 0x39, 0xCE, 0xF7, 0xFF, 0xFF, 0xFF, 0xFF, 0xFF, 0xFF, 0xFF, 0xFF, 0xFF, 0xFF,
  0xFF, 0xFF, 0xFF, 0xFF, 0xFF, 0xFF, 0xFF, 0xFF, 0xFF, 0xFF, 0xFF, 0xFF, 0xFF, 0xFF, 0xFF, 0xFF, 0xFF, 0xFF, 0xFF, 0xFF, 0xFF, 0xFF, 0xFF, 0xFF,
  0xFF, 0xFF, 0xFF, 0xFF, 0xFF, 0xFF, 0xFF, 0xFF, 0xFF, 0xFF, 0xFF, 0xFF, 0xFF, 0xFF, 0xFF, 0xFF, 0xFF, 0xFF, 0xFF, 0xFF, 0xFF, 0xFF, 0xFF, 0xFF,
  0xFF, 0xFF, 0xFF, 0xFF, 0xFF, 0xFF, 0xFF, 0xFF, 0xFF, 0xFF, 0xFF, 0xFF, 0xFF, 0xFF, 0xFF, 0xFF, 0xFF, 0xFF, 0xFF, 0xFF, 0xFF, 0xFF, 0xFF, 0xFF,
  0xFF, 0xFF, 0xFF, 0xFF, 0xFF, 0xFF, 0xFF, 0xFF, 0xFF, 0xFF, 0xFF, 0xDE, 0xF7, 0xBD, 0xEF, 0x79, 0xCE, 0x6F, 0x7B, 0xE6, 0xF3, 0x9E, 0x73, 0xBD,
  0xEE, 0x79, 0xDE, 0xF7, 0x16, 0xC6, 0x3B, 0xDE, 0xF7, 0xBD, 0xEF, 0x6B, 0x7D, 0x52, 0x94, 0xA5, 0x29, 0x48, 0x42, 0x10, 0x84, 0x21, 0x08, 0x42,
  0x10, 0x84, 0xEB, 0xDB, 0xD2, 0x8E, 0x74, 0xF5, 0x36, 0xB5, 0xAD, 0x6B, 0x58, 0xC6, 0x31, 0xAC, 0x63, 0x27, 0x3B, 0xCE, 0x73, 0x5A, 0xE9, 0x45,
  0xA9, 0x4A, 0x52, 0x94, 0xAA, 0x5D, 0x4A, 0x54, 0x54, 0xA5, 0x29, 0x8C, 0x52, 0x95, 0x35, 0x29, 0x29, 0x4A, 0x52, 0x94, 0xA5, 0x29, 0x4A, 0x52,
  0x94, 0xA5, 0x29, 0x4A, 0x50, 0x84, 0x21, 0x08, 0x42, 0x10, 0x84, 0x21, 0x08, 0x42, 0x12, 0x87, 0x4E, 0x92, 0xAA, 0x11, 0x29, 0x21, 0x08, 0x42,
  0x12, 0x84, 0x21, 0x28, 0x4A, 0x52, 0x84, 0x21, 0x09, 0x4A, 0x52, 0x94, 0xA5, 0x29, 0x4A, 0x94, 0x95, 0x29, 0x29, 0x4A, 0x52, 0xA5, 0x29, 0x4A,
  0x52, 0x94, 0xA5, 0x29, 0x4A, 0x52, 0x94, 0xB5, 0x2D, 0x4A, 0x52, 0x94, 0xA5, 0xAD, 0x6B, 0x5B, 0x16, 0xB5, 0xAD, 0x8C, 0x63, 0x18, 0xD6, 0x31,
  0x8D, 0x6B, 0x5A, 0xD6, 0xB5, 0xAD, 0x73, 0x9C, 0xE7, 0x39, 0xD0, 0x84, 0x21, 0x08, 0x42, 0x10, 0x84, 0x23, 0x18, 0xD2, 0x94, 0xAD, 0x69, 0x4A,
  0x56, 0xB5, 0xAD, 0x6D, 0x6B, 0x63, 0x18, 0xC5, 0xB1, 0x8C, 0x63, 0x18, 0xC6, 0x73, 0x9C, 0xE7, 0x3B, 0xDE, 0xF7, 0xBE, 0x73, 0x9C, 0xE7, 0x39,
  0xDE, 0xF7, 0xFF, 0xFF, 0xFF, 0xFF, 0xFF, 0xFF, 0xFF, 0xFF, 0xFF, 0xFF, 0xFF, 0xFF, 0xFF, 0xFF, 0xFF, 0xFF, 0xFF, 0xFF, 0xFF, 0xFF, 0xFF, 0xFF,
  0xFF, 0xFF, 0xFF, 0xFF, 0xFF, 0xFF, 0xFF, 0xFF, 0xFF, 0xFF, 0xFF, 0xFF, 0xFF, 0xFF, 0xFF, 0xFF, 0xFF, 0xFF, 0xFF, 0xFF, 0xFF, 0xFF, 0xFF, 0xFF,
  0xFF, 0xFF, 0xFF, 0xFF, 0xFF, 0xFF, 0xFF, 0xFF, 0xFF, 0xFF, 0xFF, 0xFF, 0xFF, 0xFF, 0xFF, 0xFF, 0xFF, 0xFF, 0xFF, 0xFF, 0xFF, 0xFF, 0xFF, 0xFF,
  0xFF, 0xFF, 0xFF, 0xFF, 0xFF, 0xFF, 0xFF, 0xFF, 0xFF, 0xFF, 0xFF, 0xFF, 0xFF, 0xFF, 0xFF, 0xFF, 0xFF, 0xFF, 0xFF, 0xFF, 0xFF, 0xFF, 0xFF, 0xFE,
  0xF7, 0xBD, 0xEF, 0x79, 0xCE, 0x73, 0x7C, 0xDE, 0xF9, 0x9E, 0x77, 0xDD, 0xEF, 0x71, 0x8E, 0xF7, 0xBD, 0xE7, 0x7B, 0xDE, 0xF7, 0xBD, 0xEF, 0x75,
  0x7D, 0x52, 0x94, 0xA5, 0x29, 0x4A, 0x42, 0x10, 0x84, 0x21, 0x08, 0x42, 0x13, 0xA5, 0xFB, 0x39, 0xD6, 0x74, 0x8D, 0x29, 0x16, 0xB5, 0xAD, 0x6B,
  0x5A, 0xD6, 0x31, 0xAC, 0x63, 0x19, 0x08, 0xC5, 0x6B, 0x5D, 0x28, 0xB5, 0xAD, 0x6A, 0x52, 0x94, 0xAD, 0x51, 0x4A, 0x54, 0x54, 0xA5, 0x29, 0x8C,
  0x52, 0x94, 0xA5, 0x29, 0x4A, 0x52, 0x52, 0x94, 0xA5, 0x29, 0x4A, 0x52, 0x94, 0xA5, 0x29, 0x4A, 0x92, 0x94, 0xA5, 0x29, 0x4A, 0x10, 0x84, 0x21,
  0x08, 0x4A, 0x52, 0x99, 0xD2, 0x73, 0x9A, 0x11, 0x24, 0x21, 0x08, 0x42, 0x10, 0x94, 0xA1, 0x08, 0x4A, 0x52, 0x94, 0xA5, 0x29, 0x4A, 0x52, 0x94,
  0xA5, 0x29, 0x4A, 0x94, 0x95, 0x29, 0x29, 0x52, 0x94, 0xA5, 0x29, 0x4A, 0x52, 0x94, 0xA5, 0x29, 0x4A, 0x52, 0x96, 0xA5, 0x29, 0x4A, 0x52, 0x96,
  0xB5, 0xAD, 0x6B, 0x5B, 0x16, 0xB6, 0x31, 0x8C, 0x63, 0x1A, 0xD6, 0x35, 0xAD, 0x6B, 0x5A, 0xD6, 0xB5, 0xCE, 0x83, 0x9C, 0xE7, 0x3A, 0x10, 0x84,
  0x21, 0x08, 0x42, 0x10, 0x8C, 0x63, 0x0A, 0x52, 0x95, 0xAD, 0x6B, 0x4A, 0xD6, 0xB5, 0xAD, 0xAD, 0x6C, 0x63, 0x18, 0xB6, 0x31, 0x8C, 0x63, 0x18,
  0xCE, 0x73, 0x9C, 0xE7, 0x7B, 0xDE, 0xF7, 0xCE, 0x73, 0x9C, 0xE7, 0x3B, 0xDE, 0xFF, 0xFF, 0xFF, 0xFF, 0xFF, 0xFF, 0xFF, 0xFF, 0xFF, 0xFF, 0xFF,
  0xFF, 0xFF, 0xFF, 0xFF, 0xFF, 0xFF, 0xFF, 0xFF, 0xFF, 0xFF, 0xFF, 0xFF, 0xFF, 0xFF, 0xFF, 0xFF, 0xFF, 0xFF, 0xFF, 0xFF, 0xFF, 0xFF, 0xFF, 0xFF,
  0xFF, 0xFF, 0xFF, 0xFF, 0xFF, 0xFF, 0xFF, 0xFF, 0xFF, 0xFF, 0xFF, 0xFF, 0xFF, 0xFF, 0xFF, 0xFF, 0xFF, 0xFF, 0xFF, 0xFF, 0xFF, 0xFF, 0xFF, 0xFF,
  0xFF, 0xFF, 0xFF, 0xFF, 0xFF, 0xFF, 0xFF, 0xFF, 0xFF, 0xFF, 0xFF, 0xFF, 0xFF, 0xFF, 0xFF, 0xFF, 0xFF, 0xFF, 0xFF, 0xFF, 0xFF, 0xFF, 0xFF, 0xFF,
  0xFF, 0xFF, 0xFF, 0xFF, 0xFF, 0xFF, 0xFF, 0xFF, 0xFF, 0xFF, 0xFF, 0xFF, 0xF7, 0xBD, 0xEF, 0x79, 0xCE, 0x73, 0x9B, 0xDF, 0x39, 0xDE, 0xFB, 0xBD,
  0xEF, 0x71, 0x8C, 0x77, 0xBD, 0xEF, 0x7B, 0x8B, 0x5A, 0xD6, 0xEF, 0x7B, 0xAD, 0x56, 0x94, 0xA5, 0x29, 0x4A, 0x52, 0x90, 0x8C, 0xE7, 0x4A, 0x52,
  0xB4, 0xEF, 0x67, 0x39, 0xCE, 0xB3, 0x9D, 0xE9, 0x17, 0x35, 0xAD, 0x6B, 0x5A, 0xD6, 0xB1, 0x8C, 0x63, 0x18, 0xC6, 0x31, 0x8B, 0xBE, 0x98, 0xB5,
  0xAD, 0x6B, 0x5A, 0x94, 0xAE, 0xC1, 0x4A, 0x52, 0x94, 0xA5, 0x35, 0xAD, 0x53, 0x18, 0xA5, 0x29, 0x4A, 0x52, 0x94, 0xA5, 0x25, 0x29, 0x4A, 0x52,
  0x94, 0xA5, 0x29, 0x4A, 0x52, 0x94, 0xA5, 0x29, 0x4A, 0x52, 0x94, 0xA5, 0x29, 0x4A, 0x53, 0x2A, 0x52, 0x54, 0x4A, 0x65, 0x24, 0xA5, 0x29, 0x4A,
  0x52, 0x94, 0xA5, 0x29, 0x4A, 0x52, 0x94, 0xA5, 0x29, 0x4A, 0x52, 0x94, 0xA5, 0x29, 0x4A, 0x94, 0x95, 0x29, 0x4A, 0x52, 0x94, 0xA5, 0x29, 0x4A,
  0x52, 0x94, 0xA5, 0x29, 0x4A, 0x52, 0x96, 0xB5, 0xA9, 0x4A, 0x5A, 0xD6, 0xB5, 0xAD, 0x6B, 0x63, 0x18, 0xC6, 0x31, 0x8C, 0x63, 0x1A, 0xD6, 0xB5,
  0xAD, 0x6B, 0x5A, 0xD7, 0x39, 0xD0, 0x73, 0x9C, 0xE7, 0x42, 0x10, 0x84, 0x21, 0x08, 0x42, 0x11, 0x8C, 0x69, 0x4A, 0x56, 0xB5, 0xAD, 0x69, 0x5A,
  0xD6, 0xB5, 0xB5, 0xAD, 0x8C, 0x63, 0x18, 0xC6, 0x31, 0x8C, 0x63, 0x19, 0xCE, 0x73, 0x9C, 0xEF, 0x7B, 0xDE, 0xF9, 0xCE, 0x73, 0x9C, 0xE7, 0x7B,
  0xDF, 0xFF, 0xFF, 0xFF, 0xFF, 0xFF, 0xFF, 0xFF, 0xFF, 0xFF, 0xFF, 0xFF, 0xFF, 0xFF, 0xFF, 0xFF, 0xFF, 0xFF, 0xFF, 0xFF, 0xFF, 0xFF, 0xFF, 0xFF,
  0xFF, 0xFF, 0xFF, 0xFF, 0xFF, 0xFF, 0xFF, 0xFF, 0xFF, 0xFF, 0xFF, 0xFF, 0xFF, 0xFF, 0xFF, 0xFF, 0xFF, 0xFF, 0xFF, 0xFF, 0xFF, 0xFF, 0xFF, 0xFF,
  0xFF, 0xFF, 0xFF, 0xFF, 0xFF, 0xFF, 0xFF, 0xFF, 0xFF, 0xFF, 0xFF, 0xFF, 0xFF, 0xFF, 0xFF, 0xFF, 0xFF, 0xFF, 0xFF, 0xFF, 0xFF, 0xFF, 0xFF, 0xFF,
  0xFF, 0xFF, 0xFF, 0xFF, 0xFF, 0xFF, 0xFF, 0xFF, 0xFF, 0xFF, 0xFF, 0xFF, 0xFF, 0xFF, 0xFF, 0xFF, 0xFF, 0xFF, 0xFF, 0xFF, 0xFF, 0xFF, 0xFF, 0xFF,
  0xFF, 0xBD, 0xEF, 0x39, 0xCE, 0x73, 0x9C, 0xDE, 0xFB, 0xDE, 0xF7, 0x3E, 0xEE, 0x73, 0x8C, 0xE7, 0x3D, 0xEF, 0x7B, 0xDC, 0x5B, 0x16, 0xB5, 0xAB,
  0x5D, 0x56, 0xB4, 0xA5, 0x29, 0x4A, 0x52, 0x95, 0x9C, 0x67, 0x5B, 0xDF, 0xBD, 0xA4, 0xE7, 0x08, 0x4E, 0x97, 0xEC, 0xE2, 0xE7, 0x39, 0xAD, 0x6B,
  0x5A, 0xD6, 0xB6, 0x0C, 0x63, 0x18, 0xC6, 0x31, 0x8C, 0x62, 0xD6, 0xB5, 0xAD, 0x6B, 0x5A, 0xD6, 0xAE, 0xA9, 0x4A, 0x52, 0x94, 0xA5, 0x45, 0xB1,
  0x8C, 0x54, 0xA5, 0x29, 0x4A, 0x52, 0x94, 0xA5, 0x29, 0x4A, 0x52, 0x52, 0x94, 0xA5, 0x29, 0x4A, 0x54, 0x94, 0xA5, 0x29, 0x4A, 0x52, 0x94, 0xA5,
  0x2A, 0x52, 0x53, 0x3A, 0x4E, 0x34, 0x4A, 0x64, 0x94, 0xA5, 0x29, 0x4A, 0x54, 0xA4, 0xA9, 0x29, 0x4A, 0x52, 0x94, 0xA5, 0x4A, 0x4A, 0x52, 0xA4,
  0xA5, 0x29, 0x52, 0x94, 0xA5, 0x29, 0x4A, 0x52, 0x94, 0xA5, 0x29, 0x4A, 0x52, 0x94, 0xA5, 0x29, 0x4A, 0x52, 0x96, 0xB5, 0xA9, 0x6B, 0x5A, 0xD6,
  0xB5, 0xAD, 0x6B, 0x63, 0x18, 0xC6, 0x31, 0xAC, 0x63, 0x1A, 0xD6, 0xB5, 0xAD, 0x6B, 0x5A, 0xE7, 0x42, 0x0E, 0x73, 0x9D, 0x08, 0x42, 0x10, 0x84,
  0x21, 0x08, 0x42, 0x31, 0x8D, 0x29, 0x4A, 0x56, 0xB5, 0xAD, 0x2B, 0x5A, 0xD6, 0xB6, 0xB5, 0xB1, 0x8C, 0x5B, 0x18, 0xC6, 0x31, 0x8C, 0x63, 0x39,
  0xCE, 0x73, 0x9D, 0xEF, 0x7B, 0xDF, 0x39, 0xCE, 0x73, 0x9C, 0xEF, 0x7B, 0xFF, 0xFF, 0xFF, 0xFF, 0xFF, 0xFF, 0xFF, 0xFF, 0xFF, 0xFF, 0xFF, 0xFF,
  0xFF, 0xFF, 0xFF, 0xFF, 0xFF, 0xFF, 0xFF, 0xFF, 0xFF, 0xFF, 0xFF, 0xFF, 0xFF, 0xFF, 0xFF, 0xFF, 0xFF, 0xFF, 0xFF, 0xFF, 0xFF, 0xFF, 0xFF, 0xFF,
  0xFF, 0xFF, 0xFF, 0xFF, 0xFF, 0xFF, 0xFF, 0xFF, 0xFF, 0xFF, 0xFF, 0xFF, 0xFF, 0xFF, 0xFF, 0xFF, 0xFF, 0xFF, 0xFF, 0xFF, 0xFF, 0xFF, 0xFF, 0xFF,
  0xFF, 0xFF, 0xFF, 0xFF, 0xFF, 0xFF, 0xFF, 0xFF, 0xFF, 0xFF, 0xFF, 0xFF, 0xFF, 0xFF, 0xFF, 0xFF, 0xFF, 0xFF, 0xFF, 0xFF, 0xFF, 0xFF, 0xFF, 0xFF,
  0xFF, 0xFF, 0xFF, 0xFF, 0xFF, 0xFF, 0xFF, 0xFF, 0xFF, 0xFF, 0xFF, 0xFF, 0xFF, 0xFD, 0xEF, 0x79, 0xCE, 0x73, 0x9C, 0xE6, 0xFB, 0xDE, 0xEF, 0x3C,
  0xCE, 0x73, 0x9C, 0xE3, 0x9D, 0xEF, 0x3B, 0xDE, 0xF7, 0x18, 0xB5, 0xAD, 0x5D, 0x56, 0xB5, 0xAD, 0x29, 0x4A, 0x53, 0xBD, 0xA4, 0x69, 0x4E, 0xD2,
  0x73, 0x9C, 0x21, 0x08, 0x42, 0x74, 0x9C, 0xDC, 0xE7, 0x39, 0xCE, 0x6B, 0x5A, 0xD6, 0xB5, 0xAD, 0x6B, 0x18, 0xC6, 0x43, 0xBD, 0xBB, 0x18, 0xB5,
  0xAD, 0x6B, 0x5A, 0xD6, 0xBD, 0x2D, 0x4A, 0x52, 0xBA, 0xA5, 0x4E, 0x6D, 0x8A, 0x94, 0xA5, 0x29, 0x4A, 0x52, 0x94, 0xA5, 0x29, 0x4A, 0x52, 0x94,
  0xA5, 0x29, 0x49, 0x4A, 0x52, 0x94, 0xA5, 0x29, 0x4A, 0x52, 0x94, 0xA5, 0x2A, 0x52, 0x65, 0x4A, 0x46, 0x89, 0x4A, 0x94, 0x94, 0xA5, 0x29, 0x4A,
  0x52, 0xA4, 0xA9, 0x2A, 0x4A, 0x52, 0x94, 0xA5, 0x29, 0x4A, 0x54, 0xA5, 0x29, 0x4A, 0x52, 0x94, 0xA5, 0x29, 0x4A, 0x52, 0x94, 0xA5, 0x29, 0x4A,
  0x52, 0x94, 0xA5, 0x29, 0x4A, 0x5A, 0xD6, 0xB5, 0xAD, 0x6B, 0x5A, 0xD6, 0xB5, 0xAD, 0x8C, 0x6B, 0x18, 0xC6, 0x35, 0xAD, 0x6B, 0x5A, 0xD6, 0xB5,
  0xAD, 0x6B, 0x9C, 0xE7, 0x39, 0xCE, 0x73, 0xA1, 0x08, 0x42, 0x10, 0x84, 0x21, 0x08, 0xC6, 0x31, 0xA5, 0x29, 0x5A, 0xD6, 0xB5, 0xAD, 0x6B, 0x5A,
  0xD6, 0xD6, 0xB5, 0xB1, 0x8B, 0x63, 0x18, 0xCE, 0x31, 0x8C, 0x67, 0x39, 0xCE, 0x73, 0xBD, 0xEF, 0x7B, 0xE7, 0x39, 0xCE, 0x73, 0x9D, 0xEF, 0x7F,
  0xFF, 0xFF, 0xFF, 0xFF, 0xFF, 0xFF, 0xFF, 0xFF, 0xFF, 0xFF, 0xFF, 0xFF, 0xFF, 0xFF, 0xFF, 0xFF, 0xFF, 0xFF, 0xFF, 0xFF, 0xFF, 0xFF, 0xFF, 0xFF,
  0xFF, 0xFF, 0xFF, 0xFF, 0xFF, 0xFF, 0xFF, 0xFF, 0xFF, 0xFF, 0xFF, 0xFF, 0xFF, 0xFF, 0xFF, 0xFF, 0xFF, 0xFF, 0xFF, 0xFF, 0xFF, 0xFF, 0xFF, 0xFF,
  0xFF, 0xFF, 0xFF, 0xFF, 0xFF, 0xFF, 0xFF, 0xFF, 0xFF, 0xFF, 0xFF, 0xFF, 0xFF, 0xFF, 0xFF, 0xFF, 0xFF, 0xFF, 0xFF, 0xFF, 0xFF, 0xFF, 0xFF, 0xFF,
  0xFF, 0xFF, 0xFF, 0xFF, 0xFF, 0xFF, 0xFF, 0xFF, 0xFF, 0xFF, 0xFF, 0xFF, 0xFF, 0xFF, 0xFF, 0xFF, 0xFF, 0xFF, 0xFF, 0xFF, 0xFF, 0xFF, 0xFF, 0xFF,
  0xFF, 0xFF, 0xEF, 0x79, 0xCE, 0x73, 0x9C, 0xE7, 0x3B, 0xEE, 0xEF, 0x9D, 0xCE, 0x73, 0xCC, 0xE7, 0xBD, 0xE6, 0x71, 0xCE, 0xF7, 0xB6, 0xB5, 0xAD,
  0x9E, 0xD6, 0xB5, 0xAD, 0x69, 0x4A, 0x77, 0xB4, 0xA7, 0x7B, 0xDA, 0xCE, 0x70, 0x84, 0x21, 0x08, 0x42, 0x10, 0x83, 0x9C, 0xE7, 0x39, 0xCE, 0x73,
  0x5A, 0xD6, 0xB5, 0xAD, 0x6B, 0x5A, 0xCE, 0xF6, 0x2C, 0x63, 0x18, 0xC6, 0x2D, 0x6B, 0x5A, 0xD6, 0xB5, 0xAD, 0x6B, 0x52, 0x94, 0xA5, 0x29, 0x4A,
  0x52, 0x94, 0xA5, 0x29, 0x4A, 0x52, 0x94, 0xA5, 0x29, 0x4A, 0x52, 0x94, 0xA5, 0x29, 0x4A, 0x52, 0x94, 0xA5, 0x25, 0x29, 0x4A, 0x52, 0x94, 0xA5,
  0x4A, 0x53, 0x27, 0x49, 0xCE, 0xE9, 0x4C, 0x92, 0x94, 0xA5, 0x29, 0x4A, 0x92, 0xA4, 0xA5, 0x29, 0x4A, 0x52, 0x95, 0x29, 0x4A, 0x52, 0x94, 0xA5,
  0x29, 0x4A, 0x52, 0x94, 0xA5, 0x29, 0x4A, 0x52, 0x94, 0xA5, 0x29, 0x4A, 0x52, 0x94, 0xA5, 0x29, 0x4B, 0x5A, 0xD6, 0xB5, 0xAD, 0x6B, 0x5A, 0xD6,
  0xB6, 0x31, 0xAC, 0x6B, 0x18, 0xC6, 0x31, 0xAD, 0x6B, 0x5A, 0xD6, 0xB5, 0xAD, 0x73, 0xA0, 0xE7, 0x39, 0xCE, 0x84, 0x21, 0x08, 0x42, 0x10, 0x84,
  0x21, 0x18, 0x46, 0x94, 0xA5, 0x29, 0x5A, 0xD6, 0xB5, 0xAD, 0x6B, 0x5B, 0x5A, 0xD6, 0xB5, 0xB1, 0x6B, 0x63, 0x19, 0xCE, 0x73, 0x9C, 0xE7, 0x39,
  0xCE, 0x77, 0xBD, 0xEF, 0x7C, 0xE7, 0x39, 0xCE, 0x73, 0x9D, 0xEF, 0xFF, 0xFF, 0xFF, 0xFF, 0xFF, 0xFF, 0xFF, 0xFF, 0xFF, 0xFF, 0xFF, 0xFF, 0xFF,
  0xFF, 0xFF, 0xFF, 0xFF, 0xFF, 0xFF, 0xFF, 0xFF, 0xFF, 0xFF, 0xFF, 0xFF, 0xFF, 0xFF, 0xFF, 0xFF, 0xFF, 0xFF, 0xFF, 0xFF, 0xFF, 0xFF, 0xFF, 0xFF,
  0xFF, 0xFF, 0xFF, 0xFF, 0xFF, 0xFF, 0xFF, 0xFF, 0xFF, 0xFF, 0xFF, 0xFF, 0xFF, 0xFF, 0xFF, 0xFF, 0xFF, 0xFF, 0xFF, 0xFF, 0xFF, 0xFF, 0xFF, 0xFF,
  0xFF, 0xFF, 0xFF, 0xFF, 0xFF, 0xFF, 0xFF, 0xFF, 0xFF, 0xFF, 0xFF, 0xFF, 0xFF, 0xFF, 0xFF, 0xFF, 0xFF, 0xFF, 0xFF, 0xFF, 0xFF, 0xFF, 0xFF, 0xFF,
  0xFF, 0xFF, 0xFF, 0xFF, 0xFF, 0xFF, 0xFF, 0xFF, 0xFF, 0xFF, 0xFF, 0xFF, 0xFF, 0xFF, 0xFF, 0x7B, 0xCE, 0x73, 0x9C, 0xE7, 0x3B, 0xEE, 0xF7, 0xBB,
  0xCE, 0x79, 0xDF, 0x7B, 0xDC, 0xC6, 0x31, 0x8C, 0x77, 0xBD, 0xEE, 0x2D, 0xDB, 0x5A, 0xB5, 0xAD, 0x6B, 0x4E, 0xD6, 0x94, 0xF7, 0xBD, 0xDA, 0x42,
  0x10, 0x84, 0x21, 0x08, 0x42, 0x10, 0x84, 0x1D, 0x08, 0x39, 0xCE, 0x73, 0x9C, 0xD6, 0xB5, 0xAD, 0x6B, 0x5B, 0x3E, 0xB1, 0x8C, 0x63, 0x18, 0xC6,
  0x52, 0x6B, 0x5A, 0xD7, 0x0E, 0xCD, 0x6B, 0x5C, 0x69, 0x35, 0x4D, 0x4A, 0x52, 0xA0, 0xA5, 0x52, 0x6A, 0x52, 0x94, 0xA5, 0x29, 0x4A, 0x52, 0x94,
  0xA5, 0x29, 0x4A, 0x52, 0x94, 0xA5, 0x29, 0x4A, 0x52, 0x94, 0xA5, 0x29, 0x49, 0x64, 0xE7, 0x48, 0xDE, 0x29, 0x54, 0x52, 0x94, 0xA5, 0x29, 0x4A,
  0x54, 0xA5, 0x29, 0x4A, 0x52, 0x94, 0xA5, 0x29, 0x4A, 0x52, 0x94, 0xA5, 0x29, 0x4A, 0x52, 0x94, 0xA5, 0x29, 0x4A, 0x52, 0x94, 0xA5, 0x29, 0x4A,
  0x52, 0x94, 0xA5, 0x29, 0x6B, 0x62, 0xD6, 0xB5, 0xAD, 0x6B, 0x5A, 0xD8, 0xC6, 0x35, 0xAD, 0x63, 0x20, 0xC6, 0xB5, 0xCE, 0x73, 0x5A, 0xD6, 0xB9,
  0xCE, 0x73, 0x9D, 0x07, 0x42, 0x10, 0x84, 0x21, 0x08, 0x42, 0x10, 0x84, 0x21, 0x18, 0x52, 0x94, 0xA5, 0x2B, 0x5A, 0xD6, 0xB5, 0xAD, 0x6B, 0x6B,
  0x5A, 0xD6, 0xB5, 0xAD, 0x6C, 0x63, 0x39, 0xCE, 0x73, 0x9E, 0x67, 0x39, 0xCE, 0xF7, 0xBD, 0xEF, 0x9C, 0xE7, 0x39, 0xCE, 0x73, 0xBD, 0xFF, 0xFF,
  0xFF, 0xFF, 0xFF, 0xFF, 0xFF, 0xFF, 0xFF, 0xFF, 0xFF, 0xFF, 0xFF, 0xFF, 0xFF, 0xFF, 0xFF, 0xFF, 0xFF, 0xFF, 0xFF, 0xFF, 0xFF, 0xFF, 0xFF, 0xFF,
  0xFF, 0xFF, 0xFF, 0xFF, 0xFF, 0xFF, 0xFF, 0xFF, 0xFF, 0xFF, 0xFF, 0xFF, 0xFF, 0xFF, 0xFF, 0xFF, 0xFF, 0xFF, 0xFF, 0xFF, 0xFF, 0xFF, 0xFF, 0xFF,
  0xFF, 0xFF, 0xFF, 0xFF, 0xFF, 0xFF, 0xFF, 0xFF, 0xFF, 0xFF, 0xFF, 0xFF, 0xFF, 0xFF, 0xFF, 0xFF, 0xFF, 0xFF, 0xFF, 0xFF, 0xFF, 0xFF, 0xFF, 0xFF,
  0xFF, 0xFF, 0xFF, 0xFF, 0xFF, 0xFF, 0xFF, 0xFF, 0xFF, 0xFF, 0xFF, 0xFF, 0xFF, 0xFF, 0xFF, 0xFF, 0xFF, 0xFF, 0xFF, 0xFF, 0xFF, 0xFF, 0xFF, 0xFF,
  0xFF, 0xFF, 0xFF, 0xFB, 0xDE, 0x73, 0xBC, 0xE7, 0x7D, 0xDE, 0xF7, 0x7B, 0xE7, 0x3B, 0xEF, 0x77, 0xB9, 0xC6, 0x73, 0x9C, 0xE3, 0x9D, 0xEF, 0x7B,
  0xBB, 0x5A, 0xD5, 0xAD, 0x6B, 0xDF, 0x77, 0xBD, 0xF7, 0xBD, 0xEA, 0xC2, 0x10, 0x84, 0x21, 0x08, 0x42, 0x10, 0x84, 0x21, 0x07, 0x3A, 0x2E, 0x73,
  0x9C, 0xE7, 0x35, 0xAD, 0x6B, 0x5B, 0xE8, 0xB5, 0xAC, 0x63, 0x19, 0x3B, 0xB2, 0xF3, 0x65, 0x7B, 0x39, 0xF9, 0x6B, 0x9E, 0x97, 0xA5, 0xD1, 0x4A,
  0x57, 0x94, 0xAE, 0xAA, 0x77, 0x52, 0x94, 0xA5, 0x29, 0x4A, 0x52, 0x94, 0xA5, 0x29, 0x4A, 0x52, 0x94, 0xA5, 0x29, 0x4A, 0x52, 0x94, 0xA5, 0x29,
  0x50, 0x8C, 0xE9, 0x18, 0xD1, 0x4A, 0x52, 0x94, 0xA5, 0x29, 0x4A, 0x52, 0x94, 0xA5, 0x29, 0x4A, 0x52, 0x94, 0xA5, 0x29, 0x4A, 0x52, 0x94, 0xA5,
  0x29, 0x4A, 0x52, 0x94, 0xA5, 0x29, 0x4A, 0x52, 0x94, 0xA5, 0x29, 0x4A, 0x53, 0x94, 0xB5, 0xAD, 0x6C, 0x62, 0xD6, 0xB5, 0xAD, 0x6B, 0x63, 0x18,
  0xC6, 0xB5, 0xAD, 0x63, 0x1A, 0xD6, 0xB9, 0xAE, 0x73, 0x9A, 0xD7, 0x39, 0xCE, 0x73, 0x9D, 0x08, 0x42, 0x10, 0x84, 0x21, 0x08, 0x42, 0x10, 0x8C,
  0x21, 0x0A, 0x52, 0x94, 0xA5, 0x2B, 0x5A, 0xD6, 0xB5, 0xAD, 0x6D, 0x6B, 0x62, 0xD6, 0xB5, 0xAD, 0x8C, 0x67, 0x39, 0xCE, 0x73, 0xCE, 0x67, 0x39,
  0xDE, 0xF7, 0xBD, 0xF3, 0x9C, 0xE7, 0x39, 0xCE, 0x77, 0xBF, 0xFF, 0xFF, 0xFF, 0xFF, 0xFF, 0xFF, 0xFF, 0xFF, 0xFF, 0xFF, 0xFF, 0xFF, 0xFF, 0xFF,
  0xFF, 0xFF, 0xFF, 0xFF, 0xFF, 0xFF, 0xFF, 0xFF, 0xFF, 0xFF, 0xFF, 0xFF, 0xFF, 0xFF, 0xFF, 0xFF, 0xFF, 0xFF, 0xFF, 0xFF, 0xFF, 0xFF, 0xFF, 0xFF,
  0xFF, 0xFF, 0xFF, 0xFF, 0xFF, 0xFF, 0xFF, 0xFF, 0xFF, 0xFF, 0xFF, 0xFF, 0xFF, 0xFF, 0xFF, 0xFF, 0xFF, 0xFF, 0xFF, 0xFF, 0xFF, 0xFF, 0xFF, 0xFF,
  0xFF, 0xFF, 0xFF, 0xFF, 0xFF, 0xFF, 0xFF, 0xFF, 0xFF, 0xFF, 0xFF, 0xFF, 0xFF, 0xFF, 0xFF, 0xFF, 0xFF, 0xFF, 0xFF, 0xFF, 0xFF, 0xFF, 0xFF, 0xFF,
  0xFF, 0xFF, 0xFF, 0xFF, 0xFF, 0xFF, 0xFF, 0xFF, 0xFF, 0xFF, 0xFF, 0xFF, 0xFF, 0xFF, 0xFF, 0xFF, 0xDE, 0xF3, 0xBD, 0xEF, 0xBD, 0xDE, 0xF7, 0x7B,
  0xE7, 0x3B, 0xEE, 0xF3, 0x39, 0xCE, 0x33, 0x9C, 0xE7, 0x18, 0xEF, 0x7B, 0x6B, 0x5A, 0xD6, 0xAD, 0x7B, 0xEF, 0x7B, 0xDD, 0xF7, 0xBD, 0xDA, 0x52,
  0x90, 0x84, 0x21, 0x08, 0x42, 0x10, 0x84, 0x21, 0x08, 0x41, 0xD3, 0xAD, 0x7B, 0xDE, 0xF7, 0xB5, 0xA3, 0x5B, 0xE6, 0xB5, 0xB7, 0xAB, 0x19, 0xE6,
  0x33, 0x4C, 0x67, 0x66, 0xC5, 0xF9, 0x6B, 0xF2, 0xD7, 0xD5, 0xCE, 0x2B, 0x9D, 0x15, 0xA5, 0x2A, 0x73, 0x52, 0x94, 0xA5, 0x29, 0x4A, 0x52, 0x94,
  0xA5, 0x29, 0x4A, 0x52, 0x94, 0xA5, 0x29, 0x4A, 0x52, 0x94, 0xA5, 0x32, 0x73, 0xA4, 0xE6, 0xE9, 0xCD, 0x4A, 0x8A, 0x94, 0xA5, 0x29, 0x4A, 0x52,
  0x94, 0xA5, 0x29, 0x4A, 0x52, 0x94, 0xA5, 0x29, 0x4A, 0x52, 0x94, 0xA5, 0x29, 0x4A, 0x52, 0x94, 0xA5, 0xAD, 0x4A, 0x52, 0x94, 0xA5, 0x29, 0x4A,
  0x5A, 0xD6, 0xB5, 0xAD, 0x6B, 0x62, 0xD6, 0xB5, 0xB1, 0x8C, 0x63, 0x18, 0xC6, 0xB5, 0xAD, 0x6C, 0x1A, 0xE7, 0x35, 0xAE, 0x73, 0x9C, 0xE7, 0x39,
  0xCE, 0x73, 0x9D, 0x08, 0x42, 0x10, 0x84, 0x21, 0x08, 0x42, 0x10, 0x84, 0x29, 0x4A, 0x52, 0x94, 0xA5, 0x6B, 0x5A, 0xD6, 0xB5, 0xAD, 0xAD, 0x6C,
  0x62, 0xD6, 0xB6, 0x31, 0x8C, 0x67, 0x39, 0xCE, 0x73, 0x9E, 0x73, 0x3B, 0xDE, 0xF7, 0xBE, 0x73, 0x9C, 0xE7, 0x39, 0xCE, 0xF7, 0xFF, 0xFF, 0xFF,
  0xFF, 0xFF, 0xFF, 0xFF, 0xFF, 0xFF, 0xFF, 0xFF, 0xFF, 0xFF, 0xFF, 0xFF, 0xFF, 0xFF, 0xFF, 0xFF, 0xFF, 0xFF, 0xFF, 0xFF, 0xFF, 0xFF, 0xFF, 0xFF,
  0xFF, 0xFF, 0xFF, 0xFF, 0xFF, 0xFF, 0xFF, 0xFF, 0xFF, 0xFF, 0xFF, 0xFF, 0xFF, 0xFF, 0xFF, 0xFF, 0xFF, 0xFF, 0xFF, 0xFF, 0xFF, 0xFF, 0xFF, 0xFF,
  0xFF, 0xFF, 0xFF, 0xFF, 0xFF, 0xFF, 0xFF, 0xFF, 0xFF, 0xFF, 0xFF, 0xFF, 0xFF, 0xFF, 0xFF, 0xFF, 0xFF, 0xFF, 0xFF, 0xFF, 0xFF, 0xFF, 0xFF, 0xFF,
  0xFF, 0xFF, 0xFF, 0xFF, 0xFF, 0xFF, 0xFF, 0xFF, 0xFF, 0xFF, 0xFF, 0xFF, 0xFF, 0xFF, 0xFF, 0xFF, 0xFF, 0xFF, 0xFF, 0xFF, 0xFF, 0xFF, 0xFF, 0xFF,
  0xFF, 0xFF, 0xFF, 0xFF, 0xFE, 0xF7, 0xBD, 0xEF, 0xBB, 0xCE, 0x77, 0xDD, 0xEF, 0x7D, 0xEE, 0xE7, 0x39, 0xCE, 0x71, 0x8C, 0xE7, 0x18, 0xC7, 0x6D,
  0x6B, 0x5A, 0xD6, 0xEF, 0x75, 0xAF, 0x77, 0xBE, 0xF7, 0xBB, 0x4A, 0x52, 0x94, 0x84, 0x21, 0x08, 0x42, 0x10, 0x85, 0x2B, 0xDF, 0x7B, 0xDD, 0xAC,
  0xE6, 0xE7, 0x39, 0xD1, 0xD3, 0xA7, 0xD6, 0xB5, 0xAD, 0xF3, 0x5B, 0xEE, 0xF6, 0x6C, 0x67, 0x98, 0xC8, 0x79, 0x70, 0xF7, 0x7B, 0x15, 0xCE, 0x6B,
  0xF2, 0xD7, 0xEE, 0xF6, 0x6A, 0x52, 0x94, 0xA5, 0x29, 0x4A, 0x52, 0x94, 0xA5, 0x29, 0x4A, 0x52, 0x94, 0xA5, 0x29, 0x4A, 0x52, 0x94, 0xA5, 0x4E,
  0x74, 0x9C, 0xD4, 0xAD, 0x29, 0x4B, 0x8A, 0x94, 0xA5, 0x29, 0x4A, 0x52, 0x94, 0xA5, 0x29, 0x4A, 0x52, 0x94, 0xA5, 0x29, 0x4A, 0x52, 0x94, 0xA5,
  0x29, 0x4A, 0x52, 0x94, 0xA5, 0xAD, 0x6A, 0x52, 0x94, 0xA5, 0x2D, 0x6B, 0x5A, 0xD6, 0xB5, 0xAD, 0x6B, 0x5A, 0xD6, 0xC6, 0x31, 0x8C, 0x63, 0x1A,
  0xD6, 0xB5, 0xAD, 0x6B, 0x5A, 0xE6, 0xB5, 0xCE, 0x73, 0x9C, 0xE8, 0x42, 0x0E, 0x73, 0xA1, 0x08, 0x42, 0x10, 0x84, 0x21, 0x08, 0x42, 0x10, 0x85,
  0x29, 0x4A, 0x52, 0x94, 0xAD, 0x6B, 0x5A, 0xD6, 0xB6, 0xB5, 0xAD, 0x8C, 0x5A, 0xD6, 0xC6, 0x31, 0x8C, 0x63, 0x39, 0xCE, 0x73, 0xCE, 0x73, 0x7B,
  0xDE, 0xF7, 0xCE, 0x73, 0xBD, 0xE7, 0x39, 0xDE, 0xFF, 0xFF, 0xFF, 0xFF, 0xFF, 0xFF, 0xFF, 0xFF, 0xFF, 0xFF, 0xFF, 0xFF, 0xFF, 0xFF, 0xFF, 0xFF,
  0xFF, 0xFF, 0xFF, 0xFF, 0xFF, 0xFF, 0xFF, 0xFF, 0xFF, 0xFF, 0xFF, 0xFF, 0xFF, 0xFF, 0xFF, 0xFF, 0xFF, 0xFF, 0xFF, 0xFF, 0xFF, 0xFF, 0xFF, 0xFF,
  0xFF, 0xFF, 0xFF, 0xFF, 0xFF, 0xFF, 0xFF, 0xFF, 0xFF, 0xFF, 0xFF, 0xFF, 0xFF, 0xFF, 0xFF, 0xFF, 0xFF, 0xFF, 0xFF, 0xFF, 0xFF, 0xFF, 0xFF, 0xFF,
  0xFF, 0xFF, 0xFF, 0xFF, 0xFF, 0xFF, 0xFF, 0xFF, 0xFF, 0xFF, 0xFF, 0xFF, 0xFF, 0xFF, 0xFF, 0xFF, 0xFF, 0xFF, 0xFF, 0xFF, 0xFF, 0xFF, 0xFF, 0xFF,
  0xFF, 0xFF, 0xFF, 0xFF, 0xFF, 0xFF, 0xFF, 0xFF, 0xFF, 0xFF, 0xFF, 0xFF, 0xFF, 0xFF, 0xFF, 0xFF, 0xFF, 0xF7, 0xBD, 0xF7, 0xB9, 0xCE, 0x73, 0xBE,
  0xF7, 0xBB, 0xCC, 0xE7, 0x39, 0xCE, 0x73, 0x8C, 0xE3, 0x18, 0xC6, 0x2D, 0x6B, 0x5B, 0x9E, 0xF7, 0x79, 0xDE, 0xF7, 0xBD, 0xF7, 0x69, 0x4A, 0x52,
  0x94, 0xA5, 0x21, 0x08, 0x42, 0x1D, 0xF7, 0x69, 0x38, 0x42, 0x10, 0x83, 0x9C, 0xE7, 0x39, 0xCE, 0x73, 0x9D, 0xE6, 0xB5, 0xAD, 0xEB, 0x63, 0x46,
  0xB1, 0x8C, 0x67, 0x58, 0xC9, 0xDD, 0x93, 0x9A, 0xD6, 0xB5, 0xAE, 0x93, 0x9A, 0xD7, 0xD5, 0xAD, 0x6B, 0x52, 0x94, 0xA5, 0x29, 0x4A, 0x52, 0x94,
  0xA5, 0x29, 0x6A, 0x52, 0x94, 0xA5, 0x29, 0x4A, 0x52, 0x94, 0xA9, 0xCE, 0x91, 0x8A, 0x95, 0x48, 0xA9, 0x51, 0x5A, 0x94, 0xA5, 0x29, 0x4A, 0x52,
  0x94, 0xA5, 0x29, 0x4A, 0x52, 0x94, 0xA5, 0x29, 0x4A, 0x5A, 0xD6, 0xA5, 0x29, 0x4A, 0x52, 0x94, 0xA5, 0x2D, 0x4A, 0x52, 0xD6, 0xB5, 0xAD, 0x6B,
  0x5A, 0xD6, 0xB5, 0xAD, 0x6C, 0x63, 0x18, 0xC6, 0x31, 0x8C, 0x63, 0x1A, 0xD6, 0xB5, 0xAD, 0x6B, 0x5C, 0xD6, 0xB5, 0xCE, 0x73, 0xA0, 0xE7, 0x39,
  0xD0, 0x84, 0x21, 0x08, 0x42, 0x10, 0x84, 0x21, 0x08, 0x42, 0x14, 0xA5, 0x29, 0x4A, 0x52, 0x94, 0xAD, 0x6B, 0x5A, 0xD6, 0xD6, 0xB5, 0xB1, 0x8C,
  0x5B, 0x18, 0xC6, 0x31, 0x8C, 0x63, 0x39, 0xE7, 0x39, 0xCE, 0x6F, 0x7B, 0xDE, 0xF9, 0xCE, 0x77, 0xBD, 0xEF, 0x7B, 0xDF, 0xFF, 0xFF, 0xFF, 0xFF,
  0xFF, 0xFF, 0xFF, 0xFF, 0xFF, 0xFF, 0xFF, 0xFF, 0xFF, 0xFF, 0xFF, 0xFF, 0xFF, 0xFF, 0xFF, 0xFF, 0xFF, 0xFF, 0xFF, 0xFF, 0xFF, 0xFF, 0xFF, 0xFF,
  0xFF, 0xFF, 0xFF, 0xFF, 0xFF, 0xFF, 0xFF, 0xFF, 0xFF, 0xFF, 0xFF, 0xFF, 0xFF, 0xFF, 0xFF, 0xFF, 0xFF, 0xFF, 0xFF, 0xFF, 0xFF, 0xFF, 0xFF, 0xFF,
  0xFF, 0xFF, 0xFF, 0xFF, 0xFF, 0xFF, 0xFF, 0xFF, 0xFF, 0xFF, 0xFF, 0xFF, 0xFF, 0xFF, 0xFF, 0xFF, 0xFF, 0xFF, 0xFF, 0xFF, 0xFF, 0xFF, 0xFF, 0xFF,
  0xFF, 0xFF, 0xFF, 0xFF, 0xFF, 0xFF, 0xFF, 0xFF, 0xFF, 0xFF, 0xFF, 0xFF, 0xFF, 0xFF, 0xFF, 0xFF, 0xFF, 0xFF, 0xFF, 0xFF, 0xFF, 0xFF, 0xFF, 0xFF,
  0xFF, 0xFF, 0xFF, 0xFF, 0xFF, 0xFF, 0xBD, 0xF7, 0x79, 0xCE, 0xF3, 0x9C, 0xF7, 0xBB, 0xDE, 0x67, 0x39, 0xCE, 0x73, 0x9C, 0x63, 0x18, 0xC6, 0x31,
  0x6B, 0x77, 0xDE, 0xF7, 0xBD, 0xEF, 0x7B, 0xB5, 0xAD, 0x69, 0x4A, 0x52, 0x94, 0xA5, 0x29, 0x08, 0x43, 0xB5, 0x84, 0x21, 0x08, 0x42, 0x10, 0x84,
  0x20, 0xE7, 0x39, 0xCE, 0x73, 0x9D, 0xDB, 0xB5, 0xB3, 0xA3, 0x5B, 0xD6, 0xB5, 0xAC, 0x9D, 0x18, 0xCB, 0xCD, 0x90, 0xD3, 0x18, 0xC5, 0xAF, 0x5D,
  0x5A, 0xD7, 0xE5, 0xAD, 0x6B, 0x5A, 0xD6, 0xB5, 0x29, 0x4A, 0x52, 0x94, 0xA5, 0x29, 0x4A, 0x52, 0x94, 0xA5, 0x29, 0x4A, 0x54, 0x27, 0x49, 0xD2,
  0x2E, 0x54, 0xF4, 0xA5, 0x2A, 0x31, 0x52, 0x94, 0xA5, 0x29, 0x4A, 0x52, 0x94, 0xA5, 0x29, 0x4A, 0x52, 0x96, 0xB5, 0xAD, 0x6B, 0x52, 0x94, 0xA5,
  0x29, 0x4A, 0x52, 0xD4, 0xA5, 0x2D, 0x6B, 0x5A, 0xD6, 0xB5, 0xAD, 0x6B, 0x5A, 0xD6, 0xB5, 0xB1, 0x8C, 0x6B, 0x18, 0xC6, 0x31, 0x8C, 0x63, 0x1A,
  0xD6, 0xB5, 0xAD, 0x6B, 0x5A, 0xE7, 0x39, 0xCE, 0x73, 0xA1, 0x08, 0x42, 0x10, 0x84, 0x21, 0x08, 0x42, 0x10, 0x84, 0x23, 0x18, 0xC2, 0x94, 0xA5,
  0x29, 0x4A, 0x52, 0x95, 0xAD, 0x6B, 0x5A, 0xDA, 0xD6, 0xB6, 0x31, 0x8B, 0x63, 0x18, 0xC6, 0x31, 0x8C, 0x67, 0x3C, 0xE7, 0x39, 0xCE, 0x6F, 0x7B,
  0xDF, 0x39, 0xCE, 0x77, 0xBD, 0xEF, 0x7B, 0xFF, 0xFF, 0xFF, 0xFF, 0xFF, 0xFF, 0xFF, 0xFF, 0xFF, 0xFF, 0xFF, 0xFF, 0xFF, 0xFF, 0xFF, 0xFF, 0xFF,
  0xFF, 0xFF, 0xFF, 0xFF, 0xFF, 0xFF, 0xFF, 0xFF, 0xFF, 0xFF, 0xFF, 0xFF, 0xFF, 0xFF, 0xFF, 0xFF, 0xFF, 0xFF, 0xFF, 0xFF, 0xFF, 0xFF, 0xFF, 0xFF,
  0xFF, 0xFF, 0xFF, 0xFF, 0xFF, 0xFF, 0xFF, 0xFF, 0xFF, 0xFF, 0xFF, 0xFF, 0xFF, 0xFF, 0xFF, 0xFF, 0xFF, 0xFF, 0xFF, 0xFF, 0xFF, 0xFF, 0xFF, 0xFF,
  0xFF, 0xFF, 0xFF, 0xFF, 0xFF, 0xFF, 0xFF, 0xFF, 0xFF, 0xFF, 0xFF, 0xFF, 0xFF, 0xFF, 0xFF, 0xFF, 0xFF, 0xFF, 0xFF, 0xFF, 0xFF, 0xFF, 0xFF, 0xFF,
  0xFF, 0xFF, 0xFF, 0xFF, 0xFF, 0xFF, 0xFF, 0xFF, 0xFF, 0xFF, 0xFF, 0xFF, 0xFF, 0xFF, 0xFF, 0xFF, 0xFF, 0xFF, 0xFE, 0xF7, 0x39, 0xCE, 0xF3, 0x9C,
  0xF7, 0x7D, 0xEE, 0xF7, 0xB9, 0xCE, 0x73, 0x9C, 0xE3, 0x18, 0xC6, 0x31, 0x8B, 0x7B, 0xDD, 0xEF, 0x7B, 0xDF, 0x77, 0xB5, 0xAD, 0x6B, 0x4A, 0x52,
  0x94, 0xA5, 0x29, 0x4A, 0x7A, 0x90, 0x84, 0x21, 0x08, 0x42, 0x10, 0x84, 0x21, 0x08, 0x39, 0xD0, 0xAC, 0xDC, 0xEB, 0xFB, 0xDD, 0x6B, 0x5B, 0x3E,
  0xF6, 0x6D, 0xA3, 0x58, 0xCB, 0xB1, 0x8C, 0xA7, 0x7B, 0x36, 0x33, 0xB3, 0x5A, 0xD6, 0xBE, 0xF6, 0xEB, 0x5A, 0xD6, 0xB5, 0xAD, 0x6B, 0x5A, 0x94,
  0xA5, 0x29, 0x4A, 0x52, 0x94, 0xA5, 0x2A, 0x13, 0x9C, 0xE7, 0x79, 0xCE, 0x11, 0xD4, 0x54, 0xA5, 0x46, 0x2A, 0x52, 0xD6, 0xB5, 0xA9, 0x4A, 0x52,
  0x94, 0xA5, 0x29, 0x4A, 0x52, 0x96, 0xB5, 0xAD, 0x6B, 0x5A, 0x94, 0xA5, 0x29, 0x4A, 0x5A, 0xD6, 0xB5, 0xAD, 0x6B, 0x5A, 0xD6, 0xB5, 0xAD, 0x6B,
  0x5A, 0xD8, 0xC6, 0x31, 0xAC, 0x63, 0x18, 0xC6, 0x31, 0x8D, 0x6B, 0x5A, 0xD6, 0xB5, 0xAD, 0x6B, 0x9C, 0xE7, 0x39, 0xCE, 0x73, 0xA1, 0x08, 0x42,
  0x10, 0x84, 0x21, 0x08, 0x42, 0x10, 0x8C, 0x63, 0x1A, 0x52, 0x94, 0xA5, 0x29, 0x4A, 0xD2, 0xB5, 0xAD, 0x6B, 0x6B, 0x5A, 0xD6, 0xB6, 0x2D, 0x6C,
  0x63, 0x19, 0xCE, 0x31, 0x8C, 0xE7, 0x9C, 0xE7, 0x39, 0xBD, 0xEF, 0x7B, 0xE7, 0x39, 0xCE, 0x77, 0xBD, 0xEF, 0x7F, 0xFF, 0xFF, 0xFF, 0xFF, 0xFF,
  0xFF, 0xFF, 0xFF, 0xFF, 0xFF, 0xFF, 0xFF, 0xFF, 0xFF, 0xFF, 0xFF, 0xFF, 0xFF, 0xFF, 0xFF, 0xFF, 0xFF, 0xFF, 0xFF, 0xFF, 0xFF, 0xFF, 0xFF, 0xFF,
  0xFF, 0xFF, 0xFF, 0xFF, 0xFF, 0xFF, 0xFF, 0xFF, 0xFF, 0xFF, 0xFF, 0xFF, 0xFF, 0xFF, 0xFF, 0xFF, 0xFF, 0xFF, 0xFF, 0xFF, 0xFF, 0xFF, 0xFF, 0xFF,
  0xFF, 0xFF, 0xFF, 0xFF, 0xFF, 0xFF, 0xFF, 0xFF, 0xFF, 0xFF, 0xFF, 0xFF, 0xFF, 0xFF, 0xFF, 0xFF, 0xFF, 0xFF, 0xFF, 0xFF, 0xFF, 0xFF, 0xFF, 0xFF,
  0xFF, 0xFF, 0xFF, 0xFF, 0xFF, 0xFF, 0xFF, 0xFF, 0xFF, 0xFF, 0xFF, 0xFF, 0xFF, 0xFF, 0xFF, 0xFF, 0xFF, 0xFF, 0xFF, 0xFF, 0xFF, 0xFF, 0xFF, 0xFF,
  0xFF, 0xFF, 0xFF, 0xFF, 0xFF, 0xFF, 0xFF, 0xEF, 0x79, 0xCE, 0xF7, 0xBD, 0xF7, 0x7B, 0xDE, 0xF7, 0xDD, 0xCE, 0x73, 0x9C, 0xE7, 0x18, 0xC6, 0x31,
  0x8F, 0x7B, 0xBD, 0xB5, 0xAD, 0xDE, 0xF6, 0xD5, 0xAD, 0x6B, 0x5A, 0xD2, 0x94, 0xA5, 0x29, 0x4F, 0x76, 0x10, 0x84, 0x21, 0x08, 0x42, 0x10, 0x84,
  0x21, 0x08, 0x4E, 0xB5, 0xAC, 0x1C, 0xE7, 0x39, 0xCE, 0x73, 0x5A, 0xD6, 0xB5, 0xAD, 0x6B, 0x5A, 0xD6, 0x31, 0x8C, 0x63, 0x18, 0xC6, 0x31, 0x8C,
  0x63, 0x16, 0xB5, 0xAD, 0x6B, 0x5A, 0xD6, 0xB5, 0xAD, 0x6B, 0x5A, 0xD6, 0xB5, 0xAD, 0x4A, 0x52, 0x94, 0xA5, 0x42, 0x73, 0xA4, 0xE7, 0x39, 0xB6,
  0x93, 0x52, 0x94, 0xC8, 0xB1, 0x4A, 0x5A, 0x94, 0xB5, 0xA9, 0x4A, 0x52, 0x94, 0xA5, 0x29, 0x6A, 0x52, 0x94, 0xA5, 0xA9, 0x6B, 0x52, 0xD4, 0xB5,
  0xAD, 0x6B, 0x5A, 0xD6, 0xB5, 0xAD, 0x6B, 0x5A, 0xD6, 0xB5, 0xAD, 0x6C, 0x63, 0x18, 0xC6, 0xB5, 0x8C, 0x63, 0x18, 0xC6, 0x35, 0xAD, 0x6B, 0x9A,
  0xD6, 0xB6, 0x0D, 0x73, 0x9C, 0xE7, 0x39, 0xCE, 0x73, 0xA1, 0x08, 0x42, 0x10, 0x84, 0x21, 0x08, 0x42, 0x10, 0x84, 0x23, 0x4A, 0x52, 0x94, 0xA5,
  0x29, 0x4A, 0xD6, 0xB5, 0xAD, 0x6D, 0x6B, 0x5A, 0xD6, 0xB5, 0xB1, 0x8C, 0x67, 0x39, 0xCE, 0x31, 0x9C, 0xE7, 0x3C, 0xE7, 0x37, 0xBD, 0xEF, 0x7C,
  0xE7, 0x39, 0xCE, 0x73, 0xBD, 0xEF, 0xFF, 0xFF, 0xFF, 0xFF, 0xFF, 0xFF, 0xFF, 0xFF, 0xFF, 0xFF, 0xFF, 0xFF, 0xFF, 0xFF, 0xFF, 0xFF, 0xFF, 0xFF,
  0xFF, 0xFF, 0xFF, 0xFF, 0xFF, 0xFF, 0xFF, 0xFF, 0xFF, 0xFF, 0xFF, 0xFF, 0xFF, 0xFF, 0xFF, 0xFF, 0xFF, 0xFF, 0xFF, 0xFF, 0xFF, 0xFF, 0xFF, 0xFF,
  0xFF, 0xFF, 0xFF, 0xFF, 0xFF, 0xFF, 0xFF, 0xFF, 0xFF, 0xFF, 0xFF, 0xFF, 0xFF, 0xFF, 0xFF, 0xFF, 0xFF, 0xFF, 0xFF, 0xFF, 0xFF, 0xFF, 0xFF, 0xFF,
  0xFF, 0xFF, 0xFF, 0xFF, 0xFF, 0xFF, 0xFF, 0xFF, 0xFF, 0xFF, 0xFF, 0xFF, 0xFF, 0xFF, 0xFF, 0xFF, 0xFF, 0xFF, 0xFF, 0xFF, 0xFF, 0xFF, 0xFF, 0xFF,
  0xFF, 0xFF, 0xFF, 0xFF, 0xFF, 0xFF, 0xFF, 0xFF, 0xFF, 0xFF, 0xFF, 0xFF, 0xFF, 0xFF, 0xFF, 0xFF, 0xFF, 0xFF, 0xFF, 0xFF, 0x7B, 0xCE, 0xFB, 0xDE,
  0xEF, 0x39, 0xBE, 0x6F, 0xBD, 0xEE, 0x73, 0x9C, 0xE7, 0x39, 0xC6, 0x31, 0x8F, 0x7B, 0xB6, 0xB5, 0xAD, 0x6B, 0x5A, 0xD6, 0xAD, 0x6B, 0x5A, 0xD6,
  0x94, 0xA5, 0x29, 0xAF, 0x52, 0x94, 0x84, 0x23, 0x18, 0x42, 0x10, 0x84, 0x21, 0x3A, 0xD6, 0xB0, 0x83, 0x9C, 0xE7, 0x39, 0xD5, 0x9B, 0x9C, 0xD6,
  0xB5, 0xAD, 0x6B, 0x67, 0xD9, 0xB5, 0xAC, 0x63, 0x18, 0xC6, 0x31, 0x8C, 0x63, 0x18, 0xC6, 0x31, 0x6B, 0x5A, 0xD6, 0xB5, 0xAD, 0x6B, 0x5A, 0xD6,
  0xB5, 0xAD, 0x6B, 0x5A, 0xD7, 0x39, 0xD2, 0x93, 0x9D, 0x69, 0x18, 0xE9, 0xCA, 0x52, 0x95, 0x15, 0x29, 0x4A, 0x5A, 0x94, 0xA5, 0x2D, 0x4A, 0x52,
  0x94, 0xA5, 0x29, 0x6A, 0x52, 0x96, 0xB5, 0xAD, 0x6B, 0x5A, 0xD6, 0xB5, 0xAD, 0x6B, 0x5A, 0xD6, 0xB5, 0xAD, 0x6B, 0x5A, 0xD7, 0x06, 0x31, 0x90,
  0x63, 0x18, 0xC6, 0xB5, 0x8C, 0x63, 0x1A, 0xD6, 0xB5, 0xAD, 0x6B, 0x9C, 0xE6, 0xB5, 0xCE, 0x74, 0x21, 0x07, 0x39, 0xCE, 0x84, 0x21, 0x08, 0x42,
  0x10, 0x84, 0x21, 0x08, 0x42, 0x10, 0x85, 0x29, 0x4A, 0x52, 0x94, 0xA5, 0x29, 0x5A, 0xD6, 0xB5, 0xAD, 0xAD, 0x6B, 0x5A, 0xD6, 0xB5, 0xB1, 0x8C,
  0x67, 0x19, 0xCE, 0x73, 0x9C, 0xE7, 0x3C, 0xE6, 0xF9, 0xBD, 0xEF, 0x9C, 0xE7, 0x7B, 0xCE, 0xF3, 0xBD, 0xFF, 0xFF, 0xFF, 0xFF, 0xFF, 0xFF, 0xFF,
  0xFF, 0xFF, 0xFF, 0xFF, 0xFF, 0xFF, 0xFF, 0xFF, 0xFF, 0xFF, 0xFF, 0xFF, 0xFF, 0xFF, 0xFF, 0xFF, 0xFF, 0xFF, 0xFF, 0xFF, 0xFF, 0xFF, 0xFF, 0xFF,
  0xFF, 0xFF, 0xFF, 0xFF, 0xFF, 0xFF, 0xFF, 0xFF, 0xFF, 0xFF, 0xFF, 0xFF, 0xFF, 0xFF, 0xFF, 0xFF, 0xFF, 0xFF, 0xFF, 0xFF, 0xFF, 0xFF, 0xFF, 0xFF,
  0xFF, 0xFF, 0xFF, 0xFF, 0xFF, 0xFF, 0xFF, 0xFF, 0xFF, 0xFF, 0xFF, 0xFF, 0xFF, 0xFF, 0xFF, 0xFF, 0xFF, 0xFF, 0xFF, 0xFF, 0xFF, 0xFF, 0xFF, 0xFF,
  0xFF, 0xFF, 0xFF, 0xFF, 0xFF, 0xFF, 0xFF, 0xFF, 0xFF, 0xFF, 0xFF, 0xFF, 0xFF, 0xFF, 0xFF, 0xFF, 0xFF, 0xFF, 0xFF, 0xFF, 0xFF, 0xFF, 0xFF, 0xFF,
  0xFF, 0xFF, 0xFF, 0xFF, 0xFF, 0xFF, 0xFF, 0xFF, 0xFB, 0xDE, 0xFB, 0xBD, 0xEF, 0x39, 0xCD, 0xEF, 0x7B, 0xEF, 0x73, 0x9C, 0xE7, 0x39, 0xCE, 0x31,
  0xDF, 0x7B, 0x18, 0xB5, 0xAD, 0x6B, 0x5A, 0xD6, 0xB5, 0xAB, 0x5A, 0xD6, 0xB5, 0xA5, 0x29, 0xEF, 0x52, 0x94, 0xA4, 0x63, 0x18, 0xC2, 0x10, 0x84,
  0x21, 0x5A, 0xC2, 0x10, 0x84, 0x20, 0xE7, 0x39, 0xD1, 0xEF, 0x6A, 0xE7, 0x35, 0xAD, 0x6C, 0x3B, 0xD6, 0xB5, 0xAD, 0x6B, 0x58, 0xC6, 0x31, 0x8C,
  0x63, 0x18, 0xC6, 0x31, 0x8C, 0x63, 0x16, 0xB5, 0xAD, 0x6B, 0x5A, 0xD6, 0xB9, 0xC1, 0x6B, 0x5A, 0xE7, 0x3B, 0xF7, 0xBA, 0x9A, 0xD6, 0xB8, 0xAD,
  0x6B, 0x52, 0xA2, 0xC5, 0x29, 0x4A, 0x52, 0x94, 0xA5, 0x29, 0x4A, 0x52, 0xD6, 0xB5, 0xAD, 0x6B, 0x5A, 0xD6, 0xB5, 0xAD, 0x8B, 0x63, 0x16, 0xB5,
  0xAD, 0x6B, 0x5A, 0xD6, 0xB5, 0xAD, 0x6C, 0x63, 0x18, 0xC6, 0x31, 0x8C, 0x63, 0x18, 0xC6, 0x35, 0x8D, 0x6B, 0x5A, 0xD6, 0xB5, 0xAD, 0x6B, 0x9C,
  0xE7, 0x39, 0xCE, 0x74, 0x21, 0x07, 0x3A, 0x10, 0x84, 0x21, 0x08, 0x42, 0x10, 0x84, 0x21, 0x18, 0xC2, 0x30, 0xA5, 0x29, 0x4A, 0x56, 0xB4, 0xA5,
  0x6B, 0x5A, 0xD6, 0xB6, 0xB5, 0xAD, 0x8B, 0x5A, 0xD6, 0xB6, 0x31, 0x8C, 0x63, 0x18, 0xCE, 0x73, 0x9C, 0xE7, 0x3C, 0xDE, 0xF9, 0xCD, 0xF3, 0x9C,
  0xEF, 0x7B, 0xCE, 0xF7, 0xBF, 0xFF, 0xFF, 0xFF, 0xFF, 0xFF, 0xFF, 0xFF, 0xFF, 0xFF, 0xFF, 0xFF, 0xFF, 0xFF, 0xFF, 0xFF, 0xFF, 0xFF, 0xFF, 0xFF,
  0xFF, 0xFF, 0xFF, 0xFF, 0xFF, 0xFF, 0xFF, 0xFF, 0xFF, 0xFF, 0xFF, 0xFF, 0xFF, 0xFF, 0xFF, 0xFF, 0xFF, 0xFF, 0xFF, 0xFF, 0xFF, 0xFF, 0xFF, 0xFF,
  0xFF, 0xFF, 0xFF, 0xFF, 0xFF, 0xFF, 0xFF, 0xFF, 0xFF, 0xFF, 0xFF, 0xFF, 0xFF, 0xFF, 0xFF, 0xFF, 0xFF, 0xFF, 0xFF, 0xFF, 0xFF, 0xFF, 0xFF, 0xFF,
  0xFF, 0xFF, 0xFF, 0xFF, 0xFF, 0xFF, 0xFF, 0xFF, 0xFF, 0xFF, 0xFF, 0xFF, 0xFF, 0xFF, 0xFF, 0xFF, 0xFF, 0xFF, 0xFF, 0xFF, 0xFF, 0xFF, 0xFF, 0xFF,
  0xFF, 0xFF, 0xFF, 0xFF, 0xFF, 0xFF, 0xFF, 0xFF, 0xFF, 0xFF, 0xFF, 0xFF, 0xFF, 0xFF, 0xFF, 0xFF, 0xFF, 0xFF, 0xFF, 0xFF, 0xFF, 0xDE, 0xFB, 0xBD,
  0xE7, 0x79, 0xCE, 0x6F, 0x7B, 0xDF, 0x77, 0x9C, 0xE7, 0x39, 0xCE, 0x71, 0xEF, 0x77, 0x18, 0xC6, 0x2D, 0x6B, 0x5A, 0xD6, 0xB5, 0xAD, 0x5A, 0xD6,
  0xB5, 0xAD, 0x29, 0xEF, 0x52, 0x94, 0xA5, 0x29, 0x18, 0xC2, 0x10, 0x84, 0x27, 0x58, 0x42, 0x10, 0x84, 0x21, 0x08, 0x39, 0xCE, 0x74, 0xFB, 0xDE,
  0xCD, 0xCE, 0x9F, 0x7A, 0xD6, 0xB5, 0xAD, 0x6B, 0x5A, 0xD6, 0xB1, 0x8C, 0x63, 0x18, 0xC6, 0x31, 0x8C, 0x63, 0x18, 0xC6, 0x31, 0x6B, 0x5A, 0xE1,
  0x39, 0xCE, 0x73, 0x9C, 0xE7, 0x4E, 0xD1, 0x8B, 0x5B, 0x16, 0xB5, 0xAD, 0x6B, 0x5B, 0x22, 0xB5, 0xAD, 0x6B, 0x5A, 0xD6, 0xB5, 0xAD, 0x6B, 0x5A,
  0xD6, 0xB5, 0xAD, 0x8B, 0x5B, 0x16, 0xB5, 0xB1, 0x8C, 0x62, 0xD6, 0xB5, 0xAD, 0x6B, 0x5A, 0xD6, 0xC6, 0x31, 0x8C, 0x63, 0x18, 0xC6, 0x41, 0x8C,
  0x63, 0x18, 0xC6, 0xB5, 0xAD, 0x6B, 0x5A, 0xD6, 0xB5, 0xAD, 0x6B, 0x9C, 0xE7, 0x39, 0xCE, 0x73, 0xA1, 0x08, 0x42, 0x10, 0x84, 0x21, 0x08, 0x42,
  0x10, 0x84, 0x21, 0x18, 0x46, 0x94, 0xA5, 0x29, 0x4A, 0xD6, 0xB5, 0xAD, 0x6B, 0x5A, 0xD6, 0xD6, 0xB5, 0xB1, 0x8B, 0x5A, 0xD8, 0xC6, 0x31, 0x8C,
  0x63, 0x19, 0xCF, 0x33, 0x9C, 0xE7, 0x7B, 0xE7, 0x37, 0xCE, 0x73, 0x9D, 0xE7, 0x39, 0xDE, 0xF7, 0xFF, 0xFF, 0xFF, 0xFF, 0xFF, 0xFF, 0xFF, 0xFF,
  0xFF, 0xFF, 0xFF, 0xFF, 0xFF, 0xFF, 0xFF, 0xFF, 0xFF, 0xFF, 0xFF, 0xFF, 0xFF, 0xFF, 0xFF, 0xFF, 0xFF, 0xFF, 0xFF, 0xFF, 0xFF, 0xFF, 0xFF, 0xFF,
  0xFF, 0xFF, 0xFF, 0xFF, 0xFF, 0xFF, 0xFF, 0xFF, 0xFF, 0xFF, 0xFF, 0xFF, 0xFF, 0xFF, 0xFF, 0xFF, 0xFF, 0xFF, 0xFF, 0xFF, 0xFF, 0xFF, 0xFF, 0xFF,
  0xFF, 0xFF, 0xFF, 0xFF, 0xFF, 0xFF, 0xFF, 0xFF, 0xFF, 0xFF, 0xFF, 0xFF, 0xFF, 0xFF, 0xFF, 0xFF, 0xFF, 0xFF, 0xFF, 0xFF, 0xFF, 0xFF, 0xFF, 0xFF,
  0xFF, 0xFF, 0xFF, 0xFF, 0xFF, 0xFF, 0xFF, 0xFF, 0xFF, 0xFF, 0xFF, 0xFF, 0xFF, 0xFF, 0xFF, 0xFF, 0xFF, 0xFF, 0xFF, 0xFF, 0xFF, 0xFF, 0xFF, 0xFF,
  0xFF, 0xFF, 0xFF, 0xFF, 0xFF, 0xFF, 0xFF, 0xFF, 0xFF, 0xFF, 0x77, 0xBC, 0xEF, 0x79, 0xCE, 0x73, 0x7B, 0xDE, 0xF7, 0xBC, 0xE7, 0x39, 0xCE, 0x73,
  0xEF, 0x77, 0xB8, 0xC6, 0x31, 0x6B, 0x5A, 0xD6, 0xB5, 0xAD, 0x6B, 0x56, 0xB5, 0xAD, 0x6B, 0xDE, 0xD2, 0x94, 0xA5, 0x29, 0x4A, 0x42, 0x10, 0x84,
  0x27, 0x78, 0x42, 0x10, 0x84, 0x21, 0x08, 0x42, 0x0E, 0x73, 0xA1, 0xDE, 0xF7, 0xBD, 0xEF, 0x60, 0xD6, 0xB5, 0xAD, 0x6B, 0x5A, 0xD6, 0xB5, 0xAD,
  0x63, 0x18, 0xC6, 0x31, 0x8C, 0x63, 0x18, 0xC6, 0x31, 0x8C, 0x65, 0x27, 0x4A, 0x4E, 0x97, 0xEF, 0x7B, 0xD9, 0xAD, 0x6B, 0x5A, 0xD6, 0xB5, 0xAD,
  0x6B, 0x5C, 0x56, 0xB5, 0xAD, 0x6B, 0x5A, 0xD6, 0xB5, 0xAD, 0x6B, 0x5A, 0xD6, 0xB5, 0xAD, 0x6B, 0x62, 0xD6, 0xB5, 0xAD, 0x6B, 0x62, 0xD6, 0xB5,
  0xAD, 0x8C, 0x63, 0x18, 0xC6, 0x31, 0x8C, 0x63, 0x18, 0xC6, 0x31, 0x8C, 0x63, 0x5A, 0xD7, 0x39, 0xAD, 0x6B, 0x5A, 0xD6, 0xB5, 0xAE, 0x73, 0xA1,
  0x07, 0x45, 0xCE, 0x73, 0xA1, 0x08, 0x42, 0x10, 0x84, 0x21, 0x08, 0x42, 0x10, 0x84, 0x23, 0x1A, 0x52, 0x94, 0xA5, 0x29, 0x4A, 0x56, 0xB5, 0xAD,
  0x6B, 0x5B, 0x5A, 0xD6, 0xB6, 0x2D, 0x6B, 0x5B, 0x18, 0xC6, 0x31, 0x8C, 0x67, 0x39, 0xE7, 0x33, 0x9C, 0xEF, 0x7B, 0xDE, 0xF7, 0xCE, 0x73, 0x9C,
  0xE7, 0x3B, 0xDE, 0xFF, 0xFF, 0xFF, 0xFF, 0xFF, 0xFF, 0xFF, 0xFF, 0xFF, 0xFF, 0xFF, 0xFF, 0xFF, 0xFF, 0xFF, 0xFF, 0xFF, 0xFF, 0xFF, 0xFF, 0xFF,
  0xFF, 0xFF, 0xFF, 0xFF, 0xFF, 0xFF, 0xFF, 0xFF, 0xFF, 0xFF, 0xFF, 0xFF, 0xFF, 0xFF, 0xFF, 0xFF, 0xFF, 0xFF, 0xFF, 0xFF, 0xFF, 0xFF, 0xFF, 0xFF,
  0xFF, 0xFF, 0xFF, 0xFF, 0xFF, 0xFF, 0xFF, 0xFF, 0xFF, 0xFF, 0xFF, 0xFF, 0xFF, 0xFF, 0xFF, 0xFF, 0xFF, 0xFF, 0xFF, 0xFF, 0xFF, 0xFF, 0xFF, 0xFF,
  0xFF, 0xFF, 0xFF, 0xFF, 0xFF, 0xFF, 0xFF, 0xFF, 0xFF, 0xFF, 0xFF, 0xFF, 0xFF, 0xFF, 0xFF, 0xFF, 0xFF, 0xFF, 0xFF, 0xFF, 0xFF, 0xFF, 0xFF, 0xFF,
  0xFF, 0xFF, 0xFF, 0xFF, 0xFF, 0xFF, 0xFF, 0xFF, 0xFF, 0xFF, 0xFF, 0xFF, 0xFF, 0xFF, 0xFF, 0xFF, 0xFF, 0xFF, 0xFF, 0xFF, 0xFF, 0xFF, 0xF7, 0xBD,
  0xEF, 0x79, 0xCE, 0x73, 0x9C, 0xDE, 0xF7, 0xBD, 0xE7, 0x39, 0xCE, 0x73, 0xEF, 0x7B, 0xB8, 0xC6, 0x31, 0x8B, 0x5A, 0xD6, 0xB5, 0xAD, 0x6B, 0x5A,
  0xB5, 0xAD, 0x6B, 0xEA, 0x52, 0x94, 0xA5, 0x29, 0x4A, 0x52, 0x90, 0x84, 0x27, 0x78, 0x42, 0x10, 0x84, 0x21, 0x08, 0x42, 0x10, 0x83, 0x9D, 0xD9,
  0xB9, 0xCE, 0x73, 0x9C, 0xE7, 0x35, 0xAD, 0x6B, 0x5A, 0xD8, 0x77, 0xBD, 0xD3, 0x5A, 0xC6, 0x31, 0x8C, 0x63, 0x18, 0xC6, 0x31, 0x8C, 0xA4, 0xEF,
  0x79, 0xCD, 0x9D, 0xF7, 0x6F, 0x35, 0xAD, 0x6B, 0x5A, 0xD6, 0xB5, 0xAD, 0x6B, 0x5A, 0xD6, 0xB5, 0xAD, 0x6B, 0x5A, 0xD6, 0xB5, 0xAD, 0x6B, 0x5A,
  0xD6, 0xB5, 0xAD, 0x6B, 0x62, 0xD6, 0xB5, 0xAD, 0x6B, 0x63, 0x18, 0xC6, 0x31, 0x8C, 0x63, 0x18, 0xC6, 0x31, 0x8C, 0x63, 0x18, 0xC6, 0x31, 0xAD,
  0x6B, 0x5A, 0xE7, 0x35, 0xAD, 0x6B, 0x5A, 0xD7, 0x39, 0xCE, 0x73, 0xA0, 0xE7, 0x39, 0xCE, 0x84, 0x21, 0x08, 0x42, 0x10, 0x84, 0x21, 0x08, 0x42,
  0x11, 0x8C, 0x69, 0x4A, 0x52, 0x94, 0xA5, 0x2B, 0x5A, 0xD6, 0xB5, 0xAD, 0x6B, 0x6B, 0x5A, 0xD6, 0xB5, 0xAD, 0x6B, 0x63, 0x18, 0xC6, 0x31, 0x9C,
  0xE7, 0x9C, 0xE7, 0x33, 0x9D, 0xEF, 0x7B, 0xDF, 0x39, 0xCE, 0x73, 0x9C, 0xE7, 0x7B, 0xDF, 0xFF, 0xFF, 0xFF, 0xFF, 0xFF, 0xFF, 0xFF, 0xFF, 0xFF,
  0xFF, 0xFF, 0xFF, 0xFF, 0xFF, 0xFF, 0xFF, 0xFF, 0xFF, 0xFF, 0xFF, 0xFF, 0xFF, 0xFF, 0xFF, 0xFF, 0xFF, 0xFF, 0xFF, 0xFF, 0xFF, 0xFF, 0xFF, 0xFF,
  0xFF, 0xFF, 0xFF, 0xFF, 0xFF, 0xFF, 0xFF, 0xFF, 0xFF, 0xFF, 0xFF, 0xFF, 0xFF, 0xFF, 0xFF, 0xFF, 0xFF, 0xFF, 0xFF, 0xFF, 0xFF, 0xFF, 0xFF, 0xFF,
  0xFF, 0xFF, 0xFF, 0xFF, 0xFF, 0xFF, 0xFF, 0xFF, 0xFF, 0xFF, 0xFF, 0xFF, 0xFF, 0xFF, 0xFF, 0xFF, 0xFF, 0xFF, 0xFF, 0xFF, 0xFF, 0xFF, 0xFF, 0xFF,
  0xFF, 0xFF, 0xFF, 0xFF, 0xFF, 0xFF, 0xFF, 0xFF, 0xFF, 0xFF, 0xFF, 0xFF, 0xFF, 0xFF, 0xFF, 0xFF, 0xFF, 0xFF, 0xFF, 0xFF, 0xFF, 0xFF, 0xFF, 0xFF,
  0xFF, 0xFF, 0xFF, 0xFF, 0xFF, 0xFF, 0xFF, 0xFF, 0xFF, 0xFF, 0xFF, 0xBD, 0xEF, 0x79, 0xCE, 0x73, 0x9C, 0xE6, 0xF7, 0xBD, 0xEF, 0x79, 0xCE, 0x7D,
  0xEF, 0x7B, 0xB8, 0xC6, 0x31, 0x8C, 0x62, 0xD6, 0xB5, 0xAD, 0x6B, 0x5A, 0xD6, 0xAD, 0x7D, 0xDA, 0xD6, 0x94, 0xA5, 0x29, 0x4A, 0x52, 0x94, 0x84,
  0x23, 0x78, 0x42, 0x10, 0x84, 0x21, 0x08, 0x42, 0x10, 0x84, 0x21, 0xE7, 0x39, 0xCE, 0x73, 0x9C, 0xE7, 0x39, 0xCE, 0x6B, 0x5A, 0xD6, 0xB5, 0xAD,
  0x9F, 0x7A, 0xD6, 0xB5, 0xAC, 0x63, 0x18, 0xC6, 0x32, 0x74, 0x9D, 0xE9, 0x39, 0xC3, 0xBD, 0x84, 0x18, 0xC6, 0x31, 0x8C, 0x62, 0xD6, 0xB5, 0xAD,
  0x6B, 0x5A, 0xD6, 0xB5, 0xAD, 0x6B, 0x5A, 0xD6, 0xB5, 0xAD, 0x6B, 0x5A, 0xD6, 0xB5, 0xAD, 0x6B, 0x63, 0x18, 0xC6, 0x31, 0x8C, 0x6B, 0x58, 0xC6,
  0x31, 0x8C, 0x63, 0x18, 0xC6, 0x31, 0x8C, 0x6B, 0x1B, 0x06, 0xB5, 0xAD, 0x6B, 0x5A, 0xE7, 0x39, 0xAD, 0x6B, 0x9C, 0xE7, 0x39, 0xCE, 0x73, 0xA0,
  0xE7, 0x3A, 0x10, 0x84, 0x21, 0x08, 0x42, 0x10, 0x84, 0x21, 0x08, 0x42, 0x10, 0x8D, 0x29, 0x4A, 0xD6, 0x94, 0xA5, 0x6B, 0x5A, 0xD6, 0xB5, 0xAD,
  0xAD, 0x6B, 0x5A, 0xD6, 0xB5, 0xAD, 0x8C, 0x63, 0x18, 0xC6, 0x31, 0x9C, 0xF3, 0x3C, 0xE7, 0x37, 0xBD, 0xEF, 0x7B, 0xE7, 0x39, 0xCE, 0x73, 0x9C,
  0xEF, 0x7B, 0xFF, 0xFF, 0xFF, 0xFF, 0xFF, 0xFF, 0xFF, 0xFF, 0xFF, 0xFF, 0xFF, 0xFF, 0xFF, 0xFF, 0xFF, 0xFF, 0xFF, 0xFF, 0xFF, 0xFF, 0xFF, 0xFF,
  0xFF, 0xFF, 0xFF, 0xFF, 0xFF, 0xFF, 0xFF, 0xFF, 0xFF, 0xFF, 0xFF, 0xFF, 0xFF, 0xFF, 0xFF, 0xFF, 0xFF, 0xFF, 0xFF, 0xFF, 0xFF, 0xFF, 0xFF, 0xFF,
  0xFF, 0xFF, 0xFF, 0xFF, 0xFF, 0xFF, 0xFF, 0xFF, 0xFF, 0xFF, 0xFF, 0xFF, 0xFF, 0xFF, 0xFF, 0xFF, 0xFF, 0xFF, 0xFF, 0xFF, 0xFF, 0xFF, 0xFF, 0xFF,
  0xFF, 0xFF, 0xFF, 0xFF, 0xFF, 0xFF, 0xFF, 0xFF, 0xFF, 0xFF, 0xFF, 0xFF, 0xFF, 0xFF, 0xFF, 0xFF, 0xFF, 0xFF, 0xFF, 0xFF, 0xFF, 0xFF, 0xFF, 0xFF,
  0xFF, 0xFF, 0xFF, 0xFF, 0xFF, 0xFF, 0xFF, 0xFF, 0xFF, 0xFF, 0xFF, 0xFF, 0xFF, 0xFF, 0xFF, 0xFF, 0xFF, 0xFF, 0xFF, 0xFF, 0xFF, 0xFF, 0xFF, 0xFD,
  0xEF, 0x79, 0xCE, 0x73, 0x9C, 0xEF, 0x37, 0xBD, 0xEF, 0x7B, 0xCF, 0x7D, 0xEF, 0x7B, 0xB8, 0xC6, 0x31, 0x8C, 0x63, 0x16, 0xB5, 0xAD, 0x6B, 0x5A,
  0xD6, 0xB7, 0xBB, 0x5A, 0xD6, 0xB5, 0xA5, 0x29, 0x4A, 0x52, 0x94, 0xA5, 0x21, 0x79, 0xC2, 0x10, 0x84, 0x21, 0x08, 0x42, 0x10, 0x84, 0x21, 0xD8,
  0x41, 0xCE, 0x73, 0x9C, 0xE7, 0x39, 0xCE, 0x73, 0xA0, 0xDF, 0x35, 0xAD, 0x6B, 0x61, 0x39, 0xB5, 0xAD, 0x6B, 0x5A, 0xC6, 0x4D, 0x8C, 0xAC, 0xE2,
  0xC8, 0x4E, 0x8C, 0x63, 0x18, 0xC6, 0x31, 0x8C, 0x63, 0x18, 0xC6, 0x31, 0x8C, 0x63, 0x18, 0xC6, 0x31, 0x8C, 0x63, 0x18, 0xC6, 0x31, 0x8C, 0x63,
  0x18, 0xC6, 0x31, 0x8C, 0x6B, 0x58, 0xC6, 0xB1, 0xAD, 0x63, 0x18, 0xC6, 0x32, 0x0C, 0x63, 0x18, 0xC6, 0x31, 0xAD, 0x6B, 0x5B, 0x06, 0xB5, 0xAD,
  0x6B, 0x5A, 0xE7, 0x35, 0xCE, 0x73, 0x9C, 0xE7, 0x39, 0xCE, 0x73, 0xA1, 0x08, 0x42, 0x10, 0x84, 0x21, 0x08, 0x42, 0x10, 0x84, 0x21, 0x08, 0x42,
  0x14, 0xA5, 0x29, 0x5A, 0xD6, 0x94, 0xAD, 0x6B, 0x5A, 0xD6, 0xB5, 0xB5, 0xAD, 0x6B, 0x5A, 0xD6, 0xB5, 0xB1, 0x8C, 0x63, 0x18, 0xC6, 0x33, 0x9C,
  0xE7, 0x3C, 0xE6, 0xF7, 0xBD, 0xEF, 0x7C, 0xE7, 0x39, 0xCE, 0x73, 0x9D, 0xEF, 0x7F, 0xFF, 0xFF, 0xFF, 0xFF, 0xFF, 0xFF, 0xFF, 0xFF, 0xFF, 0xFF,
  0xFF, 0xFF, 0xFF, 0xFF, 0xFF, 0xFF, 0xFF, 0xFF, 0xFF, 0xFF, 0xFF, 0xFF, 0xFF, 0xFF, 0xFF, 0xFF, 0xFF, 0xFF, 0xFF, 0xFF, 0xFF, 0xFF, 0xFF, 0xFF,
  0xFF, 0xFF, 0xFF, 0xFF, 0xFF, 0xFF, 0xFF, 0xFF, 0xFF, 0xFF, 0xFF, 0xFF, 0xFF, 0xFF, 0xFF, 0xFF, 0xFF, 0xFF, 0xFF, 0xFF, 0xFF, 0xFF, 0xFF, 0xFF,
  0xFF, 0xFF, 0xFF, 0xFF, 0xFF, 0xFF, 0xFF, 0xFF, 0xFF, 0xFF, 0xFF, 0xFF, 0xFF, 0xFF, 0xFF, 0xFF, 0xFF, 0xFF, 0xFF, 0xFF, 0xFF, 0xFF, 0xFF, 0xFF,
  0xFF, 0xFF, 0xFF, 0xFF, 0xFF, 0xFF, 0xFF, 0xFF, 0xFF, 0xFF, 0xFF, 0xFF, 0xFF, 0xFF, 0xFF, 0xFF, 0xFF, 0xFF, 0xFF, 0xFF, 0xFF, 0xFF, 0xFF, 0xFF,
  0xFF, 0xFF, 0xFF, 0xFF, 0xFF, 0xFF, 0xFF, 0xFF, 0xFF, 0xFF, 0xFF, 0xFF, 0xEF, 0x7B, 0xCE, 0x73, 0x9C, 0xEF, 0x79, 0xBD, 0xEF, 0x7B, 0xEF, 0xBD,
  0xEF, 0x77, 0x39, 0xCE, 0x31, 0x8C, 0x63, 0x18, 0xB5, 0xAD, 0x6B, 0x5A, 0xD6, 0xB7, 0xAD, 0x5A, 0xD6, 0xB5, 0xAD, 0x29, 0x4A, 0x56, 0x94, 0xA5,
  0x29, 0xEB, 0xC2, 0x10, 0x84, 0x21, 0x08, 0x42, 0x10, 0x84, 0x21, 0xD8, 0x42, 0x10, 0x73, 0x9C, 0xE7, 0x39, 0xCE, 0x74, 0x5C, 0xEF, 0x75, 0xAD,
  0x6B, 0x5A, 0xD6, 0xB5, 0xAD, 0x6B, 0x5A, 0xD6, 0xB5, 0xAD, 0x63, 0x18, 0xC6, 0x31, 0x8C, 0x63, 0x18, 0xC6, 0x31, 0x8C, 0x63, 0x18, 0xC6, 0x31,
  0x8C, 0x63, 0x18, 0xC6, 0x31, 0x8C, 0x63, 0x18, 0xC6, 0x31, 0x8C, 0x63, 0x58, 0xC6, 0x31, 0x8C, 0x63, 0x18, 0xC6, 0x31, 0x8D, 0x6B, 0x58, 0xC6,
  0x31, 0x8C, 0x63, 0x5A, 0xD6, 0xB5, 0xAD, 0x73, 0x9B, 0x06, 0xB5, 0xAD, 0x6B, 0x5A, 0xE7, 0x39, 0xCE, 0x73, 0x9C, 0xE7, 0x39, 0xCE, 0x84, 0x21,
  0x08, 0x42, 0x10, 0x84, 0x21, 0x08, 0x42, 0x10, 0x8C, 0x21, 0x08, 0x52, 0x94, 0xA5, 0x2B, 0x5A, 0xD2, 0x94, 0xAD, 0x6B, 0x5A, 0xD6, 0xD6, 0xB5,
  0xAD, 0x6B, 0x5A, 0xD6, 0xB6, 0x31, 0x8C, 0x63, 0x18, 0xCE, 0x73, 0x9C, 0xE7, 0x39, 0xE6, 0xF7, 0xBD, 0xEF, 0x9C, 0xE7, 0x39, 0xCE, 0x73, 0xBD,
  0xEF, 0xFF, 0xFF, 0xFF, 0xFF, 0xFF, 0xFF, 0xFF, 0xFF, 0xFF, 0xFF, 0xFF, 0xFF, 0xFF, 0xFF, 0xFF, 0xFF, 0xFF, 0xFF, 0xFF, 0xFF, 0xFF, 0xFF, 0xFF,
  0xFF, 0xFF, 0xFF, 0xFF, 0xFF, 0xFF, 0xFF, 0xFF, 0xFF, 0xFF, 0xFF, 0xFF, 0xFF, 0xFF, 0xFF, 0xFF, 0xFF, 0xFF, 0xFF, 0xFF, 0xFF, 0xFF, 0xFF, 0xFF,
  0xFF, 0xFF, 0xFF, 0xFF, 0xFF, 0xFF, 0xFF, 0xFF, 0xFF, 0xFF, 0xFF, 0xFF, 0xFF, 0xFF, 0xFF, 0xFF, 0xFF, 0xFF, 0xFF, 0xFF, 0xFF, 0xFF, 0xFF, 0xFF,
  0xFF, 0xFF, 0xFF, 0xFF, 0xFF, 0xFF, 0xFF, 0xFF, 0xFF, 0xFF, 0xFF, 0xFF, 0xFF, 0xFF, 0xFF, 0xFF, 0xFF, 0xFF, 0xFF, 0xFF, 0xFF, 0xFF, 0xFF, 0xFF,
  0xFF, 0xFF, 0xFF, 0xFF, 0xFF, 0xFF, 0xFF, 0xFF, 0xFF, 0xFF, 0xFF, 0xFF, 0xFF, 0xFF, 0xFF, 0xFF, 0xFF, 0xFF, 0xFF, 0xFF, 0xFF, 0xFF, 0xFF, 0xFF,
  0xFF, 0x7B, 0xDE, 0x73, 0x9C, 0xE7, 0x39, 0xCD, 0xEF, 0x7B, 0xDF, 0xBD, 0xEF, 0x7B, 0xBC, 0xCE, 0x71, 0x8C, 0x63, 0x18, 0xC6, 0x2D, 0x6B, 0x5A,
  0xD6, 0xF7, 0xAD, 0x6A, 0xD6, 0xB5, 0xAD, 0x6B, 0x4A, 0x52, 0x94, 0xA5, 0x29, 0xDE, 0xD2, 0x10, 0x84, 0x21, 0x08, 0x42, 0x10, 0x84, 0x21, 0x4B,
  0xC2, 0x10, 0x84, 0x20, 0xE7, 0x42, 0x2E, 0x9F, 0x5D, 0xE9, 0xF9, 0xCE, 0x87, 0xBD, 0xEF, 0x35, 0xBE, 0xF7, 0xBC, 0xD6, 0xD3, 0xDE, 0xEB, 0x67,
  0xEF, 0x7B, 0xBD, 0xF7, 0x98, 0xCA, 0x7B, 0xDD, 0x64, 0x3D, 0xEF, 0x32, 0x9E, 0xF7, 0x58, 0xCF, 0x7B, 0xCC, 0x63, 0x18, 0xC6, 0x31, 0x8C, 0x63,
  0x58, 0xC6, 0xB1, 0x8C, 0x63, 0x1A, 0xC6, 0x31, 0x8C, 0x63, 0x1A, 0xC6, 0xB5, 0xAD, 0x6B, 0x5A, 0xD6, 0xB5, 0xCD, 0x6B, 0x5A, 0xD8, 0x35, 0xAD,
  0x73, 0x9D, 0x07, 0x39, 0xCE, 0x73, 0x9C, 0xE7, 0x3A, 0x10, 0x84, 0x21, 0x08, 0x42, 0x10, 0x84, 0x21, 0x08, 0x42, 0x10, 0x84, 0x63, 0x4A, 0x52,
  0x94, 0xA5, 0x29, 0x5A, 0xD2, 0xB5, 0xAD, 0x6B, 0x5A, 0xDA, 0xD6, 0xB5, 0xAD, 0x6B, 0x5A, 0xD8, 0xC6, 0x31, 0x8C, 0x63, 0x19, 0xCE, 0x73, 0x9C,
  0xE7, 0x9C, 0xE7, 0x39, 0xCD, 0xF3, 0x9C, 0xE7, 0x39, 0xCE, 0x77, 0xBD, 0xFF, 0xFF, 0xFF, 0xFF, 0xFF, 0xFF, 0xFF, 0xFF, 0xFF, 0xFF, 0xFF, 0xFF,
  0xFF, 0xFF, 0xFF, 0xFF, 0xFF, 0xFF, 0xFF, 0xFF, 0xFF, 0xFF, 0xFF, 0xFF, 0xFF, 0xFF, 0xFF, 0xFF, 0xFF, 0xFF, 0xFF, 0xFF, 0xFF, 0xFF, 0xFF, 0xFF,
  0xFF, 0xFF, 0xFF, 0xFF, 0xFF, 0xFF, 0xFF, 0xFF, 0xFF, 0xFF, 0xFF, 0xFF, 0xFF, 0xFF, 0xFF, 0xFF, 0xFF, 0xFF, 0xFF, 0xFF, 0xFF, 0xFF, 0xFF, 0xFF,
  0xFF, 0xFF, 0xFF, 0xFF, 0xFF, 0xFF, 0xFF, 0xFF, 0xFF, 0xFF, 0xFF, 0xFF, 0xFF, 0xFF, 0xFF, 0xFF, 0xFF, 0xFF, 0xFF, 0xFF, 0xFF, 0xFF, 0xFF, 0xFF,
  0xFF, 0xFF, 0xFF, 0xFF, 0xFF, 0xFF, 0xFF, 0xFF, 0xFF, 0xFF, 0xFF, 0xFF, 0xFF, 0xFF, 0xFF, 0xFF, 0xFF, 0xFF, 0xFF, 0xFF, 0xFF, 0xFF, 0xFF, 0xFF,
  0xFF, 0xFF, 0xFF, 0xFF, 0xFF, 0xFF, 0xFF, 0xFF, 0xFF, 0xFF, 0xFF, 0xFF, 0xFF, 0xFF, 0xDE, 0xF3, 0x9C, 0xE7, 0x39, 0xCE, 0x73, 0x7B, 0xE7, 0xBD,
  0xEE, 0xFB, 0xDD, 0xEF, 0x73, 0x9C, 0x63, 0x18, 0xC6, 0x31, 0x6B, 0x5A, 0xDD, 0xF5, 0xAD, 0x6B, 0x5A, 0xB5, 0xAD, 0x6B, 0x5A, 0xD2, 0x94, 0xA5,
  0x29, 0xEF, 0x52, 0x94, 0x84, 0x21, 0x08, 0x42, 0x10, 0x84, 0x21, 0x0F, 0x42, 0x10, 0x84, 0x21, 0x08, 0x39, 0xD5, 0xF3, 0x9D, 0xE7, 0x76, 0x6E,
  0x9F, 0x9C, 0xEF, 0x35, 0xBE, 0x6B, 0x7B, 0x46, 0xF9, 0xAD, 0xF4, 0x27, 0xE6, 0xB7, 0xCD, 0x6F, 0x66, 0xD6, 0x31, 0x9E, 0x67, 0x66, 0xC6, 0x33,
  0xCC, 0x63, 0x19, 0xE6, 0x33, 0xB4, 0x63, 0x18, 0xC6, 0x31, 0x8C, 0x63, 0x1A, 0xC6, 0x31, 0x8C, 0x63, 0x58, 0xC6, 0x35, 0xAD, 0x6B, 0x5A, 0xD6,
  0xB5, 0xAD, 0x6B, 0x5A, 0xD6, 0xB9, 0xCD, 0x6B, 0x5A, 0xD7, 0x39, 0xCE, 0x73, 0x9C, 0xE7, 0x39, 0xCE, 0x73, 0x9C, 0xE8, 0x42, 0x10, 0x84, 0x21,
  0x08, 0x42, 0x10, 0x84, 0x21, 0x08, 0xC6, 0x30, 0x85, 0x29, 0x4A, 0x56, 0x94, 0xA5, 0x29, 0x5A, 0xD6, 0xB5, 0xAD, 0x6B, 0x6B, 0x5A, 0xD6, 0xB5,
  0xAD, 0x6B, 0x5B, 0x18, 0xC6, 0x31, 0x8C, 0x67, 0x39, 0xCE, 0x79, 0x9C, 0xEF, 0x9C, 0xE7, 0x39, 0xCE, 0x73, 0x9C, 0xE7, 0x39, 0xCE, 0xF7, 0xFF,
  0xFF, 0xFF, 0xFF, 0xFF, 0xFF, 0xFF, 0xFF, 0xFF, 0xFF, 0xFF, 0xFF, 0xFF, 0xFF, 0xFF, 0xFF, 0xFF, 0xFF, 0xFF, 0xFF, 0xFF, 0xFF, 0xFF, 0xFF, 0xFF,
  0xFF, 0xFF, 0xFF, 0xFF, 0xFF, 0xFF, 0xFF, 0xFF, 0xFF, 0xFF, 0xFF, 0xFF, 0xFF, 0xFF, 0xFF, 0xFF, 0xFF, 0xFF, 0xFF, 0xFF, 0xFF, 0xFF, 0xFF, 0xFF,
  0xFF, 0xFF, 0xFF, 0xFF, 0xFF, 0xFF, 0xFF, 0xFF, 0xFF, 0xFF, 0xFF, 0xFF, 0xFF, 0xFF, 0xFF, 0xFF, 0xFF, 0xFF, 0xFF, 0xFF, 0xFF, 0xFF, 0xFF, 0xFF,
  0xFF, 0xFF, 0xFF, 0xFF, 0xFF, 0xFF, 0xFF, 0xFF, 0xFF, 0xFF, 0xFF, 0xFF, 0xFF, 0xFF, 0xFF, 0xFF, 0xFF, 0xFF, 0xFF, 0xFF, 0xFF, 0xFF, 0xFF, 0xFF,
  0xFF, 0xFF, 0xFF, 0xFF, 0xFF, 0xFF, 0xFF, 0xFF, 0xFF, 0xFF, 0xFF, 0xFF, 0xFF, 0xFF, 0xFF, 0xFF, 0xFF, 0xFF, 0xFF, 0xFF, 0xFF, 0xFF, 0xFF, 0xFF,
  0xFF, 0xFF, 0xFE, 0xF7, 0xBC, 0xE7, 0x39, 0xCE, 0x73, 0x9D, 0xF7, 0x77, 0xDF, 0x77, 0xDE, 0xF7, 0x7B, 0x9C, 0xE3, 0x18, 0xC6, 0x31, 0x8C, 0x5A,
  0xDE, 0xB5, 0xAD, 0x6B, 0x5A, 0xD6, 0xAD, 0x6B, 0x5A, 0xD6, 0xB4, 0xA5, 0x29, 0xDF, 0x52, 0x94, 0xA5, 0x21, 0x08, 0x42, 0x10, 0x84, 0x21, 0x0E,
  0xD2, 0x10, 0x84, 0x21, 0x08, 0x42, 0x1E, 0x73, 0xA9, 0xEF, 0x7B, 0xCE, 0x9F, 0x9C, 0xEF, 0x39, 0xDE, 0x73, 0x7B, 0x56, 0xFB, 0xDE, 0xF4, 0x67,
  0xE6, 0xB7, 0xCD, 0x6D, 0x68, 0xDA, 0x7B, 0xDE, 0x6B, 0x7D, 0xE6, 0xB5, 0xBE, 0xEB, 0x19, 0xEF, 0x7B, 0xD5, 0x63, 0x18, 0xC6, 0x31, 0x8C, 0x63,
  0x5A, 0xD6, 0xB5, 0xAD, 0x6B, 0x5A, 0xD7, 0x35, 0xAD, 0x73, 0x5A, 0xD6, 0xB5, 0xAD, 0x6B, 0x5C, 0xD6, 0xB9, 0xCD, 0x73, 0x9C, 0xE7, 0x39, 0xCE,
  0x73, 0x9C, 0xE7, 0x39, 0xCE, 0x74, 0x21, 0x08, 0x42, 0x10, 0x84, 0x21, 0x08, 0x42, 0x10, 0x84, 0x21, 0x08, 0xC6, 0x34, 0xA5, 0x29, 0x5A, 0xD6,
  0x94, 0xA5, 0x6B, 0x5A, 0xD6, 0xB5, 0xAD, 0xAD, 0x6B, 0x5A, 0xD6, 0xB5, 0xAD, 0x6C, 0x63, 0x18, 0xC6, 0x31, 0x8C, 0xE7, 0x39, 0xCE, 0x79, 0xCE,
  0x73, 0x9C, 0xE7, 0x39, 0xCE, 0x73, 0x9C, 0xE7, 0x3B, 0xDE, 0xFF, 0xFF, 0xFF, 0xFF, 0xFF, 0xFF, 0xFF, 0xFF, 0xFF, 0xFF, 0xFF, 0xFF, 0xFF, 0xFF,
  0xFF, 0xFF, 0xFF, 0xFF, 0xFF, 0xFF, 0xFF, 0xFF, 0xFF, 0xFF, 0xFF, 0xFF, 0xFF, 0xFF, 0xFF, 0xFF, 0xFF, 0xFF, 0xFF, 0xFF, 0xFF, 0xFF, 0xFF, 0xFF,
  0xFF, 0xFF, 0xFF, 0xFF, 0xFF, 0xFF, 0xFF, 0xFF, 0xFF, 0xFF, 0xFF, 0xFF, 0xFF, 0xFF, 0xFF, 0xFF, 0xFF, 0xFF, 0xFF, 0xFF, 0xFF, 0xFF, 0xFF, 0xFF,
  0xFF, 0xFF, 0xFF, 0xFF, 0xFF, 0xFF, 0xFF, 0xFF, 0xFF, 0xFF, 0xFF, 0xFF, 0xFF, 0xFF, 0xFF, 0xFF, 0xFF, 0xFF, 0xFF, 0xFF, 0xFF, 0xFF, 0xFF, 0xFF,
  0xFF, 0xFF, 0xFF, 0xFF, 0xFF, 0xFF, 0xFF, 0xFF, 0xFF, 0xFF, 0xFF, 0xFF, 0xFF, 0xFF, 0xFF, 0xFF, 0xFF, 0xFF, 0xFF, 0xFF, 0xFF, 0xFF, 0xFF, 0xFF,
  0xFF, 0xFF, 0xFF, 0xFF, 0xFF, 0xFF, 0xFF, 0xFF, 0xFF, 0xFF, 0xFF, 0xFF, 0xFF, 0xFF, 0xFF, 0xF7, 0xBD, 0xE7, 0x39, 0xCE, 0x73, 0xBD, 0xEE, 0xF7,
  0xBD, 0xEF, 0xBD, 0xF7, 0xBD, 0xEE, 0xE7, 0x18, 0xC6, 0x31, 0x8C, 0x63, 0xDE, 0xB5, 0xAD, 0x6B, 0x5A, 0xD6, 0xB5, 0xAB, 0x5A, 0xD6, 0xB5, 0xAD,
  0x29, 0x5F, 0x52, 0x94, 0xA5, 0x29, 0x48, 0x42, 0x10, 0x84, 0x21, 0x0A, 0x52, 0x10, 0x84, 0x21, 0x08, 0x42, 0x3D, 0x84, 0x3D, 0x37, 0x3B, 0xCE,
  0x8F, 0x9C, 0xEF, 0x45, 0xDE, 0x73, 0xBB, 0x47, 0x79, 0xAD, 0x6B, 0x67, 0xE6, 0xB7, 0xCD, 0x6D, 0x68, 0xDF, 0x35, 0xBE, 0x6B, 0x5A, 0xDF, 0x35,
  0xAD, 0x8F, 0x9B, 0xE6, 0xB5, 0xAD, 0x6B, 0x5A, 0xD6, 0xB5, 0xAD, 0x6B, 0x5A, 0xD6, 0xB9, 0xAD, 0x73, 0x5A, 0xD7, 0x35, 0xAD, 0x6B, 0x5A, 0xD6,
  0xB5, 0xAD, 0x6B, 0x5A, 0xD7, 0x39, 0xCE, 0x73, 0x9C, 0xE7, 0x39, 0xCE, 0x73, 0x9C, 0xE7, 0x3A, 0x10, 0x84, 0x21, 0x08, 0x42, 0x10, 0x84, 0x21,
  0x08, 0x42, 0x10, 0x84, 0x21, 0x08, 0x52, 0x94, 0xA5, 0x6B, 0x5A, 0xD6, 0xB4, 0xAD, 0x6B, 0x5A, 0xD6, 0xB6, 0xB5, 0xAD, 0x6C, 0x5A, 0xD6, 0xB5,
  0xB1, 0x8C, 0x63, 0x18, 0xC6, 0x31, 0x9C, 0xE7, 0x39, 0xCE, 0x79, 0xBD, 0xEF, 0x7B, 0xDF, 0x39, 0xCE, 0x73, 0x9C, 0xE7, 0x7B, 0xDF, 0xFF, 0xFF,
  0xFF, 0xFF, 0xFF, 0xFF, 0xFF, 0xFF, 0xFF, 0xFF, 0xFF, 0xFF, 0xFF, 0xFF, 0xFF, 0xFF, 0xFF, 0xFF, 0xFF, 0xFF, 0xFF, 0xFF, 0xFF, 0xFF, 0xFF, 0xFF,
  0xFF, 0xFF, 0xFF, 0xFF, 0xFF, 0xFF, 0xFF, 0xFF, 0xFF, 0xFF, 0xFF, 0xFF, 0xFF, 0xFF, 0xFF, 0xFF, 0xFF, 0xFF, 0xFF, 0xFF, 0xFF, 0xFF, 0xFF, 0xFF,
  0xFF, 0xFF, 0xFF, 0xFF, 0xFF, 0xFF, 0xFF, 0xFF, 0xFF, 0xFF, 0xFF, 0xFF, 0xFF, 0xFF, 0xFF, 0xFF, 0xFF, 0xFF, 0xFF, 0xFF, 0xFF, 0xFF, 0xFF, 0xFF,
  0xFF, 0xFF, 0xFF, 0xFF, 0xFF, 0xFF, 0xFF, 0xFF, 0xFF, 0xFF, 0xFF, 0xFF, 0xFF, 0xFF, 0xFF, 0xFF, 0xFF, 0xFF, 0xFF, 0xFF, 0xFF, 0xFF, 0xFF, 0xFF,
  0xFF, 0xFF, 0xFF, 0xFF, 0xFF, 0xFF, 0xFF, 0xFF, 0xFF, 0xFF, 0xFF, 0xFF, 0xFF, 0xFF, 0xFF, 0xFF, 0xFF, 0xFF, 0xFF, 0xFF, 0xFF, 0xFF, 0xFF, 0xFF,
  0xFF, 0xFF, 0xFF, 0xFF, 0xBD, 0xEF, 0x39, 0xCE, 0x77, 0xBD, 0xE7, 0x37, 0xBD, 0xEF, 0x7C, 0xEF, 0xBD, 0xEE, 0xF7, 0x39, 0xC6, 0x31, 0x8C, 0x77,
  0xD8, 0xB5, 0xAD, 0x6B, 0x5A, 0xD6, 0xB5, 0xAD, 0x5A, 0xD6, 0xB5, 0xAD, 0x69, 0x4F, 0x76, 0x94, 0xA5, 0x29, 0x4A, 0x52, 0x90, 0x84, 0x21, 0x0A,
  0x76, 0x10, 0x84, 0x21, 0x08, 0x42, 0x1E, 0x84, 0x3D, 0x08, 0x42, 0xBD, 0x8F, 0x9C, 0xEF, 0x45, 0xDE, 0x73, 0xBB, 0x57, 0x7B, 0xB3, 0xA3, 0xA7,
  0xE6, 0xB7, 0xCD, 0x6E, 0xA8, 0xDF, 0x47, 0xBE, 0x6C, 0xE7, 0x0F, 0x36, 0x90, 0x9F, 0x9B, 0xDF, 0x46, 0x8D, 0x6B, 0x5A, 0xD6, 0xB5, 0xAD, 0x6B,
  0x5A, 0xD6, 0xB5, 0xCD, 0x73, 0x5A, 0xE6, 0xB5, 0xAD, 0x6B, 0x5A, 0xD6, 0xB5, 0xAE, 0x73, 0x9C, 0xE7, 0x41, 0xCE, 0x73, 0x9C, 0xE7, 0x39, 0xCE,
  0x73, 0xA1, 0x08, 0x42, 0x10, 0x84, 0x21, 0x08, 0x42, 0x10, 0x84, 0x21, 0x18, 0x42, 0x10, 0x84, 0x29, 0x4A, 0x52, 0x95, 0xAD, 0x6B, 0x5A, 0xD6,
  0xB5, 0xAD, 0x6B, 0x5A, 0xD6, 0xD6, 0xB5, 0xAD, 0x8B, 0x5A, 0xD6, 0xB6, 0x31, 0x8C, 0x63, 0x18, 0xC6, 0x73, 0x9C, 0xE7, 0x39, 0xCE, 0xF9, 0xCE,
  0x73, 0x9C, 0xE7, 0x39, 0xCE, 0x73, 0x9C, 0xEF, 0x7B, 0xFF, 0xFF, 0xFF, 0xFF, 0xFF, 0xFF, 0xFF, 0xFF, 0xFF, 0xFF, 0xFF, 0xFF, 0xFF, 0xFF, 0xFF,
  0xFF, 0xFF, 0xFF, 0xFF, 0xFF, 0xFF, 0xFF, 0xFF, 0xFF, 0xFF, 0xFF, 0xFF, 0xFF, 0xFF, 0xFF, 0xFF, 0xFF, 0xFF, 0xFF, 0xFF, 0xFF, 0xFF, 0xFF, 0xFF,
  0xFF, 0xFF, 0xFF, 0xFF, 0xFF, 0xFF, 0xFF, 0xFF, 0xFF, 0xFF, 0xFF, 0xFF, 0xFF, 0xFF, 0xFF, 0xFF, 0xFF, 0xFF, 0xFF, 0xFF, 0xFF, 0xFF, 0xFF, 0xFF,
  0xFF, 0xFF, 0xFF, 0xFF, 0xFF, 0xFF, 0xFF, 0xFF, 0xFF, 0xFF, 0xFF, 0xFF, 0xFF, 0xFF, 0xFF, 0xFF, 0xFF, 0xFF, 0xFF, 0xFF, 0xFF, 0xFF, 0xFF, 0xFF,
  0xFF, 0xFF, 0xFF, 0xFF, 0xFF, 0xFF, 0xFF, 0xFF, 0xFF, 0xFF, 0xFF, 0xFF, 0xFF, 0xFF, 0xFF, 0xFF, 0xFF, 0xFF, 0xFF, 0xFF, 0xFF, 0xFF, 0xFF, 0xFF,
  0xFF, 0xFF, 0xFF, 0xFF, 0xFF, 0xFF, 0xFF, 0xFF, 0xFF, 0xFF, 0xFF, 0xFF, 0xFF, 0xFF, 0xFF, 0xFF, 0xFD, 0xEF, 0x79, 0xDE, 0xF7, 0xBC, 0xEF, 0x39,
  0xBD, 0xEF, 0x7B, 0xEF, 0x7B, 0xDF, 0x77, 0xB9, 0xCE, 0x31, 0x8C, 0x7B, 0x38, 0xC6, 0x2D, 0x6C, 0x5A, 0xD6, 0xB5, 0xB7, 0x6B, 0x56, 0xB5, 0xAD,
  0x6B, 0x5E, 0xFA, 0x94, 0xA5, 0x29, 0x4A, 0x52, 0x94, 0xA4, 0x21, 0x0A, 0xD6, 0x10, 0x84, 0x21, 0x08, 0x42, 0x7A, 0x84, 0x21, 0x08, 0x42, 0x11,
  0x84, 0x1C, 0xE8, 0xB9, 0xD3, 0x73, 0xA7, 0x17, 0x3A, 0x7A, 0x9B, 0x9D, 0x37, 0x3A, 0x6E, 0x6B, 0x5A, 0xD8, 0x55, 0xB0, 0x6B, 0x6B, 0x46, 0xB5,
  0xD5, 0xA3, 0x5A, 0xD8, 0xD6, 0x6D, 0x6B, 0x5A, 0xD6, 0xB5, 0xAD, 0x6B, 0x5A, 0xD6, 0xB9, 0xCD, 0x6B, 0x9A, 0xD6, 0xB5, 0xAD, 0x6B, 0x9C, 0xE7,
  0x39, 0xCE, 0x73, 0x9C, 0xE7, 0x41, 0xCE, 0x73, 0x9D, 0x17, 0x39, 0xD0, 0x84, 0x21, 0x08, 0x42, 0x10, 0x84, 0x21, 0x08, 0x42, 0x10, 0x84, 0x21,
  0x08, 0x42, 0x10, 0xA5, 0x29, 0x4A, 0x56, 0x95, 0xAD, 0x6B, 0x5A, 0xD6, 0xB5, 0xAD, 0x6B, 0x5B, 0x5A, 0xD6, 0xB5, 0xAD, 0x6B, 0x5A, 0xD8, 0xC6,
  0x31, 0x8C, 0x63, 0x18, 0xCE, 0x73, 0x9C, 0xE7, 0x39, 0xDE, 0xF9, 0xCE, 0x6F, 0x9C, 0xE7, 0x39, 0xCE, 0x73, 0x9D, 0xEF, 0x7F, 0xFF, 0xFF, 0xFF,
  0xFF, 0xFF, 0xFF, 0xFF, 0xFF, 0xFF, 0xFF, 0xFF, 0xFF, 0xFF, 0xFF, 0xFF, 0xFF, 0xFF, 0xFF, 0xFF, 0xFF, 0xFF, 0xFF, 0xFF, 0xFF, 0xFF, 0xFF, 0xFF,
  0xFF, 0xFF, 0xFF, 0xFF, 0xFF, 0xFF, 0xFF, 0xFF, 0xFF, 0xFF, 0xFF, 0xFF, 0xFF, 0xFF, 0xFF, 0xFF, 0xFF, 0xFF, 0xFF, 0xFF, 0xFF, 0xFF, 0xFF, 0xFF,
  0xFF, 0xFF, 0xFF, 0xFF, 0xFF, 0xFF, 0xFF, 0xFF, 0xFF, 0xFF, 0xFF, 0xFF, 0xFF, 0xFF, 0xFF, 0xFF, 0xFF, 0xFF, 0xFF, 0xFF, 0xFF, 0xFF, 0xFF, 0xFF,
  0xFF, 0xFF, 0xFF, 0xFF, 0xFF, 0xFF, 0xFF, 0xFF, 0xFF, 0xFF, 0xFF, 0xFF, 0xFF, 0xFF, 0xFF, 0xFF, 0xFF, 0xFF, 0xFF, 0xFF, 0xFF, 0xFF, 0xFF, 0xFF,
  0xFF, 0xFF, 0xFF, 0xFF, 0xFF, 0xFF, 0xFF, 0xFF, 0xFF, 0xFF, 0xFF, 0xFF, 0xFF, 0xFF, 0xFF, 0xFF, 0xFF, 0xFF, 0xFF, 0xFF, 0xFF, 0xFF, 0xFF, 0xFF,
  0xFF, 0xFF, 0xFF, 0xFF, 0xFF, 0xFF, 0x7B, 0xDE, 0xF3, 0x9D, 0xEF, 0x39, 0xCD, 0xEF, 0x7B, 0xDE, 0xF7, 0xDF, 0x7B, 0xB9, 0xCE, 0x73, 0x8C, 0x7B,
  0x18, 0xC6, 0x31, 0x8B, 0x5A, 0xD6, 0xB5, 0xAD, 0x6B, 0x5A, 0xD5, 0xAD, 0x6B, 0x5A, 0xF6, 0xB4, 0xA5, 0x29, 0x4A, 0xD2, 0x94, 0xA5, 0x29, 0x0E,
  0xD2, 0x10, 0x84, 0x21, 0x08, 0x43, 0xB3, 0x84, 0x21, 0x08, 0x42, 0x10, 0x84, 0x21, 0x08, 0x41, 0xCE, 0x73, 0x9C, 0xE9, 0xC1, 0xCE, 0x73, 0x9C,
  0xE7, 0x39, 0xCE, 0x73, 0x9C, 0xE7, 0x39, 0xCE, 0x73, 0x5A, 0xD6, 0xB5, 0xAD, 0x6B, 0x5A, 0xD6, 0xB5, 0xAD, 0x6B, 0x5A, 0xD6, 0xB5, 0xAD, 0x6B,
  0x5A, 0xD6, 0xB5, 0xCD, 0x73, 0x9C, 0xE7, 0x39, 0xCE, 0x73, 0x9C, 0xE7, 0x39, 0xCE, 0x73, 0x9D, 0x07, 0x39, 0xCE, 0x73, 0x9D, 0x08, 0x42, 0x10,
  0x84, 0x21, 0x08, 0x42, 0x10, 0x84, 0x21, 0x08, 0x42, 0x10, 0x84, 0x21, 0x08, 0x42, 0x94, 0xA5, 0x29, 0x4A, 0x52, 0xB5, 0xAD, 0x6B, 0x5A, 0xD6,
  0xB5, 0xAD, 0x6D, 0x6B, 0x5A, 0xD6, 0xB5, 0xAD, 0x6B, 0x63, 0x18, 0xC6, 0x31, 0x8C, 0x63, 0x39, 0xCE, 0x73, 0x9C, 0xE7, 0x7B, 0xDE, 0xF9, 0xCD,
  0xF3, 0x9C, 0xE7, 0x39, 0xCE, 0x77, 0xBD, 0xFF, 0xFF, 0xFF, 0xFF, 0xFF, 0xFF, 0xFF, 0xFF, 0xFF, 0xFF, 0xFF, 0xFF, 0xFF, 0xFF, 0xFF, 0xFF, 0xFF,
  0xFF, 0xFF, 0xFF, 0xFF, 0xFF, 0xFF, 0xFF, 0xFF, 0xFF, 0xFF, 0xFF, 0xFF, 0xFF, 0xFF, 0xFF, 0xFF, 0xFF, 0xFF, 0xFF, 0xFF, 0xFF, 0xFF, 0xFF, 0xFF,
  0xFF, 0xFF, 0xFF, 0xFF, 0xFF, 0xFF, 0xFF, 0xFF, 0xFF, 0xFF, 0xFF, 0xFF, 0xFF, 0xFF, 0xFF, 0xFF, 0xFF, 0xFF, 0xFF, 0xFF, 0xFF, 0xFF, 0xFF, 0xFF,
  0xFF, 0xFF, 0xFF, 0xFF, 0xFF, 0xFF, 0xFF, 0xFF, 0xFF, 0xFF, 0xFF, 0xFF, 0xFF, 0xFF, 0xFF, 0xFF, 0xFF, 0xFF, 0xFF, 0xFF, 0xFF, 0xFF, 0xFF, 0xFF,
  0xFF, 0xFF, 0xFF, 0xFF, 0xFF, 0xFF, 0xFF, 0xFF, 0xFF, 0xFF, 0xFF, 0xFF, 0xFF, 0xFF, 0xFF, 0xFF, 0xFF, 0xFF, 0xFF, 0xFF, 0xFF, 0xFF, 0xFF, 0xFF,
  0xFF, 0xFF, 0xFF, 0xFF, 0xFF, 0xFF, 0xFF, 0xFF, 0xFF, 0xFF, 0xFF, 0xFF, 0xFF, 0xFF, 0xFF, 0xFF, 0xFF, 0xFF, 0xFB, 0xDE, 0xF3, 0x9D, 0xEF, 0x39,
  0xCE, 0x73, 0x7B, 0xDE, 0xF7, 0xDE, 0xFB, 0xB9, 0xCE, 0x73, 0x9E, 0xFB, 0x18, 0xC6, 0x31, 0x8C, 0x5A, 0xD6, 0xB5, 0xAD, 0x6B, 0x5A, 0xD6, 0xB5,
  0x6B, 0x5A, 0xFB, 0xD5, 0xAD, 0x29, 0x5A, 0x52, 0x94, 0xA5, 0x29, 0x4F, 0x7A, 0xF0, 0x8C, 0x61, 0x08, 0x43, 0xD0, 0x84, 0x21, 0x08, 0x42, 0x10,
  0x84, 0x27, 0x4A, 0x5F, 0xB4, 0xA4, 0x1C, 0xE7, 0x42, 0x73, 0xAD, 0x7B, 0x57, 0x39, 0xCE, 0x73, 0x9C, 0xE7, 0x39, 0xCE, 0x73, 0x9C, 0xE7, 0x39,
  0xCE, 0x73, 0x9C, 0xE7, 0x3A, 0x6E, 0x73, 0x9C, 0xE7, 0x39, 0xCE, 0x73, 0x9C, 0xE7, 0x39, 0xCE, 0x73, 0x9D, 0x07, 0x39, 0xCE, 0x73, 0xA1, 0x07,
  0x39, 0xCE, 0x73, 0x9C, 0xE7, 0x39, 0xD0, 0x84, 0x21, 0x08, 0x42, 0x10, 0x84, 0x21, 0x08, 0x42, 0x10, 0x84, 0x21, 0x08, 0x46, 0x30, 0x84, 0x21,
  0x4A, 0x5E, 0x94, 0xA5, 0x29, 0x4A, 0xD2, 0x94, 0xAD, 0x6B, 0x5A, 0xD6, 0xB5, 0xB5, 0xAD, 0x6B, 0x5B, 0x16, 0xB5, 0xAD, 0x6C, 0x63, 0x18, 0xC6,
  0x31, 0x8C, 0xE7, 0x39, 0xCE, 0x73, 0x9C, 0xEF, 0x9B, 0xDE, 0xF7, 0xCE, 0x73, 0x9C, 0xE7, 0x39, 0xDE, 0xF7, 0xBF, 0xFF, 0xFF, 0xFF, 0xFF, 0xFF,
  0xFF, 0xFF, 0xFF, 0xFF, 0xFF, 0xFF, 0xFF, 0xFF, 0xFF, 0xFF, 0xFF, 0xFF, 0xFF, 0xFF, 0xFF, 0xFF, 0xFF, 0xFF, 0xFF, 0xFF, 0xFF, 0xFF, 0xFF, 0xFF,
  0xFF, 0xFF, 0xFF, 0xFF, 0xFF, 0xFF, 0xFF, 0xFF, 0xFF, 0xFF, 0xFF, 0xFF, 0xFF, 0xFF, 0xFF, 0xFF, 0xFF, 0xFF, 0xFF, 0xFF, 0xFF, 0xFF, 0xFF, 0xFF,
  0xFF, 0xFF, 0xFF, 0xFF, 0xFF, 0xFF, 0xFF, 0xFF, 0xFF, 0xFF, 0xFF, 0xFF, 0xFF, 0xFF, 0xFF, 0xFF, 0xFF, 0xFF, 0xFF, 0xFF, 0xFF, 0xFF, 0xFF, 0xFF,
  0xFF, 0xFF, 0xFF, 0xFF, 0xFF, 0xFF, 0xFF, 0xFF, 0xFF, 0xFF, 0xFF, 0xFF, 0xFF, 0xFF, 0xFF, 0xFF, 0xFF, 0xFF, 0xFF, 0xFF, 0xFF, 0xFF, 0xFF, 0xFF,
  0xFF, 0xFF, 0xFF, 0xFF, 0xFF, 0xFF, 0xFF, 0xFF, 0xFF, 0xFF, 0xFF, 0xFF, 0xFF, 0xFF, 0xFF, 0xFF, 0xFF, 0xFF, 0xFF, 0xFF, 0xFF, 0xFF, 0xFF, 0xFF,
  0xFF, 0xFF, 0xFF, 0xFF, 0xFF, 0xFF, 0xFF, 0xDE, 0xF7, 0x9D, 0xE7, 0x39, 0xCE, 0x73, 0x9B, 0xDE, 0xF7, 0xDE, 0xFB, 0xBC, 0xCE, 0x7B, 0xEF, 0x77,
  0x18, 0xC6, 0x31, 0x8C, 0x63, 0x16, 0xB5, 0xAD, 0x6B, 0x5A, 0xD6, 0xB5, 0xAD, 0x5A, 0xF7, 0xD5, 0xAD, 0x6B, 0x4A, 0x52, 0x94, 0xA5, 0x29, 0x4E,
  0xFB, 0xD4, 0x84, 0x21, 0x08, 0x76, 0x90, 0x84, 0x21, 0x08, 0x42, 0x10, 0x84, 0x29, 0x7E, 0xD2, 0x94, 0x8C, 0x21, 0x08, 0x42, 0x0E, 0xAD, 0x7B,
  0xDA, 0xB9, 0xCE, 0x73, 0x9C, 0xE7, 0x39, 0xCE, 0x73, 0x9C, 0xE7, 0x39, 0xCE, 0x73, 0x9C, 0xE7, 0x3A, 0x70, 0x73, 0x9C, 0xE7, 0x39, 0xCE, 0x73,
  0x9C, 0xE7, 0x39, 0xCE, 0x73, 0x9C, 0xE7, 0x39, 0xCE, 0x73, 0xA1, 0x07, 0x3A, 0x10, 0x73, 0xA1, 0x08, 0x42, 0x10, 0x84, 0x21, 0x08, 0x42, 0x10,
  0x84, 0x21, 0x08, 0x42, 0x10, 0x84, 0x21, 0x08, 0x46, 0x31, 0x85, 0x29, 0x4B, 0xD2, 0x94, 0xA5, 0x2B, 0x5A, 0xD2, 0xB5, 0xAD, 0x6B, 0x5A, 0xD6,
  0xD6, 0xB5, 0xAD, 0x6B, 0x5A, 0xD6, 0xB5, 0xB1, 0x8C, 0x63, 0x18, 0xC6, 0x31, 0x9C, 0xE7, 0x39, 0xCE, 0x73, 0xBD, 0xEF, 0x7B, 0xDE, 0xF9, 0xCE,
  0x77, 0xBD, 0xEF, 0x7B, 0xDE, 0xF7, 0xFF, 0xFF, 0xFF, 0xFF, 0xFF, 0xFF, 0xFF, 0xFF, 0xFF, 0xFF, 0xFF, 0xFF, 0xFF, 0xFF, 0xFF, 0xFF, 0xFF, 0xFF,
  0xFF, 0xFF, 0xFF, 0xFF, 0xFF, 0xFF, 0xFF, 0xFF, 0xFF, 0xFF, 0xFF, 0xFF, 0xFF, 0xFF, 0xFF, 0xFF, 0xFF, 0xFF, 0xFF, 0xFF, 0xFF, 0xFF, 0xFF, 0xFF,
  0xFF, 0xFF, 0xFF, 0xFF, 0xFF, 0xFF, 0xFF, 0xFF, 0xFF, 0xFF, 0xFF, 0xFF, 0xFF, 0xFF, 0xFF, 0xFF, 0xFF, 0xFF, 0xFF, 0xFF, 0xFF, 0xFF, 0xFF, 0xFF,
  0xFF, 0xFF, 0xFF, 0xFF, 0xFF, 0xFF, 0xFF, 0xFF, 0xFF, 0xFF, 0xFF, 0xFF, 0xFF, 0xFF, 0xFF, 0xFF, 0xFF, 0xFF, 0xFF, 0xFF, 0xFF, 0xFF, 0xFF, 0xFF,
  0xFF, 0xFF, 0xFF, 0xFF, 0xFF, 0xFF, 0xFF, 0xFF, 0xFF, 0xFF, 0xFF, 0xFF, 0xFF, 0xFF, 0xFF, 0xFF, 0xFF, 0xFF, 0xFF, 0xFF, 0xFF, 0xFF, 0xFF, 0xFF,
  0xFF, 0xFF, 0xFF, 0xFF, 0xFF, 0xFF, 0xFF, 0xFF, 0xFF, 0xFF, 0xFF, 0xFF, 0xFF, 0xFF, 0xFF, 0xFF, 0xFF, 0xFF, 0xFF, 0xFF, 0xF7, 0xBD, 0xE7, 0x39,
  0xCE, 0x73, 0x9C, 0xDE, 0xFB, 0xEF, 0x7B, 0xDE, 0xF7, 0xBD, 0xEC, 0xE7, 0x39, 0xC6, 0x31, 0x8C, 0x63, 0x18, 0xC5, 0xAD, 0x6B, 0x5A, 0xD6, 0xB5,
  0xAD, 0x6B, 0x6B, 0xDD, 0xAD, 0x6B, 0x5A, 0xD2, 0x94, 0xA5, 0x29, 0x4F, 0x7B, 0xD4, 0xA5, 0x29, 0x0A, 0x76, 0x10, 0x84, 0x21, 0x08, 0x42, 0x10,
  0x84, 0x29, 0xD9, 0xCE, 0x10, 0x84, 0x21, 0x08, 0x42, 0x10, 0xAE, 0xA1, 0x7E, 0xCD, 0xCE, 0x73, 0x9C, 0xE7, 0x39, 0xCE, 0x73, 0x9C, 0xE7, 0x39,
  0xCE, 0x73, 0x9C, 0xE7, 0x3A, 0x13, 0x73, 0x9C, 0xE7, 0x39, 0xCE, 0x73, 0x9D, 0x07, 0x39, 0xD0, 0x73, 0x9D, 0x07, 0x39, 0xCE, 0x74, 0x21, 0x08,
  0x42, 0x10, 0x84, 0x21, 0x08, 0x42, 0x10, 0x84, 0x21, 0x08, 0x42, 0x10, 0x84, 0x21, 0x08, 0x42, 0x10, 0x84, 0x61, 0x08, 0x42, 0x94, 0xA5, 0x29,
  0x4A, 0x52, 0x94, 0xA5, 0x29, 0x4A, 0xD6, 0xB5, 0xAD, 0x6B, 0x5B, 0x5A, 0xD6, 0xB5, 0xAD, 0x6B, 0x5A, 0xD6, 0xC6, 0x31, 0x8C, 0x63, 0x18, 0xC6,
  0x73, 0x9C, 0xE7, 0x39, 0xCE, 0x77, 0xBD, 0xEF, 0x7B, 0xDF, 0x39, 0xCE, 0xF7, 0xBD, 0xEF, 0x7B, 0xDF, 0xFF, 0xFF, 0xFF, 0xFF, 0xFF, 0xFF, 0xFF,
  0xFF, 0xFF, 0xFF, 0xFF, 0xFF, 0xFF, 0xFF, 0xFF, 0xFF, 0xFF, 0xFF, 0xFF, 0xFF, 0xFF, 0xFF, 0xFF, 0xFF, 0xFF, 0xFF, 0xFF, 0xFF, 0xFF, 0xFF, 0xFF,
  0xFF, 0xFF, 0xFF, 0xFF, 0xFF, 0xFF, 0xFF, 0xFF, 0xFF, 0xFF, 0xFF, 0xFF, 0xFF, 0xFF, 0xFF, 0xFF, 0xFF, 0xFF, 0xFF, 0xFF, 0xFF, 0xFF, 0xFF, 0xFF,
  0xFF, 0xFF, 0xFF, 0xFF, 0xFF, 0xFF, 0xFF, 0xFF, 0xFF, 0xFF, 0xFF, 0xFF, 0xFF, 0xFF, 0xFF, 0xFF, 0xFF, 0xFF, 0xFF, 0xFF, 0xFF, 0xFF, 0xFF, 0xFF,
  0xFF, 0xFF, 0xFF, 0xFF, 0xFF, 0xFF, 0xFF, 0xFF, 0xFF, 0xFF, 0xFF, 0xFF, 0xFF, 0xFF, 0xFF, 0xFF, 0xFF, 0xFF, 0xFF, 0xFF, 0xFF, 0xFF, 0xFF, 0xFF,
  0xFF, 0xFF, 0xFF, 0xFF, 0xFF, 0xFF, 0xFF, 0xFF, 0xFF, 0xFF, 0xFF, 0xFF, 0xFF, 0xFF, 0xFF, 0xFF, 0xFF, 0xFF, 0xFF, 0xFF, 0xFF, 0xFF, 0xFF, 0xFF,
  0xFF, 0xFF, 0xFF, 0xFF, 0xFF, 0xFF, 0xFF, 0xFF, 0xFF, 0xBD, 0xEF, 0x39, 0xCE, 0x73, 0x9C, 0xE7, 0x3D, 0xEF, 0x7B, 0x9B, 0xDE, 0x73, 0x9C, 0xE7,
  0x39, 0xCE, 0x31, 0x8C, 0x63, 0x18, 0xC6, 0x31, 0x6B, 0x5A, 0xD6, 0xC5, 0xAD, 0x6B, 0x5B, 0xDE, 0xAD, 0x6B, 0x5A, 0xD6, 0xB4, 0xA5, 0x29, 0x4D,
  0x7B, 0xD5, 0xA5, 0x29, 0x4F, 0x52, 0x10, 0x84, 0x21, 0x08, 0x42, 0x10, 0x84, 0x27, 0xDA, 0x42, 0x10, 0x84, 0x21, 0x08, 0x42, 0x13, 0xED, 0x21,
  0x0A, 0x76, 0x70, 0x84, 0x21, 0x07, 0x39, 0xCE, 0x73, 0x9C, 0xE7, 0x39, 0xCE, 0x73, 0x9C, 0xE7, 0x3A, 0x13, 0x73, 0x9C, 0xE7, 0x39, 0xCE, 0x73,
  0x9C, 0xE7, 0x39, 0xD0, 0x73, 0x9D, 0x07, 0x42, 0x10, 0x84, 0x21, 0x08, 0x42, 0x10, 0x84, 0x21, 0x08, 0x42, 0x10, 0x84, 0x21, 0x08, 0x42, 0x10,
  0x84, 0x21, 0x08, 0x42, 0x10, 0x8C, 0x61, 0x4A, 0x52, 0x94, 0xA5, 0x29, 0x4A, 0x52, 0x94, 0xA5, 0x2B, 0x5A, 0xD6, 0xB5, 0xAD, 0x6D, 0x6B, 0x5A,
  0xD6, 0xB5, 0xAD, 0x6B, 0x5B, 0x18, 0xC6, 0x31, 0x8C, 0x63, 0x18, 0xCE, 0x73, 0x9C, 0xE7, 0x39, 0xDE, 0xF7, 0xBD, 0xEF, 0x7C, 0xE7, 0x3B, 0xDE,
  0xF7, 0xBD, 0xEF, 0x7B, 0xFF, 0xFF, 0xFF, 0xFF, 0xFF, 0xFF, 0xFF, 0xFF, 0xFF, 0xFF, 0xFF, 0xFF, 0xFF, 0xFF, 0xFF, 0xFF, 0xFF, 0xFF, 0xFF, 0xFF,
  0xFF, 0xFF, 0xFF, 0xFF, 0xFF, 0xFF, 0xFF, 0xFF, 0xFF, 0xFF, 0xFF, 0xFF, 0xFF, 0xFF, 0xFF, 0xFF, 0xFF, 0xFF, 0xFF, 0xFF, 0xFF, 0xFF, 0xFF, 0xFF,
  0xFF, 0xFF, 0xFF, 0xFF, 0xFF, 0xFF, 0xFF, 0xFF, 0xFF, 0xFF, 0xFF, 0xFF, 0xFF, 0xFF, 0xFF, 0xFF, 0xFF, 0xFF, 0xFF, 0xFF, 0xFF, 0xFF, 0xFF, 0xFF,
  0xFF, 0xFF, 0xFF, 0xFF, 0xFF, 0xFF, 0xFF, 0xFF, 0xFF, 0xFF, 0xFF, 0xFF, 0xFF, 0xFF, 0xFF, 0xFF, 0xFF, 0xFF, 0xFF, 0xFF, 0xFF, 0xFF, 0xFF, 0xFF,
  0xFF, 0xFF, 0xFF, 0xFF, 0xFF, 0xFF, 0xFF, 0xFF, 0xFF, 0xFF, 0xFF, 0xFF, 0xFF, 0xFF, 0xFF, 0xFF, 0xFF, 0xFF, 0xFF, 0xFF, 0xFF, 0xFF, 0xFF, 0xFF,
  0xFF, 0xFF, 0xFF, 0xFF, 0xFF, 0xFF, 0xFF, 0xFF, 0xFF, 0xFF, 0xFF, 0xFF, 0xFF, 0xFF, 0xFF, 0xFF, 0xFF, 0xFF, 0xFF, 0xFF, 0xFF, 0xFD, 0xEF, 0x79,
  0xCE, 0x73, 0x9C, 0xF7, 0xBD, 0xEF, 0x77, 0x7B, 0xDE, 0xF3, 0x9C, 0xE7, 0x39, 0xCE, 0x73, 0x8C, 0x63, 0x18, 0xC6, 0x31, 0x8B, 0x62, 0xD6, 0xB5,
  0xAD, 0x6B, 0x5A, 0xDE, 0xED, 0x6B, 0x5A, 0xD6, 0xB5, 0xAD, 0x69, 0x4A, 0x7B, 0xDA, 0xA5, 0x29, 0xEB, 0xD2, 0x94, 0xA4, 0x21, 0x08, 0xC2, 0x30,
  0x84, 0x67, 0xDA, 0xC2, 0x10, 0x84, 0x21, 0x08, 0x42, 0x7D, 0xCC, 0x21, 0x08, 0x77, 0xB0, 0x84, 0x21, 0x08, 0x42, 0x10, 0x84, 0x21, 0x08, 0x42,
  0x10, 0x83, 0x9C, 0xE7, 0x39, 0xD3, 0x83, 0x9C, 0xE7, 0x39, 0xCE, 0x84, 0x21, 0x08, 0x42, 0x10, 0x84, 0x21, 0x08, 0x42, 0x10, 0x84, 0x21, 0x08,
  0x42, 0x10, 0x84, 0x21, 0x08, 0x42, 0x10, 0x84, 0x21, 0x08, 0x42, 0x10, 0x84, 0x21, 0x08, 0x42, 0x10, 0xA5, 0x29, 0x4A, 0x52, 0x94, 0xA5, 0x29,
  0x4A, 0x52, 0x95, 0xAD, 0x6B, 0x5A, 0xD6, 0xB5, 0xB5, 0xAD, 0x6B, 0x5A, 0xD6, 0xB5, 0xAD, 0x6B, 0x63, 0x18, 0xC6, 0x31, 0x8C, 0x63, 0x39, 0xCE,
  0x73, 0x9C, 0xE7, 0x3B, 0xDE, 0xF7, 0xBD, 0xEF, 0x9C, 0xE7, 0x79, 0xDE, 0xF7, 0xBD, 0xEF, 0x7F, 0xFF, 0xFF, 0xFF, 0xFF, 0xFF, 0xFF, 0xFF, 0xFF,
  0xFF, 0xFF, 0xFF, 0xFF, 0xFF, 0xFF, 0xFF, 0xFF, 0xFF, 0xFF, 0xFF, 0xFF, 0xFF, 0xFF, 0xFF, 0xFF, 0xFF, 0xFF, 0xFF, 0xFF, 0xFF, 0xFF, 0xFF, 0xFF,
  0xFF, 0xFF, 0xFF, 0xFF, 0xFF, 0xFF, 0xFF, 0xFF, 0xFF, 0xFF, 0xFF, 0xFF, 0xFF, 0xFF, 0xFF, 0xFF, 0xFF, 0xFF, 0xFF, 0xFF, 0xFF, 0xFF, 0xFF, 0xFF,
  0xFF, 0xFF, 0xFF, 0xFF, 0xFF, 0xFF, 0xFF, 0xFF, 0xFF, 0xFF, 0xFF, 0xFF, 0xFF, 0xFF, 0xFF, 0xFF, 0xFF, 0xFF, 0xFF, 0xFF, 0xFF, 0xFF, 0xFF, 0xFF,
  0xFF, 0xFF, 0xFF, 0xFF, 0xFF, 0xFF, 0xFF, 0xFF, 0xFF, 0xFF, 0xFF, 0xFF, 0xFF, 0xFF, 0xFF, 0xFF, 0xFF, 0xFF, 0xFF, 0xFF, 0xFF, 0xFF, 0xFF, 0xFF,
  0xFF, 0xFF, 0xFF, 0xFF, 0xFF, 0xFF, 0xFF, 0xFF, 0xFF, 0xFF, 0xFF, 0xFF, 0xFF, 0xFF, 0xFF, 0xFF, 0xFF, 0xFF, 0xFF, 0xFF, 0xFF, 0xFF, 0xFF, 0xFF,
  0xFF, 0xFF, 0xFF, 0xFF, 0xFF, 0xFF, 0xFF, 0xFF, 0xFF, 0xFF, 0xFF, 0x7B, 0xDE, 0x73, 0x9E, 0xF7, 0xBD, 0xEE, 0xEF, 0x7B, 0xDE, 0xF7, 0xBC, 0xE7,
  0x39, 0xCE, 0x73, 0x9C, 0xE3, 0x18, 0xC6, 0x71, 0x8C, 0x62, 0xD6, 0xB5, 0xAD, 0x6B, 0x5A, 0xDD, 0xF5, 0xAD, 0x6A, 0xD6, 0xB5, 0xAD, 0x6B, 0x5A,
  0x57, 0xDE, 0xF7, 0xBD, 0xDA, 0x52, 0x94, 0xA5, 0x29, 0x4A, 0x42, 0x10, 0x84, 0x29, 0x7A, 0x4E, 0x10, 0x84, 0x21, 0x08, 0x5F, 0xB7, 0x84, 0x21,
  0x08, 0x43, 0xB5, 0x84, 0x21, 0x08, 0x42, 0x10, 0x84, 0x21, 0x08, 0x42, 0x10, 0x84, 0x21, 0x08, 0x42, 0x10, 0x9C, 0x21, 0x08, 0x42, 0x10, 0x84,
  0x21, 0x08, 0x42, 0x10, 0x84, 0x21, 0x08, 0x42, 0x10, 0x84, 0x21, 0x08, 0x42, 0x10, 0x84, 0x21, 0x08, 0x42, 0x10, 0x84, 0x21, 0x08, 0x46, 0x10,
  0x84, 0x21, 0x0A, 0x52, 0x94, 0xA5, 0x29, 0x4A, 0x52, 0x94, 0xA5, 0x29, 0x4A, 0x56, 0xB5, 0xAD, 0x6B, 0x5A, 0xDA, 0xD6, 0xB5, 0xAD, 0x6B, 0x5A,
  0xD6, 0xB5, 0xAD, 0x8C, 0x63, 0x18, 0xC6, 0x31, 0x8C, 0xE7, 0x39, 0xCE, 0x73, 0x9C, 0xEF, 0x7B, 0xDE, 0xF7, 0xBE, 0x73, 0x9C, 0xE7, 0x39, 0xCE,
  0x77, 0xBD, 0xFF, 0xFF, 0xFF, 0xFF, 0xFF, 0xFF, 0xFF, 0xFF, 0xFF, 0xFF, 0xFF, 0xFF, 0xFF, 0xFF, 0xFF, 0xFF, 0xFF, 0xFF, 0xFF, 0xFF, 0xFF, 0xFF,
  0xFF, 0xFF, 0xFF, 0xFF, 0xFF, 0xFF, 0xFF, 0xFF, 0xFF, 0xFF, 0xFF, 0xFF, 0xFF, 0xFF, 0xFF, 0xFF, 0xFF, 0xFF, 0xFF, 0xFF, 0xFF, 0xFF, 0xFF, 0xFF,
  0xFF, 0xFF, 0xFF, 0xFF, 0xFF, 0xFF, 0xFF, 0xFF, 0xFF, 0xFF, 0xFF, 0xFF, 0xFF, 0xFF, 0xFF, 0xFF, 0xFF, 0xFF, 0xFF, 0xFF, 0xFF, 0xFF, 0xFF, 0xFF,
  0xFF, 0xFF, 0xFF, 0xFF, 0xFF, 0xFF, 0xFF, 0xFF, 0xFF, 0xFF, 0xFF, 0xFF, 0xFF, 0xFF, 0xFF, 0xFF, 0xFF, 0xFF, 0xFF, 0xFF, 0xFF, 0xFF, 0xFF, 0xFF,
  0xFF, 0xFF, 0xFF, 0xFF, 0xFF, 0xFF, 0xFF, 0xFF, 0xFF, 0xFF, 0xFF, 0xFF, 0xFF, 0xFF, 0xFF, 0xFF, 0xFF, 0xFF, 0xFF, 0xFF, 0xFF, 0xFF, 0xFF, 0xFF,
  0xFF, 0xFF, 0xFF, 0xFF, 0xFF, 0xFF, 0xFF, 0xFF, 0xFF, 0xFF, 0xFF, 0xFF, 0xFF, 0xFF, 0xFF, 0xFF, 0xFF, 0xFF, 0xFF, 0xFF, 0xFF, 0xFF, 0xFF, 0xFB,
  0xDE, 0xF3, 0xBE, 0xF7, 0xBD, 0xEE, 0xF3, 0x7B, 0xDE, 0xF7, 0xBD, 0xEF, 0x39, 0xCE, 0x73, 0x9C, 0xE7, 0x38, 0xC6, 0x31, 0x8C, 0x63, 0x18, 0xB5,
  0xAD, 0x6B, 0x5A, 0xD6, 0xEF, 0xAD, 0x6B, 0x5A, 0xB5, 0xAD, 0x6B, 0x5A, 0xF7, 0xD4, 0xD7, 0x6F, 0x4A, 0x52, 0x94, 0xA5, 0x29, 0x4A, 0x52, 0x94,
  0x84, 0x29, 0x4A, 0x4E, 0x10, 0x84, 0x21, 0x7E, 0xF6, 0x10, 0x84, 0x21, 0x08, 0x42, 0x9D, 0x84, 0x21, 0x08, 0x42, 0x10, 0x84, 0x21, 0x08, 0x42,
  0x10, 0x84, 0x21, 0x08, 0x42, 0x10, 0x9C, 0x21, 0x08, 0x42, 0x10, 0x84, 0x21, 0x08, 0x42, 0x10, 0x84, 0x21, 0x08, 0x42, 0x30, 0x84, 0x21, 0x08,
  0x42, 0x10, 0x84, 0x21, 0x08, 0x42, 0x10, 0x84, 0x21, 0x08, 0x42, 0x10, 0x85, 0x29, 0x4A, 0x52, 0x94, 0xA5, 0x29, 0x4A, 0x52, 0x94, 0xA5, 0x2B,
  0x5A, 0xD6, 0xB5, 0xAD, 0x6B, 0x6B, 0x5A, 0xD6, 0xB5, 0xAD, 0x6B, 0x5A, 0xD6, 0xB6, 0x31, 0x8C, 0x63, 0x18, 0xC6, 0x33, 0x9C, 0xE7, 0x39, 0xCE,
  0x73, 0xBD, 0xEF, 0x7B, 0xDE, 0xF9, 0xCE, 0x73, 0x9C, 0xE7, 0x39, 0xDE, 0xF7, 0xBF, 0xFF, 0xFF, 0xFF, 0xFF, 0xFF, 0xFF, 0xFF, 0xFF, 0xFF, 0xFF,
  0xFF, 0xFF, 0xFF, 0xFF, 0xFF, 0xFF, 0xFF, 0xFF, 0xFF, 0xFF, 0xFF, 0xFF, 0xFF, 0xFF, 0xFF, 0xFF, 0xFF, 0xFF, 0xFF, 0xFF, 0xFF, 0xFF, 0xFF, 0xFF,
  0xFF, 0xFF, 0xFF, 0xFF, 0xFF, 0xFF, 0xFF, 0xFF, 0xFF, 0xFF, 0xFF, 0xFF, 0xFF, 0xFF, 0xFF, 0xFF, 0xFF, 0xFF, 0xFF, 0xFF, 0xFF, 0xFF, 0xFF, 0xFF,
  0xFF, 0xFF, 0xFF, 0xFF, 0xFF, 0xFF, 0xFF, 0xFF, 0xFF, 0xFF, 0xFF, 0xFF, 0xFF, 0xFF, 0xFF, 0xFF, 0xFF, 0xFF, 0xFF, 0xFF, 0xFF, 0xFF, 0xFF, 0xFF,
  0xFF, 0xFF, 0xFF, 0xFF, 0xFF, 0xFF, 0xFF, 0xFF, 0xFF, 0xFF, 0xFF, 0xFF, 0xFF, 0xFF, 0xFF, 0xFF, 0xFF, 0xFF, 0xFF, 0xFF, 0xFF, 0xFF, 0xFF, 0xFF,
  0xFF, 0xFF, 0xFF, 0xFF, 0xFF, 0xFF, 0xFF, 0xFF, 0xFF, 0xFF, 0xFF, 0xFF, 0xFF, 0xFF, 0xFF, 0xFF, 0xFF, 0xFF, 0xFF, 0xFF, 0xFF, 0xFF, 0xFF, 0xFF,
  0xFF, 0xFF, 0xFF, 0xFF, 0xFF, 0xFF, 0xFF, 0xFF, 0xFF, 0xFF, 0xFF, 0xFF, 0xDE, 0xF7, 0xBE, 0xF7, 0xBD, 0xEE, 0xF3, 0x9C, 0xDE, 0xF7, 0xBD, 0xEF,
  0x79, 0xCE, 0x73, 0x9C, 0xE7, 0x39, 0xCE, 0x31, 0x8C, 0x63, 0x18, 0xC6, 0x2D, 0x6B, 0x5A, 0xD6, 0xB7, 0xBD, 0x6B, 0x5A, 0xD6, 0xAD, 0x6B, 0x5A,
  0xF7, 0xB5, 0xAD, 0x69, 0x4A, 0x52, 0x94, 0xA5, 0x29, 0x4A, 0x52, 0x94, 0xA5, 0x3B, 0xDA, 0x4E, 0x10, 0x8D, 0xFB, 0xDB, 0xC2, 0x10, 0x84, 0x21,
  0x08, 0x42, 0x1D, 0xAC, 0x21, 0x08, 0x42, 0x10, 0x84, 0x21, 0x08, 0x42, 0x10, 0x84, 0x21, 0x08, 0x42, 0x10, 0x84, 0xE7, 0x08, 0x42, 0x10, 0x84,
  0x21, 0x08, 0x42, 0x10, 0x84, 0x21, 0x08, 0x42, 0x30, 0x84, 0x21, 0x08, 0x42, 0x10, 0x84, 0x21, 0x08, 0x42, 0x10, 0x84, 0x21, 0x18, 0xD2, 0x94,
  0xA5, 0x29, 0x4A, 0x52, 0x94, 0xA5, 0x29, 0x4A, 0x52, 0x95, 0xAD, 0x6B, 0x5A, 0xD6, 0xB5, 0xAD, 0xAD, 0x6B, 0x5B, 0x16, 0xB5, 0xAD, 0x6B, 0x5A,
  0xD8, 0xC6, 0x31, 0x8C, 0x63, 0x18, 0xCE, 0x73, 0x9C, 0xE7, 0x39, 0xCE, 0x77, 0xBD, 0xEF, 0x7B, 0xDF, 0x39, 0xCE, 0x73, 0x9C, 0xE7, 0x3B, 0xDE,
  0xF7, 0xFF, 0xFF, 0xFF, 0xFF, 0xFF, 0xFF, 0xFF, 0xFF, 0xFF, 0xFF, 0xFF, 0xFF, 0xFF, 0xFF, 0xFF, 0xFF, 0xFF, 0xFF, 0xFF, 0xFF, 0xFF, 0xFF, 0xFF,
  0xFF, 0xFF, 0xFF, 0xFF, 0xFF, 0xFF, 0xFF, 0xFF, 0xFF, 0xFF, 0xFF, 0xFF, 0xFF, 0xFF, 0xFF, 0xFF, 0xFF, 0xFF, 0xFF, 0xFF, 0xFF, 0xFF, 0xFF, 0xFF,
  0xFF, 0xFF, 0xFF, 0xFF, 0xFF, 0xFF, 0xFF, 0xFF, 0xFF, 0xFF, 0xFF, 0xFF, 0xFF, 0xFF, 0xFF, 0xFF, 0xFF, 0xFF, 0xFF, 0xFF, 0xFF, 0xFF, 0xFF, 0xFF,
  0xFF, 0xFF, 0xFF, 0xFF, 0xFF, 0xFF, 0xFF, 0xFF, 0xFF, 0xFF, 0xFF, 0xFF, 0xFF, 0xFF, 0xFF, 0xFF, 0xFF, 0xFF, 0xFF, 0xFF, 0xFF, 0xFF, 0xFF, 0xFF,
  0xFF, 0xFF, 0xFF, 0xFF, 0xFF, 0xFF, 0xFF, 0xFF, 0xFF, 0xFF, 0xFF, 0xFF, 0xFF, 0xFF, 0xFF, 0xFF, 0xFF, 0xFF, 0xFF, 0xFF, 0xFF, 0xFF, 0xFF, 0xFF,
  0xFF, 0xFF, 0xFF, 0xFF, 0xFF, 0xFF, 0xFF, 0xFF, 0xFF, 0xFF, 0xFF, 0xFF, 0xFF, 0xFF, 0xFF, 0xFF, 0xFF, 0xFF, 0xFF, 0xFF, 0xFF, 0xFF, 0xFF, 0xFF,
  0xFF, 0xF7, 0xBE, 0xF7, 0xBB, 0xCE, 0x73, 0x9C, 0xE7, 0x37, 0xBD, 0xEF, 0x7B, 0xDE, 0x73, 0x9C, 0xE7, 0x39, 0xCE, 0x71, 0x8C, 0x63, 0x18, 0xC6,
  0x31, 0x8C, 0x5A, 0xD6, 0xB5, 0xBD, 0xDB, 0x5A, 0xD6, 0xB5, 0xAD, 0x5A, 0xF7, 0xB5, 0xAD, 0x6B, 0x5A, 0xD2, 0x94, 0xA5, 0x29, 0x4A, 0x52, 0x94,
  0xA5, 0x3B, 0xDF, 0x76, 0x9E, 0xBF, 0x75, 0x08, 0x42, 0x31, 0x8C, 0x63, 0x08, 0x42, 0x1D, 0xBD, 0xE7, 0x08, 0x42, 0x10, 0x84, 0x21, 0x08, 0x42,
  0x10, 0x84, 0x21, 0x08, 0x42, 0x10, 0x84, 0x21, 0x38, 0x42, 0x10, 0x84, 0x21, 0x08, 0x42, 0x10, 0x84, 0x21, 0x08, 0x42, 0x30, 0x84, 0x21, 0x08,
  0x42, 0x10, 0x84, 0x21, 0x08, 0x42, 0x10, 0x85, 0x29, 0x4A, 0x52, 0x94, 0xA5, 0x29, 0x4A, 0x52, 0x94, 0xA5, 0x29, 0x4A, 0xD6, 0xB5, 0xAD, 0x6B,
  0x5A, 0xD6, 0xD6, 0xB5, 0xAD, 0x6C, 0x5A, 0xD6, 0xB5, 0xAD, 0x6C, 0x63, 0x18, 0xC6, 0x31, 0x8C, 0x63, 0x19, 0xCE, 0x73, 0x9C, 0xE7, 0x39, 0xDE,
  0xF7, 0xBD, 0xEF, 0x7C, 0xE7, 0x39, 0xCE, 0x77, 0xBC, 0xE7, 0x7B, 0xDF, 0xFF, 0xFF, 0xFF, 0xFF, 0xFF, 0xFF, 0xFF, 0xFF, 0xFF, 0xFF, 0xFF, 0xFF,
  0xFF, 0xFF, 0xFF, 0xFF, 0xFF, 0xFF, 0xFF, 0xFF, 0xFF, 0xFF, 0xFF, 0xFF, 0xFF, 0xFF, 0xFF, 0xFF, 0xFF, 0xFF, 0xFF, 0xFF, 0xFF, 0xFF, 0xFF, 0xFF,
  0xFF, 0xFF, 0xFF, 0xFF, 0xFF, 0xFF, 0xFF, 0xFF, 0xFF, 0xFF, 0xFF, 0xFF, 0xFF, 0xFF, 0xFF, 0xFF, 0xFF, 0xFF, 0xFF, 0xFF, 0xFF, 0xFF, 0xFF, 0xFF,
  0xFF, 0xFF, 0xFF, 0xFF, 0xFF, 0xFF, 0xFF, 0xFF, 0xFF, 0xFF, 0xFF, 0xFF, 0xFF, 0xFF, 0xFF, 0xFF, 0xFF, 0xFF, 0xFF, 0xFF, 0xFF, 0xFF, 0xFF, 0xFF,
  0xFF, 0xFF, 0xFF, 0xFF, 0xFF, 0xFF, 0xFF, 0xFF, 0xFF, 0xFF, 0xFF, 0xFF, 0xFF, 0xFF, 0xFF, 0xFF, 0xFF, 0xFF, 0xFF, 0xFF, 0xFF, 0xFF, 0xFF, 0xFF,
  0xFF, 0xFF, 0xFF, 0xFF, 0xFF, 0xFF, 0xFF, 0xFF, 0xFF, 0xFF, 0xFF, 0xFF, 0xFF, 0xFF, 0xFF, 0xFF, 0xFF, 0xFF, 0xFF, 0xFF, 0xFF, 0xFF, 0xFF, 0xFF,
  0xFF, 0xFF, 0xFF, 0xFF, 0xFF, 0xFF, 0xFF, 0xFF, 0xFF, 0xFF, 0xFF, 0xFF, 0xFF, 0xFF, 0xDE, 0xF7, 0x79, 0xCE, 0x73, 0x9C, 0xE7, 0x39, 0xBD, 0xEF,
  0x7B, 0xDE, 0xF7, 0x9C, 0xE7, 0x39, 0xCE, 0x73, 0x9C, 0x63, 0x18, 0xC6, 0x31, 0x8C, 0x63, 0x16, 0xB5, 0xBB, 0xEC, 0x5A, 0xD6, 0xB5, 0xAD, 0x6E,
  0xFB, 0xB5, 0xAD, 0x73, 0x5A, 0xD6, 0xB5, 0xA5, 0x29, 0x4A, 0x52, 0x94, 0xA6, 0x7B, 0xEE, 0xFB, 0xDE, 0xF5, 0x29, 0x4A, 0x46, 0x31, 0x8C, 0x61,
  0x08, 0x42, 0x1D, 0x84, 0xEF, 0x7B, 0xC2, 0x10, 0x84, 0x21, 0x08, 0x42, 0x10, 0x84, 0x21, 0x08, 0x42, 0x10, 0x84, 0x21, 0x38, 0x42, 0x10, 0x84,
  0x21, 0x08, 0x42, 0x10, 0x84, 0x21, 0x08, 0x42, 0x10, 0x84, 0x21, 0x08, 0x42, 0x10, 0x84, 0x21, 0x0A, 0x52, 0x94, 0xA5, 0x29, 0x4A, 0xD6, 0xB5,
  0xA5, 0x29, 0x4A, 0x52, 0x94, 0xAD, 0x6B, 0x5A, 0xD6, 0xB5, 0xAD, 0x6B, 0x6B, 0x5A, 0xD6, 0xB5, 0xAD, 0x6B, 0x63, 0x18, 0xC6, 0x31, 0x8C, 0x63,
  0x38, 0xC6, 0x31, 0x8C, 0x67, 0x39, 0xCE, 0x73, 0x9C, 0xE7, 0x7B, 0xDE, 0xF7, 0xBD, 0xEF, 0x9C, 0xE7, 0x3B, 0xCE, 0xF7, 0xBD, 0xEF, 0x7B, 0xFF,
  0xFF, 0xFF, 0xFF, 0xFF, 0xFF, 0xFF, 0xFF, 0xFF, 0xFF, 0xFF, 0xFF, 0xFF, 0xFF, 0xFF, 0xFF, 0xFF, 0xFF, 0xFF, 0xFF, 0xFF, 0xFF, 0xFF, 0xFF, 0xFF,
  0xFF, 0xFF, 0xFF, 0xFF, 0xFF, 0xFF, 0xFF, 0xFF, 0xFF, 0xFF, 0xFF, 0xFF, 0xFF, 0xFF, 0xFF, 0xFF, 0xFF, 0xFF, 0xFF, 0xFF, 0xFF, 0xFF, 0xFF, 0xFF,
  0xFF, 0xFF, 0xFF, 0xFF, 0xFF, 0xFF, 0xFF, 0xFF, 0xFF, 0xFF, 0xFF, 0xFF, 0xFF, 0xFF, 0xFF, 0xFF, 0xFF, 0xFF, 0xFF, 0xFF, 0xFF, 0xFF, 0xFF, 0xFF,
  0xFF, 0xFF, 0xFF, 0xFF, 0xFF, 0xFF, 0xFF, 0xFF, 0xFF, 0xFF, 0xFF, 0xFF, 0xFF, 0xFF, 0xFF, 0xFF, 0xFF, 0xFF, 0xFF, 0xFF, 0xFF, 0xFF, 0xFF, 0xFF,
  0xFF, 0xFF, 0xFF, 0xFF, 0xFF, 0xFF, 0xFF, 0xFF, 0xFF, 0xFF, 0xFF, 0xFF, 0xFF, 0xFF, 0xFF, 0xFF, 0xFF, 0xFF, 0xFF, 0xFF, 0xFF, 0xFF, 0xFF, 0xFF,
  0xFF, 0xFF, 0xFF, 0xFF, 0xFF, 0xFF, 0xFF, 0xFF, 0xFF, 0xFF, 0xFF, 0xFF, 0xFF, 0xFF, 0xFF, 0xFF, 0xFF, 0xFF, 0xFF, 0xFF, 0xFF, 0xFF, 0xFF, 0xFF,
  0xFF, 0xFF, 0xFF, 0xEF, 0x7B, 0xCE, 0x73, 0x9C, 0xE7, 0x39, 0xCE, 0x6F, 0x7B, 0xDE, 0xF7, 0xBD, 0xE7, 0x39, 0xCE, 0x73, 0x9C, 0xE7, 0x18, 0xC6,
  0x39, 0x8C, 0x63, 0x18, 0xC5, 0xAD, 0xDC, 0x5A, 0xD6, 0xB5, 0xBB, 0xEF, 0x76, 0xD6, 0xAD, 0x6B, 0x5A, 0xD6, 0xB5, 0xAD, 0x6B, 0x4A, 0x52, 0x94,
  0xD7, 0x7D, 0xDF, 0x7B, 0xD5, 0xA5, 0x29, 0x4A, 0x52, 0x94, 0xA5, 0x21, 0x08, 0x42, 0x34, 0x84, 0x21, 0x1B, 0xDE, 0xF3, 0x84, 0x21, 0x08, 0x42,
  0x10, 0x84, 0x21, 0x08, 0x42, 0x10, 0x84, 0x21, 0x08, 0x42, 0x10, 0x84, 0x21, 0x08, 0x42, 0x10, 0x84, 0x21, 0x08, 0x42, 0x10, 0x84, 0x61, 0x08,
  0xC2, 0x14, 0xA5, 0x29, 0x4A, 0x52, 0x94, 0xA5, 0x2B, 0x4A, 0x56, 0xB5, 0xA5, 0x29, 0x4A, 0xD2, 0xB5, 0xAD, 0x6B, 0x5A, 0xD6, 0xB5, 0xAD, 0xAD,
  0x6B, 0x5A, 0xD6, 0xB5, 0xAD, 0x6B, 0x63, 0x18, 0xC6, 0x31, 0x8C, 0x63, 0x39, 0xC6, 0x31, 0x9C, 0xE7, 0x39, 0xCE, 0x73, 0xCE, 0x6F, 0x7B, 0xDE,
  0xF7, 0xBE, 0x73, 0x9C, 0xE7, 0x3B, 0xCE, 0xF7, 0xBD, 0xEF, 0xFF, 0xFF, 0xFF, 0xFF, 0xFF, 0xFF, 0xFF, 0xFF, 0xFF, 0xFF, 0xFF, 0xFF, 0xFF, 0xFF,
  0xFF, 0xFF, 0xFF, 0xFF, 0xFF, 0xFF, 0xFF, 0xFF, 0xFF, 0xFF, 0xFF, 0xFF, 0xFF, 0xFF, 0xFF, 0xFF, 0xFF, 0xFF, 0xFF, 0xFF, 0xFF, 0xFF, 0xFF, 0xFF,
  0xFF, 0xFF, 0xFF, 0xFF, 0xFF, 0xFF, 0xFF, 0xFF, 0xFF, 0xFF, 0xFF, 0xFF, 0xFF, 0xFF, 0xFF, 0xFF, 0xFF, 0xFF, 0xFF, 0xFF, 0xFF, 0xFF, 0xFF, 0xFF,
  0xFF, 0xFF, 0xFF, 0xFF, 0xFF, 0xFF, 0xFF, 0xFF, 0xFF, 0xFF, 0xFF, 0xFF, 0xFF, 0xFF, 0xFF, 0xFF, 0xFF, 0xFF, 0xFF, 0xFF, 0xFF, 0xFF, 0xFF, 0xFF,
  0xFF, 0xFF, 0xFF, 0xFF, 0xFF, 0xFF, 0xFF, 0xFF, 0xFF, 0xFF, 0xFF, 0xFF, 0xFF, 0xFF, 0xFF, 0xFF, 0xFF, 0xFF, 0xFF, 0xFF, 0xFF, 0xFF, 0xFF, 0xFF,
  0xFF, 0xFF, 0xFF, 0xFF, 0xFF, 0xFF, 0xFF, 0xFF, 0xFF, 0xFF, 0xFF, 0xFF, 0xFF, 0xFF, 0xFF, 0xFF, 0xFF, 0xFF, 0xFF, 0xFF, 0xFF, 0xFF, 0xFF, 0xFF,
  0xFF, 0xFF, 0xFF, 0xFF, 0xFF, 0xFF, 0xFF, 0xFF, 0xFF, 0xFF, 0xFF, 0xFF, 0xFF, 0xFF, 0xFF, 0xFF, 0x7B, 0xDE, 0xF3, 0x9C, 0xE7, 0x39, 0xEF, 0x77,
  0x9B, 0xDE, 0xF7, 0xBD, 0xFB, 0x79, 0xCE, 0x73, 0x9C, 0xE7, 0x39, 0xC6, 0x31, 0x8C, 0x73, 0x18, 0xC6, 0x31, 0xDB, 0x77, 0xD6, 0xF6, 0x31, 0xDB,
  0x5A, 0xD6, 0xB5, 0xAD, 0x5A, 0xD6, 0xB5, 0xAD, 0x6B, 0x5A, 0xD6, 0xBA, 0xEF, 0xBD, 0xEF, 0x7A, 0x94, 0xA5, 0x29, 0x4A, 0x52, 0x94, 0xA5, 0x29,
  0x4A, 0x52, 0x9E, 0xA4, 0x21, 0x08, 0x42, 0x97, 0xBD, 0x21, 0x08, 0x42, 0x10, 0x84, 0x21, 0x08, 0x42, 0x10, 0x84, 0x23, 0x08, 0x42, 0x10, 0x84,
  0x21, 0x08, 0x42, 0x10, 0x84, 0x21, 0x08, 0x42, 0x10, 0xA5, 0x29, 0x4A, 0x52, 0x94, 0xA5, 0x29, 0x4A, 0x52, 0x94, 0xA5, 0x2B, 0x4A, 0x52, 0x94,
  0xA5, 0x2B, 0x5A, 0xD6, 0xB5, 0xAD, 0x6B, 0x5A, 0xD6, 0xD6, 0xB5, 0xAD, 0x6B, 0x5A, 0xD6, 0xB5, 0xAD, 0x6B, 0x5B, 0x18, 0xC6, 0x71, 0x8C, 0xE7,
  0x39, 0xC6, 0x73, 0x9C, 0xE7, 0x39, 0xCE, 0x77, 0xBE, 0x6F, 0x7B, 0xDE, 0xF9, 0xCE, 0x73, 0xBC, 0xE7, 0x3B, 0xCE, 0xF7, 0xBD, 0xFF, 0xFF, 0xFF,
  0xFF, 0xFF, 0xFF, 0xFF, 0xFF, 0xFF, 0xFF, 0xFF, 0xFF, 0xFF, 0xFF, 0xFF, 0xFF, 0xFF, 0xFF, 0xFF, 0xFF, 0xFF, 0xFF, 0xFF, 0xFF, 0xFF, 0xFF, 0xFF,
  0xFF, 0xFF, 0xFF, 0xFF, 0xFF, 0xFF, 0xFF, 0xFF, 0xFF, 0xFF, 0xFF, 0xFF, 0xFF, 0xFF, 0xFF, 0xFF, 0xFF, 0xFF, 0xFF, 0xFF, 0xFF, 0xFF, 0xFF, 0xFF,
  0xFF, 0xFF, 0xFF, 0xFF, 0xFF, 0xFF, 0xFF, 0xFF, 0xFF, 0xFF, 0xFF, 0xFF, 0xFF, 0xFF, 0xFF, 0xFF, 0xFF, 0xFF, 0xFF, 0xFF, 0xFF, 0xFF, 0xFF, 0xFF,
  0xFF, 0xFF, 0xFF, 0xFF, 0xFF, 0xFF, 0xFF, 0xFF, 0xFF, 0xFF, 0xFF, 0xFF, 0xFF, 0xFF, 0xFF, 0xFF, 0xFF, 0xFF, 0xFF, 0xFF, 0xFF, 0xFF, 0xFF, 0xFF,
  0xFF, 0xFF, 0xFF, 0xFF, 0xFF, 0xFF, 0xFF, 0xFF, 0xFF, 0xFF, 0xFF, 0xFF, 0xFF, 0xFF, 0xFF, 0xFF, 0xFF, 0xFF, 0xFF, 0xFF, 0xFF, 0xFF, 0xFF, 0xFF,
  0xFF, 0xFF, 0xFF, 0xFF, 0xFF, 0xFF, 0xFF, 0xFF, 0xFF, 0xFF, 0xFF, 0xFF, 0xFF, 0xFF, 0xFF, 0xFF, 0xFF, 0xFF, 0xFF, 0xFF, 0xFF, 0xFF, 0xFF, 0xFF,
  0xFF, 0xFF, 0xFF, 0xFF, 0xFF, 0xDE, 0xF7, 0x9C, 0xE7, 0x3D, 0xEF, 0x7B, 0x9C, 0xDE, 0xF7, 0xBD, 0xF7, 0x7B, 0xCE, 0x73, 0x9C, 0xE7, 0xD9, 0xCE,
  0x73, 0x8C, 0x7B, 0x18, 0xC6, 0x31, 0x8C, 0x77, 0xD6, 0xF5, 0xAD, 0x6B, 0x5A, 0xD6, 0xB5, 0xAD, 0x6B, 0x5A, 0xB5, 0xAD, 0x6B, 0x5A, 0xD7, 0x5D,
  0xF7, 0xBD, 0xEE, 0xD2, 0x94, 0xA5, 0x29, 0x4A, 0x52, 0x94, 0xA5, 0x29, 0x4A, 0x52, 0x9D, 0xED, 0x29, 0x4A, 0x52, 0x94, 0xEF, 0xBD, 0x78, 0xC2,
  0x10, 0x84, 0x21, 0x08, 0x42, 0x10, 0x84, 0x23, 0x08, 0x42, 0x10, 0x84, 0x21, 0x08, 0x42, 0x94, 0xA5, 0x29, 0x4A, 0x52, 0x94, 0xA5, 0x29, 0x4A,
  0x52, 0x94, 0xA5, 0x29, 0x4A, 0x52, 0x94, 0xA5, 0x29, 0x4A, 0xD2, 0xB5, 0xAD, 0x6B, 0x5A, 0xD6, 0xB5, 0xAD, 0x6B, 0x6B, 0x5A, 0xD6, 0xB5, 0xAD,
  0x6B, 0x5A, 0xD6, 0xB5, 0xAD, 0x8C, 0x63, 0x18, 0xCE, 0x33, 0x8C, 0x63, 0x39, 0xCE, 0x73, 0x9C, 0xE7, 0x39, 0xCE, 0xF7, 0xBD, 0xF3, 0x7B, 0xDF,
  0x39, 0xCE, 0x73, 0x9C, 0xE7, 0x39, 0xDE, 0xF7, 0xFF, 0xFF, 0xFF, 0xFF, 0xFF, 0xFF, 0xFF, 0xFF, 0xFF, 0xFF, 0xFF, 0xFF, 0xFF, 0xFF, 0xFF, 0xFF,
  0xFF, 0xFF, 0xFF, 0xFF, 0xFF, 0xFF, 0xFF, 0xFF, 0xFF, 0xFF, 0xFF, 0xFF, 0xFF, 0xFF, 0xFF, 0xFF, 0xFF, 0xFF, 0xFF, 0xFF, 0xFF, 0xFF, 0xFF, 0xFF,
  0xFF, 0xFF, 0xFF, 0xFF, 0xFF, 0xFF, 0xFF, 0xFF, 0xFF, 0xFF, 0xFF, 0xFF, 0xFF, 0xFF, 0xFF, 0xFF, 0xFF, 0xFF, 0xFF, 0xFF, 0xFF, 0xFF, 0xFF, 0xFF,
  0xFF, 0xFF, 0xFF, 0xFF, 0xFF, 0xFF, 0xFF, 0xFF, 0xFF, 0xFF, 0xFF, 0xFF, 0xFF, 0xFF, 0xFF, 0xFF, 0xFF, 0xFF, 0xFF, 0xFF, 0xFF, 0xFF, 0xFF, 0xFF,
  0xFF, 0xFF, 0xFF, 0xFF, 0xFF, 0xFF, 0xFF, 0xFF, 0xFF, 0xFF, 0xFF, 0xFF, 0xFF, 0xFF, 0xFF, 0xFF, 0xFF, 0xFF, 0xFF, 0xFF, 0xFF, 0xFF, 0xFF, 0xFF,
  0xFF, 0xFF, 0xFF, 0xFF, 0xFF, 0xFF, 0xFF, 0xFF, 0xFF, 0xFF, 0xFF, 0xFF, 0xFF, 0xFF, 0xFF, 0xFF, 0xFF, 0xFF, 0xFF, 0xFF, 0xFF, 0xFF, 0xFF, 0xFF,
  0xFF, 0xFF, 0xFF, 0xFF, 0xFF, 0xFF, 0xFF, 0xFF, 0xFF, 0xFF, 0xFF, 0xFF, 0xFF, 0xFF, 0xFF, 0xFF, 0xFF, 0xFE, 0xF7, 0xBD, 0xE7, 0x3D, 0xCE, 0x73,
  0x9C, 0xF7, 0xBD, 0xBD, 0xFB, 0x7B, 0xEF, 0xBD, 0xDC, 0xF7, 0xFE, 0xCE, 0x73, 0x9C, 0xFB, 0x1D, 0xC6, 0x31, 0xEC, 0x77, 0xD8, 0xF5, 0xAD, 0x6F,
  0x7A, 0xD6, 0xEE, 0x3D, 0xEB, 0x5A, 0xD6, 0xB5, 0xAB, 0xAF, 0x7B, 0xDE, 0xF7, 0xBD, 0x5A, 0xD6, 0xB5, 0xAD, 0x69, 0x4A, 0x52, 0x94, 0xA5, 0x29,
  0x4A, 0x52, 0x94, 0xF5, 0x29, 0x4A, 0x52, 0x94, 0xA5, 0x29, 0xEF, 0x7B, 0xB4, 0xA5, 0x29, 0x4A, 0x52, 0x94, 0xA5, 0x29, 0x4A, 0x52, 0x94, 0xA5,
  0x29, 0x4A, 0x52, 0x94, 0xA5, 0x29, 0x4A, 0x52, 0x94, 0xA5, 0x69, 0x4A, 0x52, 0x94, 0xA5, 0x29, 0x4A, 0x52, 0x94, 0xA5, 0x2B, 0x5A, 0xD6, 0xB5,
  0xAD, 0x6B, 0x5A, 0xD6, 0xB6, 0xB5, 0xAD, 0x6B, 0x5A, 0xD6, 0xB5, 0xAD, 0x6B, 0x5A, 0xD6, 0xB6, 0x31, 0x8C, 0x63, 0x18, 0xC6, 0x73, 0x8C, 0xE7,
  0x39, 0xCE, 0x73, 0x9C, 0xE7, 0x3B, 0xDE, 0xF7, 0xBD, 0xEF, 0x7C, 0xE7, 0x39, 0xCE, 0x73, 0x9D, 0xE7, 0x7B, 0xDE, 0xFF, 0xFF, 0xFF, 0xFF, 0xFF,
  0xFF, 0xFF, 0xFF, 0xFF, 0xFF, 0xFF, 0xFF, 0xFF, 0xFF, 0xFF, 0xFF, 0xFF, 0xFF, 0xFF, 0xFF, 0xFF, 0xFF, 0xFF, 0xFF, 0xFF, 0xFF, 0xFF, 0xFF, 0xFF,
  0xFF, 0xFF, 0xFF, 0xFF, 0xFF, 0xFF, 0xFF, 0xFF, 0xFF, 0xFF, 0xFF, 0xFF, 0xFF, 0xFF, 0xFF, 0xFF, 0xFF, 0xFF, 0xFF, 0xFF, 0xFF, 0xFF, 0xFF, 0xFF,
  0xFF, 0xFF, 0xFF, 0xFF, 0xFF, 0xFF, 0xFF, 0xFF, 0xFF, 0xFF, 0xFF, 0xFF, 0xFF, 0xFF, 0xFF, 0xFF, 0xFF, 0xFF, 0xFF, 0xFF, 0xFF, 0xFF, 0xFF, 0xFF,
  0xFF, 0xFF, 0xFF, 0xFF, 0xFF, 0xFF, 0xFF, 0xFF, 0xFF, 0xFF, 0xFF, 0xFF, 0xFF, 0xFF, 0xFF, 0xFF, 0xFF, 0xFF, 0xFF, 0xFF, 0xFF, 0xFF, 0xFF, 0xFF,
  0xFF, 0xFF, 0xFF, 0xFF, 0xFF, 0xFF, 0xFF, 0xFF, 0xFF, 0xFF, 0xFF, 0xFF, 0xFF, 0xFF, 0xFF, 0xFF, 0xFF, 0xFF, 0xFF, 0xFF, 0xFF, 0xFF, 0xFF, 0xFF,
  0xFF, 0xFF, 0xFF, 0xFF, 0xFF, 0xFF, 0xFF, 0xFF, 0xFF, 0xFF, 0xFF, 0xFF, 0xFF, 0xFF, 0xFF, 0xFF, 0xFF, 0xFF, 0xFF, 0xFF, 0xFF, 0xFF, 0xFF, 0xFF,
  0xFF, 0xFF, 0xFF, 0xFF, 0xFF, 0xFF, 0xFF, 0xBD, 0xEF, 0x7D, 0xEE, 0x73, 0x9C, 0xE7, 0x3D, 0xED, 0xFF, 0x7C, 0xFE, 0xF7, 0xEC, 0xE7, 0xF9, 0xCE,
  0x73, 0x9C, 0xFB, 0x3E, 0xEE, 0x31, 0xFC, 0x77, 0xD8, 0xF6, 0x31, 0xEB, 0x5B, 0xD6, 0xF7, 0xAD, 0x6F, 0x5A, 0xD6, 0xB5, 0xBD, 0xEF, 0x7B, 0xDE,
  0xEF, 0x6B, 0x5A, 0xD6, 0xB5, 0xAD, 0x6B, 0x5A, 0x52, 0x94, 0xA5, 0xE9, 0x4A, 0x52, 0x94, 0xA7, 0xA9, 0x4A, 0x52, 0x94, 0xA5, 0x29, 0x4A, 0x7B,
  0xDE, 0xED, 0x29, 0x4A, 0x52, 0x94, 0xA5, 0x29, 0x4A, 0x52, 0x94, 0xA5, 0x29, 0x4A, 0x52, 0x94, 0xA5, 0x29, 0x4A, 0x52, 0x94, 0xA5, 0x2B, 0x4A,
  0x52, 0x94, 0xA5, 0x29, 0x4B, 0xD6, 0xB5, 0xAD, 0x6B, 0x5A, 0xD6, 0xB5, 0xAD, 0x6B, 0x5B, 0x5A, 0xD6, 0xB5, 0xAD, 0x6D, 0xDA, 0xD6, 0xB5, 0xAD,
  0x6B, 0x5B, 0x18, 0xC6, 0x31, 0x8C, 0x63, 0x18, 0xC6, 0x33, 0x9C, 0xE7, 0x39, 0xCF, 0x39, 0x9C, 0xEF, 0x7B, 0xDE, 0xF7, 0xBE, 0x73, 0x9C, 0xE7,
  0x39, 0xCE, 0x73, 0x9D, 0xEF, 0x7B, 0xFF, 0xFF, 0xFF, 0xFF, 0xFF, 0xFF, 0xFF, 0xFF, 0xFF, 0xFF, 0xFF, 0xFF, 0xFF, 0xFF, 0xFF, 0xFF, 0xFF, 0xFF,
  0xFF, 0xFF, 0xFF, 0xFF, 0xFF, 0xFF, 0xFF, 0xFF, 0xFF, 0xFF, 0xFF, 0xFF, 0xFF, 0xFF, 0xFF, 0xFF, 0xFF, 0xFF, 0xFF, 0xFF, 0xFF, 0xFF, 0xFF, 0xFF,
  0xFF, 0xFF, 0xFF, 0xFF, 0xFF, 0xFF, 0xFF, 0xFF, 0xFF, 0xFF, 0xFF, 0xFF, 0xFF, 0xFF, 0xFF, 0xFF, 0xFF, 0xFF, 0xFF, 0xFF, 0xFF, 0xFF, 0xFF, 0xFF,
  0xFF, 0xFF, 0xFF, 0xFF, 0xFF, 0xFF, 0xFF, 0xFF, 0xFF, 0xFF, 0xFF, 0xFF, 0xFF, 0xFF, 0xFF, 0xFF, 0xFF, 0xFF, 0xFF, 0xFF, 0xFF, 0xFF, 0xFF, 0xFF,
  0xFF, 0xFF, 0xFF, 0xFF, 0xFF, 0xFF, 0xFF, 0xFF, 0xFF, 0xFF, 0xFF, 0xFF, 0xFF, 0xFF, 0xFF, 0xFF, 0xFF, 0xFF, 0xFF, 0xFF, 0xFF, 0xFF, 0xFF, 0xFF,
  0xFF, 0xFF, 0xFF, 0xFF, 0xFF, 0xFF, 0xFF, 0xFF, 0xFF, 0xFF, 0xFF, 0xFF, 0xFF, 0xFF, 0xFF, 0xFF, 0xFF, 0xFF, 0xFF, 0xFF, 0xFF, 0xFF, 0xFF, 0xFF,
  0xFF, 0xFF, 0xFF, 0xFF, 0xFF, 0xFF, 0xFF, 0xFF, 0xFF, 0xFF, 0xFF, 0xFF, 0xFF, 0xFF, 0xFF, 0xFF, 0xFF, 0xFF, 0xFF, 0xFF, 0xEF, 0x7B, 0xEF, 0x7B,
  0x9C, 0xE7, 0xBD, 0xEE, 0x7F, 0x7C, 0xF6, 0xF7, 0xEE, 0xEF, 0xF9, 0xCF, 0x7B, 0x9C, 0xFB, 0x3E, 0xF6, 0x31, 0xFC, 0x77, 0xD8, 0xF6, 0x3D, 0xEF,
  0x7B, 0xF6, 0xF7, 0xAD, 0x6F, 0x5B, 0x9D, 0xE5, 0xBD, 0xEF, 0x5A, 0xD6, 0xB5, 0x6B, 0x5A, 0xD6, 0xB5, 0xAD, 0x6B, 0x5A, 0xD6, 0xB5, 0xAD, 0x29,
  0x5A, 0x52, 0x94, 0xA7, 0xAF, 0x4A, 0x52, 0x94, 0xA5, 0x29, 0x4A, 0x52, 0x9D, 0xF7, 0xBD, 0xDA, 0x52, 0x94, 0xA5, 0x29, 0x4A, 0x52, 0x94, 0xA5,
  0x29, 0x4A, 0x52, 0x94, 0xA5, 0x29, 0x4A, 0x52, 0x94, 0xA5, 0x29, 0x4A, 0x52, 0x94, 0xAD, 0x6B, 0x5A, 0xD6, 0xB5, 0xAD, 0x6B, 0x5A, 0xD6, 0xB5,
  0xB5, 0xAD, 0x6B, 0x5A, 0xD6, 0xB6, 0x2D, 0x6B, 0x5A, 0xD6, 0xB5, 0xAD, 0x8C, 0x63, 0x18, 0xC6, 0x31, 0x8C, 0x63, 0x18, 0xCE, 0x73, 0x9C, 0xF3,
  0x99, 0xCF, 0x39, 0xBD, 0xEF, 0x7B, 0xDE, 0xF7, 0xCE, 0x73, 0x9D, 0xE7, 0x39, 0xCE, 0x73, 0xBD, 0xEF, 0xFF, 0xFF, 0xFF, 0xFF, 0xFF, 0xFF, 0xFF,
  0xFF, 0xFF, 0xFF, 0xFF, 0xFF, 0xFF, 0xFF, 0xFF, 0xFF, 0xFF, 0xFF, 0xFF, 0xFF, 0xFF, 0xFF, 0xFF, 0xFF, 0xFF, 0xFF, 0xFF, 0xFF, 0xFF, 0xFF, 0xFF,
  0xFF, 0xFF, 0xFF, 0xFF, 0xFF, 0xFF, 0xFF, 0xFF, 0xFF, 0xFF, 0xFF, 0xFF, 0xFF, 0xFF, 0xFF, 0xFF, 0xFF, 0xFF, 0xFF, 0xFF, 0xFF, 0xFF, 0xFF, 0xFF,
  0xFF, 0xFF, 0xFF, 0xFF, 0xFF, 0xFF, 0xFF, 0xFF, 0xFF, 0xFF, 0xFF, 0xFF, 0xFF, 0xFF, 0xFF, 0xFF, 0xFF, 0xFF, 0xFF, 0xFF, 0xFF, 0xFF, 0xFF, 0xFF,
  0xFF, 0xFF, 0xFF, 0xFF, 0xFF, 0xFF, 0xFF, 0xFF, 0xFF, 0xFF, 0xFF, 0xFF, 0xFF, 0xFF, 0xFF, 0xFF, 0xFF, 0xFF, 0xFF, 0xFF, 0xFF, 0xFF, 0xFF, 0xFF,
  0xFF, 0xFF, 0xFF, 0xFF, 0xFF, 0xFF, 0xFF, 0xFF, 0xFF, 0xFF, 0xFF, 0xFF, 0xFF, 0xFF, 0xFF, 0xFF, 0xFF, 0xFF, 0xFF, 0xFF, 0xFF, 0xFF, 0xFF, 0xFF,
  0xFF, 0xFF, 0xFF, 0xFF, 0xFF, 0xFF, 0xFF, 0xFF, 0xFF, 0xFF, 0xFF, 0xFF, 0xFF, 0xFF, 0xFF, 0xFF, 0xFF, 0xFF, 0xFF, 0xFF, 0xFF, 0xFF, 0xFF, 0xFF,
  0xFF, 0xFF, 0xFF, 0xFF, 0xFF, 0xFF, 0xFF, 0xFF, 0xFF, 0x7B, 0xDE, 0xFB, 0x9E, 0xF7, 0x3D, 0xEE, 0x7F, 0x9D, 0xF6, 0xF7, 0xEE, 0xEF, 0xFB, 0xDF,
  0xBD, 0xDC, 0xFB, 0x3E, 0xF6, 0x73, 0xFC, 0x77, 0xD8, 0xF6, 0x3D, 0xEC, 0x63, 0x18, 0xF7, 0x6D, 0x6F, 0x5B, 0xDE, 0xF5, 0xBD, 0x6B, 0x5A, 0xD6,
  0xB5, 0xAD, 0x6B, 0x56, 0xB5, 0xAD, 0x6B, 0x5A, 0xD6, 0xB5, 0xAD, 0x6B, 0x5A, 0xD6, 0xB5, 0xA5, 0x3D, 0x5A, 0x52, 0x94, 0xA5, 0x29, 0x4A, 0x52,
  0x94, 0xA5, 0x7B, 0xEF, 0x76, 0xB4, 0xA5, 0x29, 0x4A, 0x52, 0x94, 0xA5, 0x29, 0x4A, 0x52, 0x94, 0xA5, 0x29, 0x4A, 0x52, 0x94, 0xA5, 0x6B, 0x5A,
  0xD6, 0xB5, 0xAD, 0x6B, 0x5A, 0xD6, 0xB5, 0xAD, 0x6B, 0x5B, 0x5A, 0xD6, 0xB5, 0xAD, 0x6B, 0x62, 0xD6, 0xC5, 0xAD, 0x6B, 0x5B, 0x18, 0xB6, 0x31,
  0x8C, 0x67, 0x18, 0xC6, 0x31, 0x8C, 0x67, 0x39, 0xCE, 0x73, 0x9C, 0xF3, 0x9C, 0xDE, 0xF7, 0xBD, 0xEF, 0x7B, 0xDF, 0x39, 0xCE, 0x73, 0x9C, 0xEF,
  0x79, 0xDE, 0xF7, 0xBD, 0xFF, 0xFF, 0xFF, 0xFF, 0xFF, 0xFF, 0xFF, 0xFF, 0xFF, 0xFF, 0xFF, 0xFF, 0xFF, 0xFF, 0xFF, 0xFF, 0xFF, 0xFF, 0xFF, 0xFF,
  0xFF, 0xFF, 0xFF, 0xFF, 0xFF, 0xFF, 0xFF, 0xFF, 0xFF, 0xFF, 0xFF, 0xFF, 0xFF, 0xFF, 0xFF, 0xFF, 0xFF, 0xFF, 0xFF, 0xFF, 0xFF, 0xFF, 0xFF, 0xFF,
  0xFF, 0xFF, 0xFF, 0xFF, 0xFF, 0xFF, 0xFF, 0xFF, 0xFF, 0xFF, 0xFF, 0xFF, 0xFF, 0xFF, 0xFF, 0xFF, 0xFF, 0xFF, 0xFF, 0xFF, 0xFF, 0xFF, 0xFF, 0xFF,
  0xFF, 0xFF, 0xFF, 0xFF, 0xFF, 0xFF, 0xFF, 0xFF, 0xFF, 0xFF, 0xFF, 0xFF, 0xFF, 0xFF, 0xFF, 0xFF, 0xFF, 0xFF, 0xFF, 0xFF, 0xFF, 0xFF, 0xFF, 0xFF,
  0xFF, 0xFF, 0xFF, 0xFF, 0xFF, 0xFF, 0xFF, 0xFF, 0xFF, 0xFF, 0xFF, 0xFF, 0xFF, 0xFF, 0xFF, 0xFF, 0xFF, 0xFF, 0xFF, 0xFF, 0xFF, 0xFF, 0xFF, 0xFF,
  0xFF, 0xFF, 0xFF, 0xFF, 0xFF, 0xFF, 0xFF, 0xFF, 0xFF, 0xFF, 0xFF, 0xFF, 0xFF, 0xFF, 0xFF, 0xFF, 0xFF, 0xFF, 0xFF, 0xFF, 0xFF, 0xFF, 0xFF, 0xFF,
  0xFF, 0xFF, 0xFF, 0xFF, 0xFF, 0xFF, 0xFF, 0xFF, 0xFF, 0xFF, 0xFF, 0xFF, 0xFF, 0xFF, 0xFF, 0xFF, 0xFF, 0xFF, 0xFF, 0xFF, 0xFF, 0xFF, 0xDE, 0xFB,
  0xBE, 0xE7, 0x3D, 0xEE, 0x7F, 0x9D, 0xF7, 0x37, 0xEE, 0xEF, 0xFB, 0xDE, 0xF7, 0x9C, 0xFB, 0x3E, 0xF6, 0x7B, 0xFC, 0xF7, 0xD8, 0xF6, 0x31, 0xEC,
  0x63, 0x18, 0xF7, 0x71, 0x8F, 0xDA, 0xD6, 0xB5, 0xAD, 0x6B, 0x5A, 0xD6, 0xB5, 0xAD, 0x6B, 0x5A, 0xD6, 0xB5, 0x6B, 0x5A, 0xD6, 0xB5, 0xAD, 0x6B,
  0x5A, 0xD6, 0xB5, 0xAD, 0x7D, 0x5A, 0xD6, 0xB5, 0xAD, 0x29, 0x4A, 0x52, 0x94, 0xA5, 0x29, 0x4E, 0xFB, 0xDD, 0xA5, 0x29, 0x4A, 0x52, 0x94, 0xA5,
  0x29, 0x4A, 0x52, 0x94, 0xAD, 0x6B, 0x5A, 0xD6, 0xB5, 0xAD, 0x6B, 0x5A, 0xD6, 0xB5, 0xAD, 0x6B, 0x5A, 0xD6, 0xB5, 0xB5, 0xAD, 0x6B, 0x5A, 0xD6,
  0xB5, 0xAD, 0x6C, 0x63, 0x18, 0xB5, 0xAD, 0x6B, 0x63, 0x18, 0xC6, 0x31, 0x8C, 0x67, 0x38, 0xC6, 0x31, 0x9C, 0xE7, 0x39, 0xE7, 0x33, 0x9C, 0xE7,
  0x7B, 0xDE, 0xF7, 0xBD, 0xEF, 0x7C, 0xE7, 0x39, 0xCE, 0x73, 0x9C, 0xE7, 0x3B, 0xDE, 0xF7, 0xFF, 0xFF, 0xFF, 0xFF, 0xFF, 0xFF, 0xFF, 0xFF, 0xFF,
  0xFF, 0xFF, 0xFF, 0xFF, 0xFF, 0xFF, 0xFF, 0xFF, 0xFF, 0xFF, 0xFF, 0xFF, 0xFF, 0xFF, 0xFF, 0xFF, 0xFF, 0xFF, 0xFF, 0xFF, 0xFF, 0xFF, 0xFF, 0xFF,
  0xFF, 0xFF, 0xFF, 0xFF, 0xFF, 0xFF, 0xFF, 0xFF, 0xFF, 0xFF, 0xFF, 0xFF, 0xFF, 0xFF, 0xFF, 0xFF, 0xFF, 0xFF, 0xFF, 0xFF, 0xFF, 0xFF, 0xFF, 0xFF,
  0xFF, 0xFF, 0xFF, 0xFF, 0xFF, 0xFF, 0xFF, 0xFF, 0xFF, 0xFF, 0xFF, 0xFF, 0xFF, 0xFF, 0xFF, 0xFF, 0xFF, 0xFF, 0xFF, 0xFF, 0xFF, 0xFF, 0xFF, 0xFF,
  0xFF, 0xFF, 0xFF, 0xFF, 0xFF, 0xFF, 0xFF, 0xFF, 0xFF, 0xFF, 0xFF, 0xFF, 0xFF, 0xFF, 0xFF, 0xFF, 0xFF, 0xFF, 0xFF, 0xFF, 0xFF, 0xFF, 0xFF, 0xFF,
  0xFF, 0xFF, 0xFF, 0xFF, 0xFF, 0xFF, 0xFF, 0xFF, 0xFF, 0xFF, 0xFF, 0xFF, 0xFF, 0xFF, 0xFF, 0xFF, 0xFF, 0xFF, 0xFF, 0xFF, 0xFF, 0xFF, 0xFF, 0xFF,
  0xFF, 0xFF, 0xFF, 0xFF, 0xFF, 0xFF, 0xFF, 0xFF, 0xFF, 0xFF, 0xFF, 0xFF, 0xFF, 0xFF, 0xFF, 0xFF, 0xFF, 0xFF, 0xFF, 0xFF, 0xFF, 0xFF, 0xFF, 0xFF,
  0xFF, 0xFF, 0xFF, 0xFF, 0xFF, 0xFF, 0xFF, 0xFF, 0xFF, 0xFF, 0xFF, 0xF7, 0xBD, 0xF7, 0xBD, 0xEE, 0x7B, 0x9C, 0xF7, 0x39, 0xEE, 0xEF, 0xDE, 0xEE,
  0xFB, 0xBE, 0xFB, 0x39, 0xF7, 0xBD, 0xEC, 0xF7, 0xD9, 0xF6, 0x31, 0xDF, 0x7B, 0xD8, 0xF7, 0x71, 0x8F, 0x63, 0xB6, 0xB5, 0xAD, 0x6B, 0x63, 0x18,
  0xB5, 0xAD, 0x8B, 0x5A, 0xD6, 0xB5, 0xAD, 0x6B, 0x5A, 0xD5, 0xAD, 0x6B, 0x5A, 0xD6, 0xB5, 0xAD, 0x7D, 0x5A, 0xD6, 0xB5, 0xAD, 0x6B, 0x5A, 0xD6,
  0xB5, 0xAD, 0x6B, 0x5A, 0xD6, 0xBE, 0xF5, 0x6B, 0x5A, 0xD6, 0xB5, 0xAD, 0x6B, 0x5A, 0xD6, 0xB5, 0xAD, 0x6B, 0x5A, 0xD6, 0xB5, 0xAD, 0x6B, 0x5A,
  0xD6, 0xB5, 0xAD, 0x6D, 0x6B, 0x5A, 0xD6, 0xB5, 0xAD, 0x6B, 0x63, 0x18, 0xB5, 0xAD, 0x6C, 0x63, 0x18, 0xB5, 0xB1, 0x8C, 0x63, 0x18, 0xC6, 0x31,
  0x8C, 0x63, 0x38, 0xCE, 0x73, 0x9C, 0xE7, 0x3C, 0xE6, 0x73, 0x9D, 0xEF, 0x7B, 0xDE, 0xF7, 0xBD, 0xF3, 0x9C, 0xE7, 0x39, 0xCE, 0x73, 0x9C, 0xEF,
  0x7B, 0xDF, 0xFF, 0xFF, 0xFF, 0xFF, 0xFF, 0xFF, 0xFF, 0xFF, 0xFF, 0xFF, 0xFF, 0xFF, 0xFF, 0xFF, 0xFF, 0xFF, 0xFF, 0xFF, 0xFF, 0xFF, 0xFF, 0xFF,
  0xFF, 0xFF, 0xFF, 0xFF, 0xFF, 0xFF, 0xFF, 0xFF, 0xFF, 0xFF, 0xFF, 0xFF, 0xFF, 0xFF, 0xFF, 0xFF, 0xFF, 0xFF, 0xFF, 0xFF, 0xFF, 0xFF, 0xFF, 0xFF,
  0xFF, 0xFF, 0xFF, 0xFF, 0xFF, 0xFF, 0xFF, 0xFF, 0xFF, 0xFF, 0xFF, 0xFF, 0xFF, 0xFF, 0xFF, 0xFF, 0xFF, 0xFF, 0xFF, 0xFF, 0xFF, 0xFF, 0xFF, 0xFF,
  0xFF, 0xFF, 0xFF, 0xFF, 0xFF, 0xFF, 0xFF, 0xFF, 0xFF, 0xFF, 0xFF, 0xFF, 0xFF, 0xFF, 0xFF, 0xFF, 0xFF, 0xFF, 0xFF, 0xFF, 0xFF, 0xFF, 0xFF, 0xFF,
  0xFF, 0xFF, 0xFF, 0xFF, 0xFF, 0xFF, 0xFF, 0xFF, 0xFF, 0xFF, 0xFF, 0xFF, 0xFF, 0xFF, 0xFF, 0xFF, 0xFF, 0xFF, 0xFF, 0xFF, 0xFF, 0xFF, 0xFF, 0xFF,
  0xFF, 0xFF, 0xFF, 0xFF, 0xFF, 0xFF, 0xFF, 0xFF, 0xFF, 0xFF, 0xFF, 0xFF, 0xFF, 0xFF, 0xFF, 0xFF, 0xFF, 0xFF, 0xFF, 0xFF, 0xFF, 0xFF, 0xFF, 0xFF,
  0xFF, 0xFF, 0xFF, 0xFF, 0xFF, 0xFF, 0xFF, 0xFF, 0xFF, 0xFF, 0xFF, 0xFF, 0xFF, 0xFF, 0xFF, 0xFF, 0xFF, 0xFF, 0xFF, 0xFF, 0xFF, 0xFF, 0xFF, 0xFF,
  0xFD, 0xEF, 0x79, 0xCE, 0x73, 0x9C, 0xE7, 0x39, 0xCE, 0x73, 0x7B, 0xDE, 0xF7, 0xBF, 0x7B, 0x79, 0xCE, 0x73, 0x9C, 0xE7, 0x39, 0xCE, 0x73, 0x8C,
  0x63, 0x18, 0xC6, 0x31, 0x8C, 0x63, 0xB8, 0xC6, 0x2D, 0x6B, 0x5B, 0x18, 0xB6, 0x2D, 0x6B, 0x5A, 0xD6, 0xB5, 0xAD, 0x6B, 0x5A, 0xD6, 0xB5, 0xAD,
  0x6B, 0x56, 0xB5, 0xAD, 0x7B, 0x5A, 0xD6, 0xB5, 0xAD, 0x6B, 0x5A, 0xD6, 0xB5, 0xAD, 0x6B, 0x5A, 0xD6, 0xB5, 0xF7, 0xAB, 0x5A, 0xD6, 0xB5, 0xAD,
  0x6B, 0x5A, 0xD6, 0xB5, 0xAD, 0x6B, 0x5A, 0xD6, 0xB5, 0xAD, 0x6B, 0x5B, 0x5A, 0xD6, 0xB5, 0xAD, 0x6B, 0x5A, 0xD6, 0xB5, 0xAD, 0x6C, 0x5B, 0x18,
  0xB5, 0xAD, 0x8C, 0x63, 0x18, 0xC6, 0x31, 0x8C, 0x67, 0x19, 0xC6, 0x71, 0x8C, 0x63, 0x39, 0xCE, 0x73, 0x9C, 0xE7, 0x3C, 0xE6, 0x79, 0xBD, 0xEF,
  0x7B, 0xDE, 0xF7, 0xCE, 0x73, 0x9C, 0xE7, 0x39, 0xCE, 0x73, 0x9D, 0xEF, 0x7F, 0xFF, 0xFF, 0xFF, 0xFF, 0xFF, 0xFF, 0xFF, 0xFF, 0xFF, 0xFF, 0xFF,
  0xFF, 0xFF, 0xFF, 0xFF, 0xFF, 0xFF, 0xFF, 0xFF, 0xFF, 0xFF, 0xFF, 0xFF, 0xFF, 0xFF, 0xFF, 0xFF, 0xFF, 0xFF, 0xFF, 0xFF, 0xFF, 0xFF, 0xFF, 0xFF,
  0xFF, 0xFF, 0xFF, 0xFF, 0xFF, 0xFF, 0xFF, 0xFF, 0xFF, 0xFF, 0xFF, 0xFF, 0xFF, 0xFF, 0xFF, 0xFF, 0xFF, 0xFF, 0xFF, 0xFF, 0xFF, 0xFF, 0xFF, 0xFF,
  0xFF, 0xFF, 0xFF, 0xFF, 0xFF, 0xFF, 0xFF, 0xFF, 0xFF, 0xFF, 0xFF, 0xFF, 0xFF, 0xFF, 0xFF, 0xFF, 0xFF, 0xFF, 0xFF, 0xFF, 0xFF, 0xFF, 0xFF, 0xFF,
  0xFF, 0xFF, 0xFF, 0xFF, 0xFF, 0xFF, 0xFF, 0xFF, 0xFF, 0xFF, 0xFF, 0xFF, 0xFF, 0xFF, 0xFF, 0xFF, 0xFF, 0xFF, 0xFF, 0xFF, 0xFF, 0xFF, 0xFF, 0xFF,
  0xFF, 0xFF, 0xFF, 0xFF, 0xFF, 0xFF, 0xFF, 0xFF, 0xFF, 0xFF, 0xFF, 0xFF, 0xFF, 0xFF, 0xFF, 0xFF, 0xFF, 0xFF, 0xFF, 0xFF, 0xFF, 0xFF, 0xFF, 0xFF,
  0xFF, 0xFF, 0xFF, 0xFF, 0xFF, 0xFF, 0xFF, 0xFF, 0xFF, 0xFF, 0xFF, 0xFF, 0xFF, 0xFF, 0xFF, 0xFF, 0xFF, 0xFF, 0xFF, 0xFF, 0xFF, 0xFF, 0xFF, 0xFF,
  0xFF, 0xFF, 0xFF, 0xFF, 0xFF, 0xFF, 0xFF, 0xFF, 0xFF, 0xFF, 0xFF, 0xFF, 0xFF, 0xEF, 0x7B, 0xDE, 0x73, 0x9D, 0xEF, 0x7B, 0xCE, 0x73, 0x9C, 0xDE,
  0xF7, 0xEF, 0x6F, 0x7B, 0xDE, 0xFD, 0xEF, 0x7B, 0xBD, 0xEF, 0x7B, 0xDC, 0xE7, 0x18, 0xEF, 0x7D, 0xEF, 0x7B, 0x18, 0xC6, 0x31, 0x8C, 0x62, 0xD6,
  0xB5, 0xAD, 0x6B, 0x5A, 0xD6, 0xC6, 0x31, 0x8C, 0x5A, 0xD6, 0xB5, 0xAD, 0x6B, 0x5A, 0xD6, 0xB5, 0xBD, 0x6B, 0x56, 0xB5, 0xAD, 0x6B, 0x5A, 0xD6,
  0xB5, 0xAD, 0x6B, 0x5A, 0xD6, 0xB5, 0xAF, 0xBD, 0x5A, 0xD6, 0xB5, 0xAD, 0x6B, 0x5A, 0xD6, 0xB5, 0xAD, 0x6B, 0x5B, 0x5A, 0xD6, 0xB5, 0xAD, 0x6B,
  0x5A, 0xD6, 0xB5, 0xAD, 0x6B, 0x5A, 0xD6, 0xB5, 0xAD, 0x6C, 0x5B, 0x18, 0xC6, 0x2D, 0x8C, 0x63, 0x18, 0xC6, 0x31, 0x8C, 0x63, 0x39, 0xCE, 0x31,
  0x9C, 0xE7, 0x39, 0xCE, 0x73, 0x9C, 0xE7, 0x3B, 0xE6, 0xF7, 0xBD, 0xEF, 0x7B, 0xDF, 0x39, 0xCE, 0x73, 0x9C, 0xE7, 0x39, 0xCE, 0x77, 0xBD, 0xEF,
  0xFF, 0xFF, 0xFF, 0xFF, 0xFF, 0xFF, 0xFF, 0xFF, 0xFF, 0xFF, 0xFF, 0xFF, 0xFF, 0xFF, 0xFF, 0xFF, 0xFF, 0xFF, 0xFF, 0xFF, 0xFF, 0xFF, 0xFF, 0xFF,
  0xFF, 0xFF, 0xFF, 0xFF, 0xFF, 0xFF, 0xFF, 0xFF, 0xFF, 0xFF, 0xFF, 0xFF, 0xFF, 0xFF, 0xFF, 0xFF, 0xFF, 0xFF, 0xFF, 0xFF, 0xFF, 0xFF, 0xFF, 0xFF,
  0xFF, 0xFF, 0xFF, 0xFF, 0xFF, 0xFF, 0xFF, 0xFF, 0xFF, 0xFF, 0xFF, 0xFF, 0xFF, 0xFF, 0xFF, 0xFF, 0xFF, 0xFF, 0xFF, 0xFF, 0xFF, 0xFF, 0xFF, 0xFF,
  0xFF, 0xFF, 0xFF, 0xFF, 0xFF, 0xFF, 0xFF, 0xFF, 0xFF, 0xFF, 0xFF, 0xFF, 0xFF, 0xFF, 0xFF, 0xFF, 0xFF, 0xFF, 0xFF, 0xFF, 0xFF, 0xFF, 0xFF, 0xFF,
  0xFF, 0xFF, 0xFF, 0xFF, 0xFF, 0xFF, 0xFF, 0xFF, 0xFF, 0xFF, 0xFF, 0xFF, 0xFF, 0xFF, 0xFF, 0xFF, 0xFF, 0xFF, 0xFF, 0xFF, 0xFF, 0xFF, 0xFF, 0xFF,
  0xFF, 0xFF, 0xFF, 0xFF, 0xFF, 0xFF, 0xFF, 0xFF, 0xFF, 0xFF, 0xFF, 0xFF, 0xFF, 0xFF, 0xFF, 0xFF, 0xFF, 0xFF, 0xFF, 0xFF, 0xFF, 0xFF, 0xFF, 0xFF,
  0xFF, 0xFF, 0xFF, 0xFF, 0xFF, 0xFF, 0xFF, 0xFF, 0xFF, 0xFF, 0xFF, 0xFF, 0xFF, 0xFF, 0xFF, 0xFF, 0xFF, 0xFF, 0xFF, 0xFF, 0xFF, 0xFF, 0xFF, 0xFF,
  0xFF, 0xFF, 0xFB, 0xDE, 0xF7, 0xBE, 0xF7, 0x79, 0xCE, 0x73, 0x9C, 0xE7, 0x37, 0xBD, 0xEF, 0xDE, 0xF7, 0xBD, 0xEF, 0x7B, 0xDE, 0xF7, 0xBD, 0xEF,
  0x77, 0xBD, 0xF7, 0xBD, 0xEF, 0x63, 0x18, 0xC6, 0x31, 0x8C, 0x63, 0x18, 0xC6, 0x2D, 0x6B, 0x63, 0x18, 0xC6, 0x31, 0x8B, 0x5B, 0x96, 0xB5, 0xAD,
  0x6B, 0x5A, 0xD6, 0xB5, 0xAD, 0xDB, 0x5A, 0xD6, 0xB5, 0xAD, 0x6B, 0x5A, 0xD6, 0xB5, 0xAD, 0x6B, 0x5A, 0xD6, 0xB7, 0x7D, 0x8B, 0x5A, 0xD6, 0xB5,
  0xAD, 0x6B, 0x5A, 0xD6, 0xB5, 0xAD, 0x6B, 0x5A, 0xD6, 0xB5, 0xAD, 0x6B, 0x5A, 0xD6, 0xB5, 0xAD, 0x6B, 0x5A, 0xD6, 0xB5, 0xAD, 0x6B, 0x5A, 0xD8,
  0xC6, 0x31, 0x8C, 0xE3, 0x18, 0xC6, 0x31, 0x8C, 0x63, 0x39, 0xCE, 0x73, 0x9C, 0xE7, 0x3C, 0xCE, 0x73, 0x9C, 0xEF, 0x7B, 0xE6, 0xF7, 0xBD, 0xEF,
  0x7C, 0xE7, 0x39, 0xCE, 0x73, 0x9C, 0xE7, 0x39, 0xDE, 0xF7, 0xBF, 0xFF, 0xFF, 0xFF, 0xFF, 0xFF, 0xFF, 0xFF, 0xFF, 0xFF, 0xFF, 0xFF, 0xFF, 0xFF,
  0xFF, 0xFF, 0xFF, 0xFF, 0xFF, 0xFF, 0xFF, 0xFF, 0xFF, 0xFF, 0xFF, 0xFF, 0xFF, 0xFF, 0xFF, 0xFF, 0xFF, 0xFF, 0xFF, 0xFF, 0xFF, 0xFF, 0xFF, 0xFF,
  0xFF, 0xFF, 0xFF, 0xFF, 0xFF, 0xFF, 0xFF, 0xFF, 0xFF, 0xFF, 0xFF, 0xFF, 0xFF, 0xFF, 0xFF, 0xFF, 0xFF, 0xFF, 0xFF, 0xFF, 0xFF, 0xFF, 0xFF, 0xFF,
  0xFF, 0xFF, 0xFF, 0xFF, 0xFF, 0xFF, 0xFF, 0xFF, 0xFF, 0xFF, 0xFF, 0xFF, 0xFF, 0xFF, 0xFF, 0xFF, 0xFF, 0xFF, 0xFF, 0xFF, 0xFF, 0xFF, 0xFF, 0xFF,
  0xFF, 0xFF, 0xFF, 0xFF, 0xFF, 0xFF, 0xFF, 0xFF, 0xFF, 0xFF, 0xFF, 0xFF, 0xFF, 0xFF, 0xFF, 0xFF, 0xFF, 0xFF, 0xFF, 0xFF, 0xFF, 0xFF, 0xFF, 0xFF,
  0xFF, 0xFF, 0xFF, 0xFF, 0xFF, 0xFF, 0xFF, 0xFF, 0xFF, 0xFF, 0xFF, 0xFF, 0xFF, 0xFF, 0xFF, 0xFF, 0xFF, 0xFF, 0xFF, 0xFF, 0xFF, 0xFF, 0xFF, 0xFF,
  0xFF, 0xFF, 0xFF, 0xFF, 0xFF, 0xFF, 0xFF, 0xFF, 0xFF, 0xFF, 0xFF, 0xFF, 0xFF, 0xFF, 0xFF, 0xFF, 0xFF, 0xFF, 0xFF, 0xFF, 0xFF, 0xFF, 0xFF, 0xFF,
  0xFF, 0xFF, 0xFF, 0xFF, 0xFF, 0xFF, 0xFF, 0xFF, 0xFF, 0xFF, 0xFF, 0xFF, 0xFF, 0xFF, 0xFF, 0xFE, 0xF7, 0xDE, 0xF7, 0x79, 0xCE, 0x73, 0x9C, 0xE7,
  0x39, 0xCE, 0x7B, 0xDB, 0xEF, 0x7D, 0xEE, 0x77, 0xBE, 0xF7, 0xBD, 0xEF, 0x7B, 0xDE, 0xF7, 0xBD, 0xDC, 0x63, 0x18, 0xC6, 0x31, 0x8C, 0x63, 0x18,
  0xC6, 0x31, 0x8C, 0x63, 0x18, 0xC6, 0x31, 0x8B, 0x5A, 0xD6, 0xB5, 0xAD, 0x6B, 0x5A, 0xD6, 0xB5, 0xAD, 0xEB, 0x5A, 0xD6, 0xB5, 0xAD, 0x6B, 0x5A,
  0xD6, 0xB5, 0xAD, 0x6B, 0x5A, 0xD6, 0xB5, 0xBD, 0xDB, 0x5A, 0xD6, 0xB5, 0xAD, 0x6B, 0x5A, 0xD6, 0xB5, 0xAD, 0x6B, 0x5A, 0xD6, 0xB5, 0xAD, 0x6B,
  0x5A, 0xD6, 0xB5, 0xAD, 0x6B, 0x5A, 0xD6, 0xB5, 0xAD, 0x8C, 0x63, 0x18, 0xC6, 0x73, 0x9C, 0x63, 0x18, 0xC6, 0x31, 0x8C, 0x67, 0x39, 0xE7, 0x39,
  0xCC, 0xE7, 0x9C, 0xCE, 0x77, 0xBD, 0xEF, 0x7B, 0xE6, 0xF7, 0xBE, 0x73, 0x9C, 0xE7, 0x39, 0xCE, 0x73, 0x9C, 0xE7, 0x7B, 0xDE, 0xFF, 0xFF, 0xFF,
  0xFF, 0xFF, 0xFF, 0xFF, 0xFF, 0xFF, 0xFF, 0xFF, 0xFF, 0xFF, 0xFF, 0xFF, 0xFF, 0xFF, 0xFF, 0xFF, 0xFF, 0xFF, 0xFF, 0xFF, 0xFF, 0xFF, 0xFF, 0xFF,
  0xFF, 0xFF, 0xFF, 0xFF, 0xFF, 0xFF, 0xFF, 0xFF, 0xFF, 0xFF, 0xFF, 0xFF, 0xFF, 0xFF, 0xFF, 0xFF, 0xFF, 0xFF, 0xFF, 0xFF, 0xFF, 0xFF, 0xFF, 0xFF,
  0xFF, 0xFF, 0xFF, 0xFF, 0xFF, 0xFF, 0xFF, 0xFF, 0xFF, 0xFF, 0xFF, 0xFF, 0xFF, 0xFF, 0xFF, 0xFF, 0xFF, 0xFF, 0xFF, 0xFF, 0xFF, 0xFF, 0xFF, 0xFF,
  0xFF, 0xFF, 0xFF, 0xFF, 0xFF, 0xFF, 0xFF, 0xFF, 0xFF, 0xFF, 0xFF, 0xFF, 0xFF, 0xFF, 0xFF, 0xFF, 0xFF, 0xFF, 0xFF, 0xFF, 0xFF, 0xFF, 0xFF, 0xFF,
  0xFF, 0xFF, 0xFF, 0xFF, 0xFF, 0xFF, 0xFF, 0xFF, 0xFF, 0xFF, 0xFF, 0xFF, 0xFF, 0xFF, 0xFF, 0xFF, 0xFF, 0xFF, 0xFF, 0xFF, 0xFF, 0xFF, 0xFF, 0xFF,
  0xFF, 0xFF, 0xFF, 0xFF, 0xFF, 0xFF, 0xFF, 0xFF, 0xFF, 0xFF, 0xFF, 0xFF, 0xFF, 0xFF, 0xFF, 0xFF, 0xFF, 0xFF, 0xFF, 0xFF, 0xFF, 0xFF, 0xFF, 0xFF,
  0xFF, 0xFF, 0xFF, 0xFF, 0xFF, 0xFF, 0xFF, 0xFF, 0xFF, 0xFF, 0xFF, 0xFF, 0xFF, 0xFF, 0xFF, 0xFF, 0xFF, 0xFF, 0xFF, 0xFF, 0xFF, 0xFF, 0xFF, 0xFF,
  0xFF, 0xFF, 0xFF, 0xFF, 0xFF, 0xDD, 0xEF, 0x79, 0xCE, 0x73, 0x9C, 0xE7, 0x7B, 0xEF, 0x73, 0x9B, 0xDE, 0xF7, 0xEE, 0xEF, 0x7B, 0xDE, 0x73, 0xDF,
  0x7B, 0xDE, 0xF7, 0xB9, 0x9C, 0xE7, 0x39, 0xC6, 0x31, 0x8C, 0x63, 0x18, 0xC6, 0x31, 0x8C, 0x63, 0x18, 0xC6, 0x31, 0x8B, 0x5A, 0xD6, 0xB5, 0xAD,
  0x6B, 0x5A, 0xD6, 0xB5, 0xAD, 0x6F, 0x5A, 0xD6, 0xB5, 0xAD, 0x6B, 0x5A, 0xD6, 0xB5, 0xAD, 0x6B, 0x5A, 0xD6, 0xB5, 0xBD, 0xEB, 0x5A, 0xD6, 0xB5,
  0xAD, 0x6B, 0x5A, 0xD6, 0xB5, 0xAD, 0x6B, 0x5A, 0xD6, 0xB5, 0xAD, 0x6B, 0x5A, 0xD6, 0xB5, 0xAD, 0x6B, 0x5B, 0x18, 0xC6, 0x31, 0x8C, 0x63, 0x18,
  0xC6, 0x31, 0x8C, 0x63, 0x18, 0xC6, 0x73, 0x9C, 0xE7, 0x39, 0xE7, 0x39, 0xCC, 0xE7, 0x9C, 0xE6, 0xF7, 0xBD, 0xEF, 0x7B, 0xDE, 0xF9, 0xCE, 0x73,
  0x9C, 0xE7, 0x39, 0xCE, 0x73, 0x9D, 0xEF, 0x7B, 0xFF, 0xFF, 0xFF, 0xFF, 0xFF, 0xFF, 0xFF, 0xFF, 0xFF, 0xFF, 0xFF, 0xFF, 0xFF, 0xFF, 0xFF, 0xFF,
  0xFF, 0xFF, 0xFF, 0xFF, 0xFF, 0xFF, 0xFF, 0xFF, 0xFF, 0xFF, 0xFF, 0xFF, 0xFF, 0xFF, 0xFF, 0xFF, 0xFF, 0xFF, 0xFF, 0xFF, 0xFF, 0xFF, 0xFF, 0xFF,
  0xFF, 0xFF, 0xFF, 0xFF, 0xFF, 0xFF, 0xFF, 0xFF, 0xFF, 0xFF, 0xFF, 0xFF, 0xFF, 0xFF, 0xFF, 0xFF, 0xFF, 0xFF, 0xFF, 0xFF, 0xFF, 0xFF, 0xFF, 0xFF,
  0xFF, 0xFF, 0xFF, 0xFF, 0xFF, 0xFF, 0xFF, 0xFF, 0xFF, 0xFF, 0xFF, 0xFF, 0xFF, 0xFF, 0xFF, 0xFF, 0xFF, 0xFF, 0xFF, 0xFF, 0xFF, 0xFF, 0xFF, 0xFF,
  0xFF, 0xFF, 0xFF, 0xFF, 0xFF, 0xFF, 0xFF, 0xFF, 0xFF, 0xFF, 0xFF, 0xFF, 0xFF, 0xFF, 0xFF, 0xFF, 0xFF, 0xFF, 0xFF, 0xFF, 0xFF, 0xFF, 0xFF, 0xFF,
  0xFF, 0xFF, 0xFF, 0xFF, 0xFF, 0xFF, 0xFF, 0xFF, 0xFF, 0xFF, 0xFF, 0xFF, 0xFF, 0xFF, 0xFF, 0xFF, 0xFF, 0xFF, 0xFF, 0xFF, 0xFF, 0xFF, 0xFF, 0xFF,
  0xFF, 0xFF, 0xFF, 0xFF, 0xFF, 0xFF, 0xFF, 0xFF, 0xFF, 0xFF, 0xFF, 0xFF, 0xFF, 0xFF, 0xFF, 0xFF, 0xFF, 0xFF, 0xFF, 0xFF, 0xFF, 0xFF, 0xFF, 0xFF,
  0xFF, 0xFF, 0xFF, 0xFF, 0xFF, 0xFF, 0xFF, 0xFF, 0xFF, 0xFF, 0xFF, 0xFF, 0xFF, 0xFF, 0xFF, 0xFF, 0xFF, 0xFF, 0xEF, 0xBD, 0xEF, 0x77, 0x9E, 0xF7,
  0x39, 0xDE, 0x73, 0x9C, 0xE6, 0xF7, 0xDE, 0x6F, 0x7B, 0xE7, 0xBD, 0xDE, 0xF7, 0xB9, 0xCE, 0x73, 0xDF, 0x67, 0x39, 0xCE, 0x73, 0x8C, 0x63, 0x18,
  0xC6, 0x31, 0x8C, 0x67, 0x39, 0xCE, 0x71, 0x8C, 0x63, 0x18, 0xB5, 0xAD, 0x6B, 0x5A, 0xD6, 0xB5, 0xAD, 0x6E, 0xE2, 0xD6, 0xB5, 0xAD, 0x6B, 0x5A,
  0xD6, 0xB5, 0xAD, 0x6B, 0x5A, 0xD6, 0xB5, 0xB1, 0xEB, 0x5A, 0xD6, 0xB5, 0xAD, 0x6B, 0x5A, 0xD6, 0xB5, 0xAD, 0x6B, 0x5A, 0xD6, 0xB5, 0xAD, 0x6B,
  0x5A, 0xD6, 0xB6, 0x31, 0x8C, 0x63, 0x18, 0xC6, 0x31, 0x8C, 0x63, 0x18, 0xC6, 0x31, 0x8C, 0x63, 0x39, 0xEE, 0x73, 0x9C, 0xE7, 0x39, 0xE7, 0x39,
  0xCE, 0x6F, 0x7C, 0xE6, 0xF7, 0xBD, 0xEF, 0x7B, 0xE7, 0x39, 0xCE, 0x73, 0x9D, 0xE7, 0x39, 0xCE, 0x77, 0xBD, 0xEF, 0xFF, 0xFF, 0xFF, 0xFF, 0xFF,
  0xFF, 0xFF, 0xFF, 0xFF, 0xFF, 0xFF, 0xFF, 0xFF, 0xFF, 0xFF, 0xFF, 0xFF, 0xFF, 0xFF, 0xFF, 0xFF, 0xFF, 0xFF, 0xFF, 0xFF, 0xFF, 0xFF, 0xFF, 0xFF,
  0xFF, 0xFF, 0xFF, 0xFF, 0xFF, 0xFF, 0xFF, 0xFF, 0xFF, 0xFF, 0xFF, 0xFF, 0xFF, 0xFF, 0xFF, 0xFF, 0xFF, 0xFF, 0xFF, 0xFF, 0xFF, 0xFF, 0xFF, 0xFF,
  0xFF, 0xFF, 0xFF, 0xFF, 0xFF, 0xFF, 0xFF, 0xFF, 0xFF, 0xFF, 0xFF, 0xFF, 0xFF, 0xFF, 0xFF, 0xFF, 0xFF, 0xFF, 0xFF, 0xFF, 0xFF, 0xFF, 0xFF, 0xFF,
  0xFF, 0xFF, 0xFF, 0xFF, 0xFF, 0xFF, 0xFF, 0xFF, 0xFF, 0xFF, 0xFF, 0xFF, 0xFF, 0xFF, 0xFF, 0xFF, 0xFF, 0xFF, 0xFF, 0xFF, 0xFF, 0xFF, 0xFF, 0xFF,
  0xFF, 0xFF, 0xFF, 0xFF, 0xFF, 0xFF, 0xFF, 0xFF, 0xFF, 0xFF, 0xFF, 0xFF, 0xFF, 0xFF, 0xFF, 0xFF, 0xFF, 0xFF, 0xFF, 0xFF, 0xFF, 0xFF, 0xFF, 0xFF,
  0xFF, 0xFF, 0xFF, 0xFF, 0xFF, 0xFF, 0xFF, 0xFF, 0xFF, 0xFF, 0xFF, 0xFF, 0xFF, 0xFF, 0xFF, 0xFF, 0xFF, 0xFF, 0xFF, 0xFF, 0xFF, 0xFF, 0xFF, 0xFF,
  0xFF, 0xFF, 0xFF, 0xFF, 0xFF, 0xFF, 0xFF, 0xFF, 0xFF, 0xFF, 0xFF, 0xFF, 0xFF, 0xFF, 0xFF, 0xFF, 0xFF, 0xFF, 0xFF, 0xFF, 0xFF, 0xFF, 0xFF, 0xFF,
  0xFF, 0xFF, 0xFF, 0xFF, 0xFF, 0xFF, 0xFF, 0xFB, 0xDE, 0xF7, 0xBC, 0xE7, 0x39, 0xCE, 0x73, 0x9C, 0xE7, 0x39, 0xCD, 0xEF, 0x7B, 0xDE, 0xF7, 0xBD,
  0xEF, 0x79, 0xCE, 0x73, 0x9C, 0xE7, 0x39, 0xCE, 0x73, 0x9C, 0xE7, 0x38, 0xC6, 0x31, 0x9C, 0xE7, 0x39, 0xCE, 0x31, 0x8C, 0x63, 0x18, 0xC6, 0x31,
  0x8C, 0x63, 0x16, 0xB5, 0xAD, 0x6B, 0x7A, 0xD6, 0xB5, 0xAD, 0x6B, 0x5A, 0xD6, 0xB5, 0xAD, 0x6B, 0x5A, 0xD6, 0xB5, 0xAD, 0xEE, 0xDA, 0xD6, 0xB5,
  0xAD, 0x6B, 0x5A, 0xD6, 0xB5, 0xB1, 0x6B, 0x5A, 0xD6, 0xB5, 0xB1, 0x8C, 0x63, 0x18, 0xC6, 0x31, 0x8C, 0x63, 0x18, 0xC6, 0x31, 0x8C, 0x63, 0x18,
  0xC6, 0x33, 0x9C, 0xE7, 0x39, 0xCE, 0x73, 0x9C, 0xE7, 0x39, 0xCE, 0x79, 0xCE, 0x73, 0x7B, 0xDE, 0xF7, 0xBD, 0xF3, 0x9C, 0xE7, 0x3B, 0xDE, 0x73,
  0x9D, 0xEF, 0x7B, 0xDE, 0xF7, 0xBF, 0xFF, 0xFF, 0xFF, 0xFF, 0xFF, 0xFF, 0xFF, 0xFF, 0xFF, 0xFF, 0xFF, 0xFF, 0xFF, 0xFF, 0xFF, 0xFF, 0xFF, 0xFF,
  0xFF, 0xFF, 0xFF, 0xFF, 0xFF, 0xFF, 0xFF, 0xFF, 0xFF, 0xFF, 0xFF, 0xFF, 0xFF, 0xFF, 0xFF, 0xFF, 0xFF, 0xFF, 0xFF, 0xFF, 0xFF, 0xFF, 0xFF, 0xFF,
  0xFF, 0xFF, 0xFF, 0xFF, 0xFF, 0xFF, 0xFF, 0xFF, 0xFF, 0xFF, 0xFF, 0xFF, 0xFF, 0xFF, 0xFF, 0xFF, 0xFF, 0xFF, 0xFF, 0xFF, 0xFF, 0xFF, 0xFF, 0xFF,
  0xFF, 0xFF, 0xFF, 0xFF, 0xFF, 0xFF, 0xFF, 0xFF, 0xFF, 0xFF, 0xFF, 0xFF, 0xFF, 0xFF, 0xFF, 0xFF, 0xFF, 0xFF, 0xFF, 0xFF, 0xFF, 0xFF, 0xFF, 0xFF,
  0xFF, 0xFF, 0xFF, 0xFF, 0xFF, 0xFF, 0xFF, 0xFF, 0xFF, 0xFF, 0xFF, 0xFF, 0xFF, 0xFF, 0xFF, 0xFF, 0xFF, 0xFF, 0xFF, 0xFF, 0xFF, 0xFF, 0xFF, 0xFF,
  0xFF, 0xFF, 0xFF, 0xFF, 0xFF, 0xFF, 0xFF, 0xFF, 0xFF, 0xFF, 0xFF, 0xFF, 0xFF, 0xFF, 0xFF, 0xFF, 0xFF, 0xFF, 0xFF, 0xFF, 0xFF, 0xFF, 0xFF, 0xFF,
  0xFF, 0xFF, 0xFF, 0xFF, 0xFF, 0xFF, 0xFF, 0xFF, 0xFF, 0xFF, 0xFF, 0xFF, 0xFF, 0xFF, 0xFF, 0xFF, 0xFF, 0xFF, 0xFF, 0xFF, 0xFF, 0xFF, 0xFF, 0xFF,
  0xFF, 0xFF, 0xFF, 0xFF, 0xFF, 0xFF, 0xFF, 0xFF, 0xFF, 0xFF, 0xFF, 0xFF, 0xFF, 0xFF, 0xFF, 0xFF, 0xFF, 0xFF, 0xFF, 0xFF, 0xFE, 0xF7, 0xBD, 0xF7,
  0xBD, 0xCE, 0x7B, 0xDE, 0xF7, 0x39, 0xEF, 0x7B, 0xDB, 0xF6, 0xF7, 0xEF, 0x6F, 0xDE, 0xF7, 0x73, 0xDF, 0x67, 0xDE, 0xF7, 0x73, 0x9C, 0xE7, 0x39,
  0xCE, 0x73, 0x8C, 0xE7, 0x39, 0xCE, 0x31, 0x8C, 0x63, 0x18, 0xC6, 0x73, 0x9C, 0x63, 0x18, 0xC6, 0x31, 0x8C, 0x77, 0x18, 0xC5, 0xAD, 0x6B, 0x5A,
  0xD6, 0xB5, 0xAD, 0x6B, 0x5A, 0xD6, 0xB5, 0xAD, 0xDF, 0x5A, 0xD6, 0xB5, 0xAD, 0x6B, 0x5A, 0xD6, 0xC6, 0x31, 0x8C, 0x63, 0x18, 0xC6, 0x31, 0x8C,
  0x63, 0x18, 0xC6, 0x31, 0x8C, 0x63, 0x18, 0xC6, 0x31, 0x8C, 0x63, 0x39, 0xCE, 0x73, 0x9C, 0xE7, 0x39, 0xCE, 0x73, 0x9C, 0xE7, 0x3B, 0xDE, 0xF7,
  0xCE, 0x73, 0x7B, 0xDE, 0xF7, 0xCE, 0x73, 0x9C, 0xE7, 0x39, 0xDE, 0xF3, 0xBD, 0xEF, 0x7B, 0xDE, 0xFF, 0xFF, 0xFF, 0xFF, 0xFF, 0xFF, 0xFF, 0xFF,
  0xFF, 0xFF, 0xFF, 0xFF, 0xFF, 0xFF, 0xFF, 0xFF, 0xFF, 0xFF, 0xFF, 0xFF, 0xFF, 0xFF, 0xFF, 0xFF, 0xFF, 0xFF, 0xFF, 0xFF, 0xFF, 0xFF, 0xFF, 0xFF,
  0xFF, 0xFF, 0xFF, 0xFF, 0xFF, 0xFF, 0xFF, 0xFF, 0xFF, 0xFF, 0xFF, 0xFF, 0xFF, 0xFF, 0xFF, 0xFF, 0xFF, 0xFF, 0xFF, 0xFF, 0xFF, 0xFF, 0xFF, 0xFF,
  0xFF, 0xFF, 0xFF, 0xFF, 0xFF, 0xFF, 0xFF, 0xFF, 0xFF, 0xFF, 0xFF, 0xFF, 0xFF, 0xFF, 0xFF, 0xFF, 0xFF, 0xFF, 0xFF, 0xFF, 0xFF, 0xFF, 0xFF, 0xFF,
  0xFF, 0xFF, 0xFF, 0xFF, 0xFF, 0xFF, 0xFF, 0xFF, 0xFF, 0xFF, 0xFF, 0xFF, 0xFF, 0xFF, 0xFF, 0xFF, 0xFF, 0xFF, 0xFF, 0xFF, 0xFF, 0xFF, 0xFF, 0xFF,
  0xFF, 0xFF, 0xFF, 0xFF, 0xFF, 0xFF, 0xFF, 0xFF, 0xFF, 0xFF, 0xFF, 0xFF, 0xFF, 0xFF, 0xFF, 0xFF, 0xFF, 0xFF, 0xFF, 0xFF, 0xFF, 0xFF, 0xFF, 0xFF,
  0xFF, 0xFF, 0xFF, 0xFF, 0xFF, 0xFF, 0xFF, 0xFF, 0xFF, 0xFF, 0xFF, 0xFF, 0xFF, 0xFF, 0xFF, 0xFF, 0xFF, 0xFF, 0xFF, 0xFF, 0xFF, 0xFF, 0xFF, 0xFF,
  0xFF, 0xFF, 0xFF, 0xFF, 0xFF, 0xFF, 0xFF, 0xFF, 0xFF, 0xFF, 0xFF, 0xFF, 0xFF, 0xFF, 0xFF, 0xFF, 0xFF, 0xFF, 0xFF, 0xFF, 0xFF, 0xFF, 0xFF, 0xFF,
  0xFF, 0xFF, 0xFF, 0xFF, 0xFF, 0xFF, 0xFF, 0xFF, 0xFF, 0xFF, 0xBE, 0xEF, 0x7D, 0xEE, 0x7F, 0x9C, 0xF7, 0xB9, 0xFE, 0x73, 0xDC, 0xF6, 0xF7, 0xED,
  0xFB, 0xDB, 0xDF, 0xF7, 0xDF, 0x67, 0xD9, 0xCE, 0x73, 0xCC, 0xE7, 0x39, 0xCE, 0x73, 0x9C, 0xE7, 0x39, 0xC6, 0x31, 0x9C, 0x63, 0x18, 0xCE, 0x73,
  0x8C, 0x63, 0x18, 0xC6, 0x31, 0x8C, 0x77, 0xB8, 0xC6, 0x31, 0x8C, 0x63, 0x18, 0xC6, 0x31, 0x8C, 0x63, 0x18, 0xC6, 0x31, 0x8F, 0x77, 0x18, 0xC6,
  0x31, 0x8C, 0x63, 0x18, 0xC6, 0x31, 0x8C, 0x63, 0x18, 0xC6, 0x31, 0x8C, 0x63, 0x18, 0xC6, 0x31, 0x8C, 0x63, 0x18, 0xC6, 0x73, 0x9C, 0xE7, 0x3C,
  0xCE, 0x73, 0x9C, 0xE7, 0x39, 0xCE, 0x73, 0x9D, 0xEF, 0x7B, 0xDE, 0xF7, 0xBD, 0xF3, 0x7B, 0xE7, 0x39, 0xCE, 0x73, 0x9C, 0xE7, 0x39, 0xCE, 0xF3,
  0xBD, 0xEF, 0x7B, 0xFF, 0xFF, 0xFF, 0xFF, 0xFF, 0xFF, 0xFF, 0xFF, 0xFF, 0xFF, 0xFF, 0xFF, 0xFF, 0xFF, 0xFF, 0xFF, 0xFF, 0xFF, 0xFF, 0xFF, 0xFF,
  0xFF, 0xFF, 0xFF, 0xFF, 0xFF, 0xFF, 0xFF, 0xFF, 0xFF, 0xFF, 0xFF, 0xFF, 0xFF, 0xFF, 0xFF, 0xFF, 0xFF, 0xFF, 0xFF, 0xFF, 0xFF, 0xFF, 0xFF, 0xFF,
  0xFF, 0xFF, 0xFF, 0xFF, 0xFF, 0xFF, 0xFF, 0xFF, 0xFF, 0xFF, 0xFF, 0xFF, 0xFF, 0xFF, 0xFF, 0xFF, 0xFF, 0xFF, 0xFF, 0xFF, 0xFF, 0xFF, 0xFF, 0xFF,
  0xFF, 0xFF, 0xFF, 0xFF, 0xFF, 0xFF, 0xFF, 0xFF, 0xFF, 0xFF, 0xFF, 0xFF, 0xFF, 0xFF, 0xFF, 0xFF, 0xFF, 0xFF, 0xFF, 0xFF, 0xFF, 0xFF, 0xFF, 0xFF,
  0xFF, 0xFF, 0xFF, 0xFF, 0xFF, 0xFF, 0xFF, 0xFF, 0xFF, 0xFF, 0xFF, 0xFF, 0xFF, 0xFF, 0xFF, 0xFF, 0xFF, 0xFF, 0xFF, 0xFF, 0xFF, 0xFF, 0xFF, 0xFF,
  0xFF, 0xFF, 0xFF, 0xFF, 0xFF, 0xFF, 0xFF, 0xFF, 0xFF, 0xFF, 0xFF, 0xFF, 0xFF, 0xFF, 0xFF, 0xFF, 0xFF, 0xFF, 0xFF, 0xFF, 0xFF, 0xFF, 0xFF, 0xFF,
  0xFF, 0xFF, 0xFF, 0xFF, 0xFF, 0xFF, 0xFF, 0xFF, 0xFF, 0xFF, 0xFF, 0xFF, 0xFF, 0xFF, 0xFF, 0xFF, 0xFF, 0xFF, 0xFF, 0xFF, 0xFF, 0xFF, 0xFF, 0xFF,
  0xFF, 0xFF, 0xFF, 0xFF, 0xFF, 0xFF, 0xFF, 0xFF, 0xFF, 0xFF, 0xFF, 0xFF, 0xFF, 0xFF, 0xFF, 0xFF, 0xFF, 0xFF, 0xFF, 0xFF, 0xFF, 0xFF, 0xFF, 0xFF,
  0xBD, 0xEE, 0xFB, 0x9C, 0xF7, 0xB9, 0xFF, 0x7B, 0xDC, 0xF7, 0xB9, 0xED, 0xFB, 0x7B, 0xDF, 0xB7, 0xDF, 0x6F, 0xDE, 0xF6, 0x73, 0xCE, 0x67, 0x39,
  0xCE, 0x73, 0xCE, 0x67, 0x39, 0xCE, 0x73, 0x9C, 0xE3, 0x18, 0xCE, 0x71, 0x8C, 0x63, 0x18, 0xC6, 0x31, 0x8C, 0x63, 0xB8, 0xC6, 0x31, 0x8C, 0x63,
  0x18, 0xC6, 0x31, 0x8C, 0x63, 0x18, 0xC6, 0x31, 0x8E, 0xFB, 0x18, 0xC6, 0x31, 0x8C, 0x63, 0x18, 0xC6, 0x31, 0x8C, 0x63, 0x18, 0xC6, 0x31, 0x8C,
  0x63, 0x18, 0xC6, 0x31, 0x8C, 0xE7, 0x39, 0xCE, 0x73, 0x9C, 0xF3, 0x9C, 0xE7, 0x39, 0xCE, 0x73, 0x9C, 0xE7, 0x39, 0xCD, 0xEF, 0x7B, 0xDE, 0xF7,
  0xBD, 0xF3, 0x9C, 0xE7, 0x39, 0xCE, 0x73, 0x9C, 0xE7, 0x39, 0xDE, 0xF7, 0xBD, 0xFF, 0xFF, 0xFF, 0xFF, 0xFF, 0xFF, 0xFF, 0xFF, 0xFF, 0xFF, 0xFF,
  0xFF, 0xFF, 0xFF, 0xFF, 0xFF, 0xFF, 0xFF, 0xFF, 0xFF, 0xFF, 0xFF, 0xFF, 0xFF, 0xFF, 0xFF, 0xFF, 0xFF, 0xFF, 0xFF, 0xFF, 0xFF, 0xFF, 0xFF, 0xFF,
  0xFF, 0xFF, 0xFF, 0xFF, 0xFF, 0xFF, 0xFF, 0xFF, 0xFF, 0xFF, 0xFF, 0xFF, 0xFF, 0xFF, 0xFF, 0xFF, 0xFF, 0xFF, 0xFF, 0xFF, 0xFF, 0xFF, 0xFF, 0xFF,
  0xFF, 0xFF, 0xFF, 0xFF, 0xFF, 0xFF, 0xFF, 0xFF, 0xFF, 0xFF, 0xFF, 0xFF, 0xFF, 0xFF, 0xFF, 0xFF, 0xFF, 0xFF, 0xFF, 0xFF, 0xFF, 0xFF, 0xFF, 0xFF,
  0xFF, 0xFF, 0xFF, 0xFF, 0xFF, 0xFF, 0xFF, 0xFF, 0xFF, 0xFF, 0xFF, 0xFF, 0xFF, 0xFF, 0xFF, 0xFF, 0xFF, 0xFF, 0xFF, 0xFF, 0xFF, 0xFF, 0xFF, 0xFF,
  0xFF, 0xFF, 0xFF, 0xFF, 0xFF, 0xFF, 0xFF, 0xFF, 0xFF, 0xFF, 0xFF, 0xFF, 0xFF, 0xFF, 0xFF, 0xFF, 0xFF, 0xFF, 0xFF, 0xFF, 0xFF, 0xFF, 0xFF, 0xFF,
  0xFF, 0xFF, 0xFF, 0xFF, 0xFF, 0xFF, 0xFF, 0xFF, 0xFF, 0xFF, 0xFF, 0xFF, 0xFF, 0xFF, 0xFF, 0xFF, 0xFF, 0xFF, 0xFF, 0xFF, 0xFF, 0xFF, 0xFF, 0xFF,
  0xFF, 0xFF, 0xFF, 0xFF, 0xFF, 0xFF, 0xFF, 0xFF, 0xFF, 0xFF, 0xFF, 0xFF, 0xFF, 0xFF, 0xFF, 0xFF, 0xFF, 0xFF, 0xFF, 0xFF, 0xFF, 0xFF, 0xFF, 0xFF,
  0xFF, 0xFF, 0xFF, 0xFF, 0xFF, 0xFF, 0xFF, 0xFF, 0xFF, 0xFF, 0xFF, 0xFF, 0xFF, 0xDE, 0xFB, 0xBD, 0xF7, 0xB9, 0xEE, 0x73, 0x9C, 0xE7, 0xBD, 0xEE,
  0x7B, 0xBB, 0xDF, 0xB7, 0xEF, 0x6F, 0x7B, 0xF7, 0xB7, 0xBD, 0xE7, 0x39, 0xCE, 0x79, 0x9C, 0xE7, 0x99, 0xCE, 0x79, 0x9C, 0xE7, 0x39, 0xCE, 0x73,
  0x8C, 0x63, 0x18, 0xC6, 0x31, 0x8C, 0x63, 0xDD, 0xEE, 0x31, 0x8C, 0x63, 0x18, 0xC6, 0x31, 0x8C, 0x63, 0x18, 0xC6, 0x31, 0x8C, 0x7B, 0xB8, 0xC6,
  0x31, 0x8C, 0x63, 0x18, 0xC6, 0x31, 0x8C, 0x63, 0x18, 0xC6, 0x31, 0x8C, 0x63, 0x39, 0xCE, 0x73, 0x9C, 0xE7, 0x39, 0xCE, 0x73, 0x9C, 0xF3, 0x9C,
  0xE7, 0x39, 0xCE, 0x73, 0x9C, 0xE7, 0x39, 0xCE, 0x6F, 0x7B, 0xDE, 0xF9, 0xCE, 0x73, 0x9C, 0xE7, 0x39, 0xCE, 0x73, 0x9C, 0xE7, 0x7B, 0xDE, 0xF7,
  0xFF, 0xFF, 0xFF, 0xFF, 0xFF, 0xFF, 0xFF, 0xFF, 0xFF, 0xFF, 0xFF, 0xFF, 0xFF, 0xFF, 0xFF, 0xFF, 0xFF, 0xFF, 0xFF, 0xFF, 0xFF, 0xFF, 0xFF, 0xFF,
  0xFF, 0xFF, 0xFF, 0xFF, 0xFF, 0xFF, 0xFF, 0xFF, 0xFF, 0xFF, 0xFF, 0xFF, 0xFF, 0xFF, 0xFF, 0xFF, 0xFF, 0xFF, 0xFF, 0xFF, 0xFF, 0xFF, 0xFF, 0xFF,
  0xFF, 0xFF, 0xFF, 0xFF, 0xFF, 0xFF, 0xFF, 0xFF, 0xFF, 0xFF, 0xFF, 0xFF, 0xFF, 0xFF, 0xFF, 0xFF, 0xFF, 0xFF, 0xFF, 0xFF, 0xFF, 0xFF, 0xFF, 0xFF,
  0xFF, 0xFF, 0xFF, 0xFF, 0xFF, 0xFF, 0xFF, 0xFF, 0xFF, 0xFF, 0xFF, 0xFF, 0xFF, 0xFF, 0xFF, 0xFF, 0xFF, 0xFF, 0xFF, 0xFF, 0xFF, 0xFF, 0xFF, 0xFF,
  0xFF, 0xFF, 0xFF, 0xFF, 0xFF, 0xFF, 0xFF, 0xFF, 0xFF, 0xFF, 0xFF, 0xFF, 0xFF, 0xFF, 0xFF, 0xFF, 0xFF, 0xFF, 0xFF, 0xFF, 0xFF, 0xFF, 0xFF, 0xFF,
  0xFF, 0xFF, 0xFF, 0xFF, 0xFF, 0xFF, 0xFF, 0xFF, 0xFF, 0xFF, 0xFF, 0xFF, 0xFF, 0xFF, 0xFF, 0xFF, 0xFF, 0xFF, 0xFF, 0xFF, 0xFF, 0xFF, 0xFF, 0xFF,
  0xFF, 0xFF, 0xFF, 0xFF, 0xFF, 0xFF, 0xFF, 0xFF, 0xFF, 0xFF, 0xFF, 0xFF, 0xFF, 0xFF, 0xFF, 0xFF, 0xFF, 0xFF, 0xFF, 0xFF, 0xFF, 0xFF, 0xFF, 0xFF,
  0xFF, 0xFF, 0xFF, 0xFF, 0xFF, 0xFF, 0xFF, 0xFF, 0xFF, 0xFF, 0xFF, 0xFF, 0xFF, 0xFF, 0xFF, 0xFF, 0xFF, 0xFF, 0xFF, 0xFF, 0xFF, 0xFF, 0xFF, 0xFF,
  0xFF, 0xFF, 0xFB, 0xBD, 0xF7, 0xBB, 0xEF, 0x77, 0xDC, 0xE7, 0xBF, 0xCE, 0x73, 0xDD, 0xF7, 0xB7, 0xEF, 0x6F, 0xDC, 0xF7, 0xB7, 0xBD, 0xEF, 0x7B,
  0xE6, 0x79, 0x9C, 0xE7, 0x39, 0xCE, 0x73, 0x9C, 0xE7, 0x39, 0xCF, 0x33, 0x9C, 0xE7, 0x39, 0xCE, 0x73, 0x9C, 0x63, 0x1D, 0xF7, 0xB1, 0x8C, 0x63,
  0x18, 0xC6, 0x31, 0x8C, 0x63, 0x18, 0xC6, 0x31, 0x8C, 0x77, 0xD8, 0xC6, 0x31, 0x8C, 0x63, 0x18, 0xC6, 0x31, 0x8C, 0x67, 0x39, 0xCE, 0x73, 0x9C,
  0xE7, 0x39, 0xCE, 0x73, 0x9C, 0xE7, 0x39, 0xCE, 0x73, 0x9E, 0x73, 0x9C, 0xE7, 0x39, 0xCE, 0x73, 0x9C, 0xE6, 0xF9, 0xBD, 0xEF, 0x7C, 0xE7, 0x39,
  0xCE, 0x73, 0x9C, 0xE7, 0x39, 0xCE, 0x73, 0xBD, 0xEF, 0x7B, 0xDF, 0xFF, 0xFF, 0xFF, 0xFF, 0xFF, 0xFF, 0xFF, 0xFF, 0xFF, 0xFF, 0xFF, 0xFF, 0xFF,
  0xFF, 0xFF, 0xFF, 0xFF, 0xFF, 0xFF, 0xFF, 0xFF, 0xFF, 0xFF, 0xFF, 0xFF, 0xFF, 0xFF, 0xFF, 0xFF, 0xFF, 0xFF, 0xFF, 0xFF, 0xFF, 0xFF, 0xFF, 0xFF,
  0xFF, 0xFF, 0xFF, 0xFF, 0xFF, 0xFF, 0xFF, 0xFF, 0xFF, 0xFF, 0xFF, 0xFF, 0xFF, 0xFF, 0xFF, 0xFF, 0xFF, 0xFF, 0xFF, 0xFF, 0xFF, 0xFF, 0xFF, 0xFF,
  0xFF, 0xFF, 0xFF, 0xFF, 0xFF, 0xFF, 0xFF, 0xFF, 0xFF, 0xFF, 0xFF, 0xFF, 0xFF, 0xFF, 0xFF, 0xFF, 0xFF, 0xFF, 0xFF, 0xFF, 0xFF, 0xFF, 0xFF, 0xFF,
  0xFF, 0xFF, 0xFF, 0xFF, 0xFF, 0xFF, 0xFF, 0xFF, 0xFF, 0xFF, 0xFF, 0xFF, 0xFF, 0xFF, 0xFF, 0xFF, 0xFF, 0xFF, 0xFF, 0xFF, 0xFF, 0xFF, 0xFF, 0xFF,
  0xFF, 0xFF, 0xFF, 0xFF, 0xFF, 0xFF, 0xFF, 0xFF, 0xFF, 0xFF, 0xFF, 0xFF, 0xFF, 0xFF, 0xFF, 0xFF, 0xFF, 0xFF, 0xFF, 0xFF, 0xFF, 0xFF, 0xFF, 0xFF,
  0xFF, 0xFF, 0xFF, 0xFF, 0xFF, 0xFF, 0xFF, 0xFF, 0xFF, 0xFF, 0xFF, 0xFF, 0xFF, 0xFF, 0xFF, 0xFF, 0xFF, 0xFF, 0xFF, 0xFF, 0xFF, 0xFF, 0xFF, 0xFF,
  0xFF, 0xFF, 0xFF, 0xFF, 0xFF, 0xFF, 0xFF, 0xFF, 0xFF, 0xFF, 0xFF, 0xFF, 0xFF, 0xFF, 0xFF, 0xFF, 0xFF, 0xFF, 0xFF, 0xFF, 0xFF, 0xFF, 0xFF, 0xFF,
  0xFF, 0xFF, 0xFF, 0xFF, 0xFF, 0xFF, 0xFF, 0xFF, 0xFF, 0xFF, 0xFF, 0xFF, 0xFF, 0xFF, 0xFF, 0xFF, 0xEF, 0x7B, 0xDF, 0x7B, 0xBC, 0xE7, 0x3B, 0xCE,
  0x73, 0x9E, 0xEF, 0x39, 0xCE, 0x73, 0xDE, 0xEE, 0xF7, 0xCD, 0xEF, 0x7B, 0xE7, 0x39, 0xBD, 0xE7, 0x39, 0xCE, 0x73, 0x9C, 0xE7, 0x39, 0xCE, 0x73,
  0x9C, 0xE7, 0x39, 0xCE, 0x73, 0x9C, 0xE7, 0x39, 0xCF, 0xBD, 0x9C, 0xE7, 0x39, 0xCE, 0x73, 0x8C, 0x63, 0x18, 0xC6, 0x31, 0x8C, 0x63, 0xDE, 0xCE,
  0x73, 0x9C, 0xE7, 0x39, 0xCE, 0x73, 0x9C, 0xE7, 0x39, 0xCE, 0x73, 0x9C, 0xE7, 0x39, 0xCE, 0x73, 0x9C, 0xE7, 0x39, 0xCE, 0x73, 0xCE, 0x73, 0x9C,
  0xE7, 0x39, 0xCE, 0x73, 0x9C, 0xDF, 0x37, 0xCE, 0x73, 0x9C, 0xE7, 0x39, 0xCE, 0x73, 0x9C, 0xE7, 0x39, 0xCE, 0xF7, 0xBD, 0xEF, 0xFF, 0xFF, 0xFF,
  0xFF, 0xFF, 0xFF, 0xFF, 0xFF, 0xFF, 0xFF, 0xFF, 0xFF, 0xFF, 0xFF, 0xFF, 0xFF, 0xFF, 0xFF, 0xFF, 0xFF, 0xFF, 0xFF, 0xFF, 0xFF, 0xFF, 0xFF, 0xFF,
  0xFF, 0xFF, 0xFF, 0xFF, 0xFF, 0xFF, 0xFF, 0xFF, 0xFF, 0xFF, 0xFF, 0xFF, 0xFF, 0xFF, 0xFF, 0xFF, 0xFF, 0xFF, 0xFF, 0xFF, 0xFF, 0xFF, 0xFF, 0xFF,
  0xFF, 0xFF, 0xFF, 0xFF, 0xFF, 0xFF, 0xFF, 0xFF, 0xFF, 0xFF, 0xFF, 0xFF, 0xFF, 0xFF, 0xFF, 0xFF, 0xFF, 0xFF, 0xFF, 0xFF, 0xFF, 0xFF, 0xFF, 0xFF,
  0xFF, 0xFF, 0xFF, 0xFF, 0xFF, 0xFF, 0xFF, 0xFF, 0xFF, 0xFF, 0xFF, 0xFF, 0xFF, 0xFF, 0xFF, 0xFF, 0xFF, 0xFF, 0xFF, 0xFF, 0xFF, 0xFF, 0xFF, 0xFF,
  0xFF, 0xFF, 0xFF, 0xFF, 0xFF, 0xFF, 0xFF, 0xFF, 0xFF, 0xFF, 0xFF, 0xFF, 0xFF, 0xFF, 0xFF, 0xFF, 0xFF, 0xFF, 0xFF, 0xFF, 0xFF, 0xFF, 0xFF, 0xFF,
  0xFF, 0xFF, 0xFF, 0xFF, 0xFF, 0xFF, 0xFF, 0xFF, 0xFF, 0xFF, 0xFF, 0xFF, 0xFF, 0xFF, 0xFF, 0xFF, 0xFF, 0xFF, 0xFF, 0xFF, 0xFF, 0xFF, 0xFF, 0xFF,
  0xFF, 0xFF, 0xFF, 0xFF, 0xFF, 0xFF, 0xFF, 0xFF, 0xFF, 0xFF, 0xFF, 0xFF, 0xFF, 0xFF, 0xFF, 0xFF, 0xFF, 0xFF, 0xFF, 0xFF, 0xFF, 0xFF, 0xFF, 0xFF,
  0xFF, 0xFF, 0xFF, 0xFF, 0xFF, 0xFF, 0xFF, 0xFF, 0xFF, 0xFF, 0xFF, 0xFF, 0xFF, 0xFF, 0xFF, 0xFF, 0xFF, 0xFF, 0xFF, 0xFF, 0xFF, 0xFF, 0xFF, 0xFF,
  0xFF, 0xFF, 0xFF, 0xFF, 0xFF, 0xFB, 0xDE, 0xF7, 0xBD, 0xE7, 0x39, 0xCE, 0x73, 0x9C, 0xE7, 0x39, 0xCE, 0x73, 0x9C, 0xE6, 0xF9, 0xCD, 0xEF, 0x7B,
  0xDF, 0x39, 0xBD, 0xEF, 0x7C, 0xDE, 0xF3, 0x9C, 0xE7, 0x39, 0xCE, 0x73, 0x9C, 0xE7, 0x39, 0xCE, 0x73, 0x9C, 0xE7, 0x39, 0xCE, 0x7B, 0xEC, 0xE7,
  0x39, 0xCE, 0x73, 0x9C, 0xE7, 0x39, 0xCE, 0x73, 0x9C, 0xE7, 0x3E, 0xCE, 0x73, 0x9C, 0xE7, 0x39, 0xCE, 0x73, 0x9C, 0xE7, 0x39, 0xCE, 0x73, 0x9C,
  0xE7, 0x39, 0xCE, 0x73, 0x9C, 0xE7, 0x3B, 0xDF, 0x39, 0xCE, 0x73, 0x9C, 0xE7, 0x39, 0xCE, 0x73, 0x7B, 0xE7, 0x39, 0xCE, 0x73, 0x9C, 0xE7, 0x39,
  0xCE, 0x73, 0xBD, 0xE7, 0x7B, 0xDE, 0xF7, 0xBF, 0xFF, 0xFF, 0xFF, 0xFF, 0xFF, 0xFF, 0xFF, 0xFF, 0xFF, 0xFF, 0xFF, 0xFF, 0xFF, 0xFF, 0xFF, 0xFF,
  0xFF, 0xFF, 0xFF, 0xFF, 0xFF, 0xFF, 0xFF, 0xFF, 0xFF, 0xFF, 0xFF, 0xFF, 0xFF, 0xFF, 0xFF, 0xFF, 0xFF, 0xFF, 0xFF, 0xFF, 0xFF, 0xFF, 0xFF, 0xFF,
  0xFF, 0xFF, 0xFF, 0xFF, 0xFF, 0xFF, 0xFF, 0xFF, 0xFF, 0xFF, 0xFF, 0xFF, 0xFF, 0xFF, 0xFF, 0xFF, 0xFF, 0xFF, 0xFF, 0xFF, 0xFF, 0xFF, 0xFF, 0xFF,
  0xFF, 0xFF, 0xFF, 0xFF, 0xFF, 0xFF, 0xFF, 0xFF, 0xFF, 0xFF, 0xFF, 0xFF, 0xFF, 0xFF, 0xFF, 0xFF, 0xFF, 0xFF, 0xFF, 0xFF, 0xFF, 0xFF, 0xFF, 0xFF,
  0xFF, 0xFF, 0xFF, 0xFF, 0xFF, 0xFF, 0xFF, 0xFF, 0xFF, 0xFF, 0xFF, 0xFF, 0xFF, 0xFF, 0xFF, 0xFF, 0xFF, 0xFF, 0xFF, 0xFF, 0xFF, 0xFF, 0xFF, 0xFF,
  0xFF, 0xFF, 0xFF, 0xFF, 0xFF, 0xFF, 0xFF, 0xFF, 0xFF, 0xFF, 0xFF, 0xFF, 0xFF, 0xFF, 0xFF, 0xFF, 0xFF, 0xFF, 0xFF, 0xFF, 0xFF, 0xFF, 0xFF, 0xFF,
  0xFF, 0xFF, 0xFF, 0xFF, 0xFF, 0xFF, 0xFF, 0xFF, 0xFF, 0xFF, 0xFF, 0xFF, 0xFF, 0xFF, 0xFF, 0xFF, 0xFF, 0xFF, 0xFF, 0xFF, 0xFF, 0xFF, 0xFF, 0xFF,
  0xFF, 0xFF, 0xFF, 0xFF, 0xFF, 0xFF, 0xFF, 0xFF, 0xFF, 0xFF, 0xFF, 0xFF, 0xFF, 0xFF, 0xFF, 0xFF, 0xFF, 0xFF, 0xFF, 0xFF, 0xFF, 0xFF, 0xFF, 0xFF,
  0xFF, 0xFF, 0xFF, 0xFF, 0xFF, 0xFF, 0xFF, 0xFF, 0xFF, 0xFF, 0xFF, 0xFF, 0xFF, 0xFF, 0xFF, 0xFF, 0xFF, 0xFF, 0xFF, 0xF7, 0xBD, 0xEF, 0x7B, 0xCE,
  0x73, 0x9C, 0xE7, 0x39, 0xCE, 0x73, 0x9C, 0xE7, 0x39, 0xCE, 0x6F, 0x7B, 0xE7, 0x37, 0xBD, 0xEF, 0x7B, 0xDE, 0xF7, 0xBD, 0xEF, 0x7B, 0xCE, 0x73,
  0x9C, 0xE7, 0x39, 0xCE, 0x73, 0x9C, 0xE7, 0x39, 0xCE, 0x73, 0xDE, 0xE7, 0x39, 0xCE, 0x73, 0x9C, 0xE7, 0x39, 0xCE, 0x73, 0x9C, 0xE7, 0x9E, 0xF6,
  0x73, 0x9C, 0xE7, 0x39, 0xCE, 0x73, 0x9C, 0xE7, 0x39, 0xCE, 0x73, 0x9C, 0xE7, 0x39, 0xCE, 0xF7, 0xBD, 0xEF, 0x7B, 0xDF, 0x39, 0xCE, 0x73, 0x9B,
  0xDF, 0x39, 0xCE, 0x73, 0x9C, 0xE7, 0x39, 0xCE, 0xF7, 0x9D, 0xE7, 0x39, 0xCE, 0x73, 0xBD, 0xEF, 0x7B, 0xDF, 0xFF, 0xFF, 0xFF, 0xFF, 0xFF, 0xFF,
  0xFF, 0xFF, 0xFF, 0xFF, 0xFF, 0xFF, 0xFF, 0xFF, 0xFF, 0xFF, 0xFF, 0xFF, 0xFF, 0xFF, 0xFF, 0xFF, 0xFF, 0xFF, 0xFF, 0xFF, 0xFF, 0xFF, 0xFF, 0xFF,
  0xFF, 0xFF, 0xFF, 0xFF, 0xFF, 0xFF, 0xFF, 0xFF, 0xFF, 0xFF, 0xFF, 0xFF, 0xFF, 0xFF, 0xFF, 0xFF, 0xFF, 0xFF, 0xFF, 0xFF, 0xFF, 0xFF, 0xFF, 0xFF,
  0xFF, 0xFF, 0xFF, 0xFF, 0xFF, 0xFF, 0xFF, 0xFF, 0xFF, 0xFF, 0xFF, 0xFF, 0xFF, 0xFF, 0xFF, 0xFF, 0xFF, 0xFF, 0xFF, 0xFF, 0xFF, 0xFF, 0xFF, 0xFF,
  0xFF, 0xFF, 0xFF, 0xFF, 0xFF, 0xFF, 0xFF, 0xFF, 0xFF, 0xFF, 0xFF, 0xFF, 0xFF, 0xFF, 0xFF, 0xFF, 0xFF, 0xFF, 0xFF, 0xFF, 0xFF, 0xFF, 0xFF, 0xFF,
  0xFF, 0xFF, 0xFF, 0xFF, 0xFF, 0xFF, 0xFF, 0xFF, 0xFF, 0xFF, 0xFF, 0xFF, 0xFF, 0xFF, 0xFF, 0xFF, 0xFF, 0xFF, 0xFF, 0xFF, 0xFF, 0xFF, 0xFF, 0xFF,
  0xFF, 0xFF, 0xFF, 0xFF, 0xFF, 0xFF, 0xFF, 0xFF, 0xFF, 0xFF, 0xFF, 0xFF, 0xFF, 0xFF, 0xFF, 0xFF, 0xFF, 0xFF, 0xFF, 0xFF, 0xFF, 0xFF, 0xFF, 0xFF,
  0xFF, 0xFF, 0xFF, 0xFF, 0xFF, 0xFF, 0xFF, 0xFF, 0xFF, 0xFF, 0xFF, 0xFF, 0xFF, 0xFF, 0xFF, 0xFF, 0xFF, 0xFF, 0xFF, 0xFF, 0xFF, 0xFF, 0xFF, 0xFF,
  0xFF, 0xFF, 0xFF, 0xFF, 0xFF, 0xFF, 0xFF, 0xFF, 0xFF, 0xFF, 0xFF, 0xFF, 0xFF, 0xFF, 0xFF, 0xFF, 0xFF, 0xFF, 0xFF, 0xFF, 0xFF, 0xFF, 0xFF, 0xFF,
  0xFF, 0xFF, 0xFF, 0xFF, 0xFF, 0xFF, 0xFF, 0xFF, 0xFF, 0xEF, 0x7B, 0xDE, 0xF7, 0x9D, 0xE7, 0x39, 0xCE, 0xF7, 0xBD, 0xEF, 0x39, 0xCE, 0x73, 0x9C,
  0xE6, 0xF7, 0xBD, 0xEF, 0x7B, 0xDF, 0x37, 0xBD, 0xEF, 0x7B, 0xDE, 0xF7, 0xBD, 0xEF, 0x79, 0xCE, 0x73, 0x9C, 0xE7, 0x39, 0xCE, 0x7B, 0x9F, 0x67,
  0x39, 0xCE, 0x73, 0x9C, 0xF3, 0x39, 0xCE, 0x73, 0x9C, 0xF7, 0xB9, 0xF7, 0x73, 0x9C, 0xE7, 0x39, 0xCE, 0x73, 0x9C, 0xE7, 0x39, 0xCE, 0x77, 0xBD,
  0xEF, 0x7B, 0xDE, 0xF7, 0xBD, 0xEF, 0x7B, 0xDF, 0x39, 0xCE, 0x73, 0x9B, 0xE7, 0x39, 0xCE, 0x73, 0x9C, 0xE7, 0x39, 0xCE, 0xF3, 0x9C, 0xE7, 0x39,
  0xDE, 0xF7, 0xBD, 0xEF, 0xFF, 0xFF, 0xFF, 0xFF, 0xFF, 0xFF, 0xFF, 0xFF, 0xFF, 0xFF, 0xFF, 0xFF, 0xFF, 0xFF, 0xFF, 0xFF, 0xFF, 0xFF, 0xFF, 0xFF,
  0xFF, 0xFF, 0xFF, 0xFF, 0xFF, 0xFF, 0xFF, 0xFF, 0xFF, 0xFF, 0xFF, 0xFF, 0xFF, 0xFF, 0xFF, 0xFF, 0xFF, 0xFF, 0xFF, 0xFF, 0xFF, 0xFF, 0xFF, 0xFF,
  0xFF, 0xFF, 0xFF, 0xFF, 0xFF, 0xFF, 0xFF, 0xFF, 0xFF, 0xFF, 0xFF, 0xFF, 0xFF, 0xFF, 0xFF, 0xFF, 0xFF, 0xFF, 0xFF, 0xFF, 0xFF, 0xFF, 0xFF, 0xFF,
  0xFF, 0xFF, 0xFF, 0xFF, 0xFF, 0xFF, 0xFF, 0xFF, 0xFF, 0xFF, 0xFF, 0xFF, 0xFF, 0xFF, 0xFF, 0xFF, 0xFF, 0xFF, 0xFF, 0xFF, 0xFF, 0xFF, 0xFF, 0xFF,
  0xFF, 0xFF, 0xFF, 0xFF, 0xFF, 0xFF, 0xFF, 0xFF, 0xFF, 0xFF, 0xFF, 0xFF, 0xFF, 0xFF, 0xFF, 0xFF, 0xFF, 0xFF, 0xFF, 0xFF, 0xFF, 0xFF, 0xFF, 0xFF,
  0xFF, 0xFF, 0xFF, 0xFF, 0xFF, 0xFF, 0xFF, 0xFF, 0xFF, 0xFF, 0xFF, 0xFF, 0xFF, 0xFF, 0xFF, 0xFF, 0xFF, 0xFF, 0xFF, 0xFF, 0xFF, 0xFF, 0xFF, 0xFF,
  0xFF, 0xFF, 0xFF, 0xFF, 0xFF, 0xFF, 0xFF, 0xFF, 0xFF, 0xFF, 0xFF, 0xFF, 0xFF, 0xFF, 0xFF, 0xFF, 0xFF, 0xFF, 0xFF, 0xFF, 0xFF, 0xFF, 0xFF, 0xFF,
  0xFF, 0xFF, 0xFF, 0xFF, 0xFF, 0xFF, 0xFF, 0xFF, 0xFF, 0xFF, 0xFF, 0xFF, 0xFF, 0xFF, 0xFF, 0xFF, 0xFF, 0xFF, 0xFF, 0xFF, 0xFF, 0xFF, 0xFF, 0xFF,
  0xFF, 0xFF, 0xFF, 0xFF, 0xFF, 0xFF, 0xFF, 0xFF, 0xFF, 0xFF, 0xFF, 0xFF, 0xFF, 0xFF, 0xFF, 0xFF, 0xFF, 0xFF, 0xFF, 0xFF, 0xFF, 0xFF, 0xFF, 0xDE,
  0xF7, 0xBD, 0xEF, 0x39, 0xCE, 0x73, 0xBC, 0xEF, 0x79, 0xCE, 0x73, 0x9C, 0xE7, 0x39, 0xCE, 0x73, 0x7B, 0xDE, 0xF7, 0xBD, 0xEF, 0x7B, 0xDE, 0xF7,
  0xBD, 0xEF, 0x7B, 0xDE, 0xF7, 0xBD, 0xEF, 0x7B, 0xDE, 0x73, 0x9E, 0xF3, 0x39, 0xCE, 0x73, 0x9C, 0xE7, 0x39, 0xCE, 0x73, 0x9E, 0x7B, 0x99, 0xCF,
  0xBB, 0x9C, 0xE7, 0x39, 0xDE, 0xF7, 0xBD, 0xEF, 0x7B, 0xDE, 0xF7, 0xBD, 0xEF, 0x7B, 0xDE, 0xF7, 0xBD, 0xEF, 0x7B, 0xE7, 0x39, 0xCE, 0x73, 0x9C,
  0xE7, 0x39, 0xCE, 0x73, 0x9C, 0xE7, 0x79, 0xCE, 0xF3, 0xBC, 0xEF, 0x7B, 0xDE, 0xF7, 0xFF, 0xFF, 0xFF, 0xFF, 0xFF, 0xFF, 0xFF, 0xFF, 0xFF, 0xFF,
  0xFF, 0xFF, 0xFF, 0xFF, 0xFF, 0xFF, 0xFF, 0xFF, 0xFF, 0xFF, 0xFF, 0xFF, 0xFF, 0xFF, 0xFF, 0xFF, 0xFF, 0xFF, 0xFF, 0xFF, 0xFF, 0xFF, 0xFF, 0xFF,
  0xFF, 0xFF, 0xFF, 0xFF, 0xFF, 0xFF, 0xFF, 0xFF, 0xFF, 0xFF, 0xFF, 0xFF, 0xFF, 0xFF, 0xFF, 0xFF, 0xFF, 0xFF, 0xFF, 0xFF, 0xFF, 0xFF, 0xFF, 0xFF,
  0xFF, 0xFF, 0xFF, 0xFF, 0xFF, 0xFF, 0xFF, 0xFF, 0xFF, 0xFF, 0xFF, 0xFF, 0xFF, 0xFF, 0xFF, 0xFF, 0xFF, 0xFF, 0xFF, 0xFF, 0xFF, 0xFF, 0xFF, 0xFF,
  0xFF, 0xFF, 0xFF, 0xFF, 0xFF, 0xFF, 0xFF, 0xFF, 0xFF, 0xFF, 0xFF, 0xFF, 0xFF, 0xFF, 0xFF, 0xFF, 0xFF, 0xFF, 0xFF, 0xFF, 0xFF, 0xFF, 0xFF, 0xFF,
  0xFF, 0xFF, 0xFF, 0xFF, 0xFF, 0xFF, 0xFF, 0xFF, 0xFF, 0xFF, 0xFF, 0xFF, 0xFF, 0xFF, 0xFF, 0xFF, 0xFF, 0xFF, 0xFF, 0xFF, 0xFF, 0xFF, 0xFF, 0xFF,
  0xFF, 0xFF, 0xFF, 0xFF, 0xFF, 0xFF, 0xFF, 0xFF, 0xFF, 0xFF, 0xFF, 0xFF, 0xFF, 0xFF, 0xFF, 0xFF, 0xFF, 0xFF, 0xFF, 0xFF, 0xFF, 0xFF, 0xFF, 0xFF,
  0xFF, 0xFF, 0xFF, 0xFF, 0xFF, 0xFF, 0xFF, 0xFF, 0xFF, 0xFF, 0xFF, 0xFF, 0xFF, 0xFF, 0xFF, 0xFF, 0xFF, 0xFF, 0xFF, 0xFF, 0xFF, 0xFF, 0xFF, 0xFF,
  0xFF, 0xFF, 0xFF, 0xFF, 0xFF, 0xFF, 0xFF, 0xFF, 0xFF, 0xFF, 0xFF, 0xFF, 0xFF, 0xFF, 0xFF, 0xFF, 0xFF, 0xFF, 0xFF, 0xFF, 0xFF, 0xFF, 0xFF, 0xFF,
  0xFF, 0xFF, 0xFF, 0xFF, 0xFF, 0xFF, 0xFF, 0xFF, 0xFF, 0xFF, 0xFF, 0xFF, 0xFF, 0xBD, 0xEF, 0x7B, 0xDE, 0xF3, 0x9C, 0xE7, 0x39, 0xCE, 0x73, 0x9C,
  0xE7, 0x39, 0xCE, 0x73, 0x9C, 0xE7, 0x39, 0xBD, 0xEF, 0x7B, 0xDE, 0xF7, 0xBD, 0xEF, 0x7B, 0xDE, 0xF7, 0xBD, 0xEF, 0x7B, 0xDE, 0xF7, 0xBD, 0xFB,
  0x7B, 0xDE, 0xF7, 0xBD, 0xEF, 0x7B, 0xDE, 0xF7, 0xBF, 0x77, 0x7B, 0xDF, 0x7D, 0xDD, 0xEF, 0x7B, 0xDE, 0xF7, 0xBD, 0xEF, 0x7B, 0xDE, 0xF7, 0xBD,
  0xEF, 0x7B, 0xDE, 0xF7, 0xBD, 0xEF, 0x9C, 0xE7, 0x39, 0xCE, 0x73, 0x9C, 0xE7, 0x7B, 0xDE, 0xF3, 0x9C, 0xEF, 0x79, 0xDE, 0xF7, 0xBD, 0xEF, 0x7B,
  0xFF, 0xFF, 0xFF, 0xFF, 0xFF, 0xFF, 0xFF, 0xFF, 0xFF, 0xFF, 0xFF, 0xFF, 0xFF, 0xFF, 0xFF, 0xFF, 0xFF, 0xFF, 0xFF, 0xFF, 0xFF, 0xFF, 0xFF, 0xFF,
  0xFF, 0xFF, 0xFF, 0xFF, 0xFF, 0xFF, 0xFF, 0xFF, 0xFF, 0xFF, 0xFF, 0xFF, 0xFF, 0xFF, 0xFF, 0xFF, 0xFF, 0xFF, 0xFF, 0xFF, 0xFF, 0xFF, 0xFF, 0xFF,
  0xFF, 0xFF, 0xFF, 0xFF, 0xFF, 0xFF, 0xFF, 0xFF, 0xFF, 0xFF, 0xFF, 0xFF, 0xFF, 0xFF, 0xFF, 0xFF, 0xFF, 0xFF, 0xFF, 0xFF, 0xFF, 0xFF, 0xFF, 0xFF,
  0xFF, 0xFF, 0xFF, 0xFF, 0xFF, 0xFF, 0xFF, 0xFF, 0xFF, 0xFF, 0xFF, 0xFF, 0xFF, 0xFF, 0xFF, 0xFF, 0xFF, 0xFF, 0xFF, 0xFF, 0xFF, 0xFF, 0xFF, 0xFF,
  0xFF, 0xFF, 0xFF, 0xFF, 0xFF, 0xFF, 0xFF, 0xFF, 0xFF, 0xFF, 0xFF, 0xFF, 0xFF, 0xFF, 0xFF, 0xFF, 0xFF, 0xFF, 0xFF, 0xFF, 0xFF, 0xFF, 0xFF, 0xFF,
  0xFF, 0xFF, 0xFF, 0xFF, 0xFF, 0xFF, 0xFF, 0xFF, 0xFF, 0xFF, 0xFF, 0xFF, 0xFF, 0xFF, 0xFF, 0xFF, 0xFF, 0xFF, 0xFF, 0xFF, 0xFF, 0xFF, 0xFF, 0xFF,
  0xFF, 0xFF, 0xFF, 0xFF, 0xFF, 0xFF, 0xFF, 0xFF, 0xFF, 0xFF, 0xFF, 0xFF, 0xFF, 0xFF, 0xFF, 0xFF, 0xFF, 0xFF, 0xFF, 0xFF, 0xFF, 0xFF, 0xFF, 0xFF,
  0xFF, 0xFF, 0xFF, 0xFF, 0xFF, 0xFF, 0xFF, 0xFF, 0xFF, 0xFF, 0xFF, 0xFF, 0xFF, 0xFF, 0xFF, 0xFF, 0xFF, 0xFF, 0xFF, 0xFF, 0xFF, 0xFF, 0xFF, 0xFF,
  0xFF, 0xFF, 0xFF, 0xFF, 0xFF, 0xFF, 0xFF, 0xFF, 0xFF, 0xFF, 0xFF, 0xFF, 0xFF, 0xFF, 0xFF, 0xFF, 0xFF, 0xFF, 0xFF, 0xFF, 0xFF, 0xFF, 0xFF, 0xFF,
  0xFF, 0xFF, 0xFF, 0x7B, 0xDE, 0xF7, 0xBD, 0xE7, 0x39, 0xCE, 0x73, 0xBD, 0xEF, 0x39, 0xCE, 0x73, 0x9C, 0xE7, 0x39, 0xCE, 0x73, 0x9C, 0xE6, 0xF9,
  0xBD, 0xEF, 0x7B, 0xDE, 0xF7, 0xBD, 0xEF, 0x7B, 0xDE, 0xF7, 0xCD, 0xFB, 0x7B, 0xDE, 0xF7, 0xBD, 0xEF, 0x7B, 0xDE, 0xF7, 0xEF, 0x6F, 0x7B, 0xDE,
  0xFB, 0xED, 0xEF, 0x7B, 0xDE, 0xF7, 0xBD, 0xEF, 0x7B, 0xDE, 0xF7, 0xBD, 0xEF, 0x7B, 0xE7, 0x39, 0xCE, 0x73, 0x9C, 0xE7, 0x39, 0xCE, 0xF7, 0x9C,
  0xE7, 0x39, 0xCE, 0x77, 0x9C, 0xEF, 0x7B, 0xDE, 0xF7, 0xBD, 0xFF, 0xFF, 0xFF, 0xFF, 0xFF, 0xFF, 0xFF, 0xFF, 0xFF, 0xFF, 0xFF, 0xFF, 0xFF, 0xFF,
  0xFF, 0xFF, 0xFF, 0xFF, 0xFF, 0xFF, 0xFF, 0xFF, 0xFF, 0xFF, 0xFF, 0xFF, 0xFF, 0xFF, 0xFF, 0xFF, 0xFF, 0xFF, 0xFF, 0xFF, 0xFF, 0xFF, 0xFF, 0xFF,
  0xFF, 0xFF, 0xFF, 0xFF, 0xFF, 0xFF, 0xFF, 0xFF, 0xFF, 0xFF, 0xFF, 0xFF, 0xFF, 0xFF, 0xFF, 0xFF, 0xFF, 0xFF, 0xFF, 0xFF, 0xFF, 0xFF, 0xFF, 0xFF,
  0xFF, 0xFF, 0xFF, 0xFF, 0xFF, 0xFF, 0xFF, 0xFF, 0xFF, 0xFF, 0xFF, 0xFF, 0xFF, 0xFF, 0xFF, 0xFF, 0xFF, 0xFF, 0xFF, 0xFF, 0xFF, 0xFF, 0xFF, 0xFF,
  0xFF, 0xFF, 0xFF, 0xFF, 0xFF, 0xFF, 0xFF, 0xFF, 0xFF, 0xFF, 0xFF, 0xFF, 0xFF, 0xFF, 0xFF, 0xFF, 0xFF, 0xFF, 0xFF, 0xFF, 0xFF, 0xFF, 0xFF, 0xFF,
  0xFF, 0xFF, 0xFF, 0xFF, 0xFF, 0xFF, 0xFF, 0xFF, 0xFF, 0xFF, 0xFF, 0xFF, 0xFF, 0xFF, 0xFF, 0xFF, 0xFF, 0xFF, 0xFF, 0xFF, 0xFF, 0xFF, 0xFF, 0xFF,
  0xFF, 0xFF, 0xFF, 0xFF, 0xFF, 0xFF, 0xFF, 0xFF, 0xFF, 0xFF, 0xFF, 0xFF, 0xFF, 0xFF, 0xFF, 0xFF, 0xFF, 0xFF, 0xFF, 0xFF, 0xFF, 0xFF, 0xFF, 0xFF,
  0xFF, 0xFF, 0xFF, 0xFF, 0xFF, 0xFF, 0xFF, 0xFF, 0xFF, 0xFF, 0xFF, 0xFF, 0xFF, 0xFF, 0xFF, 0xFF, 0xFF, 0xFF, 0xFF, 0xFF, 0xFF, 0xFF, 0xFF, 0xFF,
  0xFF, 0xFF, 0xFF, 0xFF, 0xFF, 0xFF, 0xFF, 0xFF, 0xFF, 0xFF, 0xFF, 0xFF, 0xFF, 0xFF, 0xFF, 0xFF, 0xFF, 0xFF, 0xFF, 0xFF, 0xFF, 0xFF, 0xFF, 0xFF,
  0xFF, 0xFF, 0xFF, 0xFF, 0xFF, 0xFF, 0xFF, 0xFF, 0xFF, 0xFF, 0xFF, 0xFF, 0xFF, 0xFF, 0xFF, 0xFF, 0xFE, 0xF7, 0xBD, 0xEF, 0x7B, 0xDE, 0xF7, 0x9C,
  0xE7, 0x39, 0xCE, 0x73, 0x9C, 0xE7, 0x39, 0xCE, 0x73, 0x9C, 0xE7, 0x39, 0xCE, 0x73, 0x9C, 0xDE, 0xF7, 0xBD, 0xEF, 0x7B, 0xDE, 0xF7, 0xBD, 0xFB,
  0x7B, 0xDE, 0xF7, 0xBD, 0xEF, 0x7B, 0xDF, 0x3D, 0xED, 0xEF, 0x7B, 0xDE, 0xF7, 0xEF, 0x6F, 0x7B, 0xDE, 0xF7, 0xBD, 0xEF, 0x7B, 0xDF, 0x39, 0xCE,
  0x73, 0x9C, 0xE7, 0x39, 0xCE, 0x73, 0x9C, 0xE7, 0x39, 0xCE, 0x77, 0xBD, 0xE7, 0x39, 0xCE, 0x77, 0xBD, 0xEF, 0x7B, 0xDE, 0xFF, 0xFF, 0xFF, 0xFF,
  0xFF, 0xFF, 0xFF, 0xFF, 0xFF, 0xFF, 0xFF, 0xFF, 0xFF, 0xFF, 0xFF, 0xFF, 0xFF, 0xFF, 0xFF, 0xFF, 0xFF, 0xFF, 0xFF, 0xFF, 0xFF, 0xFF, 0xFF, 0xFF,
  0xFF, 0xFF, 0xFF, 0xFF, 0xFF, 0xFF, 0xFF, 0xFF, 0xFF, 0xFF, 0xFF, 0xFF, 0xFF, 0xFF, 0xFF, 0xFF, 0xFF, 0xFF, 0xFF, 0xFF, 0xFF, 0xFF, 0xFF, 0xFF,
  0xFF, 0xFF, 0xFF, 0xFF, 0xFF, 0xFF, 0xFF, 0xFF, 0xFF, 0xFF, 0xFF, 0xFF, 0xFF, 0xFF, 0xFF, 0xFF, 0xFF, 0xFF, 0xFF, 0xFF, 0xFF, 0xFF, 0xFF, 0xFF,
  0xFF, 0xFF, 0xFF, 0xFF, 0xFF, 0xFF, 0xFF, 0xFF, 0xFF, 0xFF, 0xFF, 0xFF, 0xFF, 0xFF, 0xFF, 0xFF, 0xFF, 0xFF, 0xFF, 0xFF, 0xFF, 0xFF, 0xFF, 0xFF,
  0xFF, 0xFF, 0xFF, 0xFF, 0xFF, 0xFF, 0xFF, 0xFF, 0xFF, 0xFF, 0xFF, 0xFF, 0xFF, 0xFF, 0xFF, 0xFF, 0xFF, 0xFF, 0xFF, 0xFF, 0xFF, 0xFF, 0xFF, 0xFF,
  0xFF, 0xFF, 0xFF, 0xFF, 0xFF, 0xFF, 0xFF, 0xFF, 0xFF, 0xFF, 0xFF, 0xFF, 0xFF, 0xFF, 0xFF, 0xFF, 0xFF, 0xFF, 0xFF, 0xFF, 0xFF, 0xFF, 0xFF, 0xFF,
  0xFF, 0xFF, 0xFF, 0xFF, 0xFF, 0xFF, 0xFF, 0xFF, 0xFF, 0xFF, 0xFF, 0xFF, 0xFF, 0xFF, 0xFF, 0xFF, 0xFF, 0xFF, 0xFF, 0xFF, 0xFF, 0xFF, 0xFF, 0xFF,
  0xFF, 0xFF, 0xFF, 0xFF, 0xFF, 0xFF, 0xFF, 0xFF, 0xFF, 0xFF, 0xFF, 0xFF, 0xFF, 0xFF, 0xFF, 0xFF, 0xFF, 0xFF, 0xFF, 0xFF, 0xFF, 0xFF, 0xFF, 0xFF,
  0xFF, 0xFF, 0xFF, 0xFF, 0xFF, 0xFF, 0xFF, 0xFF, 0xFF, 0xFF, 0xFF, 0xFF, 0xFF, 0xFF, 0xFF, 0xFF, 0xFF, 0xFF, 0xFF, 0xFF, 0xFF, 0xFF, 0xFF, 0xFF,
  0xFF, 0xFF, 0xFF, 0xFF, 0xFF, 0xFF, 0xFF, 0xEF, 0x7B, 0xDE, 0xF7, 0xBD, 0xEF, 0x39, 0xCE, 0x73, 0x9C, 0xE7, 0x39, 0xCE, 0x73, 0x9C, 0xE7, 0x39,
  0xCE, 0x73, 0x9C, 0xE7, 0x39, 0xCE, 0x73, 0x9C, 0xE7, 0x39, 0xCD, 0xFB, 0x9B, 0xDE, 0xF7, 0xBD, 0xEF, 0x7B, 0xEF, 0xBD, 0xBD, 0xEF, 0x7B, 0xDE,
  0xF7, 0xBF, 0x77, 0x9C, 0xE7, 0x39, 0xCE, 0x73, 0x9C, 0xE7, 0x39, 0xCE, 0x73, 0x9C, 0xE7, 0x39, 0xCE, 0x73, 0x9C, 0xE7, 0x39, 0xCE, 0x73, 0xBC,
  0xE7, 0x7B, 0xDE, 0xF7, 0xBD, 0xEF, 0xFF, 0xFF, 0xFF, 0xFF, 0xFF, 0xFF, 0xFF, 0xFF, 0xFF, 0xFF, 0xFF, 0xFF, 0xFF, 0xFF, 0xFF, 0xFF, 0xFF, 0xFF,
  0xFF, 0xFF, 0xFF, 0xFF, 0xFF, 0xFF, 0xFF, 0xFF, 0xFF, 0xFF, 0xFF, 0xFF, 0xFF, 0xFF, 0xFF, 0xFF, 0xFF, 0xFF, 0xFF, 0xFF, 0xFF, 0xFF, 0xFF, 0xFF,
  0xFF, 0xFF, 0xFF, 0xFF, 0xFF, 0xFF, 0xFF, 0xFF, 0xFF, 0xFF, 0xFF, 0xFF, 0xFF, 0xFF, 0xFF, 0xFF, 0xFF, 0xFF, 0xFF, 0xFF, 0xFF, 0xFF, 0xFF, 0xFF,
  0xFF, 0xFF, 0xFF, 0xFF, 0xFF, 0xFF, 0xFF, 0xFF, 0xFF, 0xFF, 0xFF, 0xFF, 0xFF, 0xFF, 0xFF, 0xFF, 0xFF, 0xFF, 0xFF, 0xFF, 0xFF, 0xFF, 0xFF, 0xFF,
  0xFF, 0xFF, 0xFF, 0xFF, 0xFF, 0xFF, 0xFF, 0xFF, 0xFF, 0xFF, 0xFF, 0xFF, 0xFF, 0xFF, 0xFF, 0xFF, 0xFF, 0xFF, 0xFF, 0xFF, 0xFF, 0xFF, 0xFF, 0xFF,
  0xFF, 0xFF, 0xFF, 0xFF, 0xFF, 0xFF, 0xFF, 0xFF, 0xFF, 0xFF, 0xFF, 0xFF, 0xFF, 0xFF, 0xFF, 0xFF, 0xFF, 0xFF, 0xFF, 0xFF, 0xFF, 0xFF, 0xFF, 0xFF,
  0xFF, 0xFF, 0xFF, 0xFF, 0xFF, 0xFF, 0xFF, 0xFF, 0xFF, 0xFF, 0xFF, 0xFF, 0xFF, 0xFF, 0xFF, 0xFF, 0xFF, 0xFF, 0xFF, 0xFF, 0xFF, 0xFF, 0xFF, 0xFF,
  0xFF, 0xFF, 0xFF, 0xFF, 0xFF, 0xFF, 0xFF, 0xFF, 0xFF, 0xFF, 0xFF, 0xFF, 0xFF, 0xFF, 0xFF, 0xFF, 0xFF, 0xFF, 0xFF, 0xFF, 0xFF, 0xFF, 0xFF, 0xFF,
  0xFF, 0xFF, 0xFF, 0xFF, 0xFF, 0xFF, 0xFF, 0xFF, 0xFF, 0xFF, 0xFF, 0xFF, 0xFF, 0xFF, 0xFF, 0xFF, 0xFF, 0xFF, 0xFF, 0xFF, 0xFF, 0xFF, 0xFF, 0xFF,
  0xFF, 0xFF, 0xFF, 0xFF, 0xFF, 0xFF, 0xFF, 0xFF, 0xFF, 0xFF, 0xFF, 0xFF, 0xFF, 0xFF, 0xFF, 0xFF, 0xFF, 0xFF, 0xFF, 0xFF, 0xFF, 0xFE, 0xF7, 0xBD,
  0xEF, 0x7B, 0xDE, 0x73, 0xBC, 0xE7, 0x39, 0xCE, 0x73, 0x9C, 0xE7, 0x3B, 0xCE, 0x73, 0x9C, 0xE7, 0x39, 0xCE, 0x73, 0x9C, 0xE7, 0x39, 0xCE, 0x77,
  0xBC, 0xE7, 0x39, 0xCE, 0x73, 0x9D, 0xF7, 0x79, 0xCE, 0x73, 0x9C, 0xE7, 0x39, 0xCF, 0x7B, 0x9C, 0xE7, 0x39, 0xCE, 0x73, 0x9C, 0xE7, 0x79, 0xCE,
  0x73, 0x9C, 0xE7, 0x39, 0xCE, 0x73, 0x9C, 0xE7, 0x39, 0xCE, 0x77, 0xBD, 0xEF, 0x7B, 0xDE, 0xFF, 0xFF, 0xFF, 0xFF, 0xFF, 0xFF, 0xFF, 0xFF, 0xFF,
  0xFF, 0xFF, 0xFF, 0xFF, 0xFF, 0xFF, 0xFF, 0xFF, 0xFF, 0xFF, 0xFF, 0xFF, 0xFF, 0xFF, 0xFF, 0xFF, 0xFF, 0xFF, 0xFF, 0xFF, 0xFF, 0xFF, 0xFF, 0xFF,
  0xFF, 0xFF, 0xFF, 0xFF, 0xFF, 0xFF, 0xFF, 0xFF, 0xFF, 0xFF, 0xFF, 0xFF, 0xFF, 0xFF, 0xFF, 0xFF, 0xFF, 0xFF, 0xFF, 0xFF, 0xFF, 0xFF, 0xFF, 0xFF,
  0xFF, 0xFF, 0xFF, 0xFF, 0xFF, 0xFF, 0xFF, 0xFF, 0xFF, 0xFF, 0xFF, 0xFF, 0xFF, 0xFF, 0xFF, 0xFF, 0xFF, 0xFF, 0xFF, 0xFF, 0xFF, 0xFF, 0xFF, 0xFF,
  0xFF, 0xFF, 0xFF, 0xFF, 0xFF, 0xFF, 0xFF, 0xFF, 0xFF, 0xFF, 0xFF, 0xFF, 0xFF, 0xFF, 0xFF, 0xFF, 0xFF, 0xFF, 0xFF, 0xFF, 0xFF, 0xFF, 0xFF, 0xFF,
  0xFF, 0xFF, 0xFF, 0xFF, 0xFF, 0xFF, 0xFF, 0xFF, 0xFF, 0xFF, 0xFF, 0xFF, 0xFF, 0xFF, 0xFF, 0xFF, 0xFF, 0xFF, 0xFF, 0xFF, 0xFF, 0xFF, 0xFF, 0xFF,
  0xFF, 0xFF, 0xFF, 0xFF, 0xFF, 0xFF, 0xFF, 0xFF, 0xFF, 0xFF, 0xFF, 0xFF, 0xFF, 0xFF, 0xFF, 0xFF, 0xFF, 0xFF, 0xFF, 0xFF, 0xFF, 0xFF, 0xFF, 0xFF,
  0xFF, 0xFF, 0xFF, 0xFF, 0xFF, 0xFF, 0xFF, 0xFF, 0xFF, 0xFF, 0xFF, 0xFF, 0xFF, 0xFF, 0xFF, 0xFF, 0xFF, 0xFF, 0xFF, 0xFF, 0xFF, 0xFF, 0xFF, 0xFF,
  0xFF, 0xFF, 0xFF, 0xFF, 0xFF, 0xFF, 0xFF, 0xFF, 0xFF, 0xFF, 0xFF, 0xFF, 0xFF, 0xFF, 0xFF, 0xFF, 0xFF, 0xFF, 0xFF, 0xFF, 0xFF, 0xFF, 0xFF, 0xFF,
  0xFF, 0xFF, 0xFF, 0xFF, 0xFF, 0xFF, 0xFF, 0xFF, 0xFF, 0xFF, 0xFF, 0xFF, 0xFF, 0xFF, 0xFF, 0xFF, 0xFF, 0xFF, 0xFF, 0xFF, 0xFF, 0xFF, 0xFF, 0xFF,
  0xFF, 0xFF, 0xFF, 0xFF, 0xFF, 0xFF, 0xFF, 0xFF, 0xFF, 0xFF, 0xFF, 0xFF, 0xEF, 0x7B, 0xDE, 0xF7, 0xBD, 0xEF, 0x79, 0xCE, 0x73, 0x9C, 0xE7, 0x39,
  0xCE, 0x73, 0x9C, 0xE7, 0x39, 0xCE, 0x73, 0x9C, 0xE7, 0x39, 0xCE, 0x73, 0xDC, 0xE7, 0x39, 0xCE, 0x73, 0xBE, 0xE7, 0x39, 0xCE, 0x73, 0x9C, 0xE7,
  0x39, 0xCE, 0x7B, 0xBC, 0xE7, 0x39, 0xCE, 0x73, 0x9C, 0xE7, 0x79, 0xCE, 0x73, 0x9C, 0xE7, 0x39, 0xCE, 0x73, 0x9D, 0xEF, 0x7B, 0xDE, 0xF7, 0xBD,
  0xEF, 0xFF, 0xFF, 0xFF, 0xFF, 0xFF, 0xFF, 0xFF, 0xFF, 0xFF, 0xFF, 0xFF, 0xFF, 0xFF, 0xFF, 0xFF, 0xFF, 0xFF, 0xFF, 0xFF, 0xFF, 0xFF, 0xFF, 0xFF,
  0xFF, 0xFF, 0xFF, 0xFF, 0xFF, 0xFF, 0xFF, 0xFF, 0xFF, 0xFF, 0xFF, 0xFF, 0xFF, 0xFF, 0xFF, 0xFF, 0xFF, 0xFF, 0xFF, 0xFF, 0xFF, 0xFF, 0xFF, 0xFF,
  0xFF, 0xFF, 0xFF, 0xFF, 0xFF, 0xFF, 0xFF, 0xFF, 0xFF, 0xFF, 0xFF, 0xFF, 0xFF, 0xFF, 0xFF, 0xFF, 0xFF, 0xFF, 0xFF, 0xFF, 0xFF, 0xFF, 0xFF, 0xFF,
  0xFF, 0xFF, 0xFF, 0xFF, 0xFF, 0xFF, 0xFF, 0xFF, 0xFF, 0xFF, 0xFF, 0xFF, 0xFF, 0xFF, 0xFF, 0xFF, 0xFF, 0xFF, 0xFF, 0xFF, 0xFF, 0xFF, 0xFF, 0xFF,
  0xFF, 0xFF, 0xFF, 0xFF, 0xFF, 0xFF, 0xFF, 0xFF, 0xFF, 0xFF, 0xFF, 0xFF, 0xFF, 0xFF, 0xFF, 0xFF, 0xFF, 0xFF, 0xFF, 0xFF, 0xFF, 0xFF, 0xFF, 0xFF,
  0xFF, 0xFF, 0xFF, 0xFF, 0xFF, 0xFF, 0xFF, 0xFF, 0xFF, 0xFF, 0xFF, 0xFF, 0xFF, 0xFF, 0xFF, 0xFF, 0xFF, 0xFF, 0xFF, 0xFF, 0xFF, 0xFF, 0xFF, 0xFF,
  0xFF, 0xFF, 0xFF, 0xFF, 0xFF, 0xFF, 0xFF, 0xFF, 0xFF, 0xFF, 0xFF, 0xFF, 0xFF, 0xFF, 0xFF, 0xFF, 0xFF, 0xFF, 0xFF, 0xFF, 0xFF, 0xFF, 0xFF, 0xFF,
  0xFF, 0xFF, 0xFF, 0xFF, 0xFF, 0xFF, 0xFF, 0xFF, 0xFF, 0xFF, 0xFF, 0xFF, 0xFF, 0xFF, 0xFF, 0xFF, 0xFF, 0xFF, 0xFF, 0xFF, 0xFF, 0xFF, 0xFF, 0xFF,
  0xFF, 0xFF, 0xFF, 0xFF, 0xFF, 0xFF, 0xFF, 0xFF, 0xFF, 0xFF, 0xFF, 0xFF, 0xFF, 0xFF, 0xFF, 0xFF, 0xFF, 0xFF, 0xFF, 0xFF, 0xFF, 0xFF, 0xFF, 0xFF,
  0xFF, 0xFF, 0xFF, 0xFF, 0xFF, 0xFF, 0xFF, 0xFF, 0xFF, 0xFF, 0xFF, 0xFF, 0xFF, 0xFF, 0xFF, 0xFF, 0xFF, 0xFF, 0xFF, 0xFF, 0xFF, 0xFF, 0xFF, 0xFF,
  0xFF, 0xFF, 0xFE, 0xF7, 0xBD, 0xEF, 0x7B, 0xDE, 0xF7, 0xBC, 0xE7, 0x39, 0xCE, 0x73, 0x9C, 0xE7, 0x39, 0xCE, 0x73, 0x9C, 0xE7, 0x39, 0xCE, 0x73,
  0xDC, 0xE7, 0x39, 0xCE, 0x77, 0xDD, 0xE7, 0x39, 0xCE, 0x73, 0x9C, 0xE7, 0x39, 0xCE, 0x7B, 0xDC, 0xE7, 0x39, 0xCE, 0x73, 0xBC, 0xE7, 0x39, 0xCE,
  0x73, 0x9C, 0xE7, 0x3B, 0xDE, 0xF7, 0xBD, 0xEF, 0x7B, 0xDE, 0xFF, 0xFF, 0xFF, 0xFF, 0xFF, 0xFF, 0xFF, 0xFF, 0xFF, 0xFF, 0xFF, 0xFF, 0xFF, 0xFF,
  0xFF, 0xFF, 0xFF, 0xFF, 0xFF, 0xFF, 0xFF, 0xFF, 0xFF, 0xFF, 0xFF, 0xFF, 0xFF, 0xFF, 0xFF, 0xFF, 0xFF, 0xFF, 0xFF, 0xFF, 0xFF, 0xFF, 0xFF, 0xFF,
  0xFF, 0xFF, 0xFF, 0xFF, 0xFF, 0xFF, 0xFF, 0xFF, 0xFF, 0xFF, 0xFF, 0xFF, 0xFF, 0xFF, 0xFF, 0xFF, 0xFF, 0xFF, 0xFF, 0xFF, 0xFF, 0xFF, 0xFF, 0xFF,
  0xFF, 0xFF, 0xFF, 0xFF, 0xFF, 0xFF, 0xFF, 0xFF, 0xFF, 0xFF, 0xFF, 0xFF, 0xFF, 0xFF, 0xFF, 0xFF, 0xFF, 0xFF, 0xFF, 0xFF, 0xFF, 0xFF, 0xFF, 0xFF,
  0xFF, 0xFF, 0xFF, 0xFF, 0xFF, 0xFF, 0xFF, 0xFF, 0xFF, 0xFF, 0xFF, 0xFF, 0xFF, 0xFF, 0xFF, 0xFF, 0xFF, 0xFF, 0xFF, 0xFF, 0xFF, 0xFF, 0xFF, 0xFF,
  0xFF, 0xFF, 0xFF, 0xFF, 0xFF, 0xFF, 0xFF, 0xFF, 0xFF, 0xFF, 0xFF, 0xFF, 0xFF, 0xFF, 0xFF, 0xFF, 0xFF, 0xFF, 0xFF, 0xFF, 0xFF, 0xFF, 0xFF, 0xFF,
  0xFF, 0xFF, 0xFF, 0xFF, 0xFF, 0xFF, 0xFF, 0xFF, 0xFF, 0xFF, 0xFF, 0xFF, 0xFF, 0xFF, 0xFF, 0xFF, 0xFF, 0xFF, 0xFF, 0xFF, 0xFF, 0xFF, 0xFF, 0xFF,
  0xFF, 0xFF, 0xFF, 0xFF, 0xFF, 0xFF, 0xFF, 0xFF, 0xFF, 0xFF, 0xFF, 0xFF, 0xFF, 0xFF, 0xFF, 0xFF, 0xFF, 0xFF, 0xFF, 0xFF, 0xFF, 0xFF, 0xFF, 0xFF,
  0xFF, 0xFF, 0xFF, 0xFF, 0xFF, 0xFF, 0xFF, 0xFF, 0xFF, 0xFF, 0xFF, 0xFF, 0xFF, 0xFF, 0xFF, 0xFF, 0xFF, 0xFF, 0xFF, 0xFF, 0xFF, 0xFF, 0xFF, 0xFF,
  0xFF, 0xFF, 0xFF, 0xFF, 0xFF, 0xFF, 0xFF, 0xFF, 0xFF, 0xFF, 0xFF, 0xFF, 0xFF, 0xFF, 0xFF, 0xFF, 0xFF, 0xFF, 0xFF, 0xFF, 0xFF, 0xFF, 0xFF, 0xFF,
  0xFF, 0xFF, 0xFF, 0xFF, 0xFF, 0xFF, 0xFF, 0xFF, 0xFF, 0xFF, 0xFF, 0xFF, 0xFF, 0xFF, 0xFF, 0xFF, 0xFF, 0xFF, 0xFB, 0xDE, 0xF7, 0xBD, 0xEF, 0x7B,
  0xDE, 0xF7, 0xBC, 0xE7, 0x39, 0xCE, 0x73, 0x9C, 0xE7, 0x39, 0xCE, 0x73, 0xDD, 0xE7, 0x39, 0xDF, 0x7B, 0xBC, 0xE7, 0x39, 0xCE, 0x73, 0x9C, 0xE7,
  0x39, 0xCE, 0x73, 0xDD, 0xE7, 0x39, 0xCE, 0x73, 0x9C, 0xE7, 0x3B, 0xDE, 0xF7, 0xBD, 0xEF, 0x7B, 0xDE, 0xF7, 0xBF, 0xFF, 0xFF, 0xFF, 0xFF, 0xFF,
  0xFF, 0xFF, 0xFF, 0xFF, 0xFF, 0xFF, 0xFF, 0xFF, 0xFF, 0xFF, 0xFF, 0xFF, 0xFF, 0xFF, 0xFF, 0xFF, 0xFF, 0xFF, 0xFF, 0xFF, 0xFF, 0xFF, 0xFF, 0xFF,
  0xFF, 0xFF, 0xFF, 0xFF, 0xFF, 0xFF, 0xFF, 0xFF, 0xFF, 0xFF, 0xFF, 0xFF, 0xFF, 0xFF, 0xFF, 0xFF, 0xFF, 0xFF, 0xFF, 0xFF, 0xFF, 0xFF, 0xFF, 0xFF,
  0xFF, 0xFF, 0xFF, 0xFF, 0xFF, 0xFF, 0xFF, 0xFF, 0xFF, 0xFF, 0xFF, 0xFF, 0xFF, 0xFF, 0xFF, 0xFF, 0xFF, 0xFF, 0xFF, 0xFF, 0xFF, 0xFF, 0xFF, 0xFF,
  0xFF, 0xFF, 0xFF, 0xFF, 0xFF, 0xFF, 0xFF, 0xFF, 0xFF, 0xFF, 0xFF, 0xFF, 0xFF, 0xFF, 0xFF, 0xFF, 0xFF, 0xFF, 0xFF, 0xFF, 0xFF, 0xFF, 0xFF, 0xFF,
  0xFF, 0xFF, 0xFF, 0xFF, 0xFF, 0xFF, 0xFF, 0xFF, 0xFF, 0xFF, 0xFF, 0xFF, 0xFF, 0xFF, 0xFF, 0xFF, 0xFF, 0xFF, 0xFF, 0xFF, 0xFF, 0xFF, 0xFF, 0xFF,
  0xFF, 0xFF, 0xFF, 0xFF, 0xFF, 0xFF, 0xFF, 0xFF, 0xFF, 0xFF, 0xFF, 0xFF, 0xFF, 0xFF, 0xFF, 0xFF, 0xFF, 0xFF, 0xFF, 0xFF, 0xFF, 0xFF, 0xFF, 0xFF,
  0xFF, 0xFF, 0xFF, 0xFF, 0xFF, 0xFF, 0xFF, 0xFF, 0xFF, 0xFF, 0xFF, 0xFF, 0xFF, 0xFF, 0xFF, 0xFF, 0xFF, 0xFF, 0xFF, 0xFF, 0xFF, 0xFF, 0xFF, 0xFF,
  0xFF, 0xFF, 0xFF, 0xFF, 0xFF, 0xFF, 0xFF, 0xFF, 0xFF, 0xFF, 0xFF, 0xFF, 0xFF, 0xFF, 0xFF, 0xFF, 0xFF, 0xFF, 0xFF, 0xFF, 0xFF, 0xFF, 0xFF, 0xFF,
  0xFF, 0xFF, 0xFF, 0xFF, 0xFF, 0xFF, 0xFF, 0xFF, 0xFF, 0xFF, 0xFF, 0xFF, 0xFF, 0xFF, 0xFF, 0xFF, 0xFF, 0xFF, 0xFF, 0xFF, 0xFF, 0xFF, 0xFF, 0xFF,
  0xFF, 0xFF, 0xFF, 0xFF, 0xFF, 0xFF, 0xFF, 0xFF, 0xFF, 0xFF, 0xFF, 0xFF, 0xFF, 0xFF, 0xFF, 0xFF, 0xFF, 0xFF, 0xFF, 0xFF, 0xFF, 0xFF, 0xFF, 0xFF,
  0xFF, 0xFF, 0xFF, 0xFF, 0xFF, 0xFF, 0xFF, 0xFF, 0xFF, 0xFF, 0xEF, 0x7B, 0xDE, 0xF7, 0xBD, 0xEF, 0x7B, 0xDE, 0xF7, 0xBD, 0xEF, 0x39, 0xCE, 0x73,
  0xBE, 0xE7, 0x3D, 0xEF, 0x73, 0x9C, 0xE7, 0x39, 0xCE, 0x73, 0x9C, 0xE7, 0x39, 0xCE, 0x73, 0xDE, 0xEF, 0x7B, 0xDE, 0xF7, 0xBD, 0xEF, 0x7B, 0xDE,
  0xF7, 0xBD, 0xEF, 0xFF, 0xFF, 0xFF, 0xFF, 0xFF, 0xFF, 0xFF, 0xFF, 0xFF, 0xFF, 0xFF, 0xFF, 0xFF, 0xFF, 0xFF, 0xFF, 0xFF, 0xFF, 0xFF, 0xFF, 0xFF,
  0xFF, 0xFF, 0xFF, 0xFF, 0xFF, 0xFF, 0xFF, 0xFF, 0xFF, 0xFF, 0xFF, 0xFF, 0xFF, 0xFF, 0xFF, 0xFF, 0xFF, 0xFF, 0xFF, 0xFF, 0xFF, 0xFF, 0xFF, 0xFF,
  0xFF, 0xFF, 0xFF, 0xFF, 0xFF, 0xFF, 0xFF, 0xFF, 0xFF, 0xFF, 0xFF, 0xFF, 0xFF, 0xFF, 0xFF, 0xFF, 0xFF, 0xFF, 0xFF, 0xFF, 0xFF, 0xFF, 0xFF, 0xFF,
  0xFF, 0xFF, 0xFF, 0xFF, 0xFF, 0xFF, 0xFF, 0xFF, 0xFF, 0xFF, 0xFF, 0xFF, 0xFF, 0xFF, 0xFF, 0xFF, 0xFF, 0xFF, 0xFF, 0xFF, 0xFF, 0xFF, 0xFF, 0xFF,
  0xFF, 0xFF, 0xFF, 0xFF, 0xFF, 0xFF, 0xFF, 0xFF, 0xFF, 0xFF, 0xFF, 0xFF, 0xFF, 0xFF, 0xFF, 0xFF, 0xFF, 0xFF, 0xFF, 0xFF, 0xFF, 0xFF, 0xFF, 0xFF,
  0xFF, 0xFF, 0xFF, 0xFF, 0xFF, 0xFF, 0xFF, 0xFF, 0xFF, 0xFF, 0xFF, 0xFF, 0xFF, 0xFF, 0xFF, 0xFF, 0xFF, 0xFF, 0xFF, 0xFF, 0xFF, 0xFF, 0xFF, 0xFF,
  0xFF, 0xFF, 0xFF, 0xFF, 0xFF, 0xFF, 0xFF, 0xFF, 0xFF, 0xFF, 0xFF, 0xFF, 0xFF, 0xFF, 0xFF, 0xFF, 0xFF, 0xFF, 0xFF, 0xFF, 0xFF, 0xFF, 0xFF, 0xFF,
  0xFF, 0xFF, 0xFF, 0xFF, 0xFF, 0xFF, 0xFF, 0xFF, 0xFF, 0xFF, 0xFF, 0xFF, 0xFF, 0xFF, 0xFF, 0xFF, 0xFF, 0xFF, 0xFF, 0xFF, 0xFF, 0xFF, 0xFF, 0xFF,
  0xFF, 0xFF, 0xFF, 0xFF, 0xFF, 0xFF, 0xFF, 0xFF, 0xFF, 0xFF, 0xFF, 0xFF, 0xFF, 0xFF, 0xFF, 0xFF, 0xFF, 0xFF, 0xFF, 0xFF, 0xFF, 0xFF, 0xFF, 0xFF,
  0xFF, 0xFF, 0xFF, 0xFF, 0xFF, 0xFF, 0xFF, 0xFF, 0xFF, 0xFF, 0xFF, 0xFF, 0xFF, 0xFF, 0xFF, 0xFF, 0xFF, 0xFF, 0xFF, 0xFF, 0xFF, 0xFF, 0xFF, 0xFF,
  0xFF, 0xFF, 0xFF, 0xFF, 0xFF, 0xFF, 0xFF, 0xFF, 0xFF, 0xFF, 0xFF, 0xFF, 0xFF, 0xFF, 0xFF, 0xFF, 0xFF, 0xFF, 0xFF, 0xFF, 0xFF, 0xFF, 0xFF, 0xFF,
  0xFF, 0xFF, 0xFD, 0xEF, 0x7B, 0xDE, 0xF7, 0xBD, 0xEF, 0x7B, 0xDE, 0xF7, 0xBE, 0xEF, 0xBD, 0xDE, 0xF7, 0xBD, 0xEF, 0x7B, 0xDE, 0xF7, 0xBD, 0xEF,
  0x7B, 0xDE, 0xF7, 0xBE, 0xF7, 0x7B, 0xDE, 0xF7, 0xBD, 0xEF, 0x7F, 0xFF, 0xFF, 0xFF, 0xFF, 0xFF, 0xFF, 0xFF, 0xFF, 0xFF, 0xFF, 0xFF, 0xFF, 0xFF,
  0xFF, 0xFF, 0xFF, 0xFF, 0xFF, 0xFF, 0xFF, 0xFF, 0xFF, 0xFF, 0xFF, 0xFF, 0xFF, 0xFF, 0xFF, 0xFF, 0xFF, 0xFF, 0xFF, 0xFF, 0xFF, 0xFF, 0xFF, 0xFF,
  0xFF, 0xFF, 0xFF, 0xFF, 0xFF, 0xFF, 0xFF, 0xFF, 0xFF, 0xFF, 0xFF, 0xFF, 0xFF, 0xFF, 0xFF, 0xFF, 0xFF, 0xFF, 0xFF, 0xFF, 0xFF, 0xFF, 0xFF, 0xFF,
  0xFF, 0xFF, 0xFF, 0xFF, 0xFF, 0xFF, 0xFF, 0xFF, 0xFF, 0xFF, 0xFF, 0xFF, 0xFF, 0xFF, 0xFF, 0xFF, 0xFF, 0xFF, 0xFF, 0xFF, 0xFF, 0xFF, 0xFF, 0xFF,
  0xFF, 0xFF, 0xFF, 0xFF, 0xFF, 0xFF, 0xFF, 0xFF, 0xFF, 0xFF, 0xFF, 0xFF, 0xFF, 0xFF, 0xFF, 0xFF, 0xFF, 0xFF, 0xFF, 0xFF, 0xFF, 0xFF, 0xFF, 0xFF,
  0xFF, 0xFF, 0xFF, 0xFF, 0xFF, 0xFF, 0xFF, 0xFF, 0xFF, 0xFF, 0xFF, 0xFF, 0xFF, 0xFF, 0xFF, 0xFF, 0xFF, 0xFF, 0xFF, 0xFF, 0xFF, 0xFF, 0xFF, 0xFF,
  0xFF, 0xFF, 0xFF, 0xFF, 0xFF, 0xFF, 0xFF, 0xFF, 0xFF, 0xFF, 0xFF, 0xFF, 0xFF, 0xFF, 0xFF, 0xFF, 0xFF, 0xFF, 0xFF, 0xFF, 0xFF, 0xFF, 0xFF, 0xFF,
  0xFF, 0xFF, 0xFF, 0xFF, 0xFF, 0xFF, 0xFF, 0xFF, 0xFF, 0xFF, 0xFF, 0xFF, 0xFF, 0xFF, 0xFF, 0xFF, 0xFF, 0xFF, 0xFF, 0xFF, 0xFF, 0xFF, 0xFF, 0xFF,
  0xFF, 0xFF, 0xFF, 0xFF, 0xFF, 0xFF, 0xFF, 0xFF, 0xFF, 0xFF, 0xFF, 0xFF, 0xFF, 0xFF, 0xFF, 0xFF, 0xFF, 0xFF, 0xFF, 0xFF, 0xFF, 0xFF, 0xFF, 0xFF,
  0xFF, 0xFF, 0xFF, 0xFF, 0xFF, 0xFF, 0xFF, 0xFF, 0xFF, 0xFF, 0xFF, 0xFF, 0xFF, 0xFF, 0xFF, 0xFF, 0xFF, 0xFF, 0xFF, 0xFF, 0xFF, 0xFF, 0xFF, 0xFF,
  0xFF, 0xFF, 0xFF, 0xFF, 0xFF, 0xFF, 0xFF, 0xFF, 0xFF, 0xFF, 0xFF, 0xFF, 0xFF, 0xFF, 0xFF, 0xFF, 0xFF, 0xFF, 0xFF, 0xFF, 0xFF, 0xFF, 0xFF, 0xFF,
  0xFF, 0xFF, 0xFF, 0xFF, 0xFF, 0xFF, 0xFF, 0xFF, 0xFF, 0xFF, 0xFF, 0xFF, 0xFF, 0xFF, 0xFF, 0xFF, 0xFF, 0xFF, 0xFF, 0xFF, 0xFF, 0xFB, 0xDE, 0xF7,
  0xBE, 0xEF, 0xBB, 0xDE, 0xF7, 0xBD, 0xEF, 0x7B, 0xDE, 0xF7, 0xBD, 0xEF, 0x7B, 0xDE, 0xF7, 0xBF, 0xFF, 0xFF, 0xFF, 0xFF, 0xFF, 0xFF, 0xFF, 0xFF,
  0xFF, 0xFF, 0xFF, 0xFF, 0xFF, 0xFF, 0xFF, 0xFF, 0xFF, 0xFF, 0xFF, 0xFF, 0xFF, 0xFF, 0xFF, 0xFF, 0xFF, 0xFF, 0xFF, 0xFF, 0xFF, 0xFF, 0xFF, 0xFF,
  0xFF, 0xFF, 0xFF, 0xFF, 0xFF, 0xFF, 0xFF, 0xFF, 0xFF, 0xFF, 0xFF, 0xFF, 0xFF, 0xFF, 0xFF, 0xFF, 0xFF, 0xFF, 0xFF, 0xFF, 0xFF, 0xFF, 0xFF, 0xFF,
  0xFF, 0xFF, 0xFF, 0xFF, 0xFF, 0xFF, 0xFF, 0xFF, 0xFF, 0xFF, 0xFF, 0xFF, 0xFF, 0xFF, 0xFF, 0xFF, 0xFF, 0xFF, 0xFF, 0xFF, 0xFF, 0xFF, 0xFF, 0xFF,
  0xFF, 0xFF, 0xFF, 0xFF, 0xFF, 0xFF, 0xFF, 0xFF, 0xFF, 0xFF, 0xFF, 0xFF, 0xFF, 0xFF, 0xFF, 0xFF, 0xFF, 0xFF, 0xFF, 0xFF, 0xFF, 0xFF, 0xFF, 0xFF,
  0xFF, 0xFF, 0xFF, 0xFF, 0xFF, 0xFF, 0xFF, 0xFF, 0xFF, 0xFF, 0xFF, 0xFF, 0xFF, 0xFF, 0xFF, 0xFF, 0xFF, 0xFF, 0xFF, 0xFF, 0xFF, 0xFF, 0xFF, 0xFF,
  0xFF, 0xFF, 0xFF, 0xFF, 0xFF, 0xFF, 0xFF, 0xFF, 0xFF, 0xFF, 0xFF, 0xFF, 0xFF, 0xFF, 0xFF, 0xFF, 0xFF, 0xFF, 0xFF, 0xFF, 0xFF, 0xFF, 0xFF, 0xFF,
  0xFF, 0xFF, 0xFF, 0xFF, 0xFF, 0xFF, 0xFF, 0xFF, 0xFF, 0xFF, 0xFF, 0xFF, 0xFF, 0xFF, 0xFF, 0xFF, 0xFF, 0xFF, 0xFF, 0xFF, 0xFF, 0xFF, 0xFF, 0xFF,
  0xFF, 0xFF, 0xFF, 0xFF, 0xFF, 0xFF, 0xFF, 0xFF, 0xFF, 0xFF, 0xFF, 0xFF, 0xFF, 0xFF, 0xFF, 0xFF, 0xFF, 0xFF, 0xFF, 0xFF, 0xFF, 0xFF, 0xFF, 0xFF,
  0xFF, 0xFF, 0xFF, 0xFF, 0xFF, 0xFF, 0xFF, 0xFF, 0xFF, 0xFF, 0xFF, 0xFF, 0xFF, 0xFF, 0xFF, 0xFF, 0xFF, 0xFF, 0xFF, 0xFF, 0xFF, 0xFF, 0xFF, 0xFF,
  0xFF, 0xFF, 0xFF, 0xFF, 0xFF, 0xFF, 0xFF, 0xFF, 0xFF, 0xFF, 0xFF, 0xFF, 0xFF, 0xFF, 0xFF, 0xFF, 0xFF, 0xFF, 0xFF, 0xFF, 0xFF, 0xFF, 0xFF, 0xFF,
  0xFF, 0xFF, 0xFF, 0xFF, 0xFF, 0xFF, 0xFF, 0xFF, 0xFF, 0xFF, 0xFF, 0xFF, 0xFF, 0xFF, 0xFF, 0xFF, 0xFF, 0xFF, 0xFF, 0xFF, 0xFF, 0xFF, 0xFF, 0xFF,
  0xFF, 0xFF, 0xFF, 0xFF, 0xFF, 0xFF, 0xFF, 0xFF, 0xFF, 0xFF, 0xFF, 0xFF, 0xFF, 0xFF, 0xFF, 0xFF, 0xFF, 0xFF, 0xFF, 0xFF, 0xFF, 0xFF, 0xFF, 0xFF,
  0xFF, 0xFF, 0xFF, 0xFF, 0xFF, 0xFF, 0xFF, 0xFF, 0xFF, 0xFF, 0xFF, 0xFF, 0xFF, 0xFF, 0xFF, 0xFF, 0xFF, 0xFF, 0xFF, 0xFF, 0xFF, 0xFF, 0xFF, 0xFF,
  0xFF, 0xFF, 0xFF, 0xFF, 0xFF, 0xFF, 0xFF, 0xFF, 0xFF, 0xFF, 0xFF, 0xFF, 0xFF, 0xFF, 0xFF, 0xFF, 0xFF, 0xFF, 0xFF, 0xFF, 0xFF, 0xFF, 0xFF, 0xFF,
  0xFF, 0xFF, 0xFF, 0xFF, 0xFF, 0xFF, 0xFF, 0xFF, 0xFF, 0xFF, 0xFF, 0xFF, 0xFF, 0xFF, 0xFF, 0xFF, 0xFF, 0xFF, 0xFF, 0xFF, 0xFF, 0xFF, 0xFF, 0xFF,
  0xFF, 0xFF, 0xFF, 0xFF, 0xFF, 0xFF, 0xFF, 0xFF, 0xFF, 0xFF, 0xFF, 0xFF, 0xFF, 0xFF, 0xFF, 0xFF, 0xFF, 0xFF, 0xFF, 0xFF, 0xFF, 0xFF, 0xFF, 0xFF,
  0xFF, 0xFF, 0xFF, 0xFF, 0xFF, 0xFF, 0xFF, 0xFF, 0xFF, 0xFF, 0xFF, 0xFF, 0xFF, 0xFF, 0xFF, 0xFF, 0xFF, 0xFF, 0xFF, 0xFF, 0xFF, 0xFF, 0xFF, 0xFF,
  0xFF, 0xFF, 0xFF, 0xFF, 0xFF, 0xFF, 0xFF, 0xFF, 0xFF, 0xFF, 0xFF, 0xFF, 0xFF, 0xFF, 0xFF, 0xFF, 0xFF, 0xFF, 0xFF, 0xFF, 0xFF, 0xFF, 0xFF, 0xFF,
  0xFF, 0xFF, 0xFF, 0xFF, 0xFF, 0xFF, 0xFF, 0xFF, 0xFF, 0xFF, 0xFF, 0xFF, 0xFF, 0xFF, 0xFF, 0xFF, 0xFF, 0xFF, 0xFF, 0xFF, 0xFF, 0xFF, 0xFF, 0xFF,
  0xFF, 0xFF, 0xFF, 0xFF, 0xFF, 0xFF, 0xFF, 0xFF, 0xFF, 0xFF, 0xFF, 0xFF, 0xFF, 0xFF, 0xFF, 0xFF, 0xFF, 0xFF, 0xFF, 0xFF, 0xFF, 0xFF, 0xFF, 0xFF,
  0xFF, 0xFF, 0xFF, 0xFF, 0xFF, 0xFF, 0xFF, 0xFF, 0xFF, 0xFF, 0xFF, 0xFF, 0xFF, 0xFF, 0xFF, 0xFF, 0xFF, 0xFF, 0xFF, 0xFF, 0xFF, 0xFF, 0xFF, 0xFF,
  0xFF, 0xFF, 0xFF, 0xFF, 0xFF, 0xFF, 0xFF, 0xFF, 0xFF, 0xFF, 0xFF, 0xFF, 0xFF, 0xFF, 0xFF, 0xFF, 0xFF, 0xFF, 0xFF, 0xFF, 0xFF, 0xFF, 0xFF, 0xFF,
  0xFF, 0xFF, 0xFF, 0xFF, 0xFF, 0xFF, 0xFF, 0xFF, 0xFF, 0xFF, 0xFF, 0xFF, 0xFF, 0xFF, 0xFF, 0xFF, 0xFF, 0xFF, 0xFF, 0xFF, 0xFF, 0xFF, 0xFF, 0xFF,
  0xFF, 0xFF, 0xFF, 0xFF, 0xFF, 0xFF, 0xFF, 0xFF, 0xFF, 0xFF, 0xFF, 0xFF, 0xFF, 0xFF, 0xFF, 0xFF, 0xFF, 0xFF, 0xFF, 0xFF, 0xFF, 0xFF, 0xFF, 0xFF,
  0xFF, 0xFF, 0xFF, 0xFF, 0xFF, 0xFF, 0xFF, 0xFF, 0xFF, 0xFF, 0xFF, 0xFF, 0xFF, 0xFF, 0xFF, 0xFF, 0xFF, 0xFF, 0xFF, 0xFF, 0xFF, 0xFF, 0xFF, 0xFF,
  0xFF, 0xFF, 0xFF, 0xFF, 0xFF, 0xFF, 0xFF, 0xFF, 0xFF, 0xFF, 0xFF, 0xFF, 0xFF, 0xFF, 0xFF, 0xFF, 0xFF, 0xFF, 0xFF, 0xFF, 0xFF, 0xFF, 0xFF, 0xFF,
  0xFF, 0xFF, 0xFF, 0xFF, 0xFF, 0xFF, 0xFF, 0xFF, 0xFF, 0xFF, 0xFF, 0xFF, 0xFF, 0xFF, 0xFF, 0xFF, 0xFF, 0xFF, 0xFF, 0xFF, 0xFF, 0xFF, 0xFF, 0xFF,
  0xFF, 0xFF, 0xFF, 0xFF, 0xFF, 0xFF, 0xFF, 0xFF, 0xFF, 0xFF, 0xFF, 0xFF, 0xFF, 0xFF, 0xFF, 0xFF, 0xFF, 0xFF, 0xFF, 0xFF, 0xFF, 0xFF, 0xFF, 0xFF,
  0xFF, 0xFF, 0xFF, 0xFF, 0xFF, 0xFF, 0xFF, 0xFF, 0xFF, 0xFF, 0xFF, 0xFF, 0xFF, 0xFF, 0xFF, 0xFF, 0xFF, 0xFF, 0xFF, 0xFF, 0xFF, 0xFF, 0xFF, 0xFF,
  0xFF, 0xFF, 0xFF, 0xFF, 0xFF, 0xFF, 0xFF, 0xFF, 0xFF, 0xFF, 0xFF, 0xFF, 0xFF, 0xFF, 0xFF, 0xFF, 0xFF, 0xFF, 0xFF, 0xFF, 0xFF, 0xFF, 0xFF, 0xFF,
  0xFF, 0xFF, 0xFF, 0xFF, 0xFF, 0xFF, 0xFF, 0xFF, 0xFF, 0xFF, 0xFF, 0xFF, 0xFF, 0xFF, 0xFF, 0xFF, 0xFF, 0xFF, 0xFF, 0xFF, 0xFF, 0xFF, 0xFF, 0xFF,
  0xFF, 0xFF, 0xFF, 0xFF, 0xFF, 0xFF, 0xFF, 0xFF, 0xFF, 0xFF, 0xFF, 0xFF, 0xFF, 0xFF, 0xFF, 0xFF, 0xFF, 0xFF, 0xFF, 0xFF, 0xFF, 0xFF, 0xFF, 0xFF,
  0xFF, 0xFF, 0xFF, 0xFF, 0xFF, 0xFF, 0xFF, 0xFF, 0xFF, 0xFF, 0xFF, 0xFF, 0xFF, 0xFF, 0xFF, 0xFF, 0xFF, 0xFF, 0xFF, 0xFF, 0xFF, 0xFF, 0xFF, 0xFF,
  0xFF, 0xFF, 0xFF, 0xFF, 0xFF, 0xFF, 0xFF, 0xFF, 0xFF, 0xFF, 0xFF, 0xFF, 0xFF, 0xFF, 0xFF, 0xFF, 0xFF, 0xFF, 0xFF, 0xFF, 0xFF, 0xFF, 0xFF, 0xFF,
  0xFF, 0xFF, 0xFF, 0xFF, 0xFF, 0xFF, 0xFF, 0xFF, 0xFF, 0xFF, 0xFF, 0xFF, 0xFF, 0xFF, 0xFF, 0xFF, 0xFF, 0xFF, 0xFF, 0xFF, 0xFF, 0xFF, 0xFF, 0xFF,
  0xFF, 0xFF, 0xFF, 0xFF, 0xFF, 0xFF, 0xFF, 0xFF, 0xFF, 0xFF, 0xFF, 0xFF, 0xFF, 0xFF, 0xFF, 0xFF, 0xFF, 0xFF, 0xFF, 0xFF, 0xFF, 0xFF, 0xFF, 0xFF,
  0xFF, 0xFF, 0xFF, 0xFF, 0xFF, 0xFF, 0xFF, 0xFF, 0xFF, 0xFF, 0xFF, 0xFF, 0xFF, 0xFF, 0xFF, 0xFF, 0xFF, 0xFF, 0xFF, 0xFF, 0xFF, 0xFF, 0xFF, 0xFF,
  0xFF, 0xFF, 0xFF, 0xFF, 0xFF, 0xFF, 0xFF, 0xFF, 0xFF, 0xFF, 0xFF, 0xFF, 0xFF, 0xFF, 0xFF, 0xFF, 0xFF, 0xFF, 0xFF, 0xFF, 0xFF, 0xFF, 0xFF, 0xFF,
  0xFF, 0xFF, 0xFF, 0xFF, 0xFF, 0xFF, 0xFF, 0xFF, 0xFF, 0xFF, 0xFF, 0xFF, 0xFF, 0xFF, 0xFF, 0xFF, 0xFF, 0xFF, 0xFF, 0xFF, 0xFF, 0xFF, 0xFF, 0xFF,
  0xFF, 0xFF, 0xFF, 0xFF, 0xFF, 0xFF, 0xFF, 0xFF, 0xFF, 0xFF, 0xFF, 0xFF, 0xFF, 0xFF, 0xFF, 0xFF, 0xFF, 0xFF, 0xFF, 0xFF, 0xFF, 0xFF, 0xFF, 0xFF,
  0xFF, 0xFF, 0xFF, 0xFF, 0xFF, 0xFF, 0xFF, 0xFF, 0xFF, 0xFF, 0xFF, 0xFF, 0xFF, 0xFF, 0xFF, 0xFF, 0xFF, 0xFF, 0xFF, 0xFF, 0xFF, 0xFF, 0xFF, 0xFF,
  0xFF, 0xFF, 0xFF, 0xFF, 0xFF, 0xFF, 0xFF, 0xFF, 0xFF, 0xFF, 0xFF, 0xFF, 0xFF, 0xFF, 0xFF, 0xFF, 0xFF, 0xFF, 0xFF, 0xFF, 0xFF, 0xFF, 0xFF, 0xFF,
  0xFF, 0xFF, 0xFF, 0xFF, 0xFF, 0xFF, 0xFF, 0xFF, 0xFF, 0xFF, 0xFF, 0xFF, 0xFF, 0xFF, 0xFF, 0xFF, 0xFF, 0xFF, 0xFF, 0xFF, 0xFF, 0xFF, 0xFF, 0xFF,
  0xFF, 0xFF, 0xFF, 0xFF, 0xFF, 0xFF, 0xFF, 0xFF, 0xFF, 0xFF, 0xFF, 0xFF, 0xFF, 0xFF, 0xFF, 0xFF, 0xFF, 0xFF, 0xFF, 0xFF, 0xFF, 0xFF, 0xFF, 0xFF,
  0xFF, 0xFF, 0xFF, 0xFF, 0xFF, 0xFF, 0xFF, 0xFF, 0xFF, 0xFF, 0xFF, 0xFF, 0xFF, 0xFF, 0xFF, 0xFF, 0xFF, 0xFF, 0xFF, 0xFF, 0xFF, 0xFF, 0xFF, 0xFF,
  0xFF, 0xFF, 0xFF, 0xFF, 0xFF, 0xFF, 0xFF, 0xFF, 0xFF, 0xFF, 0xFF, 0xFF, 0xFF, 0xFF, 0xFF, 0xFF, 0xFF, 0xFF, 0xFF, 0xFF, 0xFF, 0xFF, 0xFF, 0xFF,
  0xFF, 0xFF, 0xFF, 0xFF, 0xFF, 0xFF, 0xFF, 0xFF, 0xFF, 0xFF, 0xFF, 0xFF, 0xFF, 0xFF, 0xFF, 0xFF, 0xFF, 0xFF, 0xFF, 0xFF, 0xFF, 0xFF, 0xFF, 0xFF,
  0xFF, 0xFF, 0xFF, 0xFF, 0xFF, 0xFF, 0xFF, 0xFF, 0xFF, 0xFF, 0xFF, 0xFF, 0xFF, 0xFF, 0xFF, 0xFF, 0xFF, 0xFF, 0xFF, 0xFF, 0xFF, 0xFF, 0xFF, 0xFF,
  0xFF, 0xFF, 0xFF, 0xFF, 0xFF, 0xFF, 0xFF, 0xFF, 0xFF, 0xFF, 0xFF, 0xFF, 0xFF, 0xFF, 0xFF, 0xFF, 0xFF, 0xFF, 0xFF, 0xFF, 0xFF, 0xFF, 0xFF, 0xFF,
  0xFF, 0xFF, 0xFF, 0xFF, 0xFF, 0xFF, 0xFF, 0xFF, 0xFF, 0xFF, 0xFF, 0xFF, 0xFF, 0xFF, 0xFF, 0xFF, 0xFF, 0xFF, 0xFF, 0xFF, 0xFF, 0xFF, 0xFF, 0xFF,
  0xFF, 0xFF, 0xFF, 0xFF, 0xFF, 0xFF, 0xFF, 0xFF, 0xFF, 0xFF, 0xFF, 0xFF, 0xFF, 0xFF, 0xFF, 0xFF, 0xFF, 0xFF, 0xFF, 0xFF, 0xFF, 0xFF, 0xFF, 0xFF,
  0xFF, 0xFF, 0xFF, 0xFF, 0xFF, 0xFF, 0xFF, 0xFF, 0xFF, 0xFF, 0xFF, 0xFF, 0xFF, 0xFF, 0xFF, 0xFF, 0xFF, 0xFF, 0xFF, 0xFF, 0xFF, 0xFF, 0xFF, 0xFF,
  0xFF, 0xFF, 0xFF, 0xFF, 0xFF, 0xFF, 0xFF, 0xFF, 0xFF, 0xFF, 0xFF, 0xFF, 0xFF, 0xFF, 0xFF, 0xFF, 0xFF, 0xFF, 0xFF, 0xFF, 0xFF, 0xFF, 0xFF, 0xFF,
  0xFF, 0xFF, 0xFF, 0xFF, 0xFF, 0xFF, 0xFF, 0xFF, 0xFF, 0xFF, 0xFF, 0xFF, 0xFF, 0xFF, 0xFF, 0xFF, 0xFF, 0xFF, 0xFF, 0xFF, 0xFF, 0xFF, 0xFF, 0xFF,
  0xFF, 0xFF, 0xFF, 0xFF, 0xFF, 0xFF, 0xFF, 0xFF, 0xFF, 0xFF, 0xFF, 0xFF, 0xFF, 0xFF, 0xFF, 0xFF, 0xFF, 0xFF, 0xFF, 0xFF, 0xFF, 0xFF, 0xFF, 0xFF,
  0xFF, 0xFF, 0xFF, 0xFF, 0xFF, 0xFF, 0xFF, 0xFF, 0xFF, 0xFF, 0xFF, 0xFF, 0xFF, 0xFF, 0xFF, 0xFF, 0xFF, 0xFF, 0xFF, 0xFF, 0xFF, 0xFF, 0xFF, 0xFF,
  0xFF, 0xFF, 0xFF, 0xFF, 0xFF, 0xFF, 0xFF, 0xFF, 0xFF, 0xFF, 0xFF, 0xFF, 0xFF, 0xFF, 0xFF, 0xFF, 0xFF, 0xFF, 0xFF, 0xFF, 0xFF, 0xFF, 0xFF, 0xFF,
  0xFF, 0xFF, 0xFF, 0xFF, 0xFF, 0xFF, 0xFF, 0xFF, 0xFF, 0xFF, 0xFF, 0xFF, 0xFF, 0xFF, 0xFF, 0xFF, 0xFF, 0xFF, 0xFF, 0xFF, 0xFF, 0xFF, 0xFF, 0xFF,
  0xFF, 0xFF, 0xFF, 0xFF, 0xFF, 0xFF, 0xFF, 0xFF, 0xFF, 0xFF, 0xFF, 0xFF, 0xFF, 0xFF, 0xFF, 0xFF, 0xFF, 0xFF, 0xFF, 0xFF, 0xFF, 0xFF, 0xFF, 0xFF,
  0xFF, 0xFF, 0xFF, 0xFF, 0xFF, 0xFF, 0xFF, 0xFF, 0xFF, 0xFF, 0xFF, 0xFF, 0xFF, 0xFF, 0xFF, 0xFF, 0xFF, 0xFF, 0xFF, 0xFF, 0xFF, 0xFF, 0xFF, 0xFF,
  0xFF, 0xFF, 0xFF, 0xFF, 0xFF, 0xFF, 0xFF, 0xFF, 0xFF, 0xFF, 0xFF, 0xFF, 0xFF, 0xFF, 0xFF, 0xFF, 0xFF, 0xFF, 0xFF, 0xFF, 0xFF, 0xFF, 0xFF, 0xFF,
  0xFF, 0xFF, 0xFF, 0xFF, 0xFF, 0xFF, 0xFF, 0xFF, 0xFF, 0xFF, 0xFF, 0xFF, 0xFF, 0xFF, 0xFF, 0xFF, 0xFF, 0xFF, 0xFF, 0xFF, 0xFF, 0xFF, 0xFF, 0xFF,
  0xFF, 0xFF, 0xFF, 0xFF, 0xFF, 0xFF, 0xFF, 0xFF, 0xFF, 0xFF, 0xFF, 0xFF, 0xFF, 0xFF, 0xFF, 0xFF, 0xFF, 0xFF, 0xFF, 0xFF, 0xFF, 0xFF, 0xFF, 0xFF,
  0xFF, 0xFF, 0xFF, 0xFF, 0xFF, 0xFF, 0xFF, 0xFF, 0xFF, 0xFF, 0xFF, 0xFF, 0xFF, 0xFF, 0xFF, 0xFF, 0xFF, 0xFF, 0xFF, 0xFF, 0xFF, 0xFF, 0xFF, 0xFF,
  0xFF, 0xFF, 0xFF, 0xFF, 0xFF, 0xFF, 0xFF, 0xFF, 0xFF, 0xFF, 0xFF, 0xFF, 0xFF, 0xFF, 0xFF, 0xFF, 0xFF, 0xFF, 0xFF, 0xFF, 0xFF, 0xFF, 0xFF, 0xFF,
  0xFF, 0xFF, 0xFF, 0xFF, 0xFF, 0xFF, 0xFF, 0xFF, 0xFF, 0xFF, 0xFF, 0xFF, 0xFF, 0xFF, 0xFF, 0xFF, 0xFF, 0xFF, 0xFF, 0xFF, 0xFF, 0xFF, 0xFF, 0xFF,
  0xFF, 0xFF, 0xFF, 0xFF, 0xFF, 0xFF, 0xFF, 0xFF, 0xFF, 0xFF, 0xFF, 0xFF, 0xFF, 0xFF, 0xFF, 0xFF, 0xFF, 0xFF, 0xFF, 0xFF, 0xFF, 0xFF, 0xFF, 0xFF,
  0xFF, 0xFF, 0xFF, 0xFF, 0xFF, 0xFF, 0xFF, 0xFF, 0xFF, 0xFF, 0xFF, 0xFF, 0xFF, 0xFF, 0xFF, 0xFF, 0xFF, 0xFF, 0xFF, 0xFF, 0xFF, 0xFF, 0xFF, 0xFF,
  0xFF, 0xFF, 0xFF, 0xFF, 0xFF, 0xFF, 0xFF, 0xFF, 0xFF, 0xFF, 0xFF, 0xFF, 0xFF, 0xFF, 0xFF, 0xFF, 0xFF, 0xFF, 0xFF, 0xFF, 0xFF, 0xFF, 0xFF, 0xFF,
  0xFF, 0xFF, 0xFF, 0xFF, 0xFF, 0xFF, 0xFF, 0xFF, 0xFF, 0xFF, 0xFF, 0xFF, 0xFF, 0xFF, 0xFF, 0xFF, 0xFF, 0xFF, 0xFF, 0xFF, 0xFF, 0xFF, 0xFF, 0xFF,
  0xFF, 0xFF, 0xFF, 0xFF, 0xFF, 0xFF, 0xFF, 0xFF, 0xFF, 0xFF, 0xFF, 0xFF, 0xFF, 0xFF, 0xFF, 0xFF, 0xFF, 0xFF, 0xFF, 0xFF, 0xFF, 0xFF, 0xFF, 0xFF,
  0xFF, 0xFF, 0xFF, 0xFF, 0xFF, 0xFF, 0xFF, 0xFF, 0xFF, 0xFF, 0xFF, 0xFF, 0xFF, 0xFF, 0xFF, 0xFF, 0xFF, 0xFF, 0xFF, 0xFF, 0xFF, 0xFF, 0xFF, 0xFF,
  0xFF, 0xFF, 0xFF, 0xFF, 0xFF, 0xFF, 0xFF, 0xFF, 0xFF, 0xFF, 0xFF, 0xFF, 0xFF, 0xFF, 0xFF, 0xFF, 0xFF, 0xFF, 0xFF, 0xFF, 0xFF, 0xFF, 0xFF, 0xFF,
  0xFF, 0xFF, 0xFF, 0xFF, 0xFF, 0xFF, 0xFF, 0xFF, 0xFF, 0xFF, 0xFF, 0xFF, 0xFF, 0xFF, 0xFF, 0xFF, 0xFF, 0xFF, 0xFF, 0xFF, 0xFF, 0xFF, 0xFF, 0xFF,
  0xFF, 0xFF, 0xFF, 0xFF, 0xFF, 0xFF, 0xFF, 0xFF, 0xFF, 0xFF, 0xFF, 0xFF, 0xFF, 0xFF, 0xFF, 0xFF, 0xFF, 0xFF, 0xFF, 0xFF, 0xFF, 0xFF, 0xFF, 0xFF,
  0xFF, 0xFF, 0xFF, 0xFF, 0xFF, 0xFF, 0xFF, 0xFF, 0xFF, 0xFF, 0xFF, 0xFF, 0xFF, 0xFF, 0xFF, 0xFF, 0xFF, 0xFF, 0xFF, 0xFF, 0xFF, 0xFF, 0xFF, 0xFF,
  0xFF, 0xFF, 0xFF, 0xFF, 0xFF, 0xFF, 0xFF, 0xFF, 0xFF, 0xFF, 0xFF, 0xFF, 0xFF, 0xFF, 0xFF, 0xFF, 0xFF, 0xFF, 0xFF, 0xFF, 0xFF, 0xFF, 0xFF, 0xFF,
  0xFF, 0xFF, 0xFF, 0xFF, 0xFF, 0xFF, 0xFF, 0xFF, 0xFF, 0xFF, 0xFF, 0xFF, 0xFF, 0xFF, 0xFF, 0xFF, 0xFF, 0xFF, 0xFF, 0xFF, 0xFF, 0xFF, 0xFF, 0xFF,
  0xFF, 0xFF, 0xFF, 0xFF, 0xFF, 0xFF, 0xFF, 0xFF, 0xFF, 0xFF, 0xFF, 0xFF, 0xFF, 0xFF, 0xFF, 0xFF, 0xFF, 0xFF, 0xFF, 0xFF, 0xFF, 0xFF, 0xFF, 0xFF,
  0xFF, 0xFF, 0xFF, 0xFF, 0xFF, 0xFF, 0xFF, 0xFF, 0xFF, 0xFF, 0xFF, 0xFF, 0xFF, 0xFF, 0xFF, 0xFF, 0xFF, 0xFF, 0xFF, 0xFF, 0xFF, 0xFF, 0xFF, 0xFF,
  0xFF, 0xFF, 0xFF, 0xFF, 0xFF, 0xFF, 0xFF, 0xFF, 0xFF, 0xFF, 0xFF, 0xFF, 0xFF, 0xFF, 0xFF, 0xFF, 0xFF, 0xFF, 0xFF, 0xFF, 0xFF, 0xFF, 0xFF, 0xFF,
  0xFF, 0xFF, 0xFF, 0xFF, 0xFF, 0xFF, 0xFF, 0xFF, 0xFF, 0xFF, 0xFF, 0xFF, 0xFF, 0xFF, 0xFF, 0xFF, 0xFF, 0xFF, 0xFF, 0xFF, 0xFF, 0xFF, 0xFF, 0xFF,
  0xFF, 0xFF, 0xFF, 0xFF, 0xFF, 0xFF, 0xFF, 0xFF, 0xFF, 0xFF, 0xFF, 0xFF, 0xFF, 0xFF, 0xFF, 0xFF, 0xFF, 0xFF, 0xFF, 0xFF, 0xFF, 0xFF, 0xFF, 0xFF,
  0xFF, 0xFF, 0xFF, 0xFF, 0xFF, 0xFF, 0xFF, 0xFF, 0xFF, 0xFF, 0xFF, 0xFF, 0xFF, 0xFF, 0xFF, 0xFF, 0xFF, 0xFF, 0xFF, 0xFF, 0xFF, 0xFF, 0xFF, 0xFF,
  0xFF, 0xFF, 0xFF, 0xFF, 0xFF, 0xFF, 0xFF, 0xFF, 0xFF, 0xFF, 0xFF, 0xFF, 0xFF, 0xFF, 0xFF, 0xFF, 0xFF, 0xFF, 0xFF, 0xFF, 0xFF, 0xFF, 0xFF, 0xFF,
  0xFF, 0xFF, 0xFF, 0xFF, 0xFF, 0xFF, 0xFF, 0xFF, 0xFF, 0xFF, 0xFF, 0xFF, 0xFF, 0xFF, 0xFF, 0xFF, 0xFF, 0xFF, 0xFF, 0xFF, 0xFF, 0xFF, 0xFF, 0xFF,
  0xFF, 0xFF, 0xFF, 0xFF, 0xFF, 0xFF, 0xFF, 0xFF, 0xFF, 0xFF, 0xFF, 0xFF, 0xFF, 0xFF, 0xFF, 0xFF, 0xFF, 0xFF, 0xFF, 0xFF, 0xFF, 0xFF, 0xFF, 0xFF,
  0xFF, 0xFF, 0xFF, 0xFF, 0xFF, 0xFF, 0xFF, 0xFF, 0xFF, 0xFF, 0xFF, 0xFF, 0xFF, 0xFF, 0xFF, 0xFF, 0xFF, 0xFF, 0xFF, 0xFF, 0xFF, 0xFF, 0xFF, 0xFF,
  0xFF, 0xFF, 0xFF, 0xFF, 0xFF, 0xFF, 0xFF, 0xFF, 0xFF, 0xFF, 0xFF, 0xFF, 0xFF, 0xFF, 0xFF, 0xFF, 0xFF, 0xFF, 0xFF, 0xFF, 0xFF, 0xFF, 0xFF, 0xFF,
  0xFF, 0xFF, 0xFF, 0xFF, 0xFF, 0xFF, 0xFF, 0xFF, 0xFF, 0xFF, 0xFF, 0xFF, 0xFF, 0xFF, 0xFF, 0xFF, 0xFF, 0xFF, 0xFF, 0xFF, 0xFF, 0xFF, 0xFF, 0xFF,
  0xFF, 0xFF, 0xFF, 0xFF, 0xFF, 0xFF, 0xFF, 0xFF, 0xFF, 0xFF, 0xFF, 0xFF, 0xFF, 0xFF, 0xFF, 0xFF, 0xFF, 0xFF, 0xFF, 0xFF, 0xFF, 0xFF, 0xFF, 0xFF,
  0xFF, 0xFF, 0xFF, 0xFF, 0xFF, 0xFF, 0xFF, 0xFF, 0xFF, 0xFF, 0xFF, 0xFF, 0xFF, 0xFF, 0xFF, 0xFF, 0xFF, 0xFF, 0xFF, 0xFF, 0xFF, 0xFF, 0xFF, 0xFF,
  0xFF, 0xFF, 0xFF, 0xFF, 0xFF, 0xFF, 0xFF, 0xFF, 0xFF, 0xFF, 0xFF, 0xFF, 0xFF, 0xFF, 0xFF, 0xFF, 0xFF, 0xFF, 0xFF, 0xFF, 0xFF, 0xFF, 0xFF, 0xFF,
  0xFF, 0xFF, 0xFF, 0xFF, 0xFF, 0xFF, 0xFF, 0xFF, 0xFF, 0xFF, 0xFF, 0xFF, 0xFF, 0xFF, 0xFF, 0xFF, 0xFF, 0xFF, 0xFF, 0xFF, 0xFF, 0xFF, 0xFF, 0xFF,
  0xFF, 0xFF, 0xFF, 0xFF, 0xFF, 0xFF, 0xFF, 0xFF, 0xFF, 0xFF, 0xFF, 0xFF, 0xFF, 0xFF, 0xFF, 0xFF, 0xFF, 0xFF, 0xFF, 0xFF, 0xFF, 0xFF, 0xFF, 0xFF,
  0xFF, 0xFF, 0xFF, 0xFF, 0xFF, 0xFF, 0xFF, 0xFF, 0xFF, 0xFF, 0xFF, 0xFF, 0xFF, 0xFF, 0xFF, 0xFF, 0xFF, 0xFF, 0xFF, 0xFF, 0xFF, 0xFF, 0xFF, 0xFF,
  0xFF, 0xFF, 0xFF, 0xFF, 0xFF, 0xFF, 0xFF, 0xFF, 0xFF, 0xFF, 0xFF, 0xFF, 0xFF, 0xFF, 0xFF, 0xFF, 0xFF, 0xFF, 0xFF, 0xFF, 0xFF, 0xFF, 0xFF, 0xFF,
  0xFF, 0xFF, 0xFF, 0xFF, 0xFF, 0xFF, 0xFF, 0xFF, 0xFF, 0xFF, 0xFF, 0xFF, 0xFF, 0xFF, 0xFF, 0xFF, 0xFF, 0xFF, 0xFF, 0xFF, 0xFF, 0xFF, 0xFF, 0xFF,
  0xFF, 0xFF, 0xFF, 0xFF, 0xFF, 0xFF, 0xFF, 0xFF, 0xFF, 0xFF, 0xFF, 0xFF, 0xFF, 0xFF, 0xFF, 0xFF, 0xFF, 0xFF, 0xFF, 0xFF, 0xFF, 0xFF, 0xFF, 0xFF,
  0xFF, 0xFF, 0xFF, 0xFF, 0xFF, 0xFF, 0xFF, 0xFF, 0xFF, 0xFF, 0xFF, 0xFF, 0xFF, 0xFF, 0xFF, 0xFF, 0xFF, 0xFF, 0xFF, 0xFF, 0xFF, 0xFF, 0xFF, 0xFF,
  0xFF, 0xFF, 0xFF, 0xFF, 0xFF, 0xFF, 0xFF, 0xFF, 0xFF, 0xFF, 0xFF, 0xFF, 0xFF, 0xFF, 0xFF, 0xFF, 0xFF, 0xFF, 0xFF, 0xFF, 0xFF, 0xFF, 0xFF, 0xFF,
  0xFF, 0xFF, 0xFF, 0xFF, 0xFF, 0xFF, 0xFF, 0xFF, 0xFF, 0xFF, 0xFF, 0xFF, 0xFF, 0xFF, 0xFF, 0xFF, 0xFF, 0xFF, 0xFF, 0xFF, 0xFF, 0xFF, 0xFF, 0xFF,
  0xFF, 0xFF, 0xFF, 0xFF, 0xFF, 0xFF, 0xFF, 0xFF, 0xFF, 0xFF, 0xFF, 0xFF, 0xFF, 0xFF, 0xFF, 0xFF, 0xFF, 0xFF, 0xFF, 0xFF, 0xFF, 0xFF, 0xFF, 0xFF,
  0xFF, 0xFF, 0xFF, 0xFF, 0xFF, 0xFF, 0xFF, 0xFF, 0xFF, 0xFF, 0xFF, 0xFF, 0xFF, 0xFF, 0xFF, 0xFF, 0xFF, 0xFF, 0xFF, 0xFF, 0xFF, 0xFF, 0xFF, 0xFF,
  0xFF, 0xFF, 0xFF, 0xFF, 0xFF, 0xFF, 0xFF, 0xFF, 0xFF, 0xFF, 0xFF, 0xFF, 0xFF, 0xFF, 0xFF, 0xFF, 0xFF, 0xFF, 0xFF, 0xFF, 0xFF, 0xFF, 0xFF, 0xFF,
  0xFF, 0xFF, 0xFF, 0xFF, 0xFF, 0xFF, 0xFF, 0xFF, 0xFF, 0xFF, 0xFF, 0xFF, 0xFF, 0xFF, 0xFF, 0xFF, 0xFF, 0xFF, 0xFF, 0xFF, 0xFF, 0xFF, 0xFF, 0xFF,
  0xFF, 0xFF, 0xFF, 0xFF, 0xFF, 0xFF, 0xFF, 0xFF, 0xFF, 0xFF, 0xFF, 0xFF, 0xFF, 0xFF, 0xFF, 0xFF, 0xFF, 0xFF, 0xFF, 0xFF, 0xFF, 0xFF, 0xFF, 0xFF,
  0xFF, 0xFF, 0xFF, 0xFF, 0xFF, 0xFF, 0xFF, 0xFF, 0xFF, 0xFF, 0xFF, 0xFF, 0xFF, 0xFF, 0xFF, 0xFF, 0xFF, 0xFF, 0xFF, 0xFF, 0xFF, 0xFF, 0xFF, 0xFF,
  0xFF, 0xFF, 0xFF, 0xFF, 0xFF, 0xFF, 0xFF, 0xFF, 0xFF, 0xFF, 0xFF, 0xFF, 0xFF, 0xFF, 0xFF, 0xFF, 0xFF, 0xFF, 0xFF, 0xFF, 0xFF, 0xFF, 0xFF, 0xFF,
  0xFF, 0xFF, 0xFF, 0xFF, 0xFF, 0xFF, 0xFF, 0xFF, 0xFF, 0xFF, 0xFF, 0xFF, 0xFF, 0xFF, 0xFF, 0xFF, 0xFF, 0xFF, 0xFF, 0xFF, 0xFF, 0xFF, 0xFF, 0xFF,
  0xFF, 0xFF, 0xFF, 0xFF, 0xFF, 0xFF, 0xFF, 0xFF, 0xFF, 0xFF, 0xFF, 0xFF, 0xFF, 0xFF, 0xFF, 0xFF, 0xFF, 0xFF, 0xFF, 0xFF, 0xFF, 0xFF, 0xFF, 0xFF,
  0xFF, 0xFF, 0xFF, 0xFF, 0xFF, 0xFF, 0xFF, 0xFF, 0xFF, 0xFF, 0xFF, 0xFF, 0xFF, 0xFF, 0xFF, 0xFF, 0xFF, 0xFF, 0xFF, 0xFF, 0xFF, 0xFF, 0xFF, 0xFF,
  0xFF, 0xFF, 0xFF, 0xFF, 0xFF, 0xFF, 0xFF, 0xFF, 0xFF, 0xFF, 0xFF, 0xFF, 0xFF, 0xFF, 0xFF, 0xFF, 0xFF, 0xFF, 0xFF, 0xFF, 0xFF, 0xFF, 0xFF, 0xFF,
  0xFF, 0xFF, 0xFF, 0xFF, 0xFF, 0xFF, 0xFF, 0xFF, 0xFF, 0xFF, 0xFF, 0xFF, 0xFF, 0xFF, 0xFF, 0xFF, 0xFF, 0xFF, 0xFF, 0xFF, 0xFF, 0xFF, 0xFF, 0xFF,
  0xFF, 0xFF, 0xFF, 0xFF, 0xFF, 0xFF, 0xFF, 0xFF, 0xFF, 0xFF, 0xFF, 0xFF, 0xFF, 0xFF, 0xFF, 0xFF, 0xFF, 0xFF, 0xFF, 0xFF, 0xFF, 0xFF, 0xFF, 0xFF,
  0xFF, 0xFF, 0xFF, 0xFF, 0xFF, 0xFF, 0xFF, 0xFF, 0xFF, 0xFF, 0xFF, 0xFF, 0xFF, 0xFF, 0xFF, 0xFF, 0xFF, 0xFF, 0xFF, 0xFF, 0xFF, 0xFF, 0xFF, 0xFF,
  0xFF, 0xFF, 0xFF, 0xFF, 0xFF, 0xFF, 0xFF, 0xFF, 0xFF, 0xFF, 0xFF, 0xFF, 0xFF, 0xFF, 0xFF, 0xFF, 0xFF, 0xFF, 0xFF, 0xFF, 0xFF, 0xFF, 0xFF, 0xFF,
  0xFF, 0xFF, 0xFF, 0xFF, 0xFF, 0xFF, 0xFF, 0xFF, 0xFF, 0xFF, 0xFF, 0xFF, 0xFF, 0xFF, 0xFF, 0xFF, 0xFF, 0xFF, 0xFF, 0xFF, 0xFF, 0xFF, 0xFF, 0xFF,
  0xFF, 0xFF, 0xFF, 0xFF, 0xFF, 0xFF, 0xFF, 0xFF, 0xFF, 0xFF, 0xFF, 0xFF, 0xFF, 0xFF, 0xFF, 0xFF, 0xFF, 0xFF, 0xFF, 0xFF, 0xFF, 0xFF, 0xFF, 0xFF,
  0xFF, 0xFF, 0xFF, 0xFF, 0xFF, 0xFF, 0xFF, 0xFF, 0xFF, 0xFF, 0xFF, 0xFF, 0xFF, 0xFF, 0xFF, 0xFF, 0xFF, 0xFF, 0xFF, 0xFF, 0xFF, 0xFF, 0xFF, 0xFF,
  0xFF, 0xFF, 0xFF, 0xFF, 0xFF, 0xFF, 0xFF, 0xFF, 0xFF, 0xFF, 0xFF, 0xFF, 0xFF, 0xFF, 0xFF, 0xFF, 0xFF, 0xFF, 0xFF, 0xFF, 0xFF, 0xFF, 0xFF, 0xFF,
  0xFF, 0xFF, 0xFF, 0xFF, 0xFF, 0xFF, 0xFF, 0xFF, 0xFF, 0xFF, 0xFF, 0xFF, 0xFF, 0xFF, 0xFF, 0xFF, 0xFF, 0xFF, 0xFF, 0xFF, 0xFF, 0xFF, 0xFF, 0xFF,
  0xFF, 0xFF, 0xFF, 0xFF, 0xFF, 0xFF, 0xFF, 0xFF, 0xFF, 0xFF, 0xFF, 0xFF, 0xFF, 0xFF, 0xFF, 0xFF, 0xFF, 0xFF, 0xFF, 0xFF, 0xFF, 0xFF, 0xFF, 0xFF,
  0xFF, 0xFF, 0xFF, 0xFF, 0xFF, 0xFF, 0xFF, 0xFF, 0xFF, 0xFF, 0xFF, 0xFF, 0xFF, 0xFF, 0xFF, 0xFF, 0xFF, 0xFF, 0xFF, 0xFF, 0xFF, 0xFF, 0xFF, 0xFF,
  0xFF, 0xFF, 0xFF, 0xFF, 0xFF, 0xFF, 0xFF, 0xFF, 0xFF, 0xFF, 0xFF, 0xFF, 0xFF, 0xFF, 0xFF, 0xFF, 0xFF, 0xFF, 0xFF, 0xFF, 0xFF, 0xFF, 0xFF, 0xFF,
  0xFF, 0xFF, 0xFF, 0xFF, 0xFF, 0xFF, 0xFF, 0xFF, 0xFF, 0xFF, 0xFF, 0xFF, 0xFF, 0xFF, 0xFF, 0xFF, 0xFF, 0xFF, 0xFF, 0xFF, 0xFF, 0xFF, 0xFF, 0xFF,
  0xFF, 0xFF, 0xFF, 0xFF, 0xFF, 0xFF, 0xFF, 0xFF, 0xFF, 0xFF, 0xFF, 0xFF, 0xFF, 0xFF, 0xFF, 0xFF, 0xFF, 0xFF, 0xFF, 0xFF, 0xFF, 0xFF, 0xFF, 0xFF,
  0xFF, 0xFF, 0xFF, 0xFF, 0xFF, 0xFF, 0xFF, 0xFF, 0xFF, 0xFF, 0xFF, 0xFF, 0xFF, 0xFF, 0xFF, 0xFF, 0xFF, 0xFF, 0xFF, 0xFF, 0xFF, 0xFF, 0xFF, 0xFF,
  0xFF, 0xFF, 0xFF, 0xFF, 0xFF, 0xFF, 0xFF, 0xFF, 0xFF, 0xFF, 0xFF, 0xFF, 0xFF, 0xFF, 0xFF, 0xFF, 0xFF, 0xFF, 0xFF, 0xFF, 0xFF, 0xFF, 0xFF, 0xFF,
  0xFF, 0xFF, 0xFF, 0xFF, 0xFF, 0xFF, 0xFF, 0xFF, 0xFF, 0xFF, 0xFF, 0xFF, 0xFF, 0xFF, 0xFF, 0xFF, 0xFF, 0xFF, 0xFF, 0xFF, 0xFF, 0xFF, 0xFF, 0xFF,
  0xFF, 0xFF, 0xFF, 0xFF, 0xFF, 0xFF, 0xFF, 0xFF, 0xFF, 0xFF, 0xFF, 0xFF, 0xFF, 0xFF, 0xFF, 0xFF, 0xFF, 0xFF, 0xFF, 0xFF, 0xFF, 0xFF, 0xFF, 0xFF,
  0xFF, 0xFF, 0xFF, 0xFF, 0xFF, 0xFF, 0xFF, 0xFF, 0xFF, 0xFF, 0xFF, 0xFF, 0xFF, 0xFF, 0xFF, 0xFF, 0xFF, 0xFF, 0xFF, 0xFF, 0xFF, 0xFF, 0xFF, 0xFF,
  0xFF, 0xFF, 0xFF, 0xFF, 0xFF, 0xFF, 0xFF, 0xFF, 0xFF, 0xFF, 0xFF, 0xFF, 0xFF, 0xFF, 0xFF, 0xFF, 0xFF, 0xFF, 0xFF, 0xFF, 0xFF, 0xFF, 0xFF, 0xFF,
  0xFF, 0xFF, 0xFF, 0xFF, 0xFF, 0xFF, 0xFF, 0xFF, 0xFF, 0xFF, 0xFF, 0xFF, 0xFF, 0xFF, 0xFF, 0xFF, 0xFF, 0xFF, 0xFF, 0xFF, 0xFF, 0xFF, 0xFF, 0xFF,
  0xFF, 0xFF, 0xFF, 0xFF, 0xFF, 0xFF, 0xFF, 0xFF, 0xFF, 0xFF, 0xFF, 0xFF, 0xFF, 0xFF, 0xFF, 0xFF, 0xFF, 0xFF, 0xFF, 0xFF, 0xFF, 0xFF, 0xFF, 0xFF,
  0xFF, 0xFF, 0xFF, 0xFF, 0xFF, 0xFF, 0xFF, 0xFF, 0xFF, 0xFF, 0xFF, 0xFF, 0xFF, 0xFF, 0xFF, 0xFF, 0xFF, 0xFF, 0xFF, 0xFF, 0xFF, 0xFF, 0xFF, 0xFF,
  0xFF, 0xFF, 0xFF, 0xFF, 0xFF, 0xFF, 0xFF, 0xFF, 0xFF, 0xFF, 0xFF, 0xFF, 0xFF, 0xFF, 0xFF, 0xFF, 0xFF, 0xFF, 0xFF, 0xFF, 0xFF, 0xFF, 0xFF, 0xFF,
  0xFF, 0xFF, 0xFF, 0xFF, 0xFF, 0xFF, 0xFF, 0xFF, 0xFF, 0xFF, 0xFF, 0xFF, 0xFF, 0xFF, 0xFF, 0xFF, 0xFF, 0xFF, 0xFF, 0xFF, 0xFF, 0xFF, 0xFF, 0xFF,
  0xFF, 0xFF, 0xFF, 0xFF, 0xFF, 0xFF, 0xFF, 0xFF, 0xFF, 0xFF, 0xFF, 0xFF, 0xFF, 0xFF, 0xFF, 0xFF, 0xFF, 0xFF, 0xFF, 0xFF, 0xFF, 0xFF, 0xFF, 0xFF,
  0xFF, 0xFF, 0xFF, 0xFF, 0xFF, 0xFF, 0xFF, 0xFF, 0xFF, 0xFF, 0xFF, 0xFF, 0xFF, 0xFF, 0xFF, 0xFF, 0xFF, 0xFF, 0xFF, 0xFF, 0xFF, 0xFF, 0xFF, 0xFF,
  0xFF, 0xFF, 0xFF, 0xFF, 0xFF, 0xFF, 0xFF, 0xFF, 0xFF, 0xFF, 0xFF, 0xFF, 0xFF, 0xFF, 0xFF, 0xFF, 0xFF, 0xFF, 0xFF, 0xFF, 0xFF, 0xFF, 0xFF, 0xFF,
  0xFF, 0xFF, 0xFF, 0xFF, 0xFF, 0xFF, 0xFF, 0xFF, 0xFF, 0xFF, 0xFF, 0xFF, 0xFF, 0xFF, 0xFF, 0xFF, 0xFF, 0xFF, 0xFF, 0xFF, 0xFF, 0xFF, 0xFF, 0xFF,
  0xFF, 0xFF, 0xFF, 0xFF, 0xFF, 0xFF, 0xFF, 0xFF, 0xFF, 0xFF, 0xFF, 0xFF, 0xFF, 0xFF, 0xFF, 0xFF, 0xFF, 0xFF, 0xFF, 0xFF, 0xFF, 0xFF, 0xFF, 0xFF,
  0xFF, 0xFF, 0xFF, 0xFF, 0xFF, 0xFF, 0xFF, 0xFF, 0xFF, 0xFF, 0xFF, 0xFF, 0xFF, 0xFF, 0xFF, 0xFF, 0xFF, 0xFF, 0xFF, 0xFF, 0xFF, 0xFF, 0xFF, 0xFF,
  0xFF, 0xFF, 0xFF, 0xFF, 0xFF, 0xFF, 0xFF, 0xFF, 0xFF, 0xFF, 0xFF, 0xFF, 0xFF, 0xFF, 0xFF, 0xFF, 0xFF, 0xFF, 0xFF, 0xFF, 0xFF, 0xFF, 0xFF, 0xFF,
  0xFF, 0xFF, 0xFF, 0xFF, 0xFF, 0xFF, 0xFF, 0xFF, 0xFF, 0xFF, 0xFF, 0xFF, 0xFF, 0xFF, 0xFF, 0xFF, 0xFF, 0xFF, 0xFF, 0xFF, 0xFF, 0xFF, 0xFF, 0xFF,
  0xFF, 0xFF, 0xFF, 0xFF, 0xFF, 0xFF, 0xFF, 0xFF, 0xFF, 0xFF, 0xFF, 0xFF, 0xFF, 0xFF, 0xFF, 0xFF, 0xFF, 0xFF, 0xFF, 0xFF, 0xFF, 0xFF, 0xFF, 0xFF,
  0xFF, 0xFF, 0xFF, 0xFF, 0xFF, 0xFF, 0xFF, 0xFF, 0xFF, 0xFF, 0xFF, 0xFF, 0xFF, 0xFF, 0xFF, 0xFF, 0xFF, 0xFF, 0xFF, 0xFF, 0xFF, 0xFF, 0xFF, 0xFF,
  0xFF, 0xFF, 0xFF, 0xFF, 0xFF, 0xFF, 0xFF, 0xFF, 0xFF, 0xFF, 0xFF, 0xFF, 0xFF, 0xFF, 0xFF, 0xFF, 0xFF, 0xFF, 0xFF, 0xFF, 0xFF, 0xFF, 0xFF, 0xFF,
  0xFF, 0xFF, 0xFF, 0xFF, 0xFF, 0xFF, 0xFF, 0xFF, 0xFF, 0xFF, 0xFF, 0xFF, 0xFF, 0xFF, 0xFF, 0xFF, 0xFF, 0xFF, 0xFF, 0xFF, 0xFF, 0xFF, 0xFF, 0xFF,
  0xFF, 0xFF, 0xFF, 0xFF, 0xFF, 0xFF, 0xFF, 0xFF, 0xFF, 0xFF, 0xFF, 0xFF, 0xFF, 0xFF, 0xFF, 0xFF, 0xFF, 0xFF, 0xFF, 0xFF, 0xFF, 0xFF, 0xFF, 0xFF,
  0xFF, 0xFF, 0xFF, 0xFF, 0xFF, 0xFF, 0xFF, 0xFF, 0xFF, 0xFF, 0xFF, 0xFF, 0xFF, 0xFF, 0xFF, 0xFF, 0xFF, 0xFF, 0xFF, 0xFF, 0xFF, 0xFF, 0xFF, 0xFF,
  0xFF, 0xFF, 0xFF, 0xFF, 0xFF, 0xFF, 0xFF, 0xFF, 0xFF, 0xFF, 0xFF, 0xFF, 0xFF, 0xFF, 0xFF, 0xFF, 0xFF, 0xFF, 0xFF, 0xFF, 0xFF, 0xFF, 0xFF, 0xFF,
  0xFF, 0xFF, 0xFF, 0xFF, 0xFF, 0xFF, 0xFF, 0xFF, 0xFF, 0xFF, 0xFF, 0xFF, 0xFF, 0xFF, 0xFF, 0xFF, 0xFF, 0xFF, 0xFF, 0xFF, 0xFF, 0xFF, 0xFF, 0xFF,
  0xFF, 0xFF, 0xFF, 0xFF, 0xFF, 0xFF, 0xFF, 0xFF, 0xFF, 0xFF, 0xFF, 0xFF, 0xFF, 0xFF, 0xFF, 0xFF, 0xFF, 0xFF, 0xFF, 0xFF, 0xFF, 0xFF, 0xFF, 0xFF,
  0xFF, 0xFF, 0xFF, 0xFF, 0xFF, 0xFF, 0xFF, 0xFF, 0xFF, 0xFF, 0xFF, 0xFF, 0xFF, 0xFF, 0xFF, 0xFF, 0xFF, 0xFF, 0xFF, 0xFF, 0xFF, 0xFF, 0xFF, 0xFF,
  0xFF, 0xFF, 0xFF, 0xFF, 0xFF, 0xFF, 0xFF, 0xFF, 0xFF, 0xFF, 0xFF, 0xFF, 0xFF, 0xFF, 0xFF, 0xFF, 0xFF, 0xFF, 0xFF, 0xFF, 0xFF, 0xFF, 0xFF, 0xFF,
  0xFF, 0xFF, 0xFF, 0xFF, 0xFF, 0xFF, 0xFF, 0xFF, 0xFF, 0xFF, 0xFF, 0xFF, 0xFF, 0xFF, 0xFF, 0xFF, 0xFF, 0xFF, 0xFF, 0xFF, 0xFF, 0xFF, 0xFF, 0xFF,
  0xFF, 0xFF, 0xFF, 0xFF, 0xFF, 0xFF, 0xFF, 0xFF, 0xFF, 0xFF, 0xFF, 0xFF, 0xFF, 0xFF, 0xFF, 0xFF, 0xFF, 0xFF, 0xFF, 0xFF, 0xFF, 0xFF, 0xFF, 0xFF,
  0xFF, 0xFF, 0xFF, 0xFF, 0xFF, 0xFF, 0xFF, 0xFF, 0xFF, 0xFF, 0xFF, 0xFF, 0xFF, 0xFF, 0xFF, 0xFF, 0xFF, 0xFF, 0xFF, 0xFF, 0xFF, 0xFF, 0xFF, 0xFF,
  0xFF, 0xFF, 0xFF, 0xFF, 0xFF, 0xFF, 0xFF, 0xFF, 0xFF, 0xFF, 0xFF, 0xFF, 0xFF, 0xFF, 0xFF, 0xFF, 0xFF, 0xFF, 0xFF, 0xFF, 0xFF, 0xFF, 0xFF, 0xFF,
  0xFF, 0xFF, 0xFF, 0xFF, 0xFF, 0xFF, 0xFF, 0xFF, 0xFF, 0xFF, 0xFF, 0xFF, 0xFF, 0xFF, 0xFF, 0xFF, 0xFF, 0xFF, 0xFF, 0xFF, 0xFF, 0xFF, 0xFF, 0xFF,
  0xFF, 0xFF, 0xFF, 0xFF, 0xFF, 0xFF, 0xFF, 0xFF, 0xFF, 0xFF, 0xFF, 0xFF, 0xFF, 0xFF, 0xFF, 0xFF, 0xFF, 0xFF, 0xFF, 0xFF, 0xFF, 0xFF, 0xFF, 0xFF,
  0xFF, 0xFF, 0xFF, 0xFF, 0xFF, 0xFF, 0xFF, 0xFF, 0xFF, 0xFF, 0xFF, 0xFF, 0xFF, 0xFF, 0xFF, 0xFF, 0xFF, 0xFF, 0xFF, 0xFF, 0xFF, 0xFF, 0xFF, 0xFF,
  0xFF, 0xFF, 0xFF, 0xFF, 0xFF, 0xFF, 0xFF, 0xFF, 0xFF, 0xFF, 0xFF, 0xFF, 0xFF, 0xFF, 0xFF, 0xFF, 0xFF, 0xFF, 0xFF, 0xFF, 0xFF, 0xFF, 0xFF, 0xFF,
  0xFF, 0xFF, 0xFF, 0xFF, 0xFF, 0xFF, 0xFF, 0xFF, 0xFF, 0xFF, 0xFF, 0xFF, 0xFF, 0xFF, 0xFF, 0xFF, 0xFF, 0xFF, 0xFF, 0xFF, 0xFF, 0xFF, 0xFF, 0xFF,
  0xFF, 0xFF, 0xFF, 0xFF, 0xFF, 0xFF, 0xFF, 0xFF, 0xFF, 0xFF, 0xFF, 0xFF, 0xFF, 0xFF, 0xFF, 0xFF, 0xFF, 0xFF, 0xFF, 0xFF, 0xFF, 0xFF, 0xFF, 0xFF,
  0xFF, 0xFF, 0xFF, 0xFF, 0xFF, 0xFF, 0xFF, 0xFF, 0xFF, 0xFF, 0xFF, 0xFF, 0xFF, 0xFF, 0xFF, 0xFF, 0xFF, 0xFF, 0xFF, 0xFF, 0xFF, 0xFF, 0xFF, 0xFF,
  0xFF, 0xFF, 0xFF, 0xFF, 0xFF, 0xFF, 0xFF, 0xFF, 0xFF, 0xFF, 0xFF, 0xFF, 0xFF, 0xFF, 0xFF, 0xFF, 0xFF, 0xFF, 0xFF, 0xFF, 0xFF, 0xFF, 0xFF, 0xFF,
  0xFF, 0xFF, 0xFF, 0xFF, 0xFF, 0xFF, 0xFF, 0xFF, 0xFF, 0xFF, 0xFF, 0xFF, 0xFF, 0xFF, 0xFF, 0xFF, 0xFF, 0xFF, 0xFF, 0xFF, 0xFF, 0xFF, 0xFF, 0xFF,
  0xFF, 0xFF, 0xFF, 0xFF, 0xFF, 0xFF, 0xFF, 0xFF, 0xFF, 0xFF, 0xFF, 0xFF, 0xFF, 0xFF, 0xFF, 0xFF, 0xFF, 0xFF, 0xFF, 0xFF, 0xFF, 0xFF, 0xFF, 0xFF,
  0xFF, 0xFF, 0xFF, 0xFF, 0xFF, 0xFF, 0xFF, 0xFF, 0xFF, 0xFF, 0xFF, 0xFF, 0xFF, 0xFF, 0xFF, 0xFF, 0xFF, 0xFF, 0xFF, 0xFF, 0xFF, 0xFF, 0xFF, 0xFF,
  0xFF, 0xFF, 0xFF, 0xFF, 0xFF, 0xFF, 0xFF, 0xFF, 0xFF, 0xFF, 0xFF, 0xFF, 0xFF, 0xFF, 0xFF, 0xFF, 0xFF, 0xFF, 0xFF, 0xFF, 0xFF, 0xFF, 0xFF, 0xFF,
  0xFF, 0xFF, 0xFF, 0xFF, 0xFF, 0xFF, 0xFF, 0xFF, 0xFF, 0xFF, 0xFF, 0xFF, 0xFF, 0xFF, 0xFF, 0xFF, 0xFF, 0xFF, 0xFF, 0xFF, 0xFF, 0xFF, 0xFF, 0xFF,
  0xFF, 0xFF, 0xFF, 0xFF, 0xFF, 0xFF, 0xFF, 0xFF, 0xFF, 0xFF, 0xFF, 0xFF, 0xFF, 0xFF, 0xFF, 0xFF, 0xFF, 0xFF, 0xFF, 0xFF, 0xFF, 0xFF, 0xFF, 0xFF,
  0xFF, 0xFF, 0xFF, 0xFF, 0xFF, 0xFF, 0xFF, 0xFF, 0xFF, 0xFF, 0xFF, 0xFF, 0xFF, 0xFF, 0xFF, 0xFF, 0xFF, 0xFF, 0xFF, 0xFF, 0xFF, 0xFF, 0xFF, 0xFF,
  0xFF, 0xFF, 0xFF, 0xFF, 0xFF, 0xFF, 0xFF, 0xFF, 0xFF, 0xFF, 0xFF, 0xFF, 0xFF, 0xFF, 0xFF, 0xFF, 0xFF, 0xFF, 0xFF, 0xFF, 0xFF, 0xFF, 0xFF, 0xFF,
  0xFF, 0xFF, 0xFF, 0xFF, 0xFF, 0xFF, 0xFF, 0xFF, 0xFF, 0xFF, 0xFF, 0xFF, 0xFF, 0xFF, 0xFF, 0xFF, 0xFF, 0xFF, 0xFF, 0xFF, 0xFF, 0xFF, 0xFF, 0xFF,
  0xFF, 0xFF, 0xFF, 0xFF, 0xFF, 0xFF, 0xFF, 0xFF, 0xFF, 0xFF, 0xFF, 0xFF, 0xFF, 0xFF, 0xFF, 0xFF, 0xFF, 0xFF, 0xFF, 0xFF, 0xFF, 0xFF, 0xFF, 0xFF,
  0xFF, 0xFF, 0xFF, 0xFF, 0xFF, 0xFF, 0xFF, 0xFF, 0xFF, 0xFF, 0xFF, 0xFF, 0xFF, 0xFF, 0xFF, 0xFF, 0xFF, 0xFF, 0xFF, 0xFF, 0xFF, 0xFF, 0xFF, 0xFF,
  0xFF, 0xFF, 0xFF, 0xFF, 0xFF, 0xFF, 0xFF, 0xFF, 0xFF, 0xFF, 0xFF, 0xFF, 0xFF, 0xFF, 0xFF, 0xFF, 0xFF, 0xFF, 0xFF, 0xFF, 0xFF, 0xFF, 0xFF, 0xFF,
  0xFF, 0xFF, 0xFF, 0xFF, 0xFF, 0xFF, 0xFF, 0xFF, 0xFF, 0xFF, 0xFF, 0xFF, 0xFF, 0xFF, 0xFF, 0xFF, 0xFF, 0xFF, 0xFF, 0xFF, 0xFF, 0xFF, 0xFF, 0xFF,
  0xFF, 0xFF, 0xFF, 0xFF, 0xFF, 0xFF, 0xFF, 0xFF, 0xFF, 0xFF, 0xFF, 0xFF, 0xFF, 0xFF, 0xFF, 0xFF, 0xFF, 0xFF, 0xFF, 0xFF, 0xFF, 0xFF, 0xFF, 0xFF,
  0xFF, 0xFF, 0xFF, 0xFF, 0xFF, 0xFF, 0xFF, 0xFF, 0xFF, 0xFF, 0xFF, 0xFF, 0xFF, 0xFF, 0xFF, 0xFF, 0xFF, 0xFF, 0xFF, 0xFF, 0xFF, 0xFF, 0xFF, 0xFF,
  0xFF, 0xFF, 0xFF, 0xFF, 0xFF, 0xFF, 0xFF, 0xFF, 0xFF, 0xFF, 0xFF, 0xFF, 0xFF, 0xFF, 0xFF, 0xFF, 0xFF, 0xFF, 0xFF, 0xFF, 0xFF, 0xFF, 0xFF, 0xFF,
  0xFF, 0xFF, 0xFF, 0xFF, 0xFF, 0xFF, 0xFF, 0xFF, 0xFF, 0xFF, 0xFF, 0xFF, 0xFF, 0xFF, 0xFF, 0xFF, 0xFF, 0xFF, 0xFF, 0xFF, 0xFF, 0xFF, 0xFF, 0xFF,
  0xFF, 0xFF, 0xFF, 0xFF, 0xFF, 0xFF, 0xFF, 0xFF, 0xFF, 0xFF, 0xFF, 0xFF, 0xFF, 0xFF, 0xFF, 0xFF, 0xFF, 0xFF, 0xFF, 0xFF, 0xFF, 0xFF, 0xFF, 0xFF,
  0xFF, 0xFF, 0xFF, 0xFF, 0xFF, 0xFF, 0xFF, 0xFF, 0xFF, 0xFF, 0xFF, 0xFF, 0xFF, 0xFF, 0xFF, 0xFF, 0xFF, 0xFF, 0xFF, 0xFF, 0xFF, 0xFF, 0xFF, 0xFF,
  0xFF, 0xFF, 0xFF, 0xFF, 0xFF, 0xFF, 0xFF, 0xFF, 0xFF, 0xFF, 0xFF, 0xFF, 0xFF, 0xFF, 0xFF, 0xFF, 0xFF, 0xFF, 0xFF, 0xFF, 0xFF, 0xFF, 0xFF, 0xFF,
  0xFF, 0xFF, 0xFF, 0xFF, 0xFF, 0xFF, 0xFF, 0xFF, 0xFF, 0xFF, 0xFF, 0xFF, 0xFF, 0xFF, 0xFF, 0xFF, 0xFF, 0xFF, 0xFF, 0xFF, 0xFF, 0xFF, 0xFF, 0xFF,
  0xFF, 0xFF, 0xFF, 0xFF, 0xFF, 0xFF, 0xFF, 0xFF, 0xFF, 0xFF, 0xFF, 0xFF, 0xFF, 0xFF, 0xFF, 0xFF, 0xFF, 0xFF, 0xFF, 0xFF, 0xFF, 0xFF, 0xFF, 0xFF,
  0xFF, 0xFF, 0xFF, 0xFF, 0xFF, 0xFF, 0xFF, 0xFF, 0xFF, 0xFF, 0xFF, 0xFF, 0xFF, 0xFF, 0xFF, 0xFF, 0xFF, 0xFF, 0xFF, 0xFF, 0xFF, 0xFF, 0xFF, 0xFF,
  0xFF, 0xFF, 0xFF, 0xFF, 0xFF, 0xFF, 0xFF, 0xFF, 0xFF, 0xFF, 0xFF, 0xFF, 0xFF, 0xFF, 0xFF, 0xFF, 0xFF, 0xFF, 0xFF, 0xFF, 0xFF, 0xFF, 0xFF, 0xFF,
  0xFF, 0xFF, 0xFF, 0xFF, 0xFF, 0xFF, 0xFF, 0xFF, 0xFF, 0xFF, 0xFF, 0xFF, 0xFF, 0xFF, 0xFF, 0xFF, 0xFF, 0xFF, 0xFF, 0xFF, 0xFF, 0xFF, 0xFF, 0xFF,
  0xFF, 0xFF, 0xFF, 0xFF, 0xFF, 0xFF, 0xFF, 0xFF, 0xFF, 0xFF, 0xFF, 0xFF, 0xFF, 0xFF, 0xFF, 0xFF, 0xFF, 0xFF, 0xFF, 0xFF, 0xFF, 0xFF, 0xFF, 0xFF,
  0xFF, 0xFF, 0xFF, 0xFF, 0xFF, 0xFF, 0xFF, 0xFF, 0xFF, 0xFF, 0xFF, 0xFF, 0xFF, 0xFF, 0xFF, 0xFF, 0xFF, 0xFF, 0xFF, 0xFF, 0xFF, 0xFF, 0xFF, 0xFF,
  0xFF, 0xFF, 0xFF, 0xFF, 0xFF, 0xFF, 0xFF, 0xFF, 0xFF, 0xFF, 0xFF, 0xFF, 0xFF, 0xFF, 0xFF, 0xFF, 0xFF, 0xFF, 0xFF, 0xFF, 0xFF, 0xFF, 0xFF, 0xFF,
  0xFF, 0xFF, 0xFF, 0xFF, 0xFF, 0xFF, 0xFF, 0xFF, 0xFF, 0xFF, 0xFF, 0xFF, 0xFF, 0xFF, 0xFF, 0xFF, 0xFF, 0xFF, 0xFF, 0xFF, 0xFF, 0xFF, 0xFF, 0xFF,
  0xFF, 0xFF, 0xFF, 0xFF, 0xFF, 0xFF, 0xFF, 0xFF, 0xFF, 0xFF, 0xFF, 0xFF, 0xFF, 0xFF, 0xFF, 0xFF, 0xFF, 0xFF, 0xFF, 0xFF, 0xFF, 0xFF, 0xFF, 0xFF,
  0xFF, 0xFF, 0xFF, 0xFF, 0xFF, 0xFF, 0xFF, 0xFF, 0xFF, 0xFF, 0xFF, 0xFF, 0xFF, 0xFF, 0xFF, 0xFF, 0xFF, 0xFF, 0xFF, 0xFF, 0xFF, 0xFF, 0xFF, 0xFF,
  0xFF, 0xFF, 0xFF, 0xFF, 0xFF, 0xFF, 0xFF, 0xFF, 0xFF, 0xFF, 0xFF, 0xFF, 0xFF, 0xFF, 0xFF, 0xFF, 0xFF, 0xFF, 0xFF, 0xFF, 0xFF, 0xFF, 0xFF, 0xFF,
  0xFF, 0xFF, 0xFF, 0xFF, 0xFF, 0xFF, 0xFF, 0xFF, 0xFF, 0xFF, 0xFF, 0xFF, 0xFF, 0xFF, 0xFF, 0xFF, 0xFF, 0xFF, 0xFF, 0xFF, 0xFF, 0xFF, 0xFF, 0xFF,
  0xFF, 0xFF, 0xFF, 0xFF, 0xFF, 0xFF, 0xFF, 0xFF, 0xFF, 0xFF, 0xFF, 0xFF, 0xFF, 0xFF, 0xFF, 0xFF, 0xFF, 0xFF, 0xFF, 0xFF, 0xFF, 0xFF, 0xFF, 0xFF,
  0xFF, 0xFF, 0xFF, 0xFF, 0xFF, 0xFF, 0xFF, 0xFF, 0xFF, 0xFF, 0xFF, 0xFF, 0xFF, 0xFF, 0xFF, 0xFF, 0xFF, 0xFF, 0xFF, 0xFF, 0xFF, 0xFF, 0xFF, 0xFF,
  0xFF, 0xFF, 0xFF, 0xFF, 0xFF, 0xFF, 0xFF, 0xFF, 0xFF, 0xFF, 0xFF, 0xFF, 0xFF, 0xFF, 0xFF, 0xFF, 0xFF, 0xFF, 0xFF, 0xFF, 0xFF, 0xFF, 0xFF, 0xFF,
  0xFF, 0xFF, 0xFF, 0xFF, 0xFF, 0xFF, 0xFF, 0xFF, 0xFF, 0xFF, 0xFF, 0xFF, 0xFF, 0xFF, 0xFF, 0xFF, 0xFF, 0xFF, 0xFF, 0xFF, 0xFF, 0xFF, 0xFF, 0xFF,
  0xFF, 0xFF, 0xFF, 0xFF, 0xFF, 0xFF, 0xFF, 0xFF, 0xFF, 0xFF, 0xFF, 0xFF, 0xFF, 0xFF, 0xFF, 0xFF, 0xFF, 0xFF, 0xFF, 0xFF, 0xFF, 0xFF, 0xFF, 0xFF,
  0xFF, 0xFF, 0xFF, 0xFF, 0xFF, 0xFF, 0xFF, 0xFF, 0xFF, 0xFF, 0xFF, 0xFF, 0xFF, 0xFF, 0xFF, 0xFF, 0xFF, 0xFF, 0xFF, 0xFF, 0xFF, 0xFF, 0xFF, 0xFF,
  0xFF, 0xFF, 0xFF, 0xFF, 0xFF, 0xFF, 0xFF, 0xFF, 0xFF, 0xFF, 0xFF, 0xFF, 0xFF, 0xFF, 0xFF, 0xFF, 0xFF, 0xFF, 0xFF, 0xFF, 0xFF, 0xFF, 0xFF, 0xFF,
  0xFF, 0xFF, 0xFF, 0xFF, 0xFF, 0xFF, 0xFF, 0xFF, 0xFF, 0xFF, 0xFF, 0xFF, 0xFF, 0xFF, 0xFF, 0xFF, 0xFF, 0xFF, 0xFF, 0xFF, 0xFF, 0xFF, 0xFF, 0xFF,
  0xFF, 0xFF, 0xFF, 0xFF, 0xFF, 0xFF, 0xFF, 0xFF, 0xFF, 0xFF, 0xFF, 0xFF, 0xFF, 0xFF, 0xFF, 0xFF, 0xFF, 0xFF, 0xFF, 0xFF, 0xFF, 0xFF, 0xFF, 0xFF,
  0xFF, 0xFF, 0xFF, 0xFF, 0xFF, 0xFF, 0xFF, 0xFF, 0xFF, 0xFF, 0xFF, 0xFF, 0xFF, 0xFF, 0xFF, 0xFF, 0xFF, 0xFF, 0xFF, 0xFF, 0xFF, 0xFF, 0xFF, 0xFF,
  0xFF, 0xFF, 0xFF, 0xFF, 0xFF, 0xFF, 0xFF, 0xFF, 0xFF, 0xFF, 0xFF, 0xFF, 0xFF, 0xFF, 0xFF, 0xFF, 0xFF, 0xFF, 0xFF, 0xFF, 0xFF, 0xFF, 0xFF, 0xFF,
  0xFF, 0xFF, 0xFF, 0xFF, 0xFF, 0xFF, 0xFF, 0xFF, 0xFF, 0xFF, 0xFF, 0xFF, 0xFF, 0xFF, 0xFF, 0xFF, 0xFF, 0xFF, 0xFF, 0xFF, 0xFF, 0xFF, 0xFF, 0xFF,
  0xFF, 0xFF, 0xFF, 0xFF, 0xFF, 0xFF, 0xFF, 0xFF, 0xFF, 0xFF, 0xFF, 0xFF, 0xFF, 0xFF, 0xFF, 0xFF, 0xFF, 0xFF, 0xFF, 0xFF, 0xFF, 0xFF, 0xFF, 0xFF,
  0xFF, 0xFF, 0xFF, 0xFF, 0xFF, 0xFF, 0xFF, 0xFF, 0xFF, 0xFF, 0xFF, 0xFF, 0xFF, 0xFF, 0xFF, 0xFF, 0xFF, 0xFF, 0xFF, 0xFF, 0xFF, 0xFF, 0xFF, 0xFF,
  0xFF, 0xFF, 0xFF, 0xFF, 0xFF, 0xFF, 0xFF, 0xFF, 0xFF, 0xFF, 0xFF, 0xFF, 0xFF, 0xFF, 0xFF, 0xFF, 0xFF, 0xFF, 0xFF, 0xFF, 0xFF, 0xFF, 0xFF, 0xFF,
  0xFF, 0xFF, 0xFF, 0xFF, 0xFF, 0xFF, 0xFF, 0xFF, 0xFF, 0xFF, 0xFF, 0xFF, 0xFF, 0xFF, 0xFF, 0xFF, 0xFF, 0xFF, 0xFF, 0xFF, 0xFF, 0xFF, 0xFF, 0xFF,
  0xFF, 0xFF, 0xFF, 0xFF, 0xFF, 0xFF, 0xFF, 0xFF, 0xFF, 0xFF, 0xFF, 0xFF, 0xFF, 0xFF, 0xFF, 0xFF, 0xFF, 0xFF, 0xFF, 0xFF, 0xFF, 0xFF, 0xFF, 0xFF,
  0xFF, 0xFF, 0xFF, 0xFF, 0xFF, 0xFF, 0xFF, 0xFF, 0xFF, 0xFF, 0xFF, 0xFF, 0xFF, 0xFF, 0xFF, 0xFF, 0xFF, 0xFF, 0xFF, 0xFF, 0xFF, 0xFF, 0xFF, 0xFF,
  0xFF, 0xFF, 0xFF, 0xFF, 0xFF, 0xFF, 0xFF, 0xFF, 0xFF, 0xFF, 0xFF, 0xFF, 0xFF, 0xFF, 0xFF, 0xFF, 0xFF, 0xFF, 0xFF, 0xFF, 0xFF, 0xFF, 0xFF, 0xFF,
  0xFF, 0xFF, 0xFF, 0xFF, 0xFF, 0xFF, 0xFF, 0xFF, 0xFF, 0xFF, 0xFF, 0xFF, 0xFF, 0xFF, 0xFF, 0xFF, 0xFF, 0xFF, 0xFF, 0xFF, 0xFF, 0xFF, 0xFF, 0xFF,
  0xFF, 0xFF, 0xFF, 0xFF, 0xFF, 0xFF, 0xFF, 0xFF, 0xFF, 0xFF, 0xFF, 0xFF, 0xFF, 0xFF, 0xFF, 0xFF, 0xFF, 0xFF, 0xFF, 0xFF, 0xFF, 0xFF, 0xFF, 0xFF,
  0xFF, 0xFF, 0xFF, 0xFF, 0xFF, 0xFF, 0xFF, 0xFF, 0xFF, 0xFF, 0xFF, 0xFF, 0xFF, 0xFF, 0xFF, 0xFF, 0xFF, 0xFF, 0xFF, 0xFF, 0xFF, 0xFF, 0xFF, 0xFF,
  0xFF, 0xFF, 0xFF, 0xFF, 0xFF, 0xFF, 0xFF, 0xFF, 0xFF, 0xFF, 0xFF, 0xFF, 0xFF, 0xFF, 0xFF, 0xFF, 0xFF, 0xFF, 0xFF, 0xFF, 0xFF, 0xFF, 0xFF, 0xFF,
  0xFF, 0xFF, 0xFF, 0xFF, 0xFF, 0xFF, 0xFF, 0xFF, 0xFF, 0xFF, 0xFF, 0xFF, 0xFF, 0xFF, 0xFF, 0xFF, 0xFF, 0xFF, 0xFF, 0xFF, 0xFF, 0xFF, 0xFF, 0xFF,
  0xFF, 0xFF, 0xFF, 0xFF, 0xFF, 0xFF, 0xFF, 0xFF, 0xFF, 0xFF, 0xFF, 0xFF, 0xFF, 0xFF, 0xFF, 0xFF, 0xFF, 0xFF, 0xFF, 0xFF, 0xFF, 0xFF, 0xFF, 0xFF,
  0xFF, 0xFF, 0xFF, 0xFF, 0xFF, 0xFF, 0xFF, 0xFF, 0xFF, 0xFF, 0xFF, 0xFF, 0xFF, 0xFF, 0xFF, 0xFF, 0xFF, 0xFF, 0xFF, 0xFF, 0xFF, 0xFF, 0xFF, 0xFF,
  0xFF, 0xFF, 0xFF, 0xFF, 0xFF, 0xFF, 0xFF, 0xFF, 0xFF, 0xFF, 0xFF, 0xFF, 0xFF, 0xFF, 0xFF, 0xFF, 0xFF, 0xFF, 0xFF, 0xFF, 0xFF, 0xFF, 0xFF, 0xFF,
  0xFF, 0xFF, 0xFF, 0xFF, 0xFF, 0xFF, 0xFF, 0xFF, 0xFF, 0xFF, 0xFF, 0xFF, 0xFF, 0xFF, 0xFF, 0xFF, 0xFF, 0xFF, 0xFF, 0xFF, 0xFF, 0xFF, 0xFF, 0xFF,
  0xFF, 0xFF, 0xFF, 0xFF, 0xFF, 0xFF, 0xFF, 0xFF, 0xFF, 0xFF, 0xFF, 0xFF, 0xFF, 0xFF, 0xFF, 0xFF, 0xFF, 0xFF, 0xFF, 0xFF, 0xFF, 0xFF, 0xFF, 0xFF,
  0xFF, 0xFF, 0xFF, 0xFF, 0xFF, 0xFF, 0xFF, 0xFF, 0xFF, 0xFF, 0xFF, 0xFF, 0xFF, 0xFF, 0xFF, 0xFF, 0xFF, 0xFF, 0xFF, 0xFF, 0xFF, 0xFF, 0xFF, 0xFF,
  0xFF, 0xFF, 0xFF, 0xFF, 0xFF, 0xFF, 0xFF, 0xFF, 0xFF, 0xFF, 0xFF, 0xFF, 0xFF, 0xFF, 0xFF, 0xFF, 0xFF, 0xFF, 0xFF, 0xFF, 0xFF, 0xFF, 0xFF, 0xFF,
  0xFF, 0xFF, 0xFF, 0xFF, 0xFF, 0xFF, 0xFF, 0xFF, 0xFF, 0xFF, 0xFF, 0xFF, 0xFF, 0xFF, 0xFF, 0xFF, 0xFF, 0xFF, 0xFF, 0xFF, 0xFF, 0xFF, 0xFF, 0xFF,
  0xFF, 0xFF, 0xFF, 0xFF, 0xFF, 0xFF, 0xFF, 0xFF, 0xFF, 0xFF, 0xFF, 0xFF, 0xFF, 0xFF, 0xFF, 0xFF, 0xFF, 0xFF, 0xFF, 0xFF, 0xFF, 0xFF, 0xFF, 0xFF,
  0xFF, 0xFF, 0xFF, 0xFF, 0xFF, 0xFF, 0xFF, 0xFF, 0xFF, 0xFF, 0xFF, 0xFF, 0xFF, 0xFF, 0xFF, 0xFF, 0xFF, 0xFF, 0xFF, 0xFF, 0xFF, 0xFF, 0xFF, 0xFF,
  0xFF, 0xFF, 0xFF, 0xFF, 0xFF, 0xFF, 0xFF, 0xFF, 0xFF, 0xFF, 0xFF, 0xFF, 0xFF, 0xFF, 0xFF, 0xFF, 0xFF, 0xFF, 0xFF, 0xFF, 0xFF, 0xFF, 0xFF, 0xFF,
  0xFF, 0xFF, 0xFF, 0xFF, 0xFF, 0xFF, 0xFF, 0xFF, 0xFF, 0xFF, 0xFF, 0xFF, 0xFF, 0xFF, 0xFF, 0xFF, 0xFF, 0xFF, 0xFF, 0xFF, 0xFF, 0xFF, 0xFF, 0xFF,
  0xFF, 0xFF, 0xFF, 0xFF, 0xFF, 0xFF, 0xFF, 0xFF, 0xFF, 0xFF, 0xFF, 0xFF, 0xFF, 0xFF, 0xFF, 0xFF, 0xFF, 0xFF, 0xFF, 0xFF, 0xFF, 0xFF, 0xFF, 0xFF,
  0xFF, 0xFF, 0xFF, 0xFF, 0xFF, 0xFF, 0xFF, 0xFF, 0xFF, 0xFF, 0xFF, 0xFF, 0xFF, 0xFF, 0xFF, 0xFF, 0xFF, 0xFF, 0xFF, 0xFF, 0xFF, 0xFF, 0xFF, 0xFF,
  0xFF, 0xFF, 0xFF, 0xFF, 0xFF, 0xFF, 0xFF, 0xFF, 0xFF, 0xFF, 0xFF, 0xFF, 0xFF, 0xFF, 0xFF, 0xFF, 0xFF, 0xFF, 0xFF, 0xFF, 0xFF, 0xFF, 0xFF, 0xFF,
  0xFF, 0xFF, 0xFF, 0xFF, 0xFF, 0xFF, 0xFF, 0xFF, 0xFF, 0xFF, 0xFF, 0xFF, 0xFF, 0xFF, 0xFF, 0xFF, 0xFF, 0xFF, 0xFF, 0xFF, 0xFF, 0xFF, 0xFF, 0xFF,
  0xFF, 0xFF, 0xFF, 0xFF, 0xFF, 0xFF, 0xFF, 0xFF, 0xFF, 0xFF, 0xFF, 0xFF, 0xFF, 0xFF, 0xFF, 0xFF, 0xFF, 0xFF, 0xFF, 0xFF, 0xFF, 0xFF, 0xFF, 0xFF,
  0xFF, 0xFF, 0xFF, 0xFF, 0xFF, 0xFF, 0xFF, 0xFF, 0xFF, 0xFF, 0xFF, 0xFF, 0xFF, 0xFF, 0xFF, 0xFF, 0xFF, 0xFF, 0xFF, 0xFF, 0xFF, 0xFF, 0xFF, 0xFF,
  0xFF, 0xFF, 0xFF, 0xFF, 0xFF, 0xFF, 0xFF, 0xFF, 0xFF, 0xFF, 0xFF, 0xFF, 0xFF, 0xFF, 0xFF, 0xFF, 0xFF, 0xFF, 0xFF, 0xFF, 0xFF, 0xFF, 0xFF, 0xFF,
  0xFF, 0xFF, 0xFF, 0xFF, 0xFF, 0xFF, 0xFF, 0xFF, 0xFF, 0xFF, 0xFF, 0xFF, 0xFF, 0xFF, 0xFF, 0xFF, 0xFF, 0xFF, 0xFF, 0xFF, 0xFF, 0xFF, 0xFF, 0xFF,
  0xFF, 0xFF, 0xFF, 0xFF, 0xFF, 0xFF, 0xFF, 0xFF, 0xFF, 0xFF, 0xFF, 0xFF, 0xFF, 0xFF, 0xFF, 0xFF, 0xFF, 0xFF, 0xFF, 0xFF, 0xFF, 0xFF, 0xFF, 0xFF,
  0xFF, 0xFF, 0xFF, 0xFF, 0xFF, 0xFF, 0xFF, 0xFF, 0xFF, 0xFF, 0xFF, 0xFF, 0xFF, 0xFF, 0xFF, 0xFF, 0xFF, 0xFF, 0xFF, 0xFF, 0xFF, 0xFF, 0xFF, 0xFF,
  0xFF, 0xFF, 0xFF, 0xFF, 0xFF, 0xFF, 0xFF, 0xFF, 0xFF, 0xFF, 0xFF, 0xFF, 0xFF, 0xFF, 0xFF, 0xFF, 0xFF, 0xFF, 0xFF, 0xFF, 0xFF, 0xFF, 0xFF, 0xFF,
  0xFF, 0xFF, 0xFF, 0xFF, 0xFF, 0xFF, 0xFF, 0xFF, 0xFF, 0xFF, 0xFF, 0xFF, 0xFF, 0xFF, 0xFF, 0xFF, 0xFF, 0xFF, 0xFF, 0xFF, 0xFF, 0xFF, 0xFF, 0xFF,
  0xFF, 0xFF, 0xFF, 0xFF, 0xFF, 0xFF, 0xFF, 0xFF, 0xFF, 0xFF, 0xFF, 0xFF, 0xFF, 0xFF, 0xFF, 0xFF, 0xFF, 0xFF, 0xFF, 0xFF, 0xFF, 0xFF, 0xFF, 0xFF,
  0xFF, 0xFF, 0xFF, 0xFF, 0xFF, 0xFF, 0xFF, 0xFF, 0xFF, 0xFF, 0xFF, 0xFF, 0xFF, 0xFF, 0xFF, 0xFF, 0xFF, 0xFF, 0xFF, 0xFF, 0xFF, 0xFF, 0xFF, 0xFF,
  0xFF, 0xFF, 0xFF, 0xFF, 0xFF, 0xFF, 0xFF, 0xFF, 0xFF, 0xFF, 0xFF, 0xFF, 0xFF, 0xFF, 0xFF, 0xFF, 0xFF, 0xFF, 0xFF, 0xFF, 0xFF, 0xFF, 0xFF, 0xFF,
  0xFF, 0xFF, 0xFF, 0xFF, 0xFF, 0xFF, 0xFF, 0xFF, 0xFF, 0xFF, 0xFF, 0xFF, 0xFF, 0xFF, 0xFF, 0xFF, 0xFF, 0xFF, 0xFF, 0xFF, 0xFF, 0xFF, 0xFF, 0xFF,
  0xFF, 0xFF, 0xFF, 0xFF, 0xFF, 0xFF, 0xFF, 0xFF, 0xFF, 0xFF, 0xFF, 0xFF, 0xFF, 0xFF, 0xFF, 0xFF, 0xFF, 0xFF, 0xFF, 0xFF, 0xFF, 0xFF, 0xFF, 0xFF,
  0xFF, 0xFF, 0xFF, 0xFF, 0xFF, 0xFF, 0xFF, 0xFF, 0xFF, 0xFF, 0xFF, 0xFF, 0xFF, 0xFF, 0xFF, 0xFF, 0xFF, 0xFF, 0xFF, 0xFF, 0xFF, 0xFF, 0xFF, 0xFF,
  0xFF, 0xFF, 0xFF, 0xFF, 0xFF, 0xFF, 0xFF, 0xFF, 0xFF, 0xFF, 0xFF, 0xFF, 0xFF, 0xFF, 0xFF, 0xFF, 0xFF, 0xFF, 0xFF, 0xFF, 0xFF, 0xFF, 0xFF, 0xFF,
  0xFF, 0xFF, 0xFF, 0xFF, 0xFF, 0xFF, 0xFF, 0xFF, 0xFF, 0xFF, 0xFF, 0xFF, 0xFF, 0xFF, 0xFF, 0xFF, 0xFF, 0xFF, 0xFF, 0xFF, 0xFF, 0xFF, 0xFF, 0xFF,
  0xFF, 0xFF, 0xFF, 0xFF, 0xFF, 0xFF, 0xFF, 0xFF, 0xFF, 0xFF, 0xFF, 0xFF, 0xFF, 0xFF, 0xFF, 0xFF, 0xFF, 0xFF, 0xFF, 0xFF, 0xFF, 0xFF, 0xFF, 0xFF,
  0xFF, 0xFF, 0xFF, 0xFF, 0xFF, 0xFF, 0xFF, 0xFF, 0xFF, 0xFF, 0xFF, 0xFF, 0xFF, 0xFF, 0xFF, 0xFF, 0xFF, 0xFF, 0xFF, 0xFF, 0xFF, 0xFF, 0xFF, 0xFF,
  0xFF, 0xFF, 0xFF, 0xFF, 0xFF, 0xFF, 0xFF, 0xFF, 0xFF, 0xFF, 0xFF, 0xFF, 0xFF, 0xFF, 0xFF, 0xFF, 0xFF, 0xFF, 0xFF, 0xFF, 0xFF, 0xFF, 0xFF, 0xFF,
  0xFF, 0xFF, 0xFF, 0xFF, 0xFF, 0xFF, 0xFF, 0xFF, 0xFF, 0xFF, 0xFF, 0xFF, 0xFF, 0xFF, 0xFF, 0xFF, 0xFF, 0xFF, 0xFF, 0xFF, 0xFF, 0xFF, 0xFF, 0xFF,
  0xFF, 0xFF, 0xFF, 0xFF, 0xFF, 0xFF, 0xFF, 0xFF, 0xFF, 0xFF, 0xFF, 0xFF, 0xFF, 0xFF, 0xFF, 0xFF, 0xFF, 0xFF, 0xFF, 0xFF, 0xFF, 0xFF, 0xFF, 0xFF,
  0xFF, 0xFF, 0xFF, 0xFF, 0xFF, 0xFF, 0xFF, 0xFF, 0xFF, 0xFF, 0xFF, 0xFF, 0xFF, 0xFF, 0xFF, 0xFF, 0xFF, 0xFF, 0xFF, 0xFF, 0xFF, 0xFF, 0xFF, 0xFF,
  0xFF, 0xFF, 0xFF, 0xFF, 0xFF, 0xFF, 0xFF, 0xFF, 0xFF, 0xFF, 0xFF, 0xFF, 0xFF, 0xFF, 0xFF, 0xFF, 0xFF, 0xFF, 0xFF, 0xFF, 0xFF, 0xFF, 0xFF, 0xFF,
  0xFF, 0xFF, 0xFF, 0xFF, 0xFF, 0xFF, 0xFF, 0xFF, 0xFF, 0xFF, 0xFF, 0xFF, 0xFF, 0xFF, 0xFF, 0xFF, 0xFF, 0xFF, 0xFF, 0xFF, 0xFF, 0xFF, 0xFF, 0xFF,
  0xFF, 0xFF, 0xFF, 0xFF, 0xFF, 0xFF, 0xFF, 0xFF, 0xFF, 0xFF, 0xFF, 0xFF, 0xFF, 0xFF, 0xFF, 0xFF, 0xFF, 0xFF, 0xFF, 0xFF, 0xFF, 0xFF, 0xFF, 0xFF,
  0xFF, 0xFF, 0xFF, 0xFF, 0xFF, 0xFF, 0xFF, 0xFF, 0xFF, 0xFF, 0xFF, 0xFF, 0xFF, 0xFF, 0xFF, 0xFF, 0xFF, 0xFF, 0xFF, 0xFF, 0xFF, 0xFF, 0xFF, 0xFF,
};
